date,overnight_rate,yield_2y,yield_3y,yield_5y,yield_7y,yield_10y,yield_long,usdcad_legacy,usdcad_current,usdcad,yield_spread_10y_2y
2009-01-02,1.5,1.15,1.39,1.83,2.27,2.83,3.54,1.2107,,1.2107,1.6800000000000002
2009-01-05,1.5,1.16,1.4,1.86,2.34,2.9,3.64,1.1914,,1.1914,1.74
2009-01-06,1.5,1.15,1.39,1.84,2.31,2.88,3.65,1.1823,,1.1823,1.73
2009-01-07,1.5,1.14,1.38,1.85,2.35,2.93,3.7,1.1853,,1.1853,1.7900000000000003
2009-01-08,1.5,1.14,1.39,1.82,2.3,2.87,3.66,1.1888,,1.1888,1.7300000000000002
2009-01-09,1.5,1.09,1.36,1.77,2.24,2.81,3.63,1.1923,,1.1923,1.72
2009-01-12,1.5,1.03,1.29,1.72,2.18,2.75,3.6,1.2077,,1.2077,1.72
2009-01-13,1.5,1.02,1.28,1.69,2.14,2.72,3.56,1.2257,,1.2257,1.7000000000000002
2009-01-14,1.5,0.92,1.15,1.52,1.97,2.55,3.43,1.2383,,1.2383,1.63
2009-01-15,1.5,0.96,1.2,1.56,2.01,2.59,3.48,1.2625,,1.2625,1.63
2009-01-16,1.5,0.95,1.2,1.58,2.04,2.62,3.54,1.2542,,1.2542,1.6700000000000002
2009-01-19,1.5,0.99,1.24,1.64,2.11,2.7,3.6,1.2521,,1.2521,1.7100000000000002
2009-01-20,1.0,1.04,1.28,1.64,2.09,2.68,3.56,1.2605,,1.2605,1.6400000000000001
2009-01-21,1.0,1.08,1.31,1.69,2.14,2.73,3.62,1.2741,,1.2741,1.65
2009-01-22,1.0,1.15,1.38,1.74,2.16,2.75,3.61,1.263,,1.263,1.6
2009-01-23,1.0,1.24,1.47,1.83,2.24,2.82,3.65,1.248,,1.248,1.5799999999999998
2009-01-26,1.0,1.31,1.55,1.95,2.35,2.92,3.72,1.2205,,1.2205,1.6099999999999999
2009-01-27,1.0,1.31,1.55,1.94,2.33,2.9,3.67,1.2299,,1.2299,1.5899999999999999
2009-01-28,1.0,1.37,1.61,2.03,2.42,2.97,3.72,1.2098,,1.2098,1.6
2009-01-29,1.0,1.4,1.64,2.11,2.51,3.08,3.81,1.2188,,1.2188,1.6800000000000002
2009-01-30,1.0,1.41,1.67,2.11,2.49,3.06,3.77,1.2364,,1.2364,1.6500000000000001
2009-02-02,1.0,1.32,1.58,2.02,2.41,2.99,3.69,1.2404,,1.2404,1.6700000000000002
2009-02-03,1.0,1.33,1.59,2.08,2.48,3.07,3.75,1.2337,,1.2337,1.7399999999999998
2009-02-04,1.0,1.33,1.6,2.09,2.51,3.12,3.79,1.2266,,1.2266,1.79
2009-02-05,1.0,1.23,1.49,1.97,2.4,3.01,3.72,1.2303,,1.2303,1.7799999999999998
2009-02-06,1.0,1.14,1.41,1.93,2.38,3.04,3.77,1.2389,,1.2389,1.9000000000000001
2009-02-09,1.0,1.18,1.46,1.99,2.42,3.08,3.8,1.2192,,1.2192,1.9000000000000001
2009-02-10,1.0,1.15,1.42,1.94,2.34,2.98,3.72,1.2332,,1.2332,1.83
2009-02-11,1.0,1.16,1.69,2.12,2.32,2.94,3.69,1.2424,,1.2424,1.78
2009-02-12,1.0,1.15,1.67,2.08,2.28,2.91,3.65,1.2477,,1.2477,1.7600000000000002
2009-02-13,1.0,1.2,1.69,2.11,2.3,2.95,3.67,1.2433,,1.2433,1.7500000000000002
2009-02-16,1.0,,,,,,,1.2437,,1.2437,
2009-02-17,1.0,1.18,1.61,2.01,2.18,2.81,3.55,1.2601,,1.2601,1.6300000000000001
2009-02-18,1.0,1.25,1.68,2.07,2.25,2.86,3.58,1.2596,,1.2596,1.6099999999999999
2009-02-19,1.0,1.25,1.7,2.09,2.27,2.9,3.63,1.2595,,1.2595,1.65
2009-02-20,1.0,1.22,1.66,2.05,2.24,2.87,3.59,1.2541,,1.2541,1.6500000000000001
2009-02-23,1.0,1.16,1.61,2.0,2.19,2.84,3.57,1.2512,,1.2512,1.68
2009-02-24,1.0,1.19,1.66,2.04,2.23,2.86,3.6,1.247,,1.247,1.67
2009-02-25,1.0,1.25,1.72,2.11,2.31,2.95,3.69,1.2556,,1.2556,1.7000000000000002
2009-02-26,1.0,1.21,1.69,2.1,2.3,2.95,3.7,1.2456,,1.2456,1.7400000000000002
2009-02-27,1.0,1.15,1.64,2.05,2.26,3.12,3.7,1.2707,,1.2707,1.9700000000000002
2009-03-02,1.0,1.04,1.5,1.91,2.13,3.01,3.62,1.289,,1.289,1.9699999999999998
2009-03-03,0.5,0.98,1.43,1.87,2.1,2.99,3.63,1.2938,,1.2938,2.0100000000000002
2009-03-04,0.5,0.97,1.44,1.88,2.11,3.01,3.68,1.2765,,1.2765,2.04
2009-03-05,0.5,0.93,1.38,1.81,2.04,2.92,3.56,1.2877,,1.2877,1.9899999999999998
2009-03-06,0.5,0.96,1.43,1.87,2.07,2.94,3.61,1.2863,,1.2863,1.98
2009-03-09,0.5,0.95,1.42,1.86,2.07,2.93,3.63,1.3,,1.3,1.9800000000000002
2009-03-10,0.5,0.98,1.47,1.92,2.13,2.99,3.71,1.2797,,1.2797,2.0100000000000002
2009-03-11,0.5,0.99,1.43,1.88,2.08,2.92,3.66,1.2807,,1.2807,1.93
2009-03-12,0.5,0.99,1.44,1.91,2.1,2.92,3.64,1.2905,,1.2905,1.93
2009-03-13,0.5,0.97,1.41,1.87,2.06,2.87,3.6,1.2749,,1.2749,1.9000000000000001
2009-03-16,0.5,0.99,1.4,1.87,2.06,2.88,3.61,1.2724,,1.2724,1.89
2009-03-17,0.5,1.02,1.45,1.91,2.11,2.93,3.64,1.2718,,1.2718,1.9100000000000001
2009-03-18,0.5,0.95,1.28,1.7,1.9,2.7,3.53,1.272,,1.272,1.7500000000000002
2009-03-19,0.5,0.99,1.34,1.71,1.91,2.7,3.56,1.2325,,1.2325,1.7100000000000002
2009-03-20,0.5,1.02,1.37,1.73,1.94,2.74,3.61,1.2371,,1.2371,1.7200000000000002
2009-03-23,0.5,1.03,1.39,1.76,1.96,2.76,3.61,1.2323,,1.2323,1.7299999999999998
2009-03-24,0.5,1.09,1.48,1.87,2.09,2.89,3.69,1.2262,,1.2262,1.8
2009-03-25,0.5,1.12,1.51,1.95,2.16,2.96,3.74,1.2245,,1.2245,1.8399999999999999
2009-03-26,0.5,1.17,1.47,1.89,2.09,2.89,3.64,1.233,,1.233,1.7200000000000002
2009-03-27,0.5,1.17,1.47,1.9,2.12,2.93,3.66,1.2392,,1.2392,1.7600000000000002
2009-03-30,0.5,1.11,1.4,1.8,2.01,2.82,3.59,1.259,,1.259,1.7099999999999997
2009-03-31,0.5,1.07,1.35,1.75,1.96,2.79,3.57,1.2602,,1.2602,1.72
2009-04-01,0.5,1.08,1.35,1.75,1.95,2.77,3.55,1.2643,,1.2643,1.69
2009-04-02,0.5,1.12,1.4,1.82,2.03,2.86,3.61,1.2384,,1.2384,1.7399999999999998
2009-04-03,0.5,1.14,1.43,1.88,2.09,2.93,3.66,1.2337,,1.2337,1.7900000000000003
2009-04-06,0.5,1.14,1.45,1.91,2.13,2.99,3.71,1.2429,,1.2429,1.8500000000000003
2009-04-07,0.5,1.12,1.41,1.86,2.09,2.94,3.66,1.2341,,1.2341,1.8199999999999998
2009-04-08,0.5,1.09,1.38,1.82,2.05,2.89,3.62,1.2354,,1.2354,1.8
2009-04-09,0.5,1.12,1.42,1.87,2.09,2.94,3.65,1.2274,,1.2274,1.8199999999999998
2009-04-10,0.5,,,,,,,,,,
2009-04-13,0.5,1.1,1.41,1.86,2.09,2.94,3.65,1.2212,,1.2212,1.8399999999999999
2009-04-14,0.5,1.09,1.4,1.84,2.08,2.91,3.63,1.2092,,1.2092,1.82
2009-04-15,0.5,1.12,1.43,1.88,2.12,2.94,3.68,1.2038,,1.2038,1.8199999999999998
2009-04-16,0.5,1.12,1.45,1.9,2.14,2.96,3.7,1.2062,,1.2062,1.8399999999999999
2009-04-17,0.5,1.16,1.5,1.97,2.21,3.01,3.75,1.2146,,1.2146,1.8499999999999999
2009-04-20,0.5,1.1,1.43,1.86,2.1,2.88,3.65,1.2343,,1.2343,1.7799999999999998
2009-04-21,0.25,1.02,1.37,1.87,2.1,2.9,3.69,1.2358,,1.2358,1.88
2009-04-22,0.25,1.0,1.36,1.89,2.12,2.93,3.72,1.236,,1.236,1.9300000000000002
2009-04-23,0.25,0.98,1.36,1.93,2.19,3.0,3.76,1.229,,1.229,2.02
2009-04-24,0.25,0.98,1.35,1.94,2.19,3.01,3.76,1.2093,,1.2093,2.03
2009-04-27,0.25,0.96,1.34,1.93,2.19,3.01,3.76,1.2107,,1.2107,2.05
2009-04-28,0.25,0.98,1.38,1.97,2.23,3.06,3.8,1.2238,,1.2238,2.08
2009-04-29,0.25,0.98,1.39,2.01,2.26,3.08,3.82,1.2008,,1.2008,2.1
2009-04-30,0.25,0.98,1.4,2.02,2.28,3.09,3.84,1.194,,1.194,2.11
2009-05-01,0.25,0.98,1.43,2.01,2.27,3.09,3.83,1.1872,,1.1872,2.11
2009-05-04,0.25,1.02,1.47,2.03,2.29,3.09,3.85,1.1781,,1.1781,2.07
2009-05-05,0.25,1.01,1.46,2.01,2.26,3.05,3.84,1.176,,1.176,2.04
2009-05-06,0.25,1.03,1.47,2.03,2.28,3.07,3.87,1.1731,,1.1731,2.04
2009-05-07,0.25,1.07,1.51,2.1,2.36,3.14,3.93,1.1714,,1.1714,2.0700000000000003
2009-05-08,0.25,1.12,1.57,2.14,2.39,3.16,3.93,1.1581,,1.1581,2.04
2009-05-11,0.25,1.09,1.53,2.07,2.33,3.1,3.88,1.1591,,1.1591,2.01
2009-05-12,0.25,1.12,1.55,2.1,2.36,3.13,3.9,1.1676,,1.1676,2.01
2009-05-13,0.25,1.11,1.55,2.09,2.35,3.1,3.86,1.1683,,1.1683,1.99
2009-05-14,0.25,1.1,1.54,2.11,2.36,3.09,3.85,1.1727,,1.1727,1.9899999999999998
2009-05-15,0.25,1.09,1.53,2.13,2.38,3.1,3.86,1.1756,,1.1756,2.01
2009-05-18,0.25,,,,,,,,,,
2009-05-19,0.25,1.1,1.56,2.16,2.42,3.14,3.9,1.1569,,1.1569,2.04
2009-05-20,0.25,1.1,1.57,2.15,2.42,3.14,3.89,1.1434,,1.1434,2.04
2009-05-21,0.25,1.14,1.65,2.26,2.53,3.27,3.98,1.1414,,1.1414,2.13
2009-05-22,0.25,1.15,1.65,2.27,2.54,3.26,3.97,1.1233,,1.1233,2.11
2009-05-25,0.25,1.15,1.65,2.28,2.55,3.27,3.98,1.1258,,1.1258,2.12
2009-05-26,0.25,1.21,1.75,2.42,2.69,3.42,4.08,1.1199,,1.1199,2.21
2009-05-27,0.25,1.27,1.84,2.57,2.84,3.57,4.19,1.112,,1.112,2.3
2009-05-28,0.25,1.27,1.84,2.51,2.76,3.46,4.07,1.1124,,1.1124,2.19
2009-05-29,0.25,1.23,1.79,2.45,2.69,3.39,3.99,1.0961,,1.0961,2.16
2009-06-01,0.25,1.26,1.84,2.51,2.75,3.45,4.03,1.0872,,1.0872,2.1900000000000004
2009-06-02,0.25,1.23,1.8,2.48,2.72,3.42,4.01,1.0827,,1.0827,2.19
2009-06-03,0.25,1.15,1.74,2.41,2.65,3.34,3.96,1.0976,,1.0976,2.19
2009-06-04,0.25,1.16,1.77,2.47,2.71,3.4,4.0,1.0999,,1.0999,2.24
2009-06-05,0.25,1.28,1.89,2.58,2.8,3.44,3.98,1.1146,,1.1146,2.16
2009-06-08,0.25,1.4,2.02,2.71,2.92,3.52,4.01,1.123,,1.123,2.12
2009-06-09,0.25,1.35,1.97,2.68,2.9,3.54,4.03,1.1041,,1.1041,2.19
2009-06-10,0.25,1.43,2.07,2.82,3.04,3.65,4.11,1.1101,,1.1101,2.2199999999999998
2009-06-11,0.25,1.4,2.01,2.74,2.94,3.53,4.0,1.0982,,1.0982,2.13
2009-06-12,0.25,1.4,2.01,2.71,2.91,3.5,3.94,1.1177,,1.1177,2.1
2009-06-15,0.25,1.39,2.01,2.72,2.92,3.51,3.94,1.1341,,1.1341,2.12
2009-06-16,0.25,1.36,1.99,2.65,2.86,3.44,3.9,1.1327,,1.1327,2.08
2009-06-17,0.25,1.29,1.92,2.59,2.82,3.44,3.9,1.1371,,1.1371,2.15
2009-06-18,0.25,1.33,1.96,2.65,2.88,3.51,3.96,1.1273,,1.1273,2.1799999999999997
2009-06-19,0.25,1.28,1.93,2.64,2.87,3.52,3.97,1.1287,,1.1287,2.24
2009-06-22,0.25,1.23,1.85,2.54,2.78,3.43,3.91,1.1547,,1.1547,2.2
2009-06-23,0.25,1.24,1.86,2.55,2.79,3.43,3.88,1.156,,1.156,2.1900000000000004
2009-06-24,0.25,1.27,1.89,2.57,2.82,3.45,3.91,1.1461,,1.1461,2.18
2009-06-25,0.25,1.23,1.86,2.53,2.77,3.42,3.91,1.158,,1.158,2.19
2009-06-26,0.25,1.2,1.83,2.49,2.74,3.4,3.89,1.1531,,1.1531,2.2
2009-06-29,0.25,1.2,1.84,2.49,2.74,3.4,3.9,1.1583,,1.1583,2.2
2009-06-30,0.25,1.2,1.84,2.46,2.71,3.36,3.86,1.1625,,1.1625,2.16
2009-07-01,0.25,,,,,,,,,,
2009-07-02,0.25,1.17,1.81,2.42,2.68,3.35,3.85,1.1604,,1.1604,2.18
2009-07-03,0.25,1.16,1.81,2.42,2.68,3.35,3.85,1.1621,,1.1621,2.1900000000000004
2009-07-06,0.25,1.15,1.81,2.41,2.67,3.34,3.87,1.1612,,1.1612,2.19
2009-07-07,0.25,1.16,1.82,2.42,2.67,3.33,3.85,1.1631,,1.1631,2.17
2009-07-08,0.25,1.16,1.79,2.39,2.63,3.27,3.84,1.1655,,1.1655,2.1100000000000003
2009-07-09,0.25,1.17,1.81,2.42,2.67,3.31,3.87,1.1622,,1.1622,2.14
2009-07-10,0.25,1.16,1.8,2.39,2.64,3.28,3.86,1.165,,1.165,2.12
2009-07-13,0.25,1.18,1.82,2.43,2.68,3.32,3.9,1.1539,,1.1539,2.1399999999999997
2009-07-14,0.25,1.22,1.88,2.54,2.79,3.43,3.98,1.1368,,1.1368,2.21
2009-07-15,0.25,1.23,1.89,2.57,2.83,3.49,4.02,1.1194,,1.1194,2.2600000000000002
2009-07-16,0.25,1.2,1.85,2.51,2.77,3.42,3.95,1.1171,,1.1171,2.2199999999999998
2009-07-17,0.25,1.21,1.85,2.55,2.81,3.49,4.01,1.1168,,1.1168,2.2800000000000002
2009-07-20,0.25,1.21,1.85,2.52,2.78,3.43,3.96,1.1067,,1.1067,2.22
2009-07-21,0.25,1.19,1.82,2.49,2.75,3.41,3.97,1.1078,,1.1078,2.22
2009-07-22,0.25,1.2,1.83,2.52,2.78,3.45,4.01,1.0981,,1.0981,2.25
2009-07-23,0.25,1.31,1.92,2.65,2.9,3.53,4.05,1.0867,,1.0867,2.2199999999999998
2009-07-24,0.25,1.33,1.95,2.67,2.92,3.55,4.06,1.0842,,1.0842,2.2199999999999998
2009-07-27,0.25,1.35,1.97,2.7,2.94,3.58,4.07,1.0835,,1.0835,2.23
2009-07-28,0.25,1.32,1.95,2.68,2.93,3.56,4.05,1.088,,1.088,2.24
2009-07-29,0.25,1.45,1.94,2.66,2.91,3.53,4.05,1.0889,,1.0889,2.08
2009-07-30,0.25,1.47,1.96,2.68,2.93,3.56,4.05,1.0815,,1.0815,2.09
2009-07-31,0.25,1.41,1.87,2.6,2.84,3.46,3.95,1.079,,1.079,2.05
2009-08-03,0.25,,,,,,,,,,
2009-08-04,0.25,1.44,1.91,2.66,2.9,3.53,4.01,1.0686,,1.0686,2.09
2009-08-05,0.25,1.47,1.93,2.7,2.94,3.58,4.06,1.072,,1.072,2.1100000000000003
2009-08-06,0.25,1.45,1.91,2.67,2.91,3.55,4.02,1.0759,,1.0759,2.0999999999999996
2009-08-07,0.25,1.47,1.93,2.73,2.97,3.61,4.07,1.0837,,1.0837,2.1399999999999997
2009-08-10,0.25,1.41,1.87,2.66,2.9,3.55,4.03,1.0848,,1.0848,2.1399999999999997
2009-08-11,0.25,1.35,1.81,2.61,2.85,3.5,3.98,1.0988,,1.0988,2.15
2009-08-12,0.25,1.32,1.8,2.62,2.85,3.52,4.0,1.0875,,1.0875,2.2
2009-08-13,0.25,1.33,1.81,2.61,2.85,3.5,3.98,1.0852,,1.0852,2.17
2009-08-14,0.25,1.31,1.8,2.58,2.81,3.47,3.95,1.0971,,1.0971,2.16
2009-08-17,0.25,1.28,1.76,2.51,2.74,3.41,3.89,1.1079,,1.1079,2.13
2009-08-18,0.25,1.29,1.78,2.53,2.76,3.42,3.9,1.1036,,1.1036,2.13
2009-08-19,0.25,1.27,1.76,2.52,2.75,3.4,3.9,1.0969,,1.0969,2.13
2009-08-20,0.25,1.26,1.75,2.5,2.72,3.39,3.89,1.0902,,1.0902,2.13
2009-08-21,0.25,1.35,1.86,2.62,2.84,3.48,3.96,1.0799,,1.0799,2.13
2009-08-24,0.25,1.31,1.81,2.56,2.77,3.43,3.91,1.0742,,1.0742,2.12
2009-08-25,0.25,1.29,1.79,2.54,2.74,3.4,3.9,1.0782,,1.0782,2.11
2009-08-26,0.25,1.29,1.79,2.65,2.74,3.39,3.9,1.0991,,1.0991,2.1
2009-08-27,0.25,1.28,1.97,2.64,2.91,3.39,3.9,1.096,,1.096,2.1100000000000003
2009-08-28,0.25,1.28,1.97,2.64,2.91,3.4,3.91,1.0879,,1.0879,2.12
2009-08-31,0.25,1.28,1.95,2.6,2.87,3.37,3.89,1.0967,,1.0967,2.09
2009-09-01,0.25,1.24,1.9,2.57,2.84,3.35,3.88,1.1031,,1.1031,2.1100000000000003
2009-09-02,0.25,1.24,1.89,2.56,2.83,3.32,3.86,1.1065,,1.1065,2.08
2009-09-03,0.25,1.25,1.91,2.57,2.84,3.34,3.87,1.1034,,1.1034,2.09
2009-09-04,0.25,1.28,1.94,2.61,2.87,3.37,3.89,1.0889,,1.0889,2.09
2009-09-07,0.25,,,,,,,,,,
2009-09-08,0.25,1.27,1.94,2.63,2.9,3.4,3.93,1.0764,,1.0764,2.13
2009-09-09,0.25,1.24,1.92,2.62,2.9,3.41,3.94,1.0787,,1.0787,2.17
2009-09-10,0.25,1.21,1.87,2.56,2.83,3.33,3.87,1.0812,,1.0812,2.12
2009-09-11,0.25,1.2,1.87,2.55,2.82,3.32,3.86,1.0746,,1.0746,2.12
2009-09-14,0.25,1.23,1.89,2.58,2.86,3.37,3.9,1.0857,,1.0857,2.14
2009-09-15,0.25,1.24,1.9,2.59,2.86,3.37,3.89,1.0763,,1.0763,2.13
2009-09-16,0.25,1.28,1.94,2.62,2.88,3.38,3.88,1.0663,,1.0663,2.0999999999999996
2009-09-17,0.25,1.26,1.9,2.59,2.85,3.36,3.87,1.0613,,1.0613,2.0999999999999996
2009-09-18,0.25,1.28,1.93,2.63,2.89,3.39,3.91,1.0724,,1.0724,2.1100000000000003
2009-09-21,0.25,1.28,1.93,2.63,2.91,3.41,3.93,1.0777,,1.0777,2.13
2009-09-22,0.25,1.28,1.93,2.64,2.92,3.42,3.94,1.0683,,1.0683,2.1399999999999997
2009-09-23,0.25,1.27,1.93,2.63,2.91,3.41,3.93,1.0724,,1.0724,2.14
2009-09-24,0.25,1.26,1.92,2.62,2.9,3.4,3.9,1.0869,,1.0869,2.1399999999999997
2009-09-25,0.25,1.27,1.92,2.6,2.86,3.36,3.88,1.0915,,1.0915,2.09
2009-09-28,0.25,1.27,1.9,2.57,2.83,3.33,3.86,1.0861,,1.0861,2.06
2009-09-29,0.25,1.28,1.91,2.58,2.83,3.33,3.86,1.0871,,1.0871,2.05
2009-09-30,0.25,1.26,1.89,2.57,2.82,3.31,3.84,1.0722,,1.0722,2.05
2009-10-01,0.25,1.2,1.83,2.51,2.76,3.25,3.81,1.0774,,1.0774,2.05
2009-10-02,0.25,1.19,1.82,2.5,2.76,3.26,3.82,1.0845,,1.0845,2.07
2009-10-05,0.25,1.18,1.8,2.48,2.74,3.24,3.8,1.0757,,1.0757,2.0600000000000005
2009-10-06,0.25,1.25,1.88,2.55,2.8,3.29,3.84,1.0571,,1.0571,2.04
2009-10-07,0.25,1.24,1.86,2.54,2.79,3.28,3.84,1.0619,,1.0619,2.04
2009-10-08,0.25,1.5,1.95,2.63,2.87,3.35,3.89,1.0535,,1.0535,1.85
2009-10-09,0.25,1.7,2.15,2.86,3.08,3.51,3.96,1.0424,,1.0424,1.8099999999999998
2009-10-12,0.25,,,,,,,,,,
2009-10-13,0.25,1.66,2.11,2.82,3.05,3.49,3.94,1.0298,,1.0298,1.8300000000000003
2009-10-14,0.25,1.7,2.15,2.86,3.09,3.52,3.98,1.0292,,1.0292,1.82
2009-10-15,0.25,1.68,2.14,2.88,3.11,3.55,4.0,1.0303,,1.0303,1.8699999999999999
2009-10-16,0.25,1.6,2.07,2.78,3.03,3.48,3.95,1.0389,,1.0389,1.88
2009-10-19,0.25,1.62,2.1,2.81,3.06,3.5,3.97,1.0308,,1.0308,1.88
2009-10-20,0.25,1.5,1.96,2.7,2.96,3.42,3.93,1.05,,1.05,1.92
2009-10-21,0.25,1.51,1.97,2.72,2.98,3.44,3.94,1.0412,,1.0412,1.93
2009-10-22,0.25,1.49,1.96,2.73,2.99,3.46,3.94,1.0485,,1.0485,1.97
2009-10-23,0.25,1.52,1.98,2.77,3.03,3.5,3.98,1.0508,,1.0508,1.98
2009-10-26,0.25,1.54,2.0,2.81,3.07,3.54,4.02,1.0616,,1.0616,2.0
2009-10-27,0.25,1.47,1.94,2.73,3.01,3.48,3.98,1.0648,,1.0648,2.01
2009-10-28,0.25,1.43,1.9,2.7,2.97,3.45,3.96,1.0756,,1.0756,2.0200000000000005
2009-10-29,0.25,1.47,1.94,2.76,3.03,3.5,3.98,1.0705,,1.0705,2.0300000000000002
2009-10-30,0.25,1.38,1.85,2.68,2.95,3.42,3.92,1.0774,,1.0774,2.04
2009-11-02,0.25,1.41,1.87,2.69,2.96,3.44,3.94,1.0743,,1.0743,2.0300000000000002
2009-11-03,0.25,1.4,1.86,2.68,2.95,3.43,3.94,1.0704,,1.0704,2.0300000000000002
2009-11-04,0.25,1.4,1.87,2.69,2.97,3.48,3.99,1.0647,,1.0647,2.08
2009-11-05,0.25,1.42,1.89,2.74,3.03,3.53,4.03,1.0651,,1.0651,2.11
2009-11-06,0.25,1.4,1.88,2.73,3.03,3.52,4.03,1.072,,1.072,2.12
2009-11-09,0.25,1.41,1.89,2.72,3.01,3.5,4.02,1.0566,,1.0566,2.09
2009-11-10,0.25,1.4,1.89,2.71,3.01,3.5,4.02,1.0518,,1.0518,2.1
2009-11-11,0.25,,,,,,,,,,
2009-11-12,0.25,1.39,1.87,2.7,3.02,3.51,4.03,1.0519,,1.0519,2.12
2009-11-13,0.25,1.38,1.86,2.69,2.99,3.47,3.99,1.0508,,1.0508,2.0900000000000003
2009-11-16,0.25,1.34,1.81,2.63,2.92,3.39,3.93,1.046,,1.046,2.05
2009-11-17,0.25,1.31,1.78,2.59,2.89,3.37,3.91,1.0592,,1.0592,2.06
2009-11-18,0.25,1.31,1.79,2.62,2.92,3.41,3.95,1.05,,1.05,2.1
2009-11-19,0.25,1.26,1.74,2.58,2.88,3.38,3.92,1.0638,,1.0638,2.12
2009-11-20,0.25,1.25,1.73,2.56,2.87,3.38,3.93,1.0696,,1.0696,2.13
2009-11-23,0.25,1.25,1.72,2.54,2.85,3.37,3.93,1.0551,,1.0551,2.12
2009-11-24,0.25,1.18,1.65,2.45,2.76,3.28,3.85,1.0608,,1.0608,2.0999999999999996
2009-11-25,0.25,1.15,1.62,2.41,2.74,3.25,3.85,1.0501,,1.0501,2.1
2009-11-26,0.25,1.1,1.57,2.35,2.68,3.2,3.82,1.0595,,1.0595,2.1
2009-11-27,0.25,1.12,1.59,2.37,2.7,3.22,3.84,1.0624,,1.0624,2.1
2009-11-30,0.25,1.1,1.57,2.37,2.69,3.22,3.84,1.0574,,1.0574,2.12
2009-12-01,0.25,1.09,1.56,2.38,2.71,3.25,3.87,1.0432,,1.0432,2.16
2009-12-02,0.25,1.13,1.59,2.39,2.72,3.25,3.88,1.0468,,1.0468,2.12
2009-12-03,0.25,1.12,1.59,2.38,2.7,3.23,3.87,1.0542,,1.0542,2.11
2009-12-04,0.25,1.27,1.73,2.53,2.81,3.32,3.91,1.0517,,1.0517,2.05
2009-12-07,0.25,1.22,1.69,2.48,2.76,3.28,3.9,1.0511,,1.0511,2.0599999999999996
2009-12-08,0.25,1.2,1.67,2.46,2.76,3.29,3.93,1.0604,,1.0604,2.09
2009-12-09,0.25,1.2,1.67,2.47,2.78,3.32,3.96,1.0552,,1.0552,2.12
2009-12-10,0.25,1.22,1.68,2.51,2.82,3.35,3.99,1.0519,,1.0519,2.13
2009-12-11,0.25,1.24,1.7,2.54,2.84,3.38,3.99,1.0585,,1.0585,2.1399999999999997
2009-12-14,0.25,1.26,1.71,2.56,2.87,3.4,4.01,1.0593,,1.0593,2.1399999999999997
2009-12-15,0.25,1.28,1.74,2.57,2.87,3.4,4.0,1.062,,1.062,2.12
2009-12-16,0.25,1.32,1.78,2.59,2.88,3.4,3.99,1.058,,1.058,2.08
2009-12-17,0.25,1.28,1.73,2.54,2.84,3.37,3.97,1.0713,,1.0713,2.09
2009-12-18,0.25,1.3,1.75,2.57,2.88,3.41,4.01,1.0678,,1.0678,2.1100000000000003
2009-12-21,0.25,1.36,1.8,2.68,2.99,3.51,4.08,1.0594,,1.0594,2.1499999999999995
2009-12-22,0.25,1.39,1.84,2.74,3.06,3.59,4.12,1.0556,,1.0556,2.2
2009-12-23,0.25,1.37,1.82,2.7,3.04,3.57,4.07,1.0476,,1.0476,2.1999999999999997
2009-12-24,0.25,1.39,1.84,2.74,3.07,3.6,4.08,1.0488,,1.0488,2.21
2009-12-25,0.25,,,,,,,,,,
2009-12-28,0.25,,,,,,,,,,
2009-12-29,0.25,1.44,1.89,2.75,3.08,3.61,4.09,1.0405,,1.0405,2.17
2009-12-30,0.25,1.43,1.88,2.74,3.08,3.6,4.07,1.0525,,1.0525,2.17
2009-12-31,0.25,1.47,1.92,2.77,3.1,3.61,4.08,1.0466,,1.0466,2.1399999999999997
2010-01-01,0.25,,,,,,,,,,
2010-01-04,0.25,1.45,1.9,2.75,3.09,3.6,4.1,1.0378,,1.0378,2.1500000000000004
2010-01-05,0.25,1.38,1.82,2.7,3.04,3.56,4.08,1.0372,,1.0372,2.18
2010-01-06,0.25,1.38,1.83,2.74,3.09,3.62,4.14,1.0334,,1.0334,2.24
2010-01-07,0.25,1.38,1.83,2.75,3.1,3.63,4.15,1.0351,,1.0351,2.25
2010-01-08,0.25,1.31,1.76,2.69,3.05,3.59,4.11,1.0344,,1.0344,2.28
2010-01-11,0.25,1.29,1.75,2.7,3.05,3.61,4.14,1.0317,,1.0317,2.32
2010-01-12,0.25,1.27,1.73,2.66,3.01,3.55,4.09,1.0375,,1.0375,2.28
2010-01-13,0.25,1.34,1.8,2.72,3.06,3.61,4.14,1.0322,,1.0322,2.2699999999999996
2010-01-14,0.25,1.32,1.78,2.69,3.02,3.55,4.09,1.0261,,1.0261,2.2299999999999995
2010-01-15,0.25,1.28,1.74,2.63,2.96,3.49,4.05,1.0287,,1.0287,2.21
2010-01-18,0.25,1.27,1.73,2.61,2.94,3.47,4.04,1.0251,,1.0251,2.2
2010-01-19,0.25,1.26,1.72,2.6,2.94,3.48,4.04,1.0328,,1.0328,2.2199999999999998
2010-01-20,0.25,1.2,1.67,2.54,2.88,3.42,4.01,1.0478,,1.0478,2.2199999999999998
2010-01-21,0.25,1.18,1.64,2.5,2.84,3.39,4.0,1.0487,,1.0487,2.21
2010-01-22,0.25,1.17,1.63,2.46,2.82,3.37,3.99,1.0564,,1.0564,2.2
2010-01-25,0.25,1.18,1.64,2.47,2.82,3.38,4.0,1.0582,,1.0582,2.2
2010-01-26,0.25,1.17,1.62,2.44,2.8,3.36,3.97,1.0606,,1.0606,2.19
2010-01-27,0.25,1.22,1.66,2.46,2.81,3.35,3.96,1.0657,,1.0657,2.13
2010-01-28,0.25,1.18,1.62,2.44,2.78,3.33,3.93,1.0643,,1.0643,2.1500000000000004
2010-01-29,0.25,1.32,1.62,2.45,2.79,3.34,3.94,1.065,,1.065,2.0199999999999996
2010-02-01,0.25,1.33,1.63,2.47,2.82,3.38,3.98,1.0653,,1.0653,2.05
2010-02-02,0.25,1.29,1.59,2.45,2.81,3.37,3.99,1.0607,,1.0607,2.08
2010-02-03,0.25,1.33,1.64,2.5,2.86,3.42,4.04,1.0609,,1.0609,2.09
2010-02-04,0.25,1.28,1.58,2.43,2.79,3.36,3.99,1.0734,,1.0734,2.08
2010-02-05,0.25,1.25,1.56,2.42,2.78,3.36,4.0,1.0725,,1.0725,2.11
2010-02-08,0.25,1.25,1.56,2.41,2.77,3.35,3.99,1.0692,,1.0692,2.1
2010-02-09,0.25,1.28,1.59,2.45,2.81,3.38,4.01,1.069,,1.069,2.0999999999999996
2010-02-10,0.25,1.34,1.65,2.51,2.87,3.43,4.04,1.0671,,1.0671,2.09
2010-02-11,0.25,1.37,1.67,2.54,2.9,3.47,4.06,1.0523,,1.0523,2.1
2010-02-12,0.25,1.34,1.65,2.52,2.88,3.46,4.06,1.0531,,1.0531,2.12
2010-02-15,0.25,,,,,,,1.048,,1.048,
2010-02-16,0.25,1.32,1.62,2.5,2.87,3.44,4.06,1.0426,,1.0426,2.12
2010-02-17,0.25,1.34,1.65,2.52,2.89,3.47,4.08,1.0455,,1.0455,2.13
2010-02-18,0.25,1.37,1.68,2.56,2.93,3.49,4.08,1.0452,,1.0452,2.12
2010-02-19,0.25,1.39,1.7,2.58,2.95,3.5,4.07,1.042,,1.042,2.1100000000000003
2010-02-22,0.25,1.38,1.69,2.58,2.95,3.5,4.09,1.0428,,1.0428,2.12
2010-02-23,0.25,1.33,1.64,2.51,2.88,3.43,4.03,1.0517,,1.0517,2.1
2010-02-24,0.25,1.34,1.65,2.54,2.91,3.45,4.05,1.055,,1.055,2.1100000000000003
2010-02-25,0.25,1.28,1.6,2.49,2.85,3.4,4.02,1.0675,,1.0675,2.12
2010-02-26,0.25,1.28,1.59,2.49,2.85,3.39,4.02,1.0526,,1.0526,2.1100000000000003
2010-03-01,0.25,1.35,1.67,2.52,2.88,3.4,4.02,1.0421,,1.0421,2.05
2010-03-02,0.25,1.37,1.68,2.53,2.88,3.39,4.0,1.0326,,1.0326,2.02
2010-03-03,0.25,1.46,1.77,2.6,2.93,3.42,4.01,1.0287,,1.0287,1.96
2010-03-04,0.25,1.47,1.77,2.59,2.91,3.42,4.01,1.0309,,1.0309,1.95
2010-03-05,0.25,1.51,1.82,2.76,2.96,3.47,4.06,1.0286,,1.0286,1.9600000000000002
2010-03-08,0.25,1.54,1.85,2.79,2.99,3.51,4.1,1.0286,,1.0286,1.9699999999999998
2010-03-09,0.25,1.52,1.83,2.79,3.0,3.51,4.11,1.0251,,1.0251,1.9899999999999998
2010-03-10,0.25,1.53,1.85,2.81,3.02,3.53,4.12,1.0243,,1.0243,1.9999999999999998
2010-03-11,0.25,1.52,1.84,2.79,2.99,3.5,4.08,1.0265,,1.0265,1.98
2010-03-12,0.25,1.58,1.89,2.83,3.03,3.53,4.09,1.0187,,1.0187,1.9499999999999997
2010-03-15,0.25,1.56,1.87,2.79,2.99,3.49,4.06,1.0217,,1.0217,1.9300000000000002
2010-03-16,0.25,1.54,1.85,2.75,2.95,3.44,4.02,1.0148,,1.0148,1.9
2010-03-17,0.25,1.59,1.9,2.79,2.99,3.47,4.04,1.0113,,1.0113,1.8800000000000001
2010-03-18,0.25,1.55,1.86,2.76,2.96,3.45,4.02,1.0139,,1.0139,1.9000000000000001
2010-03-19,0.25,1.64,1.94,2.82,3.01,3.49,4.05,1.0155,,1.0155,1.8500000000000003
2010-03-22,0.25,1.61,1.91,2.78,2.98,3.45,4.03,1.0193,,1.0193,1.84
2010-03-23,0.25,1.63,1.93,2.8,2.99,3.47,4.03,1.0178,,1.0178,1.8400000000000003
2010-03-24,0.25,1.69,1.99,2.86,3.06,3.54,4.09,1.0267,,1.0267,1.85
2010-03-25,0.25,1.69,1.98,2.86,3.06,3.54,4.08,1.0188,,1.0188,1.85
2010-03-26,0.25,1.69,1.99,2.86,3.07,3.55,4.08,1.0285,,1.0285,1.8599999999999999
2010-03-29,0.25,1.71,2.01,2.9,3.11,3.57,4.1,1.0203,,1.0203,1.8599999999999999
2010-03-30,0.25,1.73,2.03,2.92,3.12,3.58,4.1,1.0188,,1.0188,1.85
2010-03-31,0.25,1.73,2.03,2.9,3.1,3.56,4.07,1.0156,,1.0156,1.83
2010-04-01,0.25,1.72,2.02,2.89,3.09,3.55,4.05,1.0075,,1.0075,1.8299999999999998
2010-04-02,0.25,,,,,,,,,,
2010-04-05,0.25,1.83,2.13,3.02,3.22,3.66,4.12,1.0025,,1.0025,1.83
2010-04-06,0.25,1.85,2.15,3.04,3.23,3.68,4.11,1.0001,,1.0001,1.83
2010-04-07,0.25,1.78,2.08,2.98,3.18,3.62,4.07,1.003,,1.003,1.84
2010-04-08,0.25,1.85,2.15,3.05,3.25,3.67,4.1,1.002,,1.002,1.8199999999999998
2010-04-09,0.25,1.84,2.13,3.04,3.24,3.65,4.06,1.0055,,1.0055,1.8099999999999998
2010-04-12,0.25,1.86,2.15,3.06,3.25,3.66,4.06,1.0015,,1.0015,1.8
2010-04-13,0.25,1.9,2.45,3.1,3.3,3.68,4.08,1.0028,,1.0028,1.7800000000000002
2010-04-14,0.25,1.93,2.49,3.12,3.32,3.71,4.11,0.9961,,0.9961,1.78
2010-04-15,0.25,1.94,2.49,3.14,3.33,3.72,4.1,1.0014,,1.0014,1.7800000000000002
2010-04-16,0.25,1.86,2.42,3.09,3.28,3.68,4.08,1.0148,,1.0148,1.82
2010-04-19,0.25,1.83,2.39,3.06,3.26,3.65,4.06,1.0201,,1.0201,1.8199999999999998
2010-04-20,0.25,2.01,2.56,3.19,3.36,3.7,4.07,0.9986,,0.9986,1.6900000000000004
2010-04-21,0.25,2.05,2.58,3.2,3.37,3.72,4.06,0.9984,,0.9984,1.6700000000000004
2010-04-22,0.25,2.02,2.55,3.16,3.34,3.72,4.09,1.0013,,1.0013,1.7000000000000002
2010-04-23,0.25,1.98,2.51,3.11,3.3,3.69,4.07,1.0027,,1.0027,1.71
2010-04-26,0.25,1.98,2.5,3.09,3.29,3.68,4.06,1.0009,,1.0009,1.7000000000000002
2010-04-27,0.25,1.91,2.42,3.01,3.21,3.6,4.01,1.0173,,1.0173,1.6900000000000002
2010-04-28,0.25,1.97,2.49,3.09,3.28,3.66,4.04,1.0128,,1.0128,1.6900000000000002
2010-04-29,0.25,1.96,2.49,3.08,3.28,3.72,4.05,1.0054,,1.0054,1.7600000000000002
2010-04-30,0.25,1.9,2.42,2.99,3.19,3.65,4.01,1.0116,,1.0116,1.75
2010-05-03,0.25,1.88,2.39,2.98,3.18,3.64,4.0,1.0134,,1.0134,1.7600000000000002
2010-05-04,0.25,1.75,2.26,2.85,3.06,3.55,3.95,1.0216,,1.0216,1.7999999999999998
2010-05-05,0.25,1.72,2.24,2.83,3.05,3.54,3.93,1.0266,,1.0266,1.82
2010-05-06,0.25,1.76,2.14,2.74,2.96,3.47,3.87,1.0437,,1.0437,1.7100000000000002
2010-05-07,0.25,1.81,2.19,2.8,3.02,3.5,3.88,1.0431,,1.0431,1.69
2010-05-10,0.25,1.93,2.3,2.91,3.12,3.58,3.93,1.0246,,1.0246,1.6500000000000001
2010-05-11,0.25,1.96,2.34,2.93,3.14,3.58,3.93,1.0195,,1.0195,1.62
2010-05-12,0.25,2.01,2.38,2.96,3.16,3.59,3.94,1.0201,,1.0201,1.58
2010-05-13,0.25,1.94,2.31,2.87,3.07,3.51,3.87,1.0149,,1.0149,1.5699999999999998
2010-05-14,0.25,1.82,2.19,2.76,2.96,3.43,3.82,1.0344,,1.0344,1.61
2010-05-17,0.25,1.87,2.24,2.81,3.02,3.5,3.88,1.0405,,1.0405,1.63
2010-05-18,0.25,1.78,2.15,2.71,2.92,3.4,3.82,1.033,,1.033,1.6199999999999999
2010-05-19,0.25,1.75,2.13,2.69,2.91,3.4,3.81,1.0515,,1.0515,1.65
2010-05-20,0.25,1.63,2.01,2.57,2.79,3.32,3.75,1.0659,,1.0659,1.69
2010-05-21,0.25,1.69,2.07,2.62,2.83,3.36,3.77,1.057,,1.057,1.67
2010-05-24,0.25,,,,,,,,,,
2010-05-25,0.25,1.59,1.97,2.52,2.72,3.26,3.7,1.0778,,1.0778,1.6699999999999997
2010-05-26,0.25,1.62,2.0,2.55,2.75,3.25,3.68,1.0651,,1.0651,1.63
2010-05-27,0.25,1.78,2.17,2.71,2.9,3.37,3.75,1.0496,,1.0496,1.59
2010-05-28,0.25,1.72,2.1,2.64,2.84,3.3,3.71,1.0499,,1.0499,1.5799999999999998
2010-05-31,0.25,1.84,2.22,2.75,2.93,3.36,3.73,1.0462,,1.0462,1.5199999999999998
2010-06-01,0.5,1.73,2.11,2.61,2.81,3.29,3.71,1.0479,,1.0479,1.56
2010-06-02,0.5,1.76,2.15,2.68,2.89,3.38,3.77,1.0404,,1.0404,1.6199999999999999
2010-06-03,0.5,1.76,2.14,2.69,2.9,3.39,3.78,1.0416,,1.0416,1.6300000000000001
2010-06-04,0.5,1.62,1.99,2.55,2.77,3.28,3.71,1.0516,,1.0516,1.6599999999999997
2010-06-07,0.5,1.63,2.01,2.58,2.8,3.3,3.71,1.054,,1.054,1.67
2010-06-08,0.5,1.67,2.05,2.61,2.83,3.32,3.73,1.0518,,1.0518,1.65
2010-06-09,0.5,1.72,2.1,2.65,2.87,3.35,3.76,1.0395,,1.0395,1.6300000000000001
2010-06-10,0.5,1.82,2.2,2.76,2.97,3.43,3.83,1.0337,,1.0337,1.61
2010-06-11,0.5,1.78,2.17,2.73,2.94,3.41,3.81,1.0333,,1.0333,1.6300000000000001
2010-06-14,0.5,1.81,2.2,2.76,2.97,3.44,3.84,1.0253,,1.0253,1.63
2010-06-15,0.5,1.83,2.21,2.76,2.97,3.42,3.83,1.0288,,1.0288,1.5899999999999999
2010-06-16,0.5,1.77,2.15,2.7,2.91,3.36,3.78,1.0236,,1.0236,1.5899999999999999
2010-06-17,0.5,1.72,2.1,2.63,2.85,3.31,3.75,1.0284,,1.0284,1.59
2010-06-18,0.5,1.74,2.12,2.65,2.87,3.32,3.76,1.0238,,1.0238,1.5799999999999998
2010-06-21,0.5,1.74,2.11,2.65,2.87,3.32,3.76,1.0199,,1.0199,1.5799999999999998
2010-06-22,0.5,1.69,2.07,2.59,2.8,3.25,3.71,1.0201,,1.0201,1.56
2010-06-23,0.5,1.61,1.99,2.53,2.75,3.23,3.69,1.0434,,1.0434,1.6199999999999999
2010-06-24,0.5,1.57,1.95,2.5,2.73,3.23,3.7,1.0432,,1.0432,1.66
2010-06-25,0.5,1.55,1.92,2.48,2.7,3.19,3.68,1.037,,1.037,1.64
2010-06-28,0.5,1.5,1.87,2.43,2.66,3.16,3.68,1.0337,,1.0337,1.6600000000000001
2010-06-29,0.5,1.38,1.75,2.33,2.57,3.09,3.65,1.0529,,1.0529,1.71
2010-06-30,0.5,1.39,1.75,2.32,2.56,3.08,3.65,1.0606,,1.0606,1.6900000000000002
2010-07-01,0.5,,,,,,,,,,
2010-07-02,0.5,1.43,1.8,2.36,2.59,3.1,3.65,1.0649,,1.0649,1.6700000000000002
2010-07-05,0.5,1.41,1.77,2.33,2.56,3.07,3.63,1.066,,1.066,1.66
2010-07-06,0.5,1.42,1.77,2.34,2.57,3.07,3.64,1.0498,,1.0498,1.65
2010-07-07,0.5,1.49,1.84,2.44,2.67,3.16,3.69,1.0527,,1.0527,1.6700000000000002
2010-07-08,0.5,1.5,1.86,2.47,2.7,3.19,3.72,1.0446,,1.0446,1.69
2010-07-09,0.5,1.71,1.93,2.54,2.77,3.23,3.75,1.0328,,1.0328,1.52
2010-07-12,0.5,1.68,1.91,2.51,2.74,3.21,3.75,1.0379,,1.0379,1.53
2010-07-13,0.5,1.72,1.94,2.56,2.78,3.27,3.78,1.0284,,1.0284,1.55
2010-07-14,0.5,1.71,1.93,2.54,2.76,3.26,3.78,1.0306,,1.0306,1.5499999999999998
2010-07-15,0.5,1.66,1.88,2.49,2.72,3.23,3.77,1.0403,,1.0403,1.57
2010-07-16,0.5,1.56,1.78,2.39,2.62,3.16,3.72,1.0537,,1.0537,1.6
2010-07-19,0.5,1.52,1.75,2.37,2.6,3.16,3.74,1.0559,,1.0559,1.6400000000000001
2010-07-20,0.75,1.58,1.8,2.41,2.65,3.2,3.76,1.0526,,1.0526,1.62
2010-07-21,0.75,1.52,1.73,2.35,2.59,3.15,3.73,1.0427,,1.0427,1.63
2010-07-22,0.75,1.55,1.77,2.4,2.64,3.21,3.77,1.0376,,1.0376,1.66
2010-07-23,0.75,1.59,1.8,2.43,2.66,3.23,3.78,1.0373,,1.0373,1.64
2010-07-26,0.75,1.6,1.82,2.44,2.67,3.23,3.77,1.0312,,1.0312,1.63
2010-07-27,0.75,1.64,1.85,2.47,2.7,3.26,3.8,1.0357,,1.0357,1.6199999999999999
2010-07-28,0.75,1.6,1.82,2.44,2.66,3.22,3.77,1.0357,,1.0357,1.62
2010-07-29,0.75,1.53,1.75,2.36,2.59,3.17,3.75,1.037,,1.037,1.64
2010-07-30,0.75,1.46,1.68,2.29,2.52,3.11,3.69,1.029,,1.029,1.65
2010-08-02,0.75,,,,,,,,,,
2010-08-03,0.75,1.44,1.66,2.25,2.48,3.1,3.69,1.0225,,1.0225,1.6600000000000001
2010-08-04,0.75,1.54,1.76,2.35,2.58,3.17,3.72,1.0185,,1.0185,1.63
2010-08-05,0.75,1.52,1.73,2.32,2.54,3.11,3.67,1.0158,,1.0158,1.5899999999999999
2010-08-06,0.75,1.44,1.65,2.25,2.47,3.07,3.65,1.0273,,1.0273,1.63
2010-08-09,0.75,1.45,1.65,2.25,2.47,3.07,3.65,1.0266,,1.0266,1.6199999999999999
2010-08-10,0.75,1.44,1.81,2.21,2.43,3.03,3.63,1.0348,,1.0348,1.5899999999999999
2010-08-11,0.75,1.34,1.7,2.13,2.35,2.97,3.6,1.0456,,1.0456,1.6300000000000001
2010-08-12,0.75,1.36,1.72,2.17,2.39,3.01,3.63,1.0434,,1.0434,1.6499999999999997
2010-08-13,0.75,1.37,1.74,2.17,2.39,2.98,3.6,1.0402,,1.0402,1.6099999999999999
2010-08-16,0.75,1.35,1.71,2.13,2.34,2.93,3.55,1.0432,,1.0432,1.58
2010-08-17,0.75,1.39,1.75,2.18,2.39,2.96,3.57,1.0312,,1.0312,1.57
2010-08-18,0.75,1.39,1.74,2.16,2.36,2.94,3.55,1.0289,,1.0289,1.55
2010-08-19,0.75,1.37,1.7,2.22,2.33,2.92,3.52,1.0399,,1.0399,1.5499999999999998
2010-08-20,0.75,1.3,1.63,2.19,2.3,2.92,3.53,1.05,,1.05,1.6199999999999999
2010-08-23,0.75,1.25,1.56,2.14,2.25,2.88,3.53,1.0514,,1.0514,1.63
2010-08-24,0.75,1.2,1.5,2.06,2.18,2.82,3.5,1.0563,,1.0563,1.6199999999999999
2010-08-25,0.75,1.23,1.53,2.08,2.19,2.83,3.47,1.0642,,1.0642,1.6
2010-08-26,0.75,1.24,1.52,2.06,2.17,2.8,3.43,1.0546,,1.0546,1.5599999999999998
2010-08-27,0.75,1.3,1.59,2.15,2.26,2.87,3.49,1.0546,,1.0546,1.57
2010-08-30,0.75,1.25,1.53,2.06,2.17,2.78,3.43,1.0562,,1.0562,1.5299999999999998
2010-08-31,0.75,1.21,1.49,2.05,2.16,2.78,3.44,1.0639,,1.0639,1.5699999999999998
2010-09-01,0.75,1.26,1.54,2.1,2.21,2.85,3.5,1.0497,,1.0497,1.59
2010-09-02,0.75,1.28,1.55,2.11,2.22,2.87,3.52,1.052,,1.052,1.59
2010-09-03,0.75,1.37,1.65,2.2,2.31,2.95,3.57,1.0411,,1.0411,1.58
2010-09-06,0.75,,,,,,,,,,
2010-09-07,0.75,1.27,1.54,2.07,2.18,2.81,3.47,1.0427,,1.0427,1.54
2010-09-08,1.0,1.41,1.67,2.19,2.3,2.92,3.53,1.0359,,1.0359,1.51
2010-09-09,1.0,1.47,1.71,2.24,2.35,2.97,3.56,1.0328,,1.0328,1.5000000000000002
2010-09-10,1.0,1.46,1.7,2.24,2.34,2.97,3.55,1.0358,,1.0358,1.5100000000000002
2010-09-13,1.0,1.45,1.69,2.22,2.32,2.95,3.54,1.0279,,1.0279,1.5000000000000002
2010-09-14,1.0,1.46,1.69,2.22,2.32,2.94,3.52,1.0222,,1.0222,1.48
2010-09-15,1.0,1.49,1.72,2.25,2.34,2.96,3.54,1.0282,,1.0282,1.47
2010-09-16,1.0,1.51,1.74,2.26,2.35,2.97,3.55,1.0274,,1.0274,1.4600000000000002
2010-09-17,1.0,1.47,1.7,2.22,2.31,2.93,3.5,1.0331,,1.0331,1.4600000000000002
2010-09-20,1.0,1.5,1.73,2.24,2.33,2.94,3.5,1.0281,,1.0281,1.44
2010-09-21,1.0,1.45,1.68,2.18,2.27,2.89,3.48,1.0315,,1.0315,1.4400000000000002
2010-09-22,1.0,1.41,1.63,2.14,2.23,2.87,3.43,1.0327,,1.0327,1.4600000000000002
2010-09-23,1.0,1.41,1.62,2.11,2.21,2.83,3.41,1.031,,1.031,1.4200000000000002
2010-09-24,1.0,1.47,1.68,2.16,2.26,2.86,3.42,1.0263,,1.0263,1.39
2010-09-27,1.0,1.42,1.62,2.09,2.19,2.8,3.38,1.026,,1.026,1.38
2010-09-28,1.0,1.39,1.59,2.04,2.13,2.74,3.33,1.0306,,1.0306,1.3500000000000003
2010-09-29,1.0,1.39,1.58,2.01,2.11,2.74,3.33,1.03,,1.03,1.3500000000000003
2010-09-30,1.0,1.36,1.56,2.01,2.11,2.75,3.35,1.0298,,1.0298,1.39
2010-10-01,1.0,1.37,1.56,2.03,2.13,2.79,3.39,1.0215,,1.0215,1.42
2010-10-04,1.0,1.36,1.55,1.99,2.09,2.75,3.37,1.0234,,1.0234,1.39
2010-10-05,1.0,1.36,1.55,2.0,2.1,2.77,3.39,1.0168,,1.0168,1.41
2010-10-06,1.0,1.35,1.54,1.97,2.07,2.74,3.38,1.0073,,1.0073,1.3900000000000001
2010-10-07,1.0,1.33,1.52,1.94,2.05,2.75,3.42,1.0166,,1.0166,1.42
2010-10-08,1.0,1.31,1.5,1.87,1.98,2.68,3.4,1.0136,,1.0136,1.37
2010-10-11,1.0,,,,,,,,,,
2010-10-12,1.0,1.34,1.52,1.9,2.01,2.72,3.43,1.011,,1.011,1.3800000000000001
2010-10-13,1.0,1.39,1.55,1.94,2.05,2.73,3.44,1.003,,1.003,1.34
2010-10-14,1.0,1.4,1.56,1.97,2.08,2.76,3.45,1.0036,,1.0036,1.3599999999999999
2010-10-15,1.0,1.4,1.56,1.98,2.09,2.79,3.49,1.0108,,1.0108,1.3900000000000001
2010-10-18,1.0,1.41,1.55,1.95,2.06,2.76,3.48,1.0149,,1.0149,1.3499999999999999
2010-10-19,1.0,1.34,1.47,1.85,1.96,2.71,3.45,1.0298,,1.0298,1.3699999999999999
2010-10-20,1.0,1.37,1.5,1.91,2.02,2.75,3.46,1.0245,,1.0245,1.38
2010-10-21,1.0,1.39,1.52,1.93,2.23,2.76,3.44,1.0233,,1.0233,1.3699999999999999
2010-10-22,1.0,1.39,1.52,1.91,2.21,2.74,3.44,1.0263,,1.0263,1.3500000000000003
2010-10-25,1.0,1.39,1.52,1.91,2.22,2.74,3.43,1.0198,,1.0198,1.3500000000000003
2010-10-26,1.0,1.42,1.56,1.99,2.3,2.82,3.46,1.0223,,1.0223,1.4
2010-10-27,1.0,1.45,1.59,2.06,2.38,2.89,3.5,1.032,,1.032,1.4400000000000002
2010-10-28,1.0,1.43,1.57,2.03,2.35,2.87,3.48,1.0202,,1.0202,1.4400000000000002
2010-10-29,1.0,1.41,1.54,1.97,2.29,2.8,3.44,1.0188,,1.0188,1.39
2010-11-01,1.0,1.41,1.54,2.0,2.32,2.83,3.47,1.0136,,1.0136,1.4200000000000002
2010-11-02,1.0,1.42,1.56,2.04,2.36,2.88,3.48,1.0099,,1.0099,1.46
2010-11-03,1.0,1.42,1.55,2.02,2.34,2.87,3.49,1.0092,,1.0092,1.4500000000000002
2010-11-04,1.0,1.41,1.54,1.98,2.29,2.81,3.47,1.0024,,1.0024,1.4000000000000001
2010-11-05,1.0,1.47,1.6,2.05,2.35,2.85,3.49,1.0015,,1.0015,1.3800000000000001
2010-11-08,1.0,1.52,1.66,2.1,2.39,2.89,3.5,1.0022,,1.0022,1.37
2010-11-09,1.0,1.6,1.74,2.2,2.48,2.97,3.57,1.0013,,1.0013,1.37
2010-11-10,1.0,1.57,1.73,2.2,2.48,2.98,3.59,1.0017,,1.0017,1.41
2010-11-11,1.0,,,,,,,,,,
2010-11-12,1.0,1.58,1.75,2.27,2.54,3.02,3.63,1.008,,1.008,1.44
2010-11-15,1.0,1.62,1.83,2.38,2.66,3.14,3.71,1.0065,,1.0065,1.52
2010-11-16,1.0,1.57,1.76,2.3,2.59,3.07,3.68,1.0231,,1.0231,1.4999999999999998
2010-11-17,1.0,1.58,1.77,2.32,2.6,3.1,3.67,1.0207,,1.0207,1.52
2010-11-18,1.0,1.63,1.82,2.37,2.64,3.12,3.66,1.0174,,1.0174,1.4900000000000002
2010-11-19,1.0,1.64,1.85,2.4,2.68,3.14,3.62,1.0208,,1.0208,1.5000000000000002
2010-11-22,1.0,1.6,1.8,2.32,2.6,3.08,3.58,1.0187,,1.0187,1.48
2010-11-23,1.0,1.66,1.85,2.37,2.65,3.11,3.6,1.0245,,1.0245,1.45
2010-11-24,1.0,1.74,1.94,2.48,2.75,3.19,3.65,1.0108,,1.0108,1.45
2010-11-25,1.0,1.73,1.93,2.45,2.73,3.16,3.63,1.0083,,1.0083,1.4300000000000002
2010-11-26,1.0,1.67,1.87,2.4,2.67,3.11,3.57,1.0191,,1.0191,1.44
2010-11-29,1.0,1.66,1.86,2.38,2.66,3.08,3.52,1.0227,,1.0227,1.4200000000000002
2010-11-30,1.0,1.62,1.83,2.35,2.63,3.07,3.48,1.0264,,1.0264,1.4499999999999997
2010-12-01,1.0,1.67,1.9,2.44,2.72,3.17,3.58,1.016,,1.016,1.5
2010-12-02,1.0,1.68,1.91,2.47,2.75,3.2,3.6,1.0046,,1.0046,1.5200000000000002
2010-12-03,1.0,1.63,1.86,2.42,2.72,3.19,3.64,1.006,,1.006,1.56
2010-12-06,1.0,1.56,1.78,2.32,2.62,3.12,3.6,1.0058,,1.0058,1.56
2010-12-07,1.0,1.62,1.85,2.39,2.74,3.23,3.68,1.0093,,1.0093,1.6099999999999999
2010-12-08,1.0,1.68,1.9,2.49,2.79,3.25,3.68,1.0099,,1.0099,1.57
2010-12-09,1.0,1.67,1.89,2.48,2.78,3.25,3.69,1.0098,,1.0098,1.58
2010-12-10,1.0,1.72,1.95,2.56,2.86,3.31,3.71,1.0093,,1.0093,1.59
2010-12-13,1.0,1.66,1.89,2.49,2.78,3.24,3.66,1.0046,,1.0046,1.5800000000000003
2010-12-14,1.0,1.72,1.96,2.58,2.88,3.34,3.75,1.0041,,1.0041,1.6199999999999999
2010-12-15,1.0,1.72,1.95,2.56,2.87,3.3,3.74,1.0035,,1.0035,1.5799999999999998
2010-12-16,1.0,1.68,1.9,2.48,2.79,3.26,3.68,1.0056,,1.0056,1.5799999999999998
2010-12-17,1.0,1.63,1.85,2.39,2.71,3.18,3.6,1.0124,,1.0124,1.5500000000000003
2010-12-20,1.0,1.63,1.83,2.38,2.69,3.17,3.58,1.0178,,1.0178,1.54
2010-12-21,1.0,1.62,1.83,2.38,2.68,3.14,3.55,1.0175,,1.0175,1.52
2010-12-22,1.0,1.66,1.87,2.42,2.72,3.17,3.56,1.0148,,1.0148,1.51
2010-12-23,1.0,1.69,1.9,2.45,2.74,3.18,3.56,1.0095,,1.0095,1.4900000000000002
2010-12-24,1.0,1.69,1.9,2.44,2.74,3.17,3.56,1.0064,,1.0064,1.48
2010-12-27,1.0,,,,,,,,,,
2010-12-28,1.0,,,,,,,,,,
2010-12-29,1.0,1.69,1.9,2.45,2.73,3.16,3.54,1.0003,,1.0003,1.4700000000000002
2010-12-30,1.0,1.71,1.92,2.46,2.74,3.16,3.55,1.0009,,1.0009,1.4500000000000002
2010-12-31,1.0,1.67,1.87,2.41,2.7,3.11,3.52,0.9946,,0.9946,1.44
2011-01-03,1.0,,,,,,,,,,
2011-01-04,1.0,1.7,1.9,2.46,2.74,3.17,3.57,0.9986,,0.9986,1.47
2011-01-05,1.0,1.76,1.97,2.56,2.85,3.27,3.66,0.9947,,0.9947,1.51
2011-01-06,1.0,1.74,1.95,2.51,2.8,3.22,3.64,0.9954,,0.9954,1.4800000000000002
2011-01-07,1.0,1.71,1.92,2.46,2.75,3.18,3.61,0.9934,,0.9934,1.4700000000000002
2011-01-10,1.0,1.7,1.91,2.46,2.75,3.17,3.6,0.9925,,0.9925,1.47
2011-01-11,1.0,1.73,1.94,2.51,2.8,3.22,3.64,0.9903,,0.9903,1.4900000000000002
2011-01-12,1.0,1.75,1.96,2.53,2.82,3.26,3.68,0.9864,,0.9864,1.5099999999999998
2011-01-13,1.0,1.77,1.98,2.54,2.82,3.25,3.67,0.9868,,0.9868,1.48
2011-01-14,1.0,1.79,1.99,2.56,2.84,3.27,3.69,0.9904,,0.9904,1.48
2011-01-17,1.0,1.79,1.99,2.56,2.83,3.25,3.68,0.9862,,0.9862,1.46
2011-01-18,1.0,1.76,1.98,2.58,2.85,3.27,3.71,0.9911,,0.9911,1.51
2011-01-19,1.0,1.68,1.91,2.52,2.79,3.23,3.69,0.9939,,0.9939,1.55
2011-01-20,1.0,1.71,1.94,2.56,2.85,3.3,3.74,1.0001,,1.0001,1.5899999999999999
2011-01-21,1.0,1.72,1.95,2.6,2.89,3.32,3.74,0.9945,,0.9945,1.5999999999999999
2011-01-24,1.0,1.72,1.95,2.59,2.88,3.31,3.75,0.9934,,0.9934,1.59
2011-01-25,1.0,1.67,1.91,2.55,2.84,3.27,3.72,0.9986,,0.9986,1.6
2011-01-26,1.0,1.67,1.91,2.56,2.85,3.31,3.75,0.9953,,0.9953,1.6400000000000001
2011-01-27,1.0,1.72,1.88,2.53,2.83,3.28,3.72,0.9941,,0.9941,1.5599999999999998
2011-01-28,1.0,1.67,1.84,2.49,2.79,3.24,3.71,0.999,,0.999,1.5700000000000003
2011-01-31,1.0,1.67,1.84,2.5,2.8,3.27,3.73,1.0022,,1.0022,1.6
2011-02-01,1.0,1.71,1.88,2.57,2.87,3.34,3.77,0.9922,,0.9922,1.63
2011-02-02,1.0,1.74,1.92,2.62,2.92,3.38,3.79,0.9883,,0.9883,1.64
2011-02-03,1.0,1.77,1.95,2.66,2.97,3.42,3.8,0.9901,,0.9901,1.65
2011-02-04,1.0,1.84,2.03,2.74,3.03,3.46,3.82,0.9901,,0.9901,1.6199999999999999
2011-02-07,1.0,1.83,2.02,2.71,3.01,3.43,3.8,0.9886,,0.9886,1.6
2011-02-08,1.0,1.88,2.06,2.78,3.07,3.49,3.85,0.9906,,0.9906,1.6100000000000003
2011-02-09,1.0,1.87,2.06,2.74,3.03,3.45,3.81,0.9947,,0.9947,1.58
2011-02-10,1.0,1.87,2.06,2.75,3.04,3.47,3.83,0.9955,,0.9955,1.6
2011-02-11,1.0,1.9,2.28,2.76,3.05,3.47,3.83,0.9903,,0.9903,1.5700000000000003
2011-02-14,1.0,1.92,2.3,2.78,3.06,3.49,3.84,0.9885,,0.9885,1.5700000000000003
2011-02-15,1.0,1.92,2.29,2.77,3.06,3.48,3.84,0.9887,,0.9887,1.56
2011-02-16,1.0,1.94,2.31,2.8,3.08,3.5,3.85,0.9855,,0.9855,1.56
2011-02-17,1.0,1.9,2.28,2.77,3.06,3.49,3.85,0.9839,,0.9839,1.5900000000000003
2011-02-18,1.0,1.88,2.26,2.75,3.04,3.47,3.85,0.983,,0.983,1.5900000000000003
2011-02-21,1.0,,,,,,,0.9838,,0.9838,
2011-02-22,1.0,1.79,2.16,2.63,2.92,3.36,3.79,0.9859,,0.9859,1.5699999999999998
2011-02-23,1.0,1.79,2.15,2.61,2.89,3.32,3.75,0.9924,,0.9924,1.5299999999999998
2011-02-24,1.0,1.8,2.16,2.6,2.89,3.32,3.72,0.9842,,0.9842,1.5199999999999998
2011-02-25,1.0,1.78,2.14,2.58,2.86,3.29,3.7,0.9809,,0.9809,1.51
2011-02-28,1.0,1.84,2.19,2.63,2.9,3.3,3.7,0.9739,,0.9739,1.4599999999999997
2011-03-01,1.0,1.79,2.15,2.6,2.87,3.29,3.7,0.9743,,0.9743,1.5
2011-03-02,1.0,1.82,2.18,2.64,2.91,3.33,3.74,0.9734,,0.9734,1.51
2011-03-03,1.0,1.88,2.24,2.72,2.98,3.39,3.8,0.9747,,0.9747,1.5100000000000002
2011-03-04,1.0,1.84,2.2,2.76,2.92,3.33,3.77,0.9714,,0.9714,1.49
2011-03-07,1.0,1.85,2.21,2.77,2.92,3.35,3.8,0.9738,,0.9738,1.5
2011-03-08,1.0,1.88,2.24,2.81,2.97,3.4,3.84,0.9713,,0.9713,1.52
2011-03-09,1.0,1.84,2.2,2.76,2.91,3.34,3.79,0.9686,,0.9686,1.4999999999999998
2011-03-10,1.0,1.78,2.13,2.68,2.83,3.27,3.74,0.9731,,0.9731,1.49
2011-03-11,1.0,1.74,2.1,2.65,2.82,3.27,3.75,0.9734,,0.9734,1.53
2011-03-14,1.0,1.67,2.02,2.58,2.75,3.22,3.73,0.9759,,0.9759,1.5500000000000003
2011-03-15,1.0,1.62,1.98,2.54,2.71,3.2,3.72,0.983,,0.983,1.58
2011-03-16,1.0,1.53,1.87,2.44,2.62,3.13,3.68,0.9918,,0.9918,1.5999999999999999
2011-03-17,1.0,1.61,1.95,2.52,2.7,3.19,3.72,0.9885,,0.9885,1.5799999999999998
2011-03-18,1.0,1.6,1.95,2.51,2.69,3.17,3.71,0.9844,,0.9844,1.5699999999999998
2011-03-21,1.0,1.68,2.02,2.58,2.75,3.21,3.73,0.9774,,0.9774,1.53
2011-03-22,1.0,1.67,2.01,2.57,2.74,3.18,3.7,0.9768,,0.9768,1.5100000000000002
2011-03-23,1.0,1.68,2.02,2.58,2.75,3.21,3.7,0.9821,,0.9821,1.53
2011-03-24,1.0,1.71,2.05,2.61,2.78,3.22,3.7,0.9748,,0.9748,1.5100000000000002
2011-03-25,1.0,1.74,2.08,2.65,2.82,3.23,3.7,0.9778,,0.9778,1.49
2011-03-28,1.0,1.75,2.09,2.67,2.84,3.26,3.7,0.9758,,0.9758,1.5099999999999998
2011-03-29,1.0,1.79,2.14,2.71,2.88,3.3,3.74,0.9761,,0.9761,1.5099999999999998
2011-03-30,1.0,1.77,2.13,2.71,2.88,3.29,3.72,0.9714,,0.9714,1.52
2011-03-31,1.0,1.82,2.18,2.77,2.94,3.35,3.75,0.9718,,0.9718,1.53
2011-04-01,1.0,1.83,2.19,2.78,2.95,3.37,3.77,0.9629,,0.9629,1.54
2011-04-04,1.0,1.81,2.17,2.76,2.93,3.35,3.76,0.9679,,0.9679,1.54
2011-04-05,1.0,1.86,2.23,2.8,2.97,3.38,3.77,0.9636,,0.9636,1.5199999999999998
2011-04-06,1.0,1.88,2.26,2.84,3.0,3.41,3.82,0.9588,,0.9588,1.5300000000000002
2011-04-07,1.0,1.88,2.26,2.85,3.02,3.43,3.84,0.9593,,0.9593,1.5500000000000003
2011-04-08,1.0,1.9,2.27,2.86,3.03,3.44,3.85,0.9566,,0.9566,1.54
2011-04-11,1.0,1.93,2.31,2.89,3.06,3.48,3.87,0.9547,,0.9547,1.55
2011-04-12,1.0,1.86,2.23,2.8,2.98,3.42,3.82,0.9625,,0.9625,1.5599999999999998
2011-04-13,1.0,1.82,2.19,2.75,2.93,3.37,3.79,0.964,,0.964,1.55
2011-04-14,1.0,1.82,2.18,2.74,2.93,3.36,3.77,0.9626,,0.9626,1.5399999999999998
2011-04-15,1.0,1.75,2.1,2.67,2.86,3.3,3.72,0.9615,,0.9615,1.5499999999999998
2011-04-18,1.0,1.69,2.03,2.6,2.79,3.23,3.68,0.9691,,0.9691,1.54
2011-04-19,1.0,1.77,2.11,2.67,2.86,3.27,3.71,0.9571,,0.9571,1.5
2011-04-20,1.0,1.8,2.15,2.72,2.9,3.33,3.76,0.9524,,0.9524,1.53
2011-04-21,1.0,1.8,2.15,2.7,2.88,3.29,3.74,0.9519,,0.9519,1.49
2011-04-22,1.0,,,,,,,,,,
2011-04-25,1.0,1.78,2.11,2.65,2.83,3.24,3.71,0.9541,,0.9541,1.4600000000000002
2011-04-26,1.0,1.74,2.07,2.59,2.77,3.19,3.68,0.9507,,0.9507,1.45
2011-04-27,1.0,1.78,2.11,2.65,2.83,3.27,3.74,0.9549,,0.9549,1.49
2011-04-28,1.0,1.73,2.07,2.61,2.79,3.23,3.7,0.9511,,0.9511,1.5
2011-04-29,1.0,1.7,2.04,2.58,2.76,3.2,3.69,0.9486,,0.9486,1.5000000000000002
2011-05-02,1.0,1.7,2.04,2.58,2.76,3.2,3.69,0.9492,,0.9492,1.5000000000000002
2011-05-03,1.0,1.7,2.03,2.55,2.73,3.16,3.64,0.949,,0.949,1.4600000000000002
2011-05-04,1.0,1.68,2.01,2.52,2.7,3.11,3.6,0.958,,0.958,1.43
2011-05-05,1.0,1.66,1.99,2.5,2.68,3.09,3.57,0.9669,,0.9669,1.43
2011-05-06,1.0,1.67,2.0,2.51,2.83,3.2,3.58,0.9617,,0.9617,1.5300000000000002
2011-05-09,1.0,1.66,1.99,2.5,2.81,3.18,3.58,0.9661,,0.9661,1.5200000000000002
2011-05-10,1.0,1.72,2.05,2.57,2.88,3.26,3.64,0.961,,0.961,1.5399999999999998
2011-05-11,1.0,1.7,2.03,2.54,2.85,3.22,3.62,0.9582,,0.9582,1.5200000000000002
2011-05-12,1.0,1.7,2.04,2.55,2.87,3.23,3.62,0.9658,,0.9658,1.53
2011-05-13,1.0,1.69,2.02,2.53,2.84,3.2,3.59,0.9709,,0.9709,1.5100000000000002
2011-05-16,1.0,1.66,2.0,2.5,2.82,3.18,3.58,0.9703,,0.9703,1.5200000000000002
2011-05-17,1.0,1.64,1.97,2.47,2.8,3.16,3.56,0.9773,,0.9773,1.5200000000000002
2011-05-18,1.0,1.68,2.01,2.53,2.86,3.22,3.61,0.9723,,0.9723,1.5400000000000003
2011-05-19,1.0,1.69,2.02,2.53,2.85,3.21,3.59,0.9701,,0.9701,1.52
2011-05-20,1.0,1.61,1.94,2.45,2.79,3.15,3.56,0.9735,,0.9735,1.5399999999999998
2011-05-23,1.0,,,,,,,,,,
2011-05-24,1.0,1.6,1.93,2.42,2.75,3.11,3.52,0.9774,,0.9774,1.5099999999999998
2011-05-25,1.0,1.59,1.91,2.4,2.73,3.08,3.5,0.9765,,0.9765,1.49
2011-05-26,1.0,1.53,1.85,2.33,2.68,3.04,3.48,0.9809,,0.9809,1.51
2011-05-27,1.0,1.51,1.83,2.32,2.7,3.06,3.5,0.9771,,0.9771,1.55
2011-05-30,1.0,1.5,1.82,2.32,2.69,3.06,3.49,0.9765,,0.9765,1.56
2011-05-31,1.0,1.54,1.85,2.34,2.71,3.07,3.49,0.9688,,0.9688,1.5299999999999998
2011-06-01,1.0,1.45,1.75,2.24,2.62,2.99,3.45,0.9714,,0.9714,1.5400000000000003
2011-06-02,1.0,1.48,1.78,2.27,2.64,3.02,3.5,0.9793,,0.9793,1.54
2011-06-03,1.0,1.44,1.73,2.23,2.61,2.99,3.47,0.977,,0.977,1.5500000000000003
2011-06-06,1.0,1.43,1.72,2.23,2.62,3.0,3.49,0.9785,,0.9785,1.57
2011-06-07,1.0,1.45,1.74,2.25,2.64,3.03,3.52,0.9745,,0.9745,1.5799999999999998
2011-06-08,1.0,1.43,1.73,2.22,2.61,3.01,3.49,0.978,,0.978,1.5799999999999998
2011-06-09,1.0,1.44,1.74,2.25,2.64,3.04,3.52,0.9732,,0.9732,1.6
2011-06-10,1.0,1.44,1.73,2.23,2.61,3.01,3.48,0.9768,,0.9768,1.5699999999999998
2011-06-13,1.0,1.46,1.75,2.24,2.61,3.0,3.46,0.9779,,0.9779,1.54
2011-06-14,1.0,1.51,1.8,2.31,2.67,3.07,3.5,0.9686,,0.9686,1.5599999999999998
2011-06-15,1.0,1.41,1.7,2.19,2.56,2.95,3.42,0.978,,0.978,1.5400000000000003
2011-06-16,1.0,1.37,1.65,2.15,2.52,2.92,3.39,0.9843,,0.9843,1.5499999999999998
2011-06-17,1.0,1.49,1.78,2.17,2.55,2.94,3.39,0.9797,,0.9797,1.45
2011-06-20,1.0,1.51,1.8,2.19,2.57,2.97,3.42,0.9785,,0.9785,1.4600000000000002
2011-06-21,1.0,1.52,1.81,2.2,2.58,2.98,3.42,0.9724,,0.9724,1.46
2011-06-22,1.0,1.51,1.8,2.19,2.56,2.97,3.42,0.9726,,0.9726,1.4600000000000002
2011-06-23,1.0,1.45,1.73,2.1,2.49,2.9,3.37,0.9799,,0.9799,1.45
2011-06-24,1.0,1.39,1.66,2.04,2.43,2.86,3.36,0.9849,,0.9849,1.47
2011-06-27,1.0,1.4,1.67,2.05,2.46,2.9,3.42,0.9861,,0.9861,1.5
2011-06-28,1.0,1.45,1.74,2.15,2.55,2.98,3.47,0.9821,,0.9821,1.53
2011-06-29,1.0,1.56,1.86,2.3,2.66,3.09,3.53,0.9705,,0.9705,1.5299999999999998
2011-06-30,1.0,1.59,1.89,2.33,2.69,3.11,3.55,0.9643,,0.9643,1.5199999999999998
2011-07-01,1.0,,,,,,,,,,
2011-07-04,1.0,1.59,1.88,2.32,2.67,3.08,3.53,0.9598,,0.9598,1.49
2011-07-05,1.0,1.57,1.85,2.32,2.66,3.07,3.52,0.9608,,0.9608,1.4999999999999998
2011-07-06,1.0,1.54,1.82,2.26,2.63,3.05,3.5,0.9657,,0.9657,1.5099999999999998
2011-07-07,1.0,1.58,1.86,2.29,2.64,3.06,3.49,0.9586,,0.9586,1.48
2011-07-08,1.0,1.51,1.78,2.24,2.54,2.96,3.41,0.9627,,0.9627,1.45
2011-07-11,1.0,1.42,1.7,2.14,2.46,2.9,3.36,0.9666,,0.9666,1.48
2011-07-12,1.0,1.45,1.72,2.15,2.47,2.9,3.36,0.9668,,0.9668,1.45
2011-07-13,1.0,1.45,1.72,2.18,2.5,2.93,3.38,0.9582,,0.9582,1.4800000000000002
2011-07-14,1.0,1.46,1.74,2.21,2.52,2.95,3.4,0.9585,,0.9585,1.4900000000000002
2011-07-15,1.0,1.41,1.68,2.13,2.44,2.87,3.35,0.9536,,0.9536,1.4600000000000002
2011-07-18,1.0,1.39,1.66,2.12,2.43,2.87,3.36,0.9615,,0.9615,1.4800000000000002
2011-07-19,1.0,1.48,1.74,2.19,2.47,2.89,3.34,0.9506,,0.9506,1.4100000000000001
2011-07-20,1.0,1.52,1.79,2.23,2.53,2.94,3.39,0.9479,,0.9479,1.42
2011-07-21,1.0,1.55,1.81,2.27,2.58,3.0,3.43,0.9451,,0.9451,1.45
2011-07-22,1.0,1.5,1.75,2.2,2.51,2.93,3.39,0.9502,,0.9502,1.4300000000000002
2011-07-25,1.0,1.5,1.74,2.2,2.51,2.93,3.4,0.9449,,0.9449,1.4300000000000002
2011-07-26,1.0,1.48,1.72,2.16,2.47,2.89,3.37,0.9449,,0.9449,1.4100000000000001
2011-07-27,1.0,1.47,1.71,2.15,2.46,2.88,3.35,0.9474,,0.9474,1.41
2011-07-28,1.0,1.48,1.71,2.15,2.46,2.88,3.34,0.9484,,0.9484,1.4
2011-07-29,1.0,1.39,1.62,2.05,2.36,2.79,3.29,0.9538,,0.9538,1.4000000000000001
2011-08-01,1.0,,,,,,,,,,
2011-08-02,1.0,1.25,1.46,1.86,2.19,2.63,3.16,0.958,,0.958,1.38
2011-08-03,1.0,1.25,1.46,1.88,2.22,2.66,3.19,0.9634,,0.9634,1.4100000000000001
2011-08-04,1.0,1.02,1.23,1.66,2.05,2.5,3.09,0.9767,,0.9767,1.48
2011-08-05,1.0,1.08,1.3,1.78,2.16,2.64,3.22,0.9843,,0.9843,1.56
2011-08-08,1.0,0.8,1.03,1.51,1.94,2.47,3.11,0.989,,0.989,1.6700000000000002
2011-08-09,1.0,0.82,1.04,1.5,1.91,2.45,3.07,0.9893,,0.9893,1.6300000000000003
2011-08-10,1.0,0.86,1.01,1.35,1.76,2.32,2.99,0.991,,0.991,1.46
2011-08-11,1.0,0.92,1.07,1.51,1.89,2.46,3.07,0.9892,,0.9892,1.54
2011-08-12,1.0,0.93,1.1,1.52,1.9,2.46,3.09,0.9879,,0.9879,1.5299999999999998
2011-08-15,1.0,1.01,1.17,1.61,1.95,2.5,3.13,0.9838,,0.9838,1.49
2011-08-16,1.0,0.99,1.16,1.57,1.92,2.46,3.11,0.9817,,0.9817,1.47
2011-08-17,1.0,0.96,1.12,1.52,1.86,2.39,3.05,0.982,,0.982,1.4300000000000002
2011-08-18,1.0,0.86,1.02,1.41,1.76,2.3,2.96,0.9901,,0.9901,1.44
2011-08-19,1.0,0.87,1.04,1.42,1.77,2.3,2.96,0.9849,,0.9849,1.4299999999999997
2011-08-22,1.0,0.87,1.04,1.44,1.78,2.3,2.95,0.9901,,0.9901,1.4299999999999997
2011-08-23,1.0,0.95,1.12,1.53,1.87,2.38,3.01,0.9877,,0.9877,1.43
2011-08-24,1.0,1.0,1.17,1.6,1.95,2.46,3.08,0.988,,0.988,1.46
2011-08-25,1.0,0.99,1.16,1.56,1.9,2.4,3.04,0.9843,,0.9843,1.41
2011-08-26,1.0,1.0,1.17,1.57,1.9,2.39,3.01,0.9853,,0.9853,1.3900000000000001
2011-08-29,1.0,1.06,1.24,1.65,1.98,2.46,3.06,0.978,,0.978,1.4
2011-08-30,1.0,1.03,1.2,1.6,1.93,2.4,3.02,0.9793,,0.9793,1.3699999999999999
2011-08-31,1.0,1.08,1.27,1.68,2.02,2.49,3.1,0.9784,,0.9784,1.4100000000000001
2011-09-01,1.0,1.0,1.18,1.58,1.91,2.39,3.03,0.9752,,0.9752,1.3900000000000001
2011-09-02,1.0,0.95,1.12,1.48,1.81,2.3,2.96,0.9815,,0.9815,1.3499999999999999
2011-09-05,1.0,,,,,,,,,,
2011-09-06,1.0,0.86,1.03,1.4,1.75,2.24,2.91,0.991,,0.991,1.3800000000000003
2011-09-07,1.0,0.91,1.09,1.45,1.79,2.27,2.95,0.9883,,0.9883,1.3599999999999999
2011-09-08,1.0,0.89,1.06,1.41,1.74,2.21,2.89,0.9859,,0.9859,1.3199999999999998
2011-09-09,1.0,0.78,0.95,1.29,1.63,2.11,2.81,0.9971,,0.9971,1.3299999999999998
2011-09-12,1.0,0.87,1.03,1.37,1.69,2.14,2.81,0.9957,,0.9957,1.27
2011-09-13,1.0,0.94,1.1,1.43,1.75,2.19,2.83,0.9902,,0.9902,1.25
2011-09-14,1.0,0.93,1.09,1.45,1.76,2.2,2.85,0.9913,,0.9913,1.27
2011-09-15,1.0,1.01,1.17,1.56,1.86,2.29,2.91,0.9869,,0.9869,1.28
2011-09-16,1.0,1.03,1.18,1.55,1.84,2.29,2.92,0.9814,,0.9814,1.26
2011-09-19,1.0,0.93,1.08,1.43,1.72,2.18,2.87,0.9898,,0.9898,1.25
2011-09-20,1.0,0.94,1.08,1.44,1.73,2.2,2.86,0.9924,,0.9924,1.2600000000000002
2011-09-21,1.0,0.91,1.05,1.4,1.67,2.12,2.76,0.9986,,0.9986,1.21
2011-09-22,1.0,0.83,0.97,1.28,1.57,2.02,2.68,1.0329,,1.0329,1.19
2011-09-23,1.0,0.86,1.0,1.35,1.63,2.07,2.7,1.0282,,1.0282,1.21
2011-09-26,1.0,0.93,1.07,1.43,1.71,2.15,2.77,1.0339,,1.0339,1.2199999999999998
2011-09-27,1.0,0.95,1.09,1.46,1.74,2.2,2.82,1.0191,,1.0191,1.2500000000000002
2011-09-28,1.0,0.92,1.07,1.44,1.73,2.19,2.83,1.0225,,1.0225,1.27
2011-09-29,1.0,0.92,1.07,1.45,1.74,2.22,2.84,1.0338,,1.0338,1.3000000000000003
2011-09-30,1.0,0.88,1.02,1.39,1.68,2.15,2.77,1.0389,,1.0389,1.27
2011-10-03,1.0,0.84,0.98,1.31,1.59,2.06,2.69,1.044,,1.044,1.2200000000000002
2011-10-04,1.0,0.88,1.02,1.35,1.64,2.1,2.71,1.0604,,1.0604,1.2200000000000002
2011-10-05,1.0,0.9,1.05,1.4,1.68,2.14,2.73,1.0449,,1.0449,1.2400000000000002
2011-10-06,1.0,0.94,1.09,1.46,1.76,2.22,2.8,1.043,,1.043,1.2800000000000002
2011-10-07,1.0,0.97,1.12,1.49,1.78,2.24,2.82,1.0328,,1.0328,1.2700000000000002
2011-10-10,1.0,,,,,,,,,,
2011-10-11,1.0,0.99,1.15,1.54,1.83,2.3,2.87,1.0287,,1.0287,1.3099999999999998
2011-10-12,1.0,1.02,1.19,1.58,1.88,2.35,2.95,1.0164,,1.0164,1.33
2011-10-13,1.0,0.98,1.14,1.52,1.82,2.29,2.89,1.0238,,1.0238,1.31
2011-10-14,1.0,1.06,1.22,1.62,1.92,2.4,2.97,1.0147,,1.0147,1.3399999999999999
2011-10-17,1.0,0.99,1.15,1.53,1.82,2.29,2.88,1.0152,,1.0152,1.3
2011-10-18,1.0,1.01,1.18,1.55,1.85,2.31,2.91,1.0163,,1.0163,1.3
2011-10-19,1.0,1.04,1.2,1.57,1.86,2.34,2.94,1.0136,,1.0136,1.2999999999999998
2011-10-20,1.0,1.04,1.19,1.56,1.85,2.31,2.93,1.0218,,1.0218,1.27
2011-10-21,1.0,1.08,1.24,1.61,1.9,2.36,2.98,1.0091,,1.0091,1.2799999999999998
2011-10-24,1.0,1.1,1.26,1.63,1.92,2.36,2.99,1.0039,,1.0039,1.2599999999999998
2011-10-25,1.0,0.99,1.15,1.5,1.79,2.26,2.92,1.0144,,1.0144,1.2699999999999998
2011-10-26,1.0,1.08,1.23,1.6,1.9,2.38,3.02,1.0101,,1.0101,1.2999999999999998
2011-10-27,1.0,1.14,1.3,1.7,2.01,2.49,3.13,0.9942,,0.9942,1.3500000000000003
2011-10-28,1.0,1.09,1.24,1.64,1.94,2.43,3.06,0.9957,,0.9957,1.34
2011-10-31,1.0,1.0,1.15,1.51,1.81,2.29,2.92,0.9935,,0.9935,1.29
2011-11-01,1.0,0.92,1.07,1.41,1.69,2.15,2.79,1.0198,,1.0198,1.23
2011-11-02,1.0,0.96,1.11,1.43,1.72,2.17,2.81,1.0126,,1.0126,1.21
2011-11-03,1.0,1.0,1.14,1.48,1.76,2.21,2.86,1.0127,,1.0127,1.21
2011-11-04,1.0,0.93,1.07,1.41,1.69,2.16,2.83,1.018,,1.018,1.23
2011-11-07,1.0,0.94,1.08,1.41,1.69,2.15,2.81,1.0172,,1.0172,1.21
2011-11-08,1.0,0.98,1.11,1.44,1.72,2.18,2.81,1.014,,1.014,1.2000000000000002
2011-11-09,1.0,0.9,1.03,1.35,1.62,2.09,2.73,1.0173,,1.0173,1.19
2011-11-10,1.0,0.93,1.06,1.4,1.67,2.14,2.76,1.019,,1.019,1.21
2011-11-11,1.0,,,,,,,,,,
2011-11-14,1.0,0.91,1.03,1.37,1.64,2.11,2.74,1.0178,,1.0178,1.1999999999999997
2011-11-15,1.0,0.9,1.02,1.37,1.65,2.11,2.74,1.0235,,1.0235,1.21
2011-11-16,1.0,0.89,1.02,1.36,1.63,2.09,2.72,1.0206,,1.0206,1.1999999999999997
2011-11-17,1.0,0.9,1.02,1.36,1.63,2.1,2.71,1.0226,,1.0226,1.2000000000000002
2011-11-18,1.0,0.91,1.03,1.39,1.66,2.13,2.74,1.0262,,1.0262,1.2199999999999998
2011-11-21,1.0,0.9,1.02,1.37,1.64,2.1,2.72,1.0385,,1.0385,1.2000000000000002
2011-11-22,1.0,0.9,1.02,1.36,1.62,2.08,2.68,1.0368,,1.0368,1.1800000000000002
2011-11-23,1.0,0.89,1.0,1.32,1.59,2.04,2.63,1.048,,1.048,1.15
2011-11-24,1.0,0.91,1.0,1.34,1.6,2.05,2.63,1.0469,,1.0469,1.1399999999999997
2011-11-25,1.0,0.95,1.05,1.4,1.66,2.11,2.66,1.0487,,1.0487,1.16
2011-11-28,1.0,0.97,1.07,1.42,1.68,2.12,2.67,1.0327,,1.0327,1.1500000000000001
2011-11-29,1.0,1.0,1.09,1.43,1.69,2.13,2.67,1.0296,,1.0296,1.13
2011-11-30,1.0,1.01,1.1,1.46,1.71,2.15,2.69,1.0197,,1.0197,1.14
2011-12-01,1.0,0.93,1.02,1.4,1.66,2.13,2.69,1.0174,,1.0174,1.1999999999999997
2011-12-02,1.0,0.9,0.99,1.36,1.63,2.12,2.68,1.0165,,1.0165,1.2200000000000002
2011-12-05,1.0,0.88,0.97,1.33,1.61,2.09,2.66,1.0141,,1.0141,1.21
2011-12-06,1.0,0.92,1.01,1.38,1.65,2.13,2.68,1.0117,,1.0117,1.21
2011-12-07,1.0,0.89,0.97,1.33,1.59,2.06,2.63,1.0105,,1.0105,1.17
2011-12-08,1.0,0.85,0.93,1.26,1.53,1.99,2.58,1.0193,,1.0193,1.1400000000000001
2011-12-09,1.0,0.9,0.97,1.33,1.6,2.06,2.65,1.0201,,1.0201,1.1600000000000001
2011-12-12,1.0,0.88,0.94,1.28,1.54,2.01,2.62,1.0275,,1.0275,1.13
2011-12-13,1.0,0.87,0.93,1.26,1.52,1.98,2.57,1.0284,,1.0284,1.1099999999999999
2011-12-14,1.0,0.86,0.93,1.25,1.5,1.95,2.54,1.0406,,1.0406,1.0899999999999999
2011-12-15,1.0,0.86,0.92,1.22,1.47,1.93,2.52,1.0337,,1.0337,1.0699999999999998
2011-12-16,1.0,0.85,0.9,1.18,1.42,1.87,2.46,1.0388,,1.0388,1.02
2011-12-19,1.0,0.84,0.89,1.17,1.4,1.84,2.42,1.0364,,1.0364,1.0
2011-12-20,1.0,0.88,0.94,1.24,1.48,1.93,2.46,1.0285,,1.0285,1.0499999999999998
2011-12-21,1.0,0.89,0.95,1.25,1.49,1.95,2.49,1.0286,,1.0286,1.06
2011-12-22,1.0,0.9,0.96,1.25,1.49,1.95,2.5,1.0214,,1.0214,1.0499999999999998
2011-12-23,1.0,0.93,0.99,1.31,1.55,2.01,2.55,1.0208,,1.0208,1.0799999999999996
2011-12-26,1.0,,,,,,,,,,
2011-12-27,1.0,,,,,,,,,,
2011-12-28,1.0,0.93,0.99,1.28,1.52,1.96,2.5,1.0234,,1.0234,1.0299999999999998
2011-12-29,1.0,0.95,1.0,1.27,1.51,1.94,2.5,1.021,,1.021,0.99
2011-12-30,1.0,0.95,0.99,1.27,1.51,1.94,2.49,1.017,,1.017,0.99
2012-01-02,1.0,,,,,,,,,,
2012-01-03,1.0,0.98,1.02,1.31,1.54,1.99,2.55,1.009,,1.009,1.01
2012-01-04,1.0,0.97,1.01,1.3,1.54,1.99,2.57,1.0135,,1.0135,1.02
2012-01-05,1.0,0.96,1.0,1.29,1.52,1.97,2.55,1.0197,,1.0197,1.01
2012-01-06,1.0,0.93,0.97,1.25,1.47,1.94,2.52,1.0232,,1.0232,1.0099999999999998
2012-01-09,1.0,0.94,0.98,1.26,1.49,1.95,2.52,1.0272,,1.0272,1.01
2012-01-10,1.0,0.97,1.0,1.29,1.52,1.98,2.54,1.0164,,1.0164,1.01
2012-01-11,1.0,0.95,0.98,1.26,1.47,1.93,2.51,1.0192,,1.0192,0.98
2012-01-12,1.0,0.97,1.01,1.3,1.52,1.98,2.54,1.0198,,1.0198,1.01
2012-01-13,1.0,0.95,0.98,1.26,1.48,1.93,2.51,1.0245,,1.0245,0.98
2012-01-16,1.0,0.96,1.0,1.28,1.5,1.94,2.51,1.017,,1.017,0.98
2012-01-17,1.0,0.96,0.99,1.26,1.48,1.92,2.5,1.0132,,1.0132,0.96
2012-01-18,1.0,0.99,1.02,1.3,1.52,1.96,2.53,1.014,,1.014,0.97
2012-01-19,1.0,1.02,1.06,1.35,1.57,2.0,2.57,1.0095,,1.0095,0.98
2012-01-20,1.0,1.04,1.09,1.4,1.61,2.06,2.63,1.0143,,1.0143,1.02
2012-01-23,1.0,1.05,1.1,1.42,1.64,2.08,2.66,1.008,,1.008,1.03
2012-01-24,1.0,1.04,1.1,1.41,1.63,2.08,2.67,1.0097,,1.0097,1.04
2012-01-25,1.0,1.02,1.06,1.36,1.58,2.04,2.64,1.012,,1.012,1.02
2012-01-26,1.0,1.01,1.05,1.33,1.56,2.02,2.62,0.9986,,0.9986,1.01
2012-01-27,1.0,1.0,1.04,1.31,1.54,1.99,2.6,1.0013,,1.0013,0.99
2012-01-30,1.0,0.98,1.03,1.28,1.5,1.94,2.55,1.0032,,1.0032,0.96
2012-01-31,1.0,0.96,1.0,1.25,1.47,1.89,2.5,1.0052,,1.0052,0.9299999999999999
2012-02-01,1.0,0.98,1.02,1.26,1.48,1.9,2.52,0.9971,,0.9971,0.9199999999999999
2012-02-02,1.0,0.99,1.04,1.29,1.51,1.94,2.55,0.9985,,0.9985,0.95
2012-02-03,1.0,1.04,1.09,1.35,1.57,2.01,2.61,0.9945,,0.9945,0.9699999999999998
2012-02-06,1.0,1.02,1.07,1.33,1.55,1.98,2.57,0.9954,,0.9954,0.96
2012-02-07,1.0,1.04,1.1,1.38,1.6,2.04,2.62,0.9948,,0.9948,1.0
2012-02-08,1.0,1.07,1.13,1.41,1.63,2.06,2.64,0.997,,0.997,0.99
2012-02-09,1.0,1.09,1.15,1.44,1.66,2.09,2.64,0.9941,,0.9941,0.9999999999999998
2012-02-10,1.0,1.07,1.13,1.41,1.62,2.05,2.62,1.0016,,1.0016,0.9799999999999998
2012-02-13,1.0,1.08,1.14,1.41,1.63,2.07,2.64,0.9996,,0.9996,0.9899999999999998
2012-02-14,1.0,1.06,1.12,1.38,1.59,2.02,2.6,0.9991,,0.9991,0.96
2012-02-15,1.0,1.05,1.12,1.37,1.58,2.01,2.59,0.9965,,0.9965,0.9599999999999997
2012-02-16,1.0,1.07,1.13,1.38,1.6,2.03,2.61,0.9962,,0.9962,0.9599999999999997
2012-02-17,1.0,1.09,1.22,1.47,1.62,2.05,2.64,0.997,,0.997,0.9599999999999997
2012-02-20,1.0,,,,,,,0.9924,,0.9924,
2012-02-21,1.0,1.11,1.23,1.5,1.66,2.09,2.66,0.9955,,0.9955,0.9799999999999998
2012-02-22,1.0,1.1,1.22,1.48,1.63,2.05,2.64,1.0,,1.0,0.9499999999999997
2012-02-23,1.0,1.09,1.21,1.47,1.62,2.05,2.64,0.9985,,0.9985,0.9599999999999997
2012-02-24,1.0,1.07,1.19,1.43,1.58,2.02,2.64,0.9988,,0.9988,0.95
2012-02-27,1.0,1.06,1.18,1.42,1.57,2.0,2.62,0.9983,,0.9983,0.94
2012-02-28,1.0,1.07,1.19,1.41,1.56,1.98,2.6,0.9956,,0.9956,0.9099999999999999
2012-02-29,1.0,1.1,1.22,1.44,1.58,1.98,2.6,0.9866,,0.9866,0.8799999999999999
2012-03-01,1.0,1.1,1.22,1.45,1.59,2.0,2.61,0.9849,,0.9849,0.8999999999999999
2012-03-02,1.0,1.1,1.2,1.42,1.55,1.96,2.58,0.9888,,0.9888,0.8599999999999999
2012-03-05,1.0,1.11,1.21,1.43,1.57,1.98,2.58,0.9936,,0.9936,0.8699999999999999
2012-03-06,1.0,1.08,1.18,1.39,1.53,1.94,2.55,1.0015,,1.0015,0.8599999999999999
2012-03-07,1.0,1.12,1.22,1.43,1.57,1.97,2.57,0.9993,,0.9993,0.8499999999999999
2012-03-08,1.0,1.17,1.27,1.5,1.62,2.01,2.59,0.9921,,0.9921,0.8399999999999999
2012-03-09,1.0,1.17,1.28,1.49,1.61,2.01,2.59,0.9895,,0.9895,0.8399999999999999
2012-03-12,1.0,1.17,1.27,1.49,1.61,1.99,2.58,0.9935,,0.9935,0.8200000000000001
2012-03-13,1.0,1.2,1.31,1.55,1.67,2.06,2.63,0.9905,,0.9905,0.8600000000000001
2012-03-14,1.0,1.24,1.36,1.63,1.75,2.17,2.7,0.9915,,0.9915,0.9299999999999999
2012-03-15,1.0,1.27,1.4,1.67,1.8,2.21,2.74,0.9929,,0.9929,0.94
2012-03-16,1.0,1.28,1.42,1.7,1.83,2.24,2.77,0.9914,,0.9914,0.9600000000000002
2012-03-19,1.0,1.29,1.43,1.73,1.87,2.29,2.81,0.988,,0.988,1.0
2012-03-20,1.0,1.29,1.44,1.74,1.88,2.28,2.81,0.9933,,0.9933,0.9899999999999998
2012-03-21,1.0,1.28,1.42,1.71,1.85,2.24,2.77,0.9931,,0.9931,0.9600000000000002
2012-03-22,1.0,1.24,1.39,1.67,1.81,2.2,2.73,1.0003,,1.0003,0.9600000000000002
2012-03-23,1.0,1.23,1.38,1.65,1.79,2.18,2.72,0.9982,,0.9982,0.9500000000000002
2012-03-26,1.0,1.24,1.39,1.65,1.8,2.19,2.72,0.9922,,0.9922,0.95
2012-03-27,1.0,1.21,1.34,1.59,1.74,2.12,2.67,0.9928,,0.9928,0.9100000000000001
2012-03-28,1.0,1.19,1.32,1.57,1.72,2.12,2.67,0.9984,,0.9984,0.9300000000000002
2012-03-29,1.0,1.18,1.31,1.55,1.69,2.08,2.64,0.9999,,0.9999,0.9000000000000001
2012-03-30,1.0,1.2,1.33,1.57,1.72,2.11,2.66,0.9991,,0.9991,0.9099999999999999
2012-04-02,1.0,1.21,1.34,1.58,1.73,2.13,2.66,0.9917,,0.9917,0.9199999999999999
2012-04-03,1.0,1.26,1.39,1.66,1.8,2.19,2.73,0.991,,0.991,0.9299999999999999
2012-04-04,1.0,1.22,1.35,1.61,1.75,2.13,2.68,0.9962,,0.9962,0.9099999999999999
2012-04-05,1.0,1.25,1.39,1.64,1.77,2.13,2.68,0.9928,,0.9928,0.8799999999999999
2012-04-06,1.0,,,,,,,,,,
2012-04-09,1.0,1.23,1.36,1.59,1.72,2.07,2.63,0.9972,,0.9972,0.8399999999999999
2012-04-10,1.0,1.19,1.31,1.5,1.64,1.98,2.55,1.0028,,1.0028,0.79
2012-04-11,1.0,1.21,1.34,1.54,1.67,2.01,2.58,1.0039,,1.0039,0.7999999999999998
2012-04-12,1.0,1.23,1.36,1.57,1.71,2.05,2.6,0.995,,0.995,0.8199999999999998
2012-04-13,1.0,1.2,1.32,1.51,1.65,1.99,2.55,0.9979,,0.9979,0.79
2012-04-16,1.0,1.23,1.35,1.54,1.68,2.01,2.57,1.0024,,1.0024,0.7799999999999998
2012-04-17,1.0,1.33,1.45,1.63,1.76,2.07,2.61,0.9878,,0.9878,0.7399999999999998
2012-04-18,1.0,1.32,1.43,1.61,1.74,2.04,2.59,0.9902,,0.9902,0.72
2012-04-19,1.0,1.33,1.44,1.62,1.74,2.04,2.58,0.9927,,0.9927,0.71
2012-04-20,1.0,1.35,1.47,1.64,1.76,2.06,2.61,0.9911,,0.9911,0.71
2012-04-23,1.0,1.36,1.47,1.63,1.75,2.04,2.59,0.9936,,0.9936,0.6799999999999999
2012-04-24,1.0,1.41,1.52,1.68,1.79,2.07,2.62,0.9883,,0.9883,0.6599999999999999
2012-04-25,1.0,1.43,1.53,1.69,1.81,2.1,2.65,0.9848,,0.9848,0.6700000000000002
2012-04-26,1.0,1.37,1.47,1.62,1.74,2.05,2.61,0.9841,,0.9841,0.6799999999999997
2012-04-27,1.0,1.43,1.53,1.67,1.79,2.09,2.63,0.9807,,0.9807,0.6599999999999999
2012-04-30,1.0,1.34,1.44,1.6,1.73,2.04,2.61,0.9884,,0.9884,0.7
2012-05-01,1.0,1.33,1.43,1.6,1.73,2.05,2.61,0.9839,,0.9839,0.7199999999999998
2012-05-02,1.0,1.31,1.41,1.58,1.7,2.02,2.59,0.9891,,0.9891,0.71
2012-05-03,1.0,1.3,1.4,1.56,1.69,2.0,2.59,0.9868,,0.9868,0.7
2012-05-04,1.0,1.25,1.35,1.51,1.71,2.02,2.54,0.9956,,0.9956,0.77
2012-05-07,1.0,1.27,1.37,1.52,1.71,2.02,2.54,0.9935,,0.9935,0.75
2012-05-08,1.0,1.22,1.32,1.48,1.67,1.97,2.5,0.9997,,0.9997,0.75
2012-05-09,1.0,1.22,1.32,1.48,1.68,1.99,2.51,1.0015,,1.0015,0.77
2012-05-10,1.0,1.24,1.33,1.48,1.68,1.99,2.5,1.0017,,1.0017,0.75
2012-05-11,1.0,1.3,1.37,1.49,1.68,1.97,2.47,0.9968,,0.9968,0.6699999999999999
2012-05-14,1.0,1.27,1.34,1.46,1.65,1.94,2.44,1.0019,,1.0019,0.6699999999999999
2012-05-15,1.0,1.29,1.35,1.46,1.65,1.93,2.45,1.0029,,1.0029,0.6399999999999999
2012-05-16,1.0,1.27,1.34,1.46,1.64,1.93,2.45,1.0102,,1.0102,0.6599999999999999
2012-05-17,1.0,1.22,1.26,1.39,1.59,1.88,2.42,1.0164,,1.0164,0.6599999999999999
2012-05-18,1.0,1.22,1.26,1.42,1.61,1.89,2.43,1.021,,1.021,0.6699999999999999
2012-05-21,1.0,,,,,,,,,,
2012-05-22,1.0,1.21,1.26,1.43,1.63,1.91,2.44,1.0191,,1.0191,0.7
2012-05-23,1.0,1.16,1.2,1.4,1.6,1.88,2.4,1.0275,,1.0275,0.72
2012-05-24,1.0,1.14,1.19,1.38,1.59,1.86,2.4,1.0275,,1.0275,0.7200000000000002
2012-05-25,1.0,1.07,1.13,1.31,1.53,1.8,2.35,1.0285,,1.0285,0.73
2012-05-28,1.0,1.09,1.14,1.32,1.56,1.84,2.37,1.0241,,1.0241,0.75
2012-05-29,1.0,1.16,1.21,1.38,1.6,1.87,2.39,1.0253,,1.0253,0.7100000000000002
2012-05-30,1.0,1.11,1.16,1.31,1.51,1.79,2.33,1.0286,,1.0286,0.6799999999999999
2012-05-31,1.0,1.06,1.11,1.25,1.46,1.74,2.29,1.0349,,1.0349,0.6799999999999999
2012-06-01,1.0,0.88,0.92,1.06,1.34,1.62,2.21,1.038,,1.038,0.7400000000000001
2012-06-04,1.0,0.97,1.01,1.15,1.39,1.68,2.23,1.0418,,1.0418,0.71
2012-06-05,1.0,0.99,1.03,1.2,1.45,1.74,2.28,1.0414,,1.0414,0.75
2012-06-06,1.0,1.05,1.09,1.27,1.51,1.8,2.35,1.0297,,1.0297,0.75
2012-06-07,1.0,1.04,1.08,1.27,1.5,1.8,2.36,1.0244,,1.0244,0.76
2012-06-08,1.0,1.04,1.08,1.29,1.5,1.81,2.36,1.0332,,1.0332,0.77
2012-06-11,1.0,1.0,1.04,1.23,1.46,1.76,2.33,1.0283,,1.0283,0.76
2012-06-12,1.0,1.02,1.06,1.27,1.49,1.8,2.37,1.0268,,1.0268,0.78
2012-06-13,1.0,1.03,1.08,1.25,1.46,1.77,2.35,1.027,,1.027,0.74
2012-06-14,1.0,1.04,1.09,1.28,1.49,1.79,2.37,1.0247,,1.0247,0.75
2012-06-15,1.0,0.96,1.01,1.19,1.42,1.72,2.33,1.0244,,1.0244,0.76
2012-06-18,1.0,0.98,1.02,1.19,1.4,1.71,2.34,1.0266,,1.0266,0.73
2012-06-19,1.0,1.04,1.08,1.24,1.45,1.76,2.36,1.0178,,1.0178,0.72
2012-06-20,1.0,1.09,1.13,1.29,1.48,1.77,2.36,1.0194,,1.0194,0.6799999999999999
2012-06-21,1.0,1.05,1.09,1.26,1.46,1.75,2.32,1.0251,,1.0251,0.7
2012-06-22,1.0,1.06,1.11,1.3,1.51,1.8,2.36,1.026,,1.026,0.74
2012-06-25,1.0,0.99,1.04,1.23,1.44,1.73,2.3,1.0303,,1.0303,0.74
2012-06-26,1.0,1.01,1.06,1.25,1.46,1.75,2.32,1.0265,,1.0265,0.74
2012-06-27,1.0,0.99,1.04,1.21,1.44,1.72,2.32,1.0257,,1.0257,0.73
2012-06-28,1.0,0.96,1.0,1.17,1.4,1.68,2.29,1.0333,,1.0333,0.72
2012-06-29,1.0,1.03,1.08,1.25,1.46,1.74,2.33,1.0191,,1.0191,0.71
2012-07-02,1.0,,,,,,,,,,
2012-07-03,1.0,1.04,1.09,1.26,1.47,1.74,2.32,1.0123,,1.0123,0.7
2012-07-04,1.0,1.03,1.08,1.23,1.44,1.71,2.3,1.0128,,1.0128,0.6799999999999999
2012-07-05,1.0,1.02,1.07,1.24,1.45,1.72,2.31,1.0131,,1.0131,0.7
2012-07-06,1.0,0.98,1.03,1.21,1.42,1.69,2.29,1.0199,,1.0199,0.71
2012-07-09,1.0,0.96,1.01,1.17,1.39,1.66,2.27,1.0212,,1.0212,0.7
2012-07-10,1.0,0.97,1.02,1.18,1.39,1.65,2.27,1.0203,,1.0203,0.6799999999999999
2012-07-11,1.0,0.99,1.04,1.2,1.41,1.67,2.28,1.0195,,1.0195,0.6799999999999999
2012-07-12,1.0,0.97,1.01,1.16,1.37,1.63,2.24,1.0214,,1.0214,0.6599999999999999
2012-07-13,1.0,0.99,1.04,1.18,1.38,1.64,2.25,1.0151,,1.0151,0.6499999999999999
2012-07-16,1.0,0.96,1.01,1.16,1.37,1.62,2.25,1.0157,,1.0157,0.6600000000000001
2012-07-17,1.0,0.97,1.02,1.17,1.38,1.64,2.26,1.0141,,1.0141,0.6699999999999999
2012-07-18,1.0,0.96,1.01,1.15,1.36,1.62,2.24,1.0112,,1.0112,0.6600000000000001
2012-07-19,1.0,0.98,1.03,1.18,1.4,1.65,2.27,1.0077,,1.0077,0.6699999999999999
2012-07-20,1.0,0.95,1.0,1.15,1.36,1.61,2.24,1.0114,,1.0114,0.6600000000000001
2012-07-23,1.0,0.93,0.97,1.12,1.33,1.58,2.21,1.0172,,1.0172,0.65
2012-07-24,1.0,0.93,0.97,1.12,1.33,1.58,2.2,1.0208,,1.0208,0.65
2012-07-25,1.0,0.96,1.0,1.16,1.35,1.6,2.22,1.0181,,1.0181,0.6400000000000001
2012-07-26,1.0,1.01,1.06,1.21,1.4,1.64,2.27,1.0101,,1.0101,0.6299999999999999
2012-07-27,1.0,1.11,1.16,1.33,1.51,1.75,2.33,1.006,,1.006,0.6399999999999999
2012-07-30,1.0,1.09,1.14,1.3,1.47,1.7,2.29,1.0033,,1.0033,0.6099999999999999
2012-07-31,1.0,1.08,1.12,1.27,1.45,1.68,2.27,1.0014,,1.0014,0.5999999999999999
2012-08-01,1.0,1.1,1.14,1.3,1.48,1.71,2.29,1.0017,,1.0017,0.6099999999999999
2012-08-02,1.0,1.06,1.11,1.25,1.44,1.67,2.25,1.0062,,1.0062,0.6099999999999999
2012-08-03,1.0,1.12,1.17,1.34,1.54,1.77,2.31,0.9986,,0.9986,0.6499999999999999
2012-08-06,1.0,,,,,,,,,,
2012-08-07,1.0,1.17,1.22,1.41,1.61,1.84,2.37,0.9964,,0.9964,0.6700000000000002
2012-08-08,1.0,1.16,1.21,1.39,1.59,1.82,2.35,0.9947,,0.9947,0.6600000000000001
2012-08-09,1.0,1.16,1.2,1.39,1.58,1.81,2.33,0.9924,,0.9924,0.6500000000000001
2012-08-10,1.0,1.13,1.17,1.36,1.55,1.78,2.32,0.9916,,0.9916,0.6500000000000001
2012-08-13,1.0,1.14,1.19,1.38,1.57,1.8,2.33,0.9933,,0.9933,0.6600000000000001
2012-08-14,1.0,1.18,1.23,1.43,1.63,1.85,2.37,0.9914,,0.9914,0.6700000000000002
2012-08-15,1.0,1.25,1.29,1.51,1.72,1.95,2.46,0.9891,,0.9891,0.7
2012-08-16,1.0,1.24,1.28,1.51,1.72,1.96,2.49,0.9881,,0.9881,0.72
2012-08-17,1.0,1.2,1.31,1.5,1.69,1.94,2.48,0.9885,,0.9885,0.74
2012-08-20,1.0,1.19,1.31,1.49,1.68,1.94,2.48,0.989,,0.989,0.75
2012-08-21,1.0,1.18,1.3,1.48,1.67,1.92,2.47,0.9864,,0.9864,0.74
2012-08-22,1.0,1.12,1.23,1.39,1.58,1.84,2.41,0.9929,,0.9929,0.72
2012-08-23,1.0,1.13,1.23,1.39,1.57,1.82,2.4,0.9928,,0.9928,0.6900000000000002
2012-08-24,1.0,1.15,1.25,1.4,1.57,1.83,2.41,0.992,,0.992,0.6800000000000002
2012-08-27,1.0,1.16,1.25,1.39,1.55,1.8,2.38,0.9892,,0.9892,0.6400000000000001
2012-08-28,1.0,1.17,1.26,1.39,1.55,1.8,2.36,0.9864,,0.9864,0.6300000000000001
2012-08-29,1.0,1.15,1.23,1.38,1.54,1.8,2.37,0.9875,,0.9875,0.6500000000000001
2012-08-30,1.0,1.13,1.21,1.34,1.5,1.77,2.34,0.9926,,0.9926,0.6400000000000001
2012-08-31,1.0,1.15,1.22,1.36,1.51,1.77,2.34,0.9863,,0.9863,0.6200000000000001
2012-09-03,1.0,,,,,,,,,,
2012-09-04,1.0,1.12,1.19,1.32,1.47,1.74,2.31,0.9863,,0.9863,0.6199999999999999
2012-09-05,1.0,1.11,1.18,1.32,1.48,1.75,2.33,0.9902,,0.9902,0.6399999999999999
2012-09-06,1.0,1.16,1.24,1.4,1.57,1.84,2.4,0.9825,,0.9825,0.6800000000000002
2012-09-07,1.0,1.18,1.25,1.42,1.58,1.85,2.43,0.9778,,0.9778,0.6700000000000002
2012-09-10,1.0,1.17,1.25,1.4,1.55,1.83,2.42,0.9762,,0.9762,0.6600000000000001
2012-09-11,1.0,1.17,1.26,1.41,1.58,1.85,2.44,0.9724,,0.9724,0.6800000000000002
2012-09-12,1.0,1.19,1.28,1.45,1.62,1.9,2.49,0.9757,,0.9757,0.71
2012-09-13,1.0,1.17,1.25,1.42,1.6,1.88,2.47,0.9753,,0.9753,0.71
2012-09-14,1.0,1.2,1.3,1.48,1.67,1.97,2.54,0.971,,0.971,0.77
2012-09-17,1.0,1.19,1.29,1.46,1.65,1.94,2.52,0.9723,,0.9723,0.75
2012-09-18,1.0,1.18,1.27,1.43,1.62,1.91,2.49,0.9742,,0.9742,0.73
2012-09-19,1.0,1.17,1.26,1.41,1.59,1.89,2.46,0.9745,,0.9745,0.72
2012-09-20,1.0,1.15,1.23,1.38,1.57,1.86,2.42,0.9774,,0.9774,0.7100000000000002
2012-09-21,1.0,1.14,1.22,1.38,1.56,1.85,2.42,0.9754,,0.9754,0.7100000000000002
2012-09-24,1.0,1.12,1.2,1.35,1.53,1.82,2.39,0.9801,,0.9801,0.7
2012-09-25,1.0,1.12,1.21,1.36,1.53,1.81,2.38,0.977,,0.977,0.69
2012-09-26,1.0,1.09,1.16,1.31,1.47,1.75,2.33,0.9842,,0.9842,0.6599999999999999
2012-09-27,1.0,1.1,1.17,1.32,1.48,1.75,2.35,0.9814,,0.9814,0.6499999999999999
2012-09-28,1.0,1.07,1.14,1.3,1.45,1.73,2.32,0.9837,,0.9837,0.6599999999999999
2012-10-01,1.0,1.06,1.14,1.28,1.43,1.71,2.32,0.9827,,0.9827,0.6499999999999999
2012-10-02,1.0,1.06,1.14,1.29,1.44,1.72,2.32,0.9829,,0.9829,0.6599999999999999
2012-10-03,1.0,1.06,1.14,1.28,1.44,1.72,2.32,0.987,,0.987,0.6599999999999999
2012-10-04,1.0,1.09,1.17,1.32,1.48,1.76,2.37,0.9822,,0.9822,0.6699999999999999
2012-10-05,1.0,1.14,1.22,1.37,1.53,1.81,2.4,0.9763,,0.9763,0.6700000000000002
2012-10-08,1.0,,,,,,,,,,
2012-10-09,1.0,1.14,1.22,1.37,1.52,1.8,2.4,0.9788,,0.9788,0.6600000000000001
2012-10-10,1.0,1.14,1.22,1.36,1.52,1.79,2.4,0.9787,,0.9787,0.6500000000000001
2012-10-11,1.0,1.15,1.23,1.37,1.53,1.81,2.4,0.9782,,0.9782,0.6600000000000001
2012-10-12,1.0,1.14,1.22,1.37,1.52,1.8,2.39,0.9799,,0.9799,0.6600000000000001
2012-10-15,1.0,1.08,1.17,1.33,1.5,1.8,2.41,0.9784,,0.9784,0.72
2012-10-16,1.0,1.08,1.17,1.34,1.52,1.83,2.44,0.9854,,0.9854,0.75
2012-10-17,1.0,1.13,1.23,1.42,1.6,1.91,2.5,0.9796,,0.9796,0.78
2012-10-18,1.0,1.12,1.22,1.41,1.59,1.89,2.48,0.9808,,0.9808,0.7699999999999998
2012-10-19,1.0,1.09,1.18,1.36,1.54,1.84,2.43,0.9932,,0.9932,0.75
2012-10-22,1.0,1.09,1.19,1.38,1.56,1.87,2.45,0.9938,,0.9938,0.78
2012-10-23,1.0,1.14,1.24,1.4,1.56,1.85,2.42,0.9934,,0.9934,0.7100000000000002
2012-10-24,1.0,1.12,1.21,1.39,1.56,1.84,2.42,0.9946,,0.9946,0.72
2012-10-25,1.0,1.14,1.24,1.43,1.6,1.89,2.46,0.9942,,0.9942,0.75
2012-10-26,1.0,1.12,1.21,1.39,1.56,1.84,2.41,0.999,,0.999,0.72
2012-10-29,1.0,1.08,1.18,1.35,1.52,1.79,2.38,1.0004,,1.0004,0.71
2012-10-30,1.0,1.1,1.19,1.37,1.54,1.81,2.4,0.9994,,0.9994,0.71
2012-10-31,1.0,1.07,1.17,1.34,1.51,1.78,2.38,0.9996,,0.9996,0.71
2012-11-01,1.0,1.07,1.16,1.33,1.5,1.78,2.38,0.9973,,0.9973,0.71
2012-11-02,1.0,1.06,1.16,1.32,1.49,1.77,2.36,0.9964,,0.9964,0.71
2012-11-05,1.0,1.07,1.16,1.32,1.49,1.76,2.35,0.9965,,0.9965,0.69
2012-11-06,1.0,1.11,1.2,1.37,1.54,1.8,2.38,0.9936,,0.9936,0.69
2012-11-07,1.0,1.07,1.16,1.32,1.48,1.74,2.34,0.9972,,0.9972,0.6699999999999999
2012-11-08,1.0,1.07,1.15,1.29,1.45,1.72,2.31,0.9986,,0.9986,0.6499999999999999
2012-11-09,1.0,1.08,1.16,1.3,1.45,1.71,2.31,1.0006,,1.0006,0.6299999999999999
2012-11-12,1.0,,,,,,,,,,
2012-11-13,1.0,1.07,1.14,1.29,1.44,1.69,2.29,1.0016,,1.0016,0.6199999999999999
2012-11-14,1.0,1.07,1.14,1.29,1.44,1.7,2.29,1.0018,,1.0018,0.6299999999999999
2012-11-15,1.0,1.07,1.15,1.31,1.46,1.72,2.31,1.0025,,1.0025,0.6499999999999999
2012-11-16,1.0,1.07,1.14,1.29,1.44,1.69,2.29,1.0028,,1.0028,0.6199999999999999
2012-11-19,1.0,1.1,1.17,1.32,1.48,1.73,2.33,0.9964,,0.9964,0.6299999999999999
2012-11-20,1.0,1.11,1.19,1.35,1.5,1.76,2.35,0.997,,0.997,0.6499999999999999
2012-11-21,1.0,1.11,1.19,1.34,1.5,1.76,2.35,0.998,,0.998,0.6499999999999999
2012-11-22,1.0,1.11,1.18,1.35,1.51,1.77,2.36,0.9974,,0.9974,0.6599999999999999
2012-11-23,1.0,1.12,1.2,1.36,1.52,1.79,2.36,0.9927,,0.9927,0.6699999999999999
2012-11-26,1.0,1.1,1.18,1.34,1.5,1.76,2.34,0.9949,,0.9949,0.6599999999999999
2012-11-27,1.0,1.09,1.17,1.32,1.48,1.73,2.31,0.9936,,0.9936,0.6399999999999999
2012-11-28,1.0,1.09,1.16,1.31,1.46,1.72,2.3,0.9929,,0.9929,0.6299999999999999
2012-11-29,1.0,1.08,1.15,1.3,1.45,1.7,2.29,0.993,,0.993,0.6199999999999999
2012-11-30,1.0,1.07,1.13,1.28,1.44,1.7,2.29,0.9932,,0.9932,0.6299999999999999
2012-12-03,1.0,1.06,1.13,1.28,1.44,1.7,2.3,0.9928,,0.9928,0.6399999999999999
2012-12-04,1.0,1.06,1.13,1.27,1.43,1.7,2.3,0.9927,,0.9927,0.6399999999999999
2012-12-05,1.0,1.04,1.11,1.26,1.42,1.68,2.29,0.9912,,0.9912,0.6399999999999999
2012-12-06,1.0,1.04,1.11,1.26,1.42,1.69,2.3,0.991,,0.991,0.6499999999999999
2012-12-07,1.0,1.06,1.13,1.29,1.45,1.71,2.31,0.989,,0.989,0.6499999999999999
2012-12-10,1.0,1.05,1.13,1.28,1.44,1.7,2.31,0.9872,,0.9872,0.6499999999999999
2012-12-11,1.0,1.07,1.14,1.3,1.46,1.73,2.33,0.9867,,0.9867,0.6599999999999999
2012-12-12,1.0,1.09,1.16,1.32,1.49,1.76,2.37,0.9854,,0.9854,0.6699999999999999
2012-12-13,1.0,1.12,1.19,1.36,1.53,1.8,2.4,0.9847,,0.9847,0.6799999999999999
2012-12-14,1.0,1.12,1.2,1.36,1.53,1.79,2.38,0.986,,0.986,0.6699999999999999
2012-12-17,1.0,1.15,1.23,1.4,1.56,1.83,2.4,0.9841,,0.9841,0.6800000000000002
2012-12-18,1.0,1.15,1.23,1.4,1.57,1.84,2.42,0.9854,,0.9854,0.6900000000000002
2012-12-19,1.0,1.14,1.22,1.4,1.57,1.84,2.42,0.9868,,0.9868,0.7000000000000002
2012-12-20,1.0,1.13,1.21,1.39,1.57,1.84,2.41,0.9883,,0.9883,0.7100000000000002
2012-12-21,1.0,1.12,1.19,1.36,1.54,1.8,2.37,0.9942,,0.9942,0.6799999999999999
2012-12-24,1.0,1.12,1.2,1.37,1.55,1.82,2.37,0.9913,,0.9913,0.7
2012-12-25,1.0,,,,,,,,,,
2012-12-26,1.0,,,,,,,,,,
2012-12-27,1.0,1.14,1.21,1.37,1.54,1.79,2.35,0.9949,,0.9949,0.6500000000000001
2012-12-28,1.0,1.13,1.2,1.36,1.52,1.77,2.34,0.9952,,0.9952,0.6400000000000001
2012-12-31,1.0,1.14,1.21,1.38,1.55,1.8,2.36,0.9949,,0.9949,0.6600000000000001
2013-01-01,1.0,,,,,,,,,,
2013-01-02,1.0,1.17,1.24,1.43,1.6,1.87,2.42,0.9859,,0.9859,0.7000000000000002
2013-01-03,1.0,1.19,1.26,1.47,1.65,1.92,2.48,0.9853,,0.9853,0.73
2013-01-04,1.0,1.21,1.28,1.49,1.67,1.94,2.48,0.9856,,0.9856,0.73
2013-01-07,1.0,1.2,1.28,1.48,1.66,1.94,2.49,0.986,,0.986,0.74
2013-01-08,1.0,1.17,1.24,1.45,1.63,1.91,2.47,0.9873,,0.9873,0.74
2013-01-09,1.0,1.17,1.24,1.44,1.63,1.91,2.47,0.9868,,0.9868,0.74
2013-01-10,1.0,1.19,1.27,1.48,1.67,1.96,2.52,0.986,,0.986,0.77
2013-01-11,1.0,1.19,1.27,1.48,1.66,1.94,2.5,0.9841,,0.9841,0.75
2013-01-14,1.0,1.19,1.27,1.47,1.66,1.94,2.5,0.984,,0.984,0.75
2013-01-15,1.0,1.18,1.25,1.45,1.64,1.91,2.48,0.9839,,0.9839,0.73
2013-01-16,1.0,1.17,1.24,1.44,1.62,1.89,2.46,0.985,,0.985,0.72
2013-01-17,1.0,1.2,1.28,1.48,1.67,1.95,2.51,0.9853,,0.9853,0.75
2013-01-18,1.0,1.18,1.26,1.47,1.65,1.92,2.49,0.9937,,0.9937,0.74
2013-01-21,1.0,1.19,1.27,1.48,1.67,1.93,2.51,0.9933,,0.9933,0.74
2013-01-22,1.0,1.17,1.25,1.46,1.64,1.91,2.5,0.9934,,0.9934,0.74
2013-01-23,1.0,1.12,1.2,1.4,1.59,1.87,2.47,0.9986,,0.9986,0.75
2013-01-24,1.0,1.12,1.2,1.41,1.6,1.89,2.48,1.0026,,1.0026,0.7699999999999998
2013-01-25,1.0,1.14,1.23,1.46,1.65,1.95,2.53,1.0078,,1.0078,0.81
2013-01-28,1.0,1.15,1.24,1.48,1.67,1.96,2.54,1.0069,,1.0069,0.81
2013-01-29,1.0,1.17,1.25,1.51,1.7,2.0,2.57,1.0029,,1.0029,0.8300000000000001
2013-01-30,1.0,1.16,1.25,1.5,1.7,1.99,2.57,1.0033,,1.0033,0.8300000000000001
2013-01-31,1.0,1.16,1.25,1.5,1.69,1.99,2.57,0.9992,,0.9992,0.8300000000000001
2013-02-01,1.0,1.19,1.28,1.53,1.73,2.04,2.63,0.9987,,0.9987,0.8500000000000001
2013-02-04,1.0,1.15,1.24,1.48,1.68,1.99,2.59,0.9977,,0.9977,0.8400000000000001
2013-02-05,1.0,1.17,1.25,1.5,1.71,2.02,2.62,0.9972,,0.9972,0.8500000000000001
2013-02-06,1.0,1.16,1.24,1.49,1.69,1.99,2.6,0.996,,0.996,0.8300000000000001
2013-02-07,1.0,1.15,1.23,1.48,1.69,1.99,2.6,0.9993,,0.9993,0.8400000000000001
2013-02-08,1.0,1.1,1.18,1.43,1.65,1.96,2.57,1.002,,1.002,0.8599999999999999
2013-02-11,1.0,1.11,1.19,1.44,1.65,1.97,2.59,1.0065,,1.0065,0.8599999999999999
2013-02-12,1.0,1.12,1.2,1.46,1.68,2.0,2.61,1.0029,,1.0029,0.8799999999999999
2013-02-13,1.0,1.15,1.22,1.5,1.71,2.03,2.64,1.002,,1.002,0.8799999999999999
2013-02-14,1.0,1.13,1.2,1.47,1.69,2.0,2.61,1.0008,,1.0008,0.8700000000000001
2013-02-15,1.0,1.13,1.2,1.47,1.69,2.01,2.63,1.007,,1.007,0.8799999999999999
2013-02-18,1.0,,,,,,,,,,
2013-02-19,1.0,1.13,1.21,1.48,1.69,2.02,2.64,1.0118,,1.0118,0.8900000000000001
2013-02-20,1.0,1.12,1.2,1.46,1.68,2.02,2.64,1.0163,,1.0163,0.8999999999999999
2013-02-21,1.0,1.11,1.18,1.45,1.66,1.98,2.61,1.0185,,1.0185,0.8699999999999999
2013-02-22,1.0,1.07,1.14,1.4,1.61,1.94,2.58,1.0224,,1.0224,0.8699999999999999
2013-02-25,1.0,1.01,1.09,1.33,1.55,1.87,2.53,1.0265,,1.0265,0.8600000000000001
2013-02-26,1.0,1.0,1.08,1.32,1.54,1.86,2.53,1.028,,1.028,0.8600000000000001
2013-02-27,1.0,1.0,1.08,1.32,1.53,1.86,2.53,1.025,,1.025,0.8600000000000001
2013-02-28,1.0,0.96,1.03,1.28,1.5,1.84,2.52,1.0285,,1.0285,0.8800000000000001
2013-03-01,1.0,0.94,1.09,1.3,1.47,1.8,2.49,1.0285,,1.0285,0.8600000000000001
2013-03-04,1.0,0.94,1.09,1.3,1.47,1.81,2.5,1.0298,,1.0298,0.8700000000000001
2013-03-05,1.0,0.95,1.11,1.31,1.48,1.81,2.51,1.029,,1.029,0.8600000000000001
2013-03-06,1.0,0.93,1.09,1.3,1.48,1.84,2.55,1.0314,,1.0314,0.91
2013-03-07,1.0,0.96,1.12,1.34,1.53,1.88,2.58,1.0302,,1.0302,0.9199999999999999
2013-03-08,1.0,0.98,1.15,1.39,1.57,1.93,2.62,1.0273,,1.0273,0.95
2013-03-11,1.0,0.98,1.15,1.39,1.57,1.95,2.63,1.0268,,1.0268,0.97
2013-03-12,1.0,0.96,1.13,1.35,1.54,1.91,2.61,1.0254,,1.0254,0.95
2013-03-13,1.0,0.97,1.14,1.37,1.56,1.92,2.61,1.0273,,1.0273,0.95
2013-03-14,1.0,1.0,1.18,1.41,1.59,1.95,2.62,1.0261,,1.0261,0.95
2013-03-15,1.0,0.99,1.15,1.36,1.55,1.89,2.59,1.0193,,1.0193,0.8999999999999999
2013-03-18,1.0,0.98,1.14,1.34,1.53,1.86,2.56,1.0217,,1.0217,0.8800000000000001
2013-03-19,1.0,0.97,1.12,1.31,1.49,1.82,2.52,1.0274,,1.0274,0.8500000000000001
2013-03-20,1.0,0.98,1.14,1.34,1.53,1.86,2.56,1.0268,,1.0268,0.8800000000000001
2013-03-21,1.0,0.98,1.12,1.31,1.49,1.82,2.52,1.0241,,1.0241,0.8400000000000001
2013-03-22,1.0,0.99,1.12,1.32,1.61,1.82,2.53,1.0225,,1.0225,0.8300000000000001
2013-03-25,1.0,1.0,1.12,1.32,1.61,1.82,2.53,1.0218,,1.0218,0.8200000000000001
2013-03-26,1.0,1.01,1.12,1.33,1.61,1.82,2.54,1.0166,,1.0166,0.81
2013-03-27,1.0,1.0,1.1,1.29,1.56,1.76,2.49,1.017,,1.017,0.76
2013-03-28,1.0,1.0,1.1,1.3,1.56,1.76,2.5,1.0156,,1.0156,0.76
2013-03-29,1.0,,,,,,,,,,
2013-04-01,1.0,0.99,1.09,1.27,1.53,1.84,2.49,1.0167,,1.0167,0.8500000000000001
2013-04-02,1.0,1.0,1.1,1.29,1.56,1.87,2.5,1.0148,,1.0148,0.8700000000000001
2013-04-03,1.0,0.99,1.09,1.26,1.52,1.83,2.45,1.0134,,1.0134,0.8400000000000001
2013-04-04,1.0,0.99,1.07,1.24,1.48,1.79,2.42,1.0139,,1.0139,0.8
2013-04-05,1.0,0.98,1.05,1.23,1.45,1.75,2.36,1.0191,,1.0191,0.77
2013-04-08,1.0,0.99,1.07,1.24,1.46,1.76,2.37,1.0198,,1.0198,0.77
2013-04-09,1.0,1.0,1.08,1.24,1.47,1.77,2.39,1.0162,,1.0162,0.77
2013-04-10,1.0,0.99,1.08,1.26,1.5,1.8,2.44,1.015,,1.015,0.81
2013-04-11,1.0,0.98,1.06,1.24,1.47,1.78,2.43,1.0107,,1.0107,0.8
2013-04-12,1.0,0.95,1.03,1.19,1.43,1.74,2.39,1.0134,,1.0134,0.79
2013-04-15,1.0,0.93,1.01,1.18,1.41,1.71,2.36,1.0206,,1.0206,0.7799999999999999
2013-04-16,1.0,0.94,1.02,1.19,1.43,1.73,2.38,1.023,,1.023,0.79
2013-04-17,1.0,0.93,1.02,1.18,1.41,1.71,2.36,1.0262,,1.0262,0.7799999999999999
2013-04-18,1.0,0.94,1.02,1.18,1.4,1.7,2.35,1.0255,,1.0255,0.76
2013-04-19,1.0,0.94,1.02,1.18,1.41,1.71,2.36,1.0264,,1.0264,0.77
2013-04-22,1.0,0.94,1.02,1.18,1.41,1.71,2.37,1.0263,,1.0263,0.77
2013-04-23,1.0,0.94,1.03,1.19,1.42,1.72,2.38,1.0259,,1.0259,0.78
2013-04-24,1.0,0.94,1.03,1.19,1.42,1.72,2.38,1.027,,1.027,0.78
2013-04-25,1.0,0.95,1.04,1.2,1.44,1.74,2.4,1.0194,,1.0194,0.79
2013-04-26,1.0,0.93,1.02,1.18,1.4,1.7,2.37,1.017,,1.017,0.7699999999999999
2013-04-29,1.0,0.93,1.02,1.17,1.4,1.7,2.37,1.0138,,1.0138,0.7699999999999999
2013-04-30,1.0,0.92,1.02,1.16,1.4,1.69,2.37,1.0072,,1.0072,0.7699999999999999
2013-05-01,1.0,0.91,1.01,1.15,1.38,1.68,2.35,1.0084,,1.0084,0.7699999999999999
2013-05-02,1.0,0.91,1.01,1.15,1.37,1.67,2.35,1.0083,,1.0083,0.7599999999999999
2013-05-03,1.0,0.96,1.06,1.23,1.47,1.77,2.44,1.0079,,1.0079,0.81
2013-05-06,1.0,0.97,1.08,1.26,1.5,1.8,2.47,1.0075,,1.0075,0.8300000000000001
2013-05-07,1.0,0.98,1.08,1.28,1.52,1.82,2.48,1.0052,,1.0052,0.8400000000000001
2013-05-08,1.0,0.97,1.08,1.27,1.5,1.81,2.46,1.0023,,1.0023,0.8400000000000001
2013-05-09,1.0,0.97,1.08,1.26,1.5,1.8,2.45,1.0027,,1.0027,0.8300000000000001
2013-05-10,1.0,1.0,1.12,1.33,1.58,1.88,2.51,1.0124,,1.0124,0.8799999999999999
2013-05-13,1.0,1.01,1.13,1.35,1.61,1.9,2.53,1.0108,,1.0108,0.8899999999999999
2013-05-14,1.0,1.04,1.16,1.39,1.66,1.95,2.56,1.0148,,1.0148,0.9099999999999999
2013-05-15,1.0,1.03,1.15,1.36,1.63,1.92,2.53,1.0173,,1.0173,0.8899999999999999
2013-05-16,1.0,1.01,1.12,1.33,1.6,1.88,2.49,1.0163,,1.0163,0.8699999999999999
2013-05-17,1.0,1.01,1.13,1.35,1.63,1.92,2.53,1.0269,,1.0269,0.9099999999999999
2013-05-20,1.0,,,,,,,,,,
2013-05-21,1.0,1.01,1.12,1.33,1.61,1.91,2.53,1.0277,,1.0277,0.8999999999999999
2013-05-22,1.0,1.03,1.15,1.38,1.67,1.96,2.57,1.0333,,1.0333,0.9299999999999999
2013-05-23,1.0,1.04,1.15,1.38,1.66,1.96,2.57,1.031,,1.031,0.9199999999999999
2013-05-24,1.0,1.03,1.14,1.37,1.66,1.95,2.56,1.0323,,1.0323,0.9199999999999999
2013-05-27,1.0,1.04,1.15,1.4,1.7,1.99,2.6,1.0329,,1.0329,0.95
2013-05-28,1.0,1.07,1.18,1.48,1.78,2.07,2.66,1.0371,,1.0371,0.9999999999999998
2013-05-29,1.0,1.07,1.18,1.47,1.78,2.07,2.65,1.037,,1.037,0.9999999999999998
2013-05-30,1.0,1.08,1.19,1.48,1.77,2.07,2.64,1.0309,,1.0309,0.9899999999999998
2013-05-31,1.0,1.08,1.19,1.48,1.77,2.06,2.63,1.0339,,1.0339,0.98
2013-06-03,1.0,1.07,1.17,1.46,1.76,2.05,2.6,1.0291,,1.0291,0.9799999999999998
2013-06-04,1.0,1.07,1.17,1.48,1.79,2.08,2.64,1.0348,,1.0348,1.01
2013-06-05,1.0,1.05,1.15,1.45,1.76,2.05,2.62,1.0345,,1.0345,0.9999999999999998
2013-06-06,1.0,1.05,1.15,1.44,1.76,2.04,2.62,1.0238,,1.0238,0.99
2013-06-07,1.0,1.13,1.23,1.56,1.87,2.15,2.72,1.021,,1.021,1.02
2013-06-10,1.0,1.16,1.27,1.63,1.92,2.2,2.75,1.0187,,1.0187,1.0400000000000003
2013-06-11,1.0,1.15,1.26,1.6,1.89,2.17,2.72,1.019,,1.019,1.02
2013-06-12,1.0,1.15,1.26,1.63,1.92,2.2,2.75,1.0202,,1.0202,1.0500000000000003
2013-06-13,1.0,1.12,1.22,1.56,1.86,2.14,2.69,1.017,,1.017,1.02
2013-06-14,1.0,1.1,1.19,1.52,1.83,2.12,2.68,1.0177,,1.0177,1.02
2013-06-17,1.0,1.11,1.19,1.53,1.85,2.14,2.69,1.0176,,1.0176,1.03
2013-06-18,1.0,1.11,1.2,1.54,1.86,2.15,2.7,1.0209,,1.0209,1.0399999999999998
2013-06-19,1.0,1.17,1.27,1.65,1.96,2.25,2.75,1.0187,,1.0187,1.08
2013-06-20,1.0,1.18,1.29,1.7,2.02,2.32,2.8,1.0387,,1.0387,1.14
2013-06-21,1.0,1.23,1.35,1.81,2.15,2.45,2.9,1.047,,1.047,1.2200000000000002
2013-06-24,1.0,1.24,1.37,1.85,2.19,2.49,2.93,1.0532,,1.0532,1.2500000000000002
2013-06-25,1.0,1.25,1.37,1.86,2.22,2.53,2.97,1.0513,,1.0513,1.2799999999999998
2013-06-26,1.0,1.23,1.35,1.84,2.2,2.5,2.96,1.0469,,1.0469,1.27
2013-06-27,1.0,1.2,1.32,1.78,2.12,2.42,2.9,1.048,,1.048,1.22
2013-06-28,1.0,1.22,1.35,1.8,2.13,2.44,2.89,1.0512,,1.0512,1.22
2013-07-01,1.0,,,,,,,,,,
2013-07-02,1.0,1.2,1.32,1.77,2.11,2.41,2.86,1.053,,1.053,1.2100000000000002
2013-07-03,1.0,1.19,1.32,1.77,2.11,2.42,2.86,1.0523,,1.0523,1.23
2013-07-04,1.0,1.18,1.3,1.76,2.1,2.41,2.86,1.0513,,1.0513,1.2300000000000002
2013-07-05,1.0,1.23,1.35,1.87,2.23,2.55,2.97,1.0568,,1.0568,1.3199999999999998
2013-07-08,1.0,1.16,1.28,1.79,2.15,2.48,2.92,1.0576,,1.0576,1.32
2013-07-09,1.0,1.15,1.26,1.78,2.14,2.47,2.93,1.053,,1.053,1.3200000000000003
2013-07-10,1.0,1.16,1.27,1.82,2.18,2.51,2.96,1.0511,,1.0511,1.3499999999999999
2013-07-11,1.0,1.13,1.24,1.75,2.11,2.44,2.92,1.0389,,1.0389,1.31
2013-07-12,1.0,1.14,1.24,1.75,2.1,2.43,2.92,1.0392,,1.0392,1.2900000000000003
2013-07-15,1.0,1.13,1.24,1.73,2.08,2.41,2.92,1.0413,,1.0413,1.2800000000000002
2013-07-16,1.0,1.12,1.22,1.7,2.07,2.4,2.92,1.0388,,1.0388,1.2799999999999998
2013-07-17,1.0,1.09,1.18,1.66,2.03,2.37,2.9,1.0425,,1.0425,1.28
2013-07-18,1.0,1.09,1.19,1.68,2.06,2.4,2.92,1.0396,,1.0396,1.3099999999999998
2013-07-19,1.0,1.08,1.19,1.65,2.02,2.36,2.89,1.0363,,1.0363,1.2799999999999998
2013-07-22,1.0,1.09,1.19,1.65,2.02,2.36,2.88,1.0337,,1.0337,1.2699999999999998
2013-07-23,1.0,1.11,1.22,1.69,2.06,2.4,2.92,1.0304,,1.0304,1.2899999999999998
2013-07-24,1.0,1.15,1.26,1.76,2.13,2.48,2.98,1.0298,,1.0298,1.33
2013-07-25,1.0,1.15,1.26,1.74,2.12,2.46,2.97,1.0283,,1.0283,1.31
2013-07-26,1.0,1.15,1.26,1.72,2.1,2.45,2.95,1.0291,,1.0291,1.3000000000000003
2013-07-29,1.0,1.16,1.27,1.75,2.13,2.48,2.98,1.0261,,1.0261,1.32
2013-07-30,1.0,1.18,1.29,1.79,2.16,2.5,3.02,1.0293,,1.0293,1.32
2013-07-31,1.0,1.15,1.27,1.74,2.11,2.45,2.97,1.0287,,1.0287,1.3000000000000003
2013-08-01,1.0,1.19,1.31,1.82,2.2,2.55,3.04,1.0338,,1.0338,1.3599999999999999
2013-08-02,1.0,1.16,1.28,1.75,2.14,2.49,3.0,1.0382,,1.0382,1.3300000000000003
2013-08-05,1.0,,,,,,,,,,
2013-08-06,1.0,1.15,1.28,1.77,2.16,2.52,3.03,1.0379,,1.0379,1.37
2013-08-07,1.0,1.14,1.26,1.76,2.14,2.5,3.01,1.0416,,1.0416,1.36
2013-08-08,1.0,1.14,1.26,1.77,2.13,2.49,3.0,1.0348,,1.0348,1.3500000000000003
2013-08-09,1.0,1.13,1.25,1.75,2.13,2.48,2.99,1.0303,,1.0303,1.35
2013-08-12,1.0,1.14,1.27,1.78,2.17,2.52,3.02,1.0297,,1.0297,1.3800000000000001
2013-08-13,1.0,1.2,1.33,1.88,2.26,2.62,3.09,1.0345,,1.0345,1.4200000000000002
2013-08-14,1.0,1.2,1.33,1.89,2.26,2.62,3.09,1.0322,,1.0322,1.4200000000000002
2013-08-15,1.0,1.21,1.35,1.94,2.31,2.68,3.15,1.034,,1.034,1.4700000000000002
2013-08-16,1.0,1.22,1.36,1.96,2.35,2.72,3.18,1.0345,,1.0345,1.5000000000000002
2013-08-19,1.0,1.22,1.36,1.98,2.37,2.74,3.21,1.0334,,1.0334,1.5200000000000002
2013-08-20,1.0,1.19,1.33,1.92,2.31,2.68,3.15,1.0376,,1.0376,1.4900000000000002
2013-08-21,1.0,1.22,1.35,1.98,2.36,2.74,3.21,1.0443,,1.0443,1.5200000000000002
2013-08-22,1.0,1.2,1.34,1.98,2.36,2.74,3.21,1.0512,,1.0512,1.5400000000000003
2013-08-23,1.0,1.19,1.33,1.94,2.32,2.69,3.16,1.0515,,1.0515,1.5
2013-08-26,1.0,1.18,1.31,1.91,2.28,2.65,3.12,1.0514,,1.0514,1.47
2013-08-27,1.0,1.16,1.29,1.84,2.2,2.57,3.04,1.0503,,1.0503,1.41
2013-08-28,1.0,1.2,1.32,1.9,2.26,2.63,3.09,1.049,,1.049,1.43
2013-08-29,1.0,1.19,1.31,1.88,2.23,2.6,3.06,1.0526,,1.0526,1.4100000000000001
2013-08-30,1.0,1.19,1.43,1.95,2.24,2.61,3.07,1.0553,,1.0553,1.42
2013-09-02,1.0,,,,,,,,,,
2013-09-03,1.0,1.22,1.47,2.01,2.3,2.68,3.15,1.0533,,1.0533,1.4600000000000002
2013-09-04,1.0,1.23,1.49,2.05,2.34,2.71,3.18,1.0482,,1.0482,1.48
2013-09-05,1.0,1.29,1.56,2.15,2.44,2.8,3.25,1.05,,1.05,1.5099999999999998
2013-09-06,1.0,1.29,1.55,2.12,2.4,2.76,3.23,1.039,,1.039,1.4699999999999998
2013-09-09,1.0,1.28,1.54,2.1,2.38,2.74,3.22,1.0366,,1.0366,1.4600000000000002
2013-09-10,1.0,1.31,1.57,2.16,2.45,2.82,3.28,1.0357,,1.0357,1.5099999999999998
2013-09-11,1.0,1.29,1.55,2.13,2.42,2.78,3.26,1.0337,,1.0337,1.4899999999999998
2013-09-12,1.0,1.28,1.55,2.13,2.42,2.78,3.26,1.032,,1.032,1.4999999999999998
2013-09-13,1.0,1.28,1.54,2.12,2.4,2.76,3.25,1.0341,,1.0341,1.4799999999999998
2013-09-16,1.0,1.26,1.52,2.11,2.4,2.79,3.28,1.0316,,1.0316,1.53
2013-09-17,1.0,1.26,1.52,2.11,2.4,2.77,3.26,1.0291,,1.0291,1.51
2013-09-18,1.0,1.23,1.47,2.03,2.32,2.7,3.21,1.0312,,1.0312,1.4700000000000002
2013-09-19,1.0,1.22,1.46,2.02,2.31,2.7,3.22,1.0237,,1.0237,1.4800000000000002
2013-09-20,1.0,1.22,1.44,1.99,2.3,2.69,3.2,1.0287,,1.0287,1.47
2013-09-23,1.0,1.21,1.42,1.96,2.27,2.65,3.17,1.0283,,1.0283,1.44
2013-09-24,1.0,1.21,1.42,1.92,2.22,2.59,3.11,1.0295,,1.0295,1.38
2013-09-25,1.0,1.21,1.42,1.89,2.19,2.57,3.09,1.0295,,1.0295,1.3599999999999999
2013-09-26,1.0,1.22,1.43,1.91,2.21,2.58,3.1,1.0321,,1.0321,1.36
2013-09-27,1.0,1.2,1.41,1.87,2.17,2.55,3.08,1.03,,1.03,1.3499999999999999
2013-09-30,1.0,1.19,1.4,1.86,2.16,2.54,3.07,1.0285,,1.0285,1.35
2013-10-01,1.0,1.19,1.4,1.87,2.16,2.54,3.08,1.0333,,1.0333,1.35
2013-10-02,1.0,1.18,1.39,1.86,2.15,2.54,3.09,1.0332,,1.0332,1.36
2013-10-03,1.0,1.18,1.38,1.86,2.15,2.54,3.09,1.0323,,1.0323,1.36
2013-10-04,1.0,1.19,1.4,1.89,2.18,2.58,3.12,1.0306,,1.0306,1.3900000000000001
2013-10-07,1.0,1.19,1.39,1.87,2.17,2.57,3.11,1.0306,,1.0306,1.38
2013-10-08,1.0,1.19,1.39,1.88,2.17,2.57,3.11,1.0331,,1.0331,1.38
2013-10-09,1.0,1.2,1.4,1.89,2.18,2.57,3.12,1.0397,,1.0397,1.3699999999999999
2013-10-10,1.0,1.21,1.41,1.91,2.2,2.59,3.15,1.0383,,1.0383,1.38
2013-10-11,1.0,1.21,1.41,1.89,2.18,2.59,3.14,1.0385,,1.0385,1.38
2013-10-14,1.0,,,,,,,,,,
2013-10-15,1.0,1.23,1.43,1.93,2.23,2.65,3.18,1.0371,,1.0371,1.42
2013-10-16,1.0,1.21,1.41,1.9,2.2,2.62,3.15,1.0345,,1.0345,1.4100000000000001
2013-10-17,1.0,1.18,1.37,1.85,2.14,2.56,3.12,1.0285,,1.0285,1.3800000000000001
2013-10-18,1.0,1.18,1.36,1.83,2.12,2.53,3.1,1.0287,,1.0287,1.3499999999999999
2013-10-21,1.0,1.2,1.39,1.85,2.15,2.55,3.12,1.0297,,1.0297,1.3499999999999999
2013-10-22,1.0,1.17,1.35,1.8,2.07,2.48,3.07,1.0284,,1.0284,1.31
2013-10-23,1.0,1.11,1.28,1.73,2.01,2.43,3.03,1.0385,,1.0385,1.32
2013-10-24,1.0,1.09,1.24,1.71,2.0,2.42,3.03,1.0422,,1.0422,1.3299999999999998
2013-10-25,1.0,1.08,1.2,1.7,1.99,2.41,3.02,1.045,,1.045,1.33
2013-10-28,1.0,1.08,1.21,1.71,2.0,2.42,3.02,1.0445,,1.0445,1.3399999999999999
2013-10-29,1.0,1.09,1.21,1.7,1.98,2.4,3.01,1.0445,,1.0445,1.3099999999999998
2013-10-30,1.0,1.1,1.22,1.71,2.0,2.42,3.01,1.0456,,1.0456,1.3199999999999998
2013-10-31,1.0,1.1,1.21,1.71,1.99,2.42,3.01,1.0429,,1.0429,1.3199999999999998
2013-11-01,1.0,1.13,1.25,1.78,2.07,2.51,3.08,1.0443,,1.0443,1.38
2013-11-04,1.0,1.12,1.24,1.77,2.06,2.49,3.06,1.0415,,1.0415,1.37
2013-11-05,1.0,1.13,1.26,1.8,2.09,2.53,3.1,1.0448,,1.0448,1.4
2013-11-06,1.0,1.12,1.24,1.78,2.08,2.53,3.11,1.0419,,1.0419,1.4099999999999997
2013-11-07,1.0,1.1,1.22,1.76,2.06,2.52,3.09,1.0442,,1.0442,1.42
2013-11-08,1.0,1.13,1.26,1.83,2.14,2.6,3.16,1.0487,,1.0487,1.4700000000000002
2013-11-11,1.0,,,,,,,,,,
2013-11-12,1.0,1.14,1.27,1.86,2.17,2.65,3.19,1.0502,,1.0502,1.51
2013-11-13,1.0,1.12,1.25,1.83,2.14,2.6,3.16,1.0468,,1.0468,1.48
2013-11-14,1.0,1.1,1.22,1.78,2.1,2.56,3.11,1.0497,,1.0497,1.46
2013-11-15,1.0,1.12,1.23,1.78,2.09,2.56,3.12,1.0458,,1.0458,1.44
2013-11-18,1.0,1.1,1.21,1.74,2.06,2.52,3.08,1.0427,,1.0427,1.42
2013-11-19,1.0,1.12,1.24,1.78,2.09,2.56,3.1,1.0466,,1.0466,1.44
2013-11-20,1.0,1.12,1.23,1.8,2.12,2.62,3.18,1.0445,,1.0445,1.5
2013-11-21,1.0,1.08,1.2,1.78,2.11,2.63,3.2,1.0506,,1.0506,1.5499999999999998
2013-11-22,1.0,1.08,1.2,1.76,2.08,2.58,3.15,1.0535,,1.0535,1.5
2013-11-25,1.0,1.1,1.2,1.74,2.05,2.56,3.13,1.0554,,1.0554,1.46
2013-11-26,1.0,1.1,1.19,1.71,2.02,2.52,3.1,1.0547,,1.0547,1.42
2013-11-27,1.0,1.1,1.19,1.73,2.04,2.54,3.14,1.0595,,1.0595,1.44
2013-11-28,1.0,1.09,1.19,1.72,2.03,2.54,3.14,1.0593,,1.0593,1.45
2013-11-29,1.0,1.1,1.19,1.73,2.03,2.55,3.15,1.0599,,1.0599,1.4499999999999997
2013-12-02,1.0,1.11,1.2,1.77,2.08,2.6,3.18,1.0634,,1.0634,1.49
2013-12-03,1.0,1.07,1.17,1.74,2.04,2.59,3.18,1.0662,,1.0662,1.5199999999999998
2013-12-04,1.0,1.06,1.16,1.77,2.08,2.64,3.25,1.0696,,1.0696,1.58
2013-12-05,1.0,1.08,1.18,1.8,2.11,2.67,3.28,1.0638,,1.0638,1.5899999999999999
2013-12-06,1.0,1.09,1.19,1.82,2.13,2.69,3.28,1.0663,,1.0663,1.5999999999999999
2013-12-09,1.0,1.08,1.18,1.81,2.12,2.67,3.25,1.0641,,1.0641,1.5899999999999999
2013-12-10,1.0,1.08,1.16,1.77,2.07,2.59,3.17,1.0623,,1.0623,1.5099999999999998
2013-12-11,1.0,1.09,1.17,1.8,2.1,2.64,3.21,1.0607,,1.0607,1.55
2013-12-12,1.0,1.1,1.18,1.82,2.12,2.66,3.22,1.0641,,1.0641,1.56
2013-12-13,1.0,1.1,1.18,1.82,2.12,2.66,3.21,1.0595,,1.0595,1.56
2013-12-16,1.0,1.11,1.19,1.83,2.12,2.67,3.21,1.0577,,1.0577,1.5599999999999998
2013-12-17,1.0,1.11,1.17,1.8,2.09,2.64,3.19,1.061,,1.061,1.53
2013-12-18,1.0,1.11,1.17,1.82,2.11,2.68,3.22,1.0645,,1.0645,1.57
2013-12-19,1.0,1.14,1.2,1.86,2.15,2.7,3.21,1.0676,,1.0676,1.5600000000000003
2013-12-20,1.0,1.11,1.17,1.84,2.11,2.67,3.18,1.068,,1.068,1.5599999999999998
2013-12-23,1.0,1.13,1.19,1.86,2.14,2.68,3.18,1.0603,,1.0603,1.5500000000000003
2013-12-24,1.0,1.13,1.2,1.9,2.17,2.72,3.2,1.0619,,1.0619,1.5900000000000003
2013-12-25,1.0,,,,,,,,,,
2013-12-26,1.0,,,,,,,,,,
2013-12-27,1.0,1.15,1.22,1.96,2.23,2.79,3.25,1.0697,,1.0697,1.6400000000000001
2013-12-30,1.0,1.13,1.2,1.92,2.19,2.74,3.21,1.064,,1.064,1.6100000000000003
2013-12-31,1.0,1.13,1.21,1.95,2.22,2.77,3.24,1.0636,,1.0636,1.6400000000000001
2014-01-01,1.0,,,,,,,,,,
2014-01-02,1.0,1.13,1.2,1.93,2.2,2.74,3.21,1.0633,,1.0633,1.6100000000000003
2014-01-03,1.0,1.14,1.21,1.94,2.21,2.75,3.22,1.0614,,1.0614,1.61
2014-01-06,1.0,1.13,1.2,1.91,2.18,2.72,3.19,1.0659,,1.0659,1.5900000000000003
2014-01-07,1.0,1.11,1.18,1.87,2.14,2.67,3.16,1.0742,,1.0742,1.5599999999999998
2014-01-08,1.0,1.11,1.2,1.9,2.17,2.72,3.21,1.0804,,1.0804,1.61
2014-01-09,1.0,1.1,1.19,1.87,2.14,2.68,3.19,1.0851,,1.0851,1.58
2014-01-10,1.0,1.02,1.1,1.73,2.0,2.56,3.11,1.0917,,1.0917,1.54
2014-01-13,1.0,1.04,1.12,1.72,2.0,2.54,3.09,1.0869,,1.0869,1.5
2014-01-14,1.0,1.05,1.14,1.76,2.04,2.57,3.12,1.0934,,1.0934,1.5199999999999998
2014-01-15,1.0,1.06,1.15,1.76,2.04,2.57,3.12,1.0933,,1.0933,1.5099999999999998
2014-01-16,1.0,1.04,1.13,1.71,1.98,2.52,3.08,1.0926,,1.0926,1.48
2014-01-17,1.0,1.02,1.24,1.69,1.96,2.5,3.06,1.0961,,1.0961,1.48
2014-01-20,1.0,1.02,1.23,1.67,1.95,2.49,3.05,1.0962,,1.0962,1.4700000000000002
2014-01-21,1.0,1.03,1.24,1.7,1.97,2.5,3.05,1.0972,,1.0972,1.47
2014-01-22,1.0,1.01,1.22,1.67,1.94,2.48,3.05,1.1069,,1.1069,1.47
2014-01-23,1.0,0.97,1.18,1.6,1.87,2.41,2.99,1.113,,1.113,1.4400000000000002
2014-01-24,1.0,0.97,1.18,1.59,1.87,2.4,2.97,1.1062,,1.1062,1.43
2014-01-27,1.0,0.99,1.2,1.63,1.9,2.44,3.0,1.1098,,1.1098,1.45
2014-01-28,1.0,0.97,1.18,1.6,1.87,2.42,2.99,1.1148,,1.1148,1.45
2014-01-29,1.0,0.96,1.16,1.57,1.84,2.36,2.94,1.1148,,1.1148,1.4
2014-01-30,1.0,0.97,1.17,1.58,1.85,2.37,2.95,1.1171,,1.1171,1.4000000000000001
2014-01-31,1.0,0.95,1.14,1.55,1.81,2.34,2.92,1.1119,,1.1119,1.39
2014-02-03,1.0,0.93,1.12,1.51,1.77,2.3,2.89,1.1076,,1.1076,1.3699999999999997
2014-02-04,1.0,0.96,1.15,1.55,1.81,2.34,2.93,1.1055,,1.1055,1.38
2014-02-05,1.0,0.98,1.17,1.58,1.85,2.38,2.98,1.1101,,1.1101,1.4
2014-02-06,1.0,0.98,1.18,1.61,1.87,2.43,3.02,1.1066,,1.1066,1.4500000000000002
2014-02-07,1.0,0.98,1.17,1.59,1.85,2.39,3.0,1.1018,,1.1018,1.4100000000000001
2014-02-10,1.0,0.98,1.17,1.59,1.85,2.41,3.01,1.1048,,1.1048,1.4300000000000002
2014-02-11,1.0,1.01,1.2,1.63,1.89,2.45,3.05,1.1025,,1.1025,1.4400000000000002
2014-02-12,1.0,1.03,1.24,1.67,1.93,2.48,3.07,1.0993,,1.0993,1.45
2014-02-13,1.0,1.02,1.21,1.64,1.9,2.45,3.05,1.098,,1.098,1.4300000000000002
2014-02-14,1.0,1.01,1.21,1.64,1.9,2.46,3.05,1.0981,,1.0981,1.45
2014-02-17,1.0,,,,,,,,,,
2014-02-18,1.0,1.0,1.19,1.62,1.88,2.44,3.04,1.0953,,1.0953,1.44
2014-02-19,1.0,1.0,1.2,1.62,1.88,2.44,3.05,1.1045,,1.1045,1.44
2014-02-20,1.0,1.0,1.2,1.62,1.88,2.44,3.05,1.1104,,1.1104,1.44
2014-02-21,1.0,1.01,1.2,1.69,1.86,2.41,3.02,1.1128,,1.1128,1.4000000000000001
2014-02-24,1.0,1.03,1.21,1.7,1.87,2.41,3.02,1.1058,,1.1058,1.3800000000000001
2014-02-25,1.0,1.02,1.21,1.67,1.99,2.48,2.99,1.1084,,1.1084,1.46
2014-02-26,1.0,1.0,1.19,1.63,1.95,2.44,2.96,1.1117,,1.1117,1.44
2014-02-27,1.0,0.99,1.17,1.61,1.91,2.41,2.93,1.114,,1.114,1.4200000000000002
2014-02-28,1.0,1.0,1.18,1.62,1.93,2.42,2.94,1.1075,,1.1075,1.42
2014-03-03,1.0,0.99,1.16,1.6,1.92,2.4,2.93,1.1092,,1.1092,1.41
2014-03-04,1.0,1.03,1.2,1.66,1.99,2.47,2.98,1.1114,,1.1114,1.4400000000000002
2014-03-05,1.0,1.03,1.21,1.67,1.98,2.46,2.97,1.1051,,1.1051,1.43
2014-03-06,1.0,1.05,1.23,1.71,2.03,2.5,3.02,1.0966,,1.0966,1.45
2014-03-07,1.0,1.05,1.23,1.71,2.05,2.52,3.04,1.1089,,1.1089,1.47
2014-03-10,1.0,1.04,1.22,1.69,2.03,2.5,3.03,1.1105,,1.1105,1.46
2014-03-11,1.0,1.03,1.21,1.67,2.02,2.48,3.02,1.1085,,1.1085,1.45
2014-03-12,1.0,1.02,1.19,1.64,1.99,2.44,2.98,1.1132,,1.1132,1.42
2014-03-13,1.0,1.01,1.17,1.59,1.93,2.38,2.93,1.1057,,1.1057,1.3699999999999999
2014-03-14,1.0,1.01,1.17,1.6,1.94,2.39,2.92,1.1087,,1.1087,1.3800000000000001
2014-03-17,1.0,1.03,1.2,1.64,1.98,2.43,2.95,1.1052,,1.1052,1.4000000000000001
2014-03-18,1.0,1.0,1.17,1.61,1.95,2.4,2.94,1.1086,,1.1086,1.4
2014-03-19,1.0,1.06,1.24,1.71,2.03,2.48,2.98,1.1179,,1.1179,1.42
2014-03-20,1.0,1.07,1.25,1.73,2.07,2.5,2.99,1.1251,,1.1251,1.43
2014-03-21,1.0,1.07,1.25,1.72,2.06,2.48,2.95,1.1194,,1.1194,1.41
2014-03-24,1.0,1.07,1.25,1.72,2.03,2.46,2.94,1.1217,,1.1217,1.39
2014-03-25,1.0,1.07,1.24,1.72,2.04,2.47,2.97,1.1176,,1.1176,1.4000000000000001
2014-03-26,1.0,1.06,1.23,1.69,2.02,2.45,2.96,1.1143,,1.1143,1.3900000000000001
2014-03-27,1.0,1.06,1.23,1.68,2.0,2.43,2.93,1.1057,,1.1057,1.37
2014-03-28,1.0,1.07,1.24,1.7,2.01,2.44,2.94,1.1064,,1.1064,1.3699999999999999
2014-03-31,1.0,1.07,1.24,1.71,2.03,2.46,2.96,1.1053,,1.1053,1.39
2014-04-01,1.0,1.07,1.25,1.72,2.07,2.5,3.01,1.1027,,1.1027,1.43
2014-04-02,1.0,1.1,1.27,1.78,2.12,2.55,3.04,1.1031,,1.1031,1.4499999999999997
2014-04-03,1.0,1.1,1.27,1.78,2.12,2.54,3.03,1.1035,,1.1035,1.44
2014-04-04,1.0,1.09,1.25,1.75,2.07,2.49,3.0,1.0978,,1.0978,1.4000000000000001
2014-04-07,1.0,1.08,1.24,1.73,2.04,2.46,2.97,1.0971,,1.0971,1.38
2014-04-08,1.0,1.08,1.24,1.72,2.04,2.46,2.96,1.0922,,1.0922,1.38
2014-04-09,1.0,1.07,1.23,1.71,2.04,2.47,2.99,1.0903,,1.0903,1.4000000000000001
2014-04-10,1.0,1.05,1.2,1.67,2.0,2.43,2.97,1.0912,,1.0912,1.3800000000000001
2014-04-11,1.0,1.04,1.19,1.64,1.96,2.39,2.93,1.096,,1.096,1.35
2014-04-14,1.0,1.05,1.19,1.66,1.98,2.41,2.94,1.097,,1.097,1.36
2014-04-15,1.0,1.04,1.18,1.63,1.95,2.38,2.92,1.0981,,1.0981,1.3399999999999999
2014-04-16,1.0,1.05,1.18,1.65,1.97,2.39,2.91,1.1028,,1.1028,1.34
2014-04-17,1.0,1.07,1.21,1.71,2.03,2.45,2.95,1.0998,,1.0998,1.3800000000000001
2014-04-18,1.0,,,,,,,,,,
2014-04-21,1.0,1.07,1.21,1.72,2.03,2.45,2.95,1.1021,,1.1021,1.3800000000000001
2014-04-22,1.0,1.07,1.21,1.71,2.02,2.45,2.94,1.1026,,1.1026,1.3800000000000001
2014-04-23,1.0,1.06,1.19,1.69,2.0,2.42,2.93,1.1032,,1.1032,1.3599999999999999
2014-04-24,1.0,1.07,1.2,1.69,2.01,2.42,2.93,1.1027,,1.1027,1.3499999999999999
2014-04-25,1.0,1.06,1.19,1.67,1.99,2.41,2.93,1.1042,,1.1042,1.35
2014-04-28,1.0,1.07,1.2,1.69,2.02,2.44,2.97,1.1033,,1.1033,1.3699999999999999
2014-04-29,1.0,1.08,1.21,1.7,2.02,2.43,2.96,1.0963,,1.0963,1.35
2014-04-30,1.0,1.06,1.18,1.67,1.99,2.4,2.93,1.0957,,1.0957,1.3399999999999999
2014-05-01,1.0,1.05,1.16,1.64,1.95,2.36,2.9,1.0965,,1.0965,1.3099999999999998
2014-05-02,1.0,1.07,1.16,1.63,1.94,2.35,2.88,1.0973,,1.0973,1.28
2014-05-05,1.0,1.07,1.16,1.64,1.96,2.37,2.9,1.0955,,1.0955,1.3
2014-05-06,1.0,1.07,1.16,1.65,1.97,2.37,2.89,1.089,,1.089,1.3
2014-05-07,1.0,1.07,1.17,1.64,1.97,2.37,2.9,1.0896,,1.0896,1.3
2014-05-08,1.0,1.07,1.17,1.65,1.97,2.37,2.89,1.0858,,1.0858,1.3
2014-05-09,1.0,1.06,1.15,1.62,1.95,2.36,2.89,1.09,,1.09,1.2999999999999998
2014-05-12,1.0,1.07,1.17,1.66,1.99,2.4,2.92,1.0887,,1.0887,1.3299999999999998
2014-05-13,1.0,1.06,1.16,1.62,1.95,2.35,2.89,1.0892,,1.0892,1.29
2014-05-14,1.0,1.04,1.13,1.56,1.88,2.28,2.83,1.0887,,1.0887,1.2399999999999998
2014-05-15,1.0,1.03,1.12,1.53,1.85,2.26,2.8,1.0887,,1.0887,1.2299999999999998
2014-05-16,1.0,1.04,1.12,1.54,1.85,2.26,2.79,1.0882,,1.0882,1.2199999999999998
2014-05-19,1.0,,,,,,,,,,
2014-05-20,1.0,1.04,1.12,1.54,1.86,2.27,2.81,1.0901,,1.0901,1.23
2014-05-21,1.0,1.05,1.14,1.56,1.89,2.3,2.84,1.0933,,1.0933,1.2499999999999998
2014-05-22,1.0,1.05,1.14,1.59,1.92,2.32,2.86,1.0898,,1.0898,1.2699999999999998
2014-05-23,1.0,1.05,1.14,1.57,1.9,2.3,2.84,1.087,,1.087,1.2499999999999998
2014-05-26,1.0,1.06,1.14,1.58,1.92,2.32,2.85,1.0854,,1.0854,1.2599999999999998
2014-05-27,1.0,1.05,1.14,1.56,1.9,2.3,2.84,1.0869,,1.0869,1.2499999999999998
2014-05-28,1.0,1.04,1.11,1.5,1.82,2.22,2.76,1.0867,,1.0867,1.1800000000000002
2014-05-29,1.0,1.05,1.13,1.53,1.85,2.25,2.78,1.0837,,1.0837,1.2
2014-05-30,1.0,1.05,1.13,1.52,1.84,2.24,2.78,1.0867,,1.0867,1.1900000000000002
2014-06-02,1.0,1.06,1.15,1.56,1.88,2.28,2.81,1.0895,,1.0895,1.2199999999999998
2014-06-03,1.0,1.07,1.17,1.6,1.94,2.34,2.85,1.0915,,1.0915,1.2699999999999998
2014-06-04,1.0,1.06,1.16,1.61,1.95,2.35,2.86,1.0937,,1.0937,1.29
2014-06-05,1.0,1.06,1.15,1.59,1.92,2.33,2.85,1.0934,,1.0934,1.27
2014-06-06,1.0,1.06,1.15,1.58,1.91,2.32,2.84,1.0936,,1.0936,1.2599999999999998
2014-06-09,1.0,1.07,1.16,1.59,1.91,2.32,2.84,1.091,,1.091,1.2499999999999998
2014-06-10,1.0,1.08,1.17,1.6,1.94,2.34,2.86,1.0915,,1.0915,1.2599999999999998
2014-06-11,1.0,1.07,1.17,1.6,1.93,2.34,2.86,1.0867,,1.0867,1.2699999999999998
2014-06-12,1.0,1.07,1.16,1.56,1.89,2.3,2.83,1.0851,,1.0851,1.2299999999999998
2014-06-13,1.0,1.09,1.18,1.58,1.91,2.31,2.83,1.0868,,1.0868,1.22
2014-06-16,1.0,1.1,1.18,1.57,1.89,2.29,2.81,1.085,,1.085,1.19
2014-06-17,1.0,1.11,1.2,1.6,1.91,2.31,2.84,1.0852,,1.0852,1.2
2014-06-18,1.0,1.1,1.18,1.56,1.86,2.27,2.81,1.087,,1.087,1.17
2014-06-19,1.0,1.07,1.16,1.54,1.85,2.27,2.83,1.0828,,1.0828,1.2
2014-06-20,1.0,1.14,1.22,1.6,1.9,2.3,2.84,1.0766,,1.0766,1.16
2014-06-23,1.0,1.14,1.23,1.64,1.93,2.33,2.86,1.0731,,1.0731,1.1900000000000002
2014-06-24,1.0,1.12,1.21,1.58,1.88,2.28,2.82,1.074,,1.074,1.1599999999999997
2014-06-25,1.0,1.11,1.2,1.57,1.86,2.26,2.82,1.0721,,1.0721,1.1499999999999997
2014-06-26,1.0,1.11,1.18,1.54,1.83,2.24,2.8,1.0707,,1.0707,1.1300000000000001
2014-06-27,1.0,1.12,1.19,1.56,1.85,2.25,2.8,1.0676,,1.0676,1.13
2014-06-30,1.0,1.1,1.17,1.53,1.83,2.24,2.78,1.0676,,1.0676,1.1400000000000001
2014-07-01,1.0,,,,,,,,,,
2014-07-02,1.0,1.13,1.21,1.6,1.91,2.32,2.85,1.0667,,1.0667,1.19
2014-07-03,1.0,1.13,1.21,1.61,1.92,2.32,2.84,1.0634,,1.0634,1.19
2014-07-04,1.0,1.13,1.21,1.62,1.92,2.33,2.85,1.0639,,1.0639,1.2000000000000002
2014-07-07,1.0,1.13,1.2,1.6,1.9,2.3,2.83,1.0662,,1.0662,1.17
2014-07-08,1.0,1.11,1.18,1.55,1.84,2.25,2.79,1.0674,,1.0674,1.14
2014-07-09,1.0,1.12,1.19,1.56,1.84,2.24,2.78,1.065,,1.065,1.12
2014-07-10,1.0,1.12,1.18,1.55,1.83,2.23,2.79,1.0658,,1.0658,1.1099999999999999
2014-07-11,1.0,1.1,1.16,1.52,1.81,2.21,2.77,1.072,,1.072,1.1099999999999999
2014-07-14,1.0,1.09,1.14,1.51,1.81,2.21,2.77,1.0722,,1.0722,1.1199999999999999
2014-07-15,1.0,1.1,1.14,1.52,1.81,2.21,2.77,1.0766,,1.0766,1.1099999999999999
2014-07-16,1.0,1.09,1.13,1.51,1.79,2.2,2.75,1.075,,1.075,1.11
2014-07-17,1.0,1.07,1.11,1.45,1.74,2.14,2.69,1.0753,,1.0753,1.07
2014-07-18,1.0,1.08,1.12,1.48,1.76,2.16,2.71,1.0737,,1.0737,1.08
2014-07-21,1.0,1.08,1.12,1.47,1.74,2.13,2.67,1.0737,,1.0737,1.0499999999999998
2014-07-22,1.0,1.08,1.11,1.46,1.73,2.12,2.66,1.0745,,1.0745,1.04
2014-07-23,1.0,1.08,1.11,1.47,1.73,2.12,2.67,1.0741,,1.0741,1.04
2014-07-24,1.0,1.1,1.13,1.5,1.77,2.16,2.71,1.0742,,1.0742,1.06
2014-07-25,1.0,1.08,1.11,1.47,1.73,2.11,2.67,1.0814,,1.0814,1.0299999999999998
2014-07-28,1.0,1.09,1.12,1.48,1.73,2.11,2.67,1.0801,,1.0801,1.0199999999999998
2014-07-29,1.0,1.08,1.11,1.46,1.71,2.09,2.64,1.0851,,1.0851,1.0099999999999998
2014-07-30,1.0,1.1,1.14,1.52,1.78,2.16,2.7,1.0909,,1.0909,1.06
2014-07-31,1.0,1.1,1.13,1.52,1.79,2.16,2.7,1.089,,1.089,1.06
2014-08-01,1.0,1.07,1.1,1.46,1.74,2.12,2.66,1.0919,,1.0919,1.05
2014-08-04,1.0,,,,,,,,,,
2014-08-05,1.0,1.07,1.1,1.46,1.72,2.11,2.65,1.097,,1.097,1.0399999999999998
2014-08-06,1.0,1.08,1.11,1.47,1.72,2.11,2.65,1.0926,,1.0926,1.0299999999999998
2014-08-07,1.0,1.07,1.09,1.43,1.69,2.07,2.62,1.0922,,1.0922,0.9999999999999998
2014-08-08,1.0,1.05,1.08,1.5,1.67,2.06,2.62,1.0982,,1.0982,1.01
2014-08-11,1.0,1.06,1.09,1.52,1.69,2.07,2.64,1.0935,,1.0935,1.0099999999999998
2014-08-12,1.0,1.08,1.11,1.56,1.73,2.11,2.67,1.0944,,1.0944,1.0299999999999998
2014-08-13,1.0,1.07,1.09,1.52,1.69,2.07,2.64,1.0929,,1.0929,0.9999999999999998
2014-08-14,1.0,1.06,1.09,1.5,1.67,2.05,2.62,1.0911,,1.0911,0.9899999999999998
2014-08-15,1.0,1.05,1.07,1.48,1.64,2.02,2.58,1.091,,1.091,0.97
2014-08-18,1.0,1.07,1.09,1.51,1.68,2.06,2.62,1.0889,,1.0889,0.99
2014-08-19,1.0,1.07,1.09,1.52,1.69,2.07,2.62,1.0929,,1.0929,0.9999999999999998
2014-08-20,1.0,1.09,1.11,1.56,1.72,2.1,2.65,1.0944,,1.0944,1.01
2014-08-21,1.0,1.09,1.11,1.55,1.71,2.08,2.64,1.0948,,1.0948,0.99
2014-08-22,1.0,1.09,1.11,1.55,1.7,2.07,2.63,1.095,,1.095,0.9799999999999998
2014-08-25,1.0,1.09,1.11,1.54,1.67,2.04,2.6,1.098,,1.098,0.95
2014-08-26,1.0,1.1,1.13,1.54,1.67,2.04,2.6,1.0951,,1.0951,0.94
2014-08-27,1.0,1.1,1.12,1.52,1.65,2.0,2.57,1.0891,,1.0891,0.8999999999999999
2014-08-28,1.0,1.1,1.12,1.51,1.64,2.0,2.56,1.0857,,1.0857,0.8999999999999999
2014-08-29,1.0,1.1,1.13,1.52,1.64,1.99,2.56,1.0858,,1.0858,0.8899999999999999
2014-09-01,1.0,,,,,,,,,,
2014-09-02,1.0,1.12,1.15,1.58,1.71,2.09,2.64,1.0925,,1.0925,0.9699999999999998
2014-09-03,1.0,1.12,1.14,1.58,1.71,2.09,2.63,1.0873,,1.0873,0.9699999999999998
2014-09-04,1.0,1.12,1.15,1.6,1.74,2.12,2.66,1.0863,,1.0863,1.0
2014-09-05,1.0,1.11,1.14,1.58,1.73,2.11,2.67,1.089,,1.089,0.9999999999999998
2014-09-08,1.0,1.12,1.14,1.6,1.75,2.14,2.68,1.0933,,1.0933,1.02
2014-09-09,1.0,1.14,1.16,1.64,1.78,2.17,2.7,1.1012,,1.1012,1.03
2014-09-10,1.0,1.15,1.17,1.65,1.8,2.2,2.72,1.0955,,1.0955,1.0500000000000003
2014-09-11,1.0,1.14,1.17,1.66,1.8,2.2,2.72,1.1032,,1.1032,1.0600000000000003
2014-09-12,1.0,1.16,1.18,1.7,1.84,2.24,2.76,1.1076,,1.1076,1.0800000000000003
2014-09-15,1.0,1.15,1.17,1.69,1.84,2.23,2.76,1.1051,,1.1051,1.08
2014-09-16,1.0,1.15,1.17,1.7,1.85,2.24,2.77,1.099,,1.099,1.0900000000000003
2014-09-17,1.0,1.16,1.19,1.71,1.87,2.26,2.79,1.0952,,1.0952,1.0999999999999999
2014-09-18,1.0,1.17,1.19,1.73,1.89,2.28,2.79,1.0946,,1.0946,1.1099999999999999
2014-09-19,1.0,1.17,1.19,1.71,1.86,2.25,2.76,1.0969,,1.0969,1.08
2014-09-22,1.0,1.15,1.18,1.68,1.84,2.22,2.74,1.1008,,1.1008,1.0700000000000003
2014-09-23,1.0,1.12,1.15,1.63,1.79,2.17,2.72,1.106,,1.106,1.0499999999999998
2014-09-24,1.0,1.14,1.17,1.66,1.82,2.2,2.73,1.109,,1.109,1.0600000000000003
2014-09-25,1.0,1.12,1.14,1.62,1.78,2.15,2.68,1.1106,,1.1106,1.0299999999999998
2014-09-26,1.0,1.13,1.16,1.65,1.79,2.16,2.68,1.1164,,1.1164,1.0300000000000002
2014-09-29,1.0,1.12,1.15,1.62,1.76,2.13,2.65,1.1145,,1.1145,1.0099999999999998
2014-09-30,1.0,1.13,1.16,1.63,1.78,2.15,2.67,1.1208,,1.1208,1.02
2014-10-01,1.0,1.1,1.13,1.56,1.71,2.08,2.6,1.1171,,1.1171,0.98
2014-10-02,1.0,1.1,1.14,1.59,1.74,2.1,2.62,1.1151,,1.1151,1.0
2014-10-03,1.0,1.13,1.15,1.6,1.75,2.1,2.61,1.1256,,1.1256,0.9700000000000002
2014-10-06,1.0,1.11,1.13,1.58,1.73,2.09,2.6,1.1175,,1.1175,0.9799999999999998
2014-10-07,1.0,1.08,1.11,1.52,1.67,2.03,2.55,1.1182,,1.1182,0.9499999999999997
2014-10-08,1.0,1.05,1.07,1.48,1.64,2.01,2.55,1.1182,,1.1182,0.9599999999999997
2014-10-09,1.0,1.06,1.18,1.52,1.68,2.03,2.57,1.1149,,1.1149,0.9699999999999998
2014-10-10,1.0,1.05,1.16,1.51,1.68,2.01,2.54,1.1177,,1.1177,0.9599999999999997
2014-10-13,1.0,,,,,,,,,,
2014-10-14,1.0,0.98,1.09,1.43,1.61,1.95,2.49,1.1236,,1.1236,0.97
2014-10-15,1.0,0.91,1.01,1.37,1.55,1.91,2.45,1.1289,,1.1289,0.9999999999999999
2014-10-16,1.0,0.92,1.03,1.38,1.57,1.93,2.49,1.1266,,1.1266,1.0099999999999998
2014-10-17,1.0,0.97,1.08,1.42,1.61,1.95,2.52,1.1248,,1.1248,0.98
2014-10-20,1.0,0.96,1.06,1.4,1.59,1.93,2.52,1.1277,,1.1277,0.97
2014-10-21,1.0,0.97,1.07,1.43,1.61,1.96,2.53,1.1219,,1.1219,0.99
2014-10-22,1.0,0.99,1.09,1.43,1.62,1.96,2.53,1.1219,,1.1219,0.97
2014-10-23,1.0,1.0,1.11,1.48,1.66,2.0,2.56,1.1237,,1.1237,1.0
2014-10-24,1.0,1.0,1.11,1.49,1.67,2.01,2.55,1.1213,,1.1213,1.0099999999999998
2014-10-27,1.0,1.0,1.11,1.5,1.67,2.01,2.55,1.1247,,1.1247,1.0099999999999998
2014-10-28,1.0,1.01,1.13,1.51,1.68,2.02,2.58,1.1178,,1.1178,1.01
2014-10-29,1.0,1.04,1.16,1.56,1.73,2.05,2.59,1.1136,,1.1136,1.0099999999999998
2014-10-30,1.0,1.04,1.16,1.54,1.71,2.05,2.58,1.1193,,1.1193,1.0099999999999998
2014-10-31,1.0,1.02,1.15,1.54,1.71,2.05,2.59,1.1275,,1.1275,1.0299999999999998
2014-11-03,1.0,0.99,1.12,1.52,1.7,2.04,2.59,1.132,,1.132,1.05
2014-11-04,1.0,0.98,1.11,1.51,1.68,2.03,2.57,1.1397,,1.1397,1.0499999999999998
2014-11-05,1.0,1.0,1.14,1.52,1.69,2.04,2.59,1.1377,,1.1377,1.04
2014-11-06,1.0,1.02,1.16,1.56,1.73,2.08,2.63,1.1424,,1.1424,1.06
2014-11-07,1.0,1.02,1.15,1.52,1.69,2.03,2.6,1.136,,1.136,1.0099999999999998
2014-11-10,1.0,1.03,1.16,1.55,1.72,2.06,2.61,1.1345,,1.1345,1.03
2014-11-11,1.0,,,,,,,,,,
2014-11-12,1.0,1.01,1.15,1.54,1.71,2.05,2.62,1.1284,,1.1284,1.0399999999999998
2014-11-13,1.0,1.01,1.14,1.52,1.69,2.04,2.61,1.135,,1.135,1.03
2014-11-14,1.0,1.01,1.14,1.52,1.68,2.03,2.59,1.1294,,1.1294,1.0199999999999998
2014-11-17,1.0,1.0,1.13,1.51,1.68,2.02,2.58,1.1308,,1.1308,1.02
2014-11-18,1.0,1.0,1.12,1.49,1.66,1.99,2.56,1.1305,,1.1305,0.99
2014-11-19,1.0,1.02,1.15,1.53,1.7,2.03,2.6,1.135,,1.135,1.0099999999999998
2014-11-20,1.0,1.01,1.13,1.51,1.68,2.02,2.57,1.1312,,1.1312,1.01
2014-11-21,1.0,1.03,1.14,1.51,1.67,2.0,2.55,1.1238,,1.1238,0.97
2014-11-24,1.0,1.02,1.13,1.49,1.65,1.98,2.52,1.1282,,1.1282,0.96
2014-11-25,1.0,1.01,1.12,1.47,1.62,1.94,2.49,1.1261,,1.1261,0.9299999999999999
2014-11-26,1.0,1.0,1.11,1.46,1.61,1.93,2.48,1.1236,,1.1236,0.9299999999999999
2014-11-27,1.0,0.99,1.1,1.43,1.57,1.9,2.45,1.1333,,1.1333,0.9099999999999999
2014-11-28,1.0,0.95,1.05,1.36,1.51,1.85,2.41,1.1427,,1.1427,0.9000000000000001
2014-12-01,1.0,0.95,1.05,1.38,1.53,1.89,2.44,1.1344,,1.1344,0.94
2014-12-02,1.0,1.01,1.08,1.44,1.6,1.95,2.5,1.14,,1.14,0.94
2014-12-03,1.0,1.03,1.09,1.45,1.6,1.95,2.49,1.136,,1.136,0.9199999999999999
2014-12-04,1.0,1.01,1.08,1.43,1.57,1.91,2.46,1.1373,,1.1373,0.8999999999999999
2014-12-05,1.0,1.04,1.12,1.48,1.62,1.96,2.48,1.1423,,1.1423,0.9199999999999999
2014-12-08,1.0,1.02,1.09,1.44,1.58,1.89,2.42,1.1472,,1.1472,0.8699999999999999
2014-12-09,1.0,1.02,1.08,1.43,1.56,1.88,2.41,1.1422,,1.1422,0.8599999999999999
2014-12-10,1.0,0.99,1.05,1.37,1.5,1.82,2.38,1.1482,,1.1482,0.8300000000000001
2014-12-11,1.0,1.02,1.08,1.39,1.52,1.83,2.37,1.1535,,1.1535,0.81
2014-12-12,1.0,0.97,1.03,1.31,1.44,1.76,2.31,1.154,,1.154,0.79
2014-12-15,1.0,0.98,1.03,1.34,1.46,1.78,2.32,1.163,,1.163,0.8
2014-12-16,1.0,0.95,1.0,1.29,1.42,1.74,2.29,1.1625,,1.1625,0.79
2014-12-17,1.0,1.0,1.05,1.35,1.48,1.81,2.34,1.1629,,1.1629,0.81
2014-12-18,1.0,1.02,1.08,1.4,1.53,1.86,2.39,1.1594,,1.1594,0.8400000000000001
2014-12-19,1.0,1.01,1.07,1.37,1.5,1.82,2.34,1.1629,,1.1629,0.81
2014-12-22,1.0,1.02,1.08,1.36,1.49,1.8,2.34,1.1643,,1.1643,0.78
2014-12-23,1.0,1.05,1.11,1.44,1.58,1.9,2.42,1.1627,,1.1627,0.8499999999999999
2014-12-24,1.0,1.06,1.12,1.44,1.57,1.9,2.43,1.1623,,1.1623,0.8399999999999999
2014-12-25,1.0,,,,,,,,,,
2014-12-26,1.0,,,,,,,,,,
2014-12-29,1.0,1.03,1.09,1.38,1.51,1.84,2.38,1.1632,,1.1632,0.81
2014-12-30,1.0,1.02,1.07,1.36,1.49,1.81,2.36,1.1599,,1.1599,0.79
2014-12-31,1.0,1.01,1.06,1.34,1.46,1.79,2.33,1.1601,,1.1601,0.78
2015-01-01,1.0,,,,,,,,,,
2015-01-02,1.0,1.0,1.05,1.31,1.43,1.74,2.3,1.1728,,1.1728,0.74
2015-01-05,1.0,0.98,1.02,1.27,1.39,1.69,2.25,1.1787,,1.1787,0.71
2015-01-06,1.0,0.96,0.99,1.21,1.34,1.64,2.21,1.1804,,1.1804,0.6799999999999999
2015-01-07,1.0,0.97,1.0,1.22,1.34,1.65,2.21,1.1851,,1.1851,0.6799999999999999
2015-01-08,1.0,0.98,1.02,1.26,1.39,1.71,2.27,1.1812,,1.1812,0.73
2015-01-09,1.0,0.95,0.99,1.22,1.34,1.66,2.23,1.1857,,1.1857,0.71
2015-01-12,1.0,0.92,0.96,1.17,1.3,1.61,2.18,1.193,,1.193,0.6900000000000001
2015-01-13,1.0,0.91,0.95,1.15,1.28,1.6,2.17,1.1948,,1.1948,0.6900000000000001
2015-01-14,1.0,0.88,0.92,1.12,1.24,1.57,2.13,1.1958,,1.1958,0.6900000000000001
2015-01-15,1.0,0.81,0.84,1.02,1.15,1.48,2.06,1.1932,,1.1932,0.6699999999999999
2015-01-16,1.0,0.87,0.89,1.09,1.21,1.53,2.1,1.1986,,1.1986,0.66
2015-01-19,1.0,0.86,0.87,1.07,1.19,1.51,2.08,1.1966,,1.1966,0.65
2015-01-20,1.0,0.85,0.86,1.05,1.18,1.49,2.06,1.2085,,1.2085,0.64
2015-01-21,0.75,0.56,0.57,0.85,1.02,1.42,2.04,1.2374,,1.2374,0.8599999999999999
2015-01-22,0.75,0.55,0.56,0.84,1.01,1.42,2.06,1.2371,,1.2371,0.8699999999999999
2015-01-23,0.75,0.54,0.55,0.79,1.1,1.45,2.02,1.2403,,1.2403,0.9099999999999999
2015-01-26,0.75,0.52,0.52,0.79,1.12,1.47,2.03,1.2411,,1.2411,0.95
2015-01-27,0.75,0.49,0.49,0.74,1.07,1.42,1.98,1.2404,,1.2404,0.9299999999999999
2015-01-28,0.75,0.44,0.43,0.69,1.0,1.35,1.93,1.2451,,1.2451,0.9100000000000001
2015-01-29,0.75,0.45,0.45,0.7,1.02,1.37,1.94,1.2644,,1.2644,0.9200000000000002
2015-01-30,0.75,0.39,0.39,0.61,0.91,1.26,1.84,1.2717,,1.2717,0.87
2015-02-02,0.75,0.39,0.39,0.59,0.89,1.24,1.83,1.2578,,1.2578,0.85
2015-02-03,0.75,0.43,0.43,0.64,0.95,1.3,1.89,1.2456,,1.2456,0.8700000000000001
2015-02-04,0.75,0.4,0.4,0.62,0.93,1.28,1.87,1.255,,1.255,0.88
2015-02-05,0.75,0.43,0.43,0.68,1.0,1.35,1.94,1.2422,,1.2422,0.9200000000000002
2015-02-06,0.75,0.49,0.49,0.76,1.09,1.44,2.02,1.2523,,1.2523,0.95
2015-02-09,0.75,0.48,0.48,0.75,1.07,1.41,2.01,1.2448,,1.2448,0.9299999999999999
2015-02-10,0.75,0.43,0.42,0.73,1.06,1.43,2.04,1.2528,,1.2528,1.0
2015-02-11,0.75,0.43,0.43,0.74,1.07,1.44,2.05,1.2635,,1.2635,1.01
2015-02-12,0.75,0.42,0.42,0.7,1.01,1.39,2.04,1.2462,,1.2462,0.97
2015-02-13,0.75,0.43,0.43,0.73,1.05,1.43,2.07,1.2449,,1.2449,1.0
2015-02-16,0.75,,,,,,,,,,
2015-02-17,0.75,0.46,0.45,0.79,1.13,1.5,2.13,1.2403,,1.2403,1.04
2015-02-18,0.75,0.42,0.42,0.77,1.09,1.47,2.11,1.2455,,1.2455,1.05
2015-02-19,0.75,0.42,0.41,0.75,1.07,1.45,2.09,1.2486,,1.2486,1.03
2015-02-20,0.75,0.41,0.38,0.8,1.05,1.43,2.07,1.2506,,1.2506,1.02
2015-02-23,0.75,0.39,0.36,0.74,0.97,1.36,2.02,1.258,,1.258,0.9700000000000001
2015-02-24,0.75,0.46,0.44,0.74,0.95,1.31,1.96,1.2603,,1.2603,0.8500000000000001
2015-02-25,0.75,0.47,0.45,0.74,0.97,1.32,1.95,1.2419,,1.2419,0.8500000000000001
2015-02-26,0.75,0.5,0.48,0.78,1.01,1.36,1.96,1.249,,1.249,0.8600000000000001
2015-02-27,0.75,0.47,0.44,0.73,0.95,1.3,1.92,1.2508,,1.2508,0.8300000000000001
2015-03-02,0.75,0.49,0.47,0.79,1.03,1.38,1.99,1.2535,,1.2535,0.8899999999999999
2015-03-03,0.75,0.5,0.46,0.81,1.08,1.43,2.03,1.2452,,1.2452,0.9299999999999999
2015-03-04,0.75,0.61,0.57,0.91,1.17,1.5,2.1,1.244,,1.244,0.89
2015-03-05,0.75,0.62,0.59,0.94,1.19,1.52,2.12,1.2482,,1.2482,0.9
2015-03-06,0.75,0.62,0.59,0.99,1.26,1.6,2.23,1.2616,,1.2616,0.9800000000000001
2015-03-09,0.75,0.6,0.57,0.95,1.23,1.58,2.21,1.2598,,1.2598,0.9800000000000001
2015-03-10,0.75,0.59,0.56,0.92,1.2,1.54,2.17,1.2633,,1.2633,0.9500000000000001
2015-03-11,0.75,0.58,0.56,0.89,1.16,1.49,2.13,1.2764,,1.2764,0.91
2015-03-12,0.75,0.57,0.55,0.88,1.15,1.49,2.12,1.2691,,1.2691,0.92
2015-03-13,0.75,0.55,0.52,0.86,1.14,1.48,2.11,1.2803,,1.2803,0.9299999999999999
2015-03-16,0.75,0.54,0.51,0.83,1.11,1.44,2.08,1.2765,,1.2765,0.8999999999999999
2015-03-17,0.75,0.54,0.52,0.82,1.08,1.41,2.05,1.2769,,1.2769,0.8699999999999999
2015-03-18,0.75,0.49,0.47,0.74,0.98,1.33,1.98,1.2771,,1.2771,0.8400000000000001
2015-03-19,0.75,0.48,0.46,0.74,0.98,1.32,1.95,1.2744,,1.2744,0.8400000000000001
2015-03-20,0.75,0.46,0.44,0.72,0.96,1.3,1.94,1.2595,,1.2595,0.8400000000000001
2015-03-23,0.75,0.45,0.44,0.72,0.97,1.3,1.95,1.2516,,1.2516,0.8500000000000001
2015-03-24,0.75,0.46,0.45,0.72,0.96,1.3,1.94,1.2511,,1.2511,0.8400000000000001
2015-03-25,0.75,0.49,0.48,0.75,0.99,1.33,1.97,1.2513,,1.2513,0.8400000000000001
2015-03-26,0.75,0.58,0.57,0.86,1.11,1.43,2.04,1.2471,,1.2471,0.85
2015-03-27,0.75,0.52,0.51,0.79,1.04,1.37,1.99,1.258,,1.258,0.8500000000000001
2015-03-30,0.75,0.51,0.49,0.78,1.04,1.37,1.99,1.2689,,1.2689,0.8600000000000001
2015-03-31,0.75,0.51,0.49,0.77,1.04,1.36,1.99,1.2683,,1.2683,0.8500000000000001
2015-04-01,0.75,0.49,0.48,0.73,0.99,1.31,1.95,1.2612,,1.2612,0.8200000000000001
2015-04-02,0.75,0.49,0.48,0.73,0.98,1.31,1.96,1.2585,,1.2585,0.8200000000000001
2015-04-03,0.75,,,,,,,,,,
2015-04-06,0.75,0.5,0.48,0.76,1.02,1.35,2.0,1.2452,,1.2452,0.8500000000000001
2015-04-07,0.75,0.5,0.48,0.76,1.01,1.34,1.99,1.2488,,1.2488,0.8400000000000001
2015-04-08,0.75,0.5,0.48,0.75,1.01,1.33,1.98,1.2508,,1.2508,0.8300000000000001
2015-04-09,0.75,0.51,0.49,0.78,1.03,1.37,2.03,1.258,,1.258,0.8600000000000001
2015-04-10,0.75,0.52,0.5,0.78,1.03,1.37,2.04,1.2595,,1.2595,0.8500000000000001
2015-04-13,0.75,0.52,0.5,0.77,1.02,1.36,2.03,1.2602,,1.2602,0.8400000000000001
2015-04-14,0.75,0.51,0.48,0.73,0.98,1.31,1.98,1.2478,,1.2478,0.8
2015-04-15,0.75,0.56,0.53,0.77,1.02,1.34,1.99,1.2379,,1.2379,0.78
2015-04-16,0.75,0.58,0.55,0.8,1.05,1.37,2.02,1.2206,,1.2206,0.7900000000000001
2015-04-17,0.75,0.62,0.61,0.85,1.09,1.41,2.02,1.2229,,1.2229,0.7899999999999999
2015-04-20,0.75,0.64,0.63,0.87,1.11,1.42,2.04,1.2204,,1.2204,0.7799999999999999
2015-04-21,0.75,0.64,0.63,0.89,1.14,1.45,2.05,1.2274,,1.2274,0.8099999999999999
2015-04-22,0.75,0.67,0.66,0.94,1.19,1.5,2.09,1.225,,1.225,0.83
2015-04-23,0.75,0.66,0.65,0.92,1.17,1.48,2.08,1.2147,,1.2147,0.82
2015-04-24,0.75,0.63,0.63,0.87,1.12,1.43,2.05,1.2166,,1.2166,0.7999999999999999
2015-04-27,0.75,0.64,0.64,0.88,1.14,1.45,2.06,1.2105,,1.2105,0.8099999999999999
2015-04-28,0.75,0.67,0.68,0.96,1.23,1.55,2.15,1.2021,,1.2021,0.88
2015-04-29,0.75,0.68,0.68,0.98,1.27,1.59,2.19,1.1954,,1.1954,0.91
2015-04-30,0.75,0.68,0.69,0.98,1.27,1.59,2.18,1.2119,,1.2119,0.91
2015-05-01,0.75,0.71,0.72,1.05,1.35,1.66,2.24,1.2192,,1.2192,0.95
2015-05-04,0.75,0.71,0.72,1.08,1.41,1.71,2.29,1.2111,,1.2111,1.0
2015-05-05,0.75,0.69,0.71,1.07,1.41,1.73,2.32,1.204,,1.204,1.04
2015-05-06,0.75,0.69,0.72,1.13,1.5,1.82,2.39,1.2009,,1.2009,1.1300000000000001
2015-05-07,0.75,0.68,0.71,1.06,1.42,1.74,2.33,1.2139,,1.2139,1.06
2015-05-08,0.75,0.66,0.69,1.02,1.37,1.7,2.3,1.2088,,1.2088,1.04
2015-05-11,0.75,0.7,0.73,1.11,1.49,1.81,2.4,1.2105,,1.2105,1.11
2015-05-12,0.75,0.69,0.72,1.08,1.48,1.8,2.39,1.1987,,1.1987,1.11
2015-05-13,0.75,0.69,0.72,1.1,1.49,1.82,2.43,1.1951,,1.1951,1.1300000000000001
2015-05-14,0.75,0.67,0.7,1.07,1.46,1.8,2.41,1.1992,,1.1992,1.13
2015-05-15,0.75,0.64,0.67,1.0,1.37,1.71,2.33,1.201,,1.201,1.0699999999999998
2015-05-18,0.75,,,,,,,,,,
2015-05-19,0.75,0.69,0.72,1.1,1.48,1.83,2.43,1.2211,,1.2211,1.1400000000000001
2015-05-20,0.75,0.68,0.7,1.07,1.45,1.8,2.41,1.2212,,1.2212,1.12
2015-05-21,0.75,0.67,0.69,1.03,1.4,1.75,2.35,1.2201,,1.2201,1.08
2015-05-22,0.75,0.68,0.7,1.05,1.43,1.77,2.35,1.2288,,1.2288,1.0899999999999999
2015-05-25,0.75,0.67,0.69,1.05,1.44,1.78,2.36,1.2304,,1.2304,1.1099999999999999
2015-05-26,0.75,0.65,0.66,0.98,1.36,1.7,2.28,1.243,,1.243,1.0499999999999998
2015-05-27,0.75,0.63,0.64,0.96,1.33,1.67,2.25,1.2485,,1.2485,1.04
2015-05-28,0.75,0.62,0.62,0.94,1.31,1.66,2.24,1.2477,,1.2477,1.04
2015-05-29,0.75,0.57,0.58,0.88,1.26,1.62,2.2,1.2465,,1.2465,1.0500000000000003
2015-06-01,0.75,0.56,0.57,0.9,1.28,1.63,2.23,1.255,,1.255,1.0699999999999998
2015-06-02,0.75,0.59,0.6,0.96,1.35,1.71,2.3,1.2423,,1.2423,1.12
2015-06-03,0.75,0.61,0.63,1.01,1.42,1.79,2.37,1.2436,,1.2436,1.1800000000000002
2015-06-04,0.75,0.57,0.59,0.95,1.36,1.73,2.33,1.2477,,1.2477,1.1600000000000001
2015-06-05,0.75,0.64,0.66,1.03,1.46,1.82,2.39,1.2489,,1.2489,1.1800000000000002
2015-06-08,0.75,0.63,0.65,1.02,1.44,1.81,2.39,1.2435,,1.2435,1.1800000000000002
2015-06-09,0.75,0.66,0.68,1.06,1.5,1.88,2.44,1.2317,,1.2317,1.2199999999999998
2015-06-10,0.75,0.68,0.71,1.09,1.52,1.9,2.48,1.2267,,1.2267,1.2199999999999998
2015-06-11,0.75,0.66,0.66,1.02,1.44,1.81,2.41,1.2314,,1.2314,1.15
2015-06-12,0.75,0.64,0.64,1.01,1.43,1.8,2.39,1.2304,,1.2304,1.1600000000000001
2015-06-15,0.75,0.62,0.62,0.96,1.4,1.77,2.36,1.2323,,1.2323,1.15
2015-06-16,0.75,0.61,0.6,0.94,1.37,1.74,2.34,1.233,,1.233,1.13
2015-06-17,0.75,0.61,0.6,0.94,1.38,1.75,2.36,1.2308,,1.2308,1.1400000000000001
2015-06-18,0.75,0.62,0.61,0.96,1.41,1.79,2.39,1.2209,,1.2209,1.17
2015-06-19,0.75,0.59,0.58,0.92,1.34,1.71,2.33,1.2279,,1.2279,1.12
2015-06-22,0.75,0.62,0.62,0.99,1.43,1.81,2.4,1.2288,,1.2288,1.19
2015-06-23,0.75,0.63,0.62,1.0,1.46,1.83,2.42,1.2327,,1.2327,1.2000000000000002
2015-06-24,0.75,0.6,0.59,0.95,1.4,1.77,2.38,1.2415,,1.2415,1.17
2015-06-25,0.75,0.62,0.61,0.98,1.44,1.82,2.41,1.2347,,1.2347,1.2000000000000002
2015-06-26,0.75,0.63,0.63,1.02,1.48,1.87,2.46,1.2359,,1.2359,1.2400000000000002
2015-06-29,0.75,0.56,0.55,0.9,1.35,1.74,2.35,1.2382,,1.2382,1.18
2015-06-30,0.75,0.49,0.47,0.81,1.28,1.68,2.31,1.2474,,1.2474,1.19
2015-07-01,0.75,,,,,,,,,,
2015-07-02,0.75,0.48,0.46,0.82,1.31,1.74,2.37,1.2566,,1.2566,1.26
2015-07-03,0.75,0.48,0.46,0.8,1.27,1.69,2.34,1.2571,,1.2571,1.21
2015-07-06,0.75,0.46,0.44,0.76,1.21,1.64,2.28,1.2626,,1.2626,1.18
2015-07-07,0.75,0.47,0.43,0.71,1.15,1.57,2.22,1.274,,1.274,1.1
2015-07-08,0.75,0.43,0.39,0.66,1.1,1.52,2.17,1.2722,,1.2722,1.09
2015-07-09,0.75,0.46,0.42,0.72,1.17,1.59,2.24,1.2729,,1.2729,1.1300000000000001
2015-07-10,0.75,0.5,0.47,0.79,1.26,1.68,2.33,1.2715,,1.2715,1.18
2015-07-13,0.75,0.47,0.44,0.77,1.25,1.68,2.34,1.2762,,1.2762,1.21
2015-07-14,0.75,0.45,0.43,0.74,1.22,1.65,2.32,1.2748,,1.2748,1.2
2015-07-15,0.5,0.39,0.37,0.68,1.16,1.59,2.27,1.2937,,1.2937,1.2000000000000002
2015-07-16,0.5,0.41,0.38,0.69,1.15,1.56,2.26,1.2939,,1.2939,1.1500000000000001
2015-07-17,0.5,0.42,0.38,0.7,1.15,1.56,2.24,1.2998,,1.2998,1.1400000000000001
2015-07-20,0.5,0.42,0.39,0.71,1.17,1.57,2.26,1.2982,,1.2982,1.1500000000000001
2015-07-21,0.5,0.43,0.38,0.7,1.16,1.57,2.25,1.2961,,1.2961,1.1400000000000001
2015-07-22,0.5,0.43,0.39,0.68,1.13,1.54,2.22,1.3026,,1.3026,1.11
2015-07-23,0.5,0.42,0.38,0.79,1.09,1.5,2.17,1.303,,1.303,1.08
2015-07-24,0.5,0.43,0.39,0.79,1.09,1.48,2.15,1.306,,1.306,1.05
2015-07-27,0.5,0.41,0.39,0.77,1.06,1.45,2.12,1.3009,,1.3009,1.04
2015-07-28,0.5,0.44,0.42,0.81,1.11,1.5,2.17,1.2934,,1.2934,1.06
2015-07-29,0.5,0.46,0.45,0.83,1.12,1.52,2.2,1.2893,,1.2893,1.06
2015-07-30,0.5,0.45,0.43,0.82,1.1,1.49,2.16,1.3026,,1.3026,1.04
2015-07-31,0.5,0.41,0.38,0.76,1.05,1.44,2.12,1.3047,,1.3047,1.03
2015-08-03,0.5,,,,,,,,,,
2015-08-04,0.5,0.4,0.38,0.75,1.04,1.42,2.11,1.3125,,1.3125,1.02
2015-08-05,0.5,0.43,0.42,0.79,1.08,1.46,2.14,1.3183,,1.3183,1.03
2015-08-06,0.5,0.44,0.43,0.78,1.07,1.44,2.12,1.3152,,1.3152,1.0
2015-08-07,0.5,0.44,0.44,0.78,1.05,1.42,2.09,1.3122,,1.3122,0.98
2015-08-10,0.5,0.46,0.46,0.82,1.1,1.47,2.14,1.3056,,1.3056,1.01
2015-08-11,0.5,0.42,0.42,0.73,1.02,1.39,2.09,1.3148,,1.3148,0.97
2015-08-12,0.5,0.42,0.42,0.72,1.02,1.39,2.09,1.2973,,1.2973,0.97
2015-08-13,0.5,0.41,0.42,0.73,1.02,1.4,2.09,1.3078,,1.3078,0.99
2015-08-14,0.5,0.41,0.42,0.73,1.01,1.39,2.08,1.3078,,1.3078,0.98
2015-08-17,0.5,0.41,0.42,0.71,0.99,1.37,2.08,1.3091,,1.3091,0.9600000000000002
2015-08-18,0.5,0.41,0.43,0.73,1.01,1.4,2.1,1.3073,,1.3073,0.99
2015-08-19,0.5,0.37,0.38,0.65,0.93,1.31,2.05,1.3165,,1.3165,0.9400000000000001
2015-08-20,0.5,0.35,0.37,0.64,0.92,1.29,2.02,1.308,,1.308,0.9400000000000001
2015-08-21,0.5,0.33,0.35,0.61,0.89,1.27,2.01,1.3149,,1.3149,0.94
2015-08-24,0.5,0.32,0.34,0.58,0.88,1.26,2.01,1.3213,,1.3213,0.94
2015-08-25,0.5,0.36,0.39,0.64,0.95,1.33,2.09,1.3296,,1.3296,0.9700000000000001
2015-08-26,0.5,0.39,0.44,0.72,1.05,1.45,2.2,1.3303,,1.3303,1.06
2015-08-27,0.5,0.4,0.44,0.73,1.05,1.45,2.2,1.3197,,1.3197,1.0499999999999998
2015-08-28,0.5,0.42,0.45,0.74,1.05,1.44,2.19,1.3269,,1.3269,1.02
2015-08-31,0.5,0.44,0.48,0.77,1.09,1.48,2.23,1.3223,,1.3223,1.04
2015-09-01,0.5,0.42,0.45,0.72,1.04,1.43,2.18,1.3179,,1.3179,1.01
2015-09-02,0.5,0.42,0.45,0.74,1.06,1.45,2.21,1.3311,,1.3311,1.03
2015-09-03,0.5,0.43,0.46,0.75,1.07,1.46,2.22,1.3199,,1.3199,1.03
2015-09-04,0.5,0.44,0.47,0.75,1.06,1.44,2.2,1.3273,,1.3273,1.0
2015-09-07,0.5,,,,,,,,,,
2015-09-08,0.5,0.44,0.47,0.77,1.09,1.48,2.24,1.3195,,1.3195,1.04
2015-09-09,0.5,0.46,0.5,0.78,1.1,1.49,2.26,1.3223,,1.3223,1.03
2015-09-10,0.5,0.46,0.51,0.78,1.1,1.49,2.26,1.3219,,1.3219,1.03
2015-09-11,0.5,0.46,0.5,0.77,1.08,1.47,2.23,1.3276,,1.3276,1.01
2015-09-14,0.5,0.45,0.48,0.75,1.07,1.45,2.21,1.327,,1.327,1.0
2015-09-15,0.5,0.49,0.53,0.84,1.17,1.56,2.31,1.3263,,1.3263,1.07
2015-09-16,0.5,0.52,0.57,0.87,1.2,1.59,2.33,1.3178,,1.3178,1.07
2015-09-17,0.5,0.48,0.53,0.82,1.14,1.53,2.29,1.3186,,1.3186,1.05
2015-09-18,0.5,0.46,0.5,0.76,1.08,1.46,2.22,1.3147,,1.3147,1.0
2015-09-21,0.5,0.52,0.57,0.83,1.16,1.54,2.29,1.325,,1.325,1.02
2015-09-22,0.5,0.5,0.54,0.8,1.11,1.48,2.23,1.3278,,1.3278,0.98
2015-09-23,0.5,0.51,0.56,0.81,1.13,1.48,2.24,1.3315,,1.3315,0.97
2015-09-24,0.5,0.51,0.54,0.8,1.1,1.46,2.22,1.3351,,1.3351,0.95
2015-09-25,0.5,0.54,0.58,0.86,1.17,1.53,2.27,1.3325,,1.3325,0.99
2015-09-28,0.5,0.5,0.53,0.79,1.09,1.44,2.19,1.3361,,1.3361,0.94
2015-09-29,0.5,0.5,0.53,0.78,1.08,1.43,2.18,1.3413,,1.3413,0.9299999999999999
2015-09-30,0.5,0.53,0.54,0.81,1.11,1.45,2.21,1.3394,,1.3394,0.9199999999999999
2015-10-01,0.5,0.52,0.54,0.81,1.1,1.43,2.2,1.3242,,1.3242,0.9099999999999999
2015-10-02,0.5,0.5,0.51,0.77,1.06,1.39,2.18,1.3214,,1.3214,0.8899999999999999
2015-10-05,0.5,0.51,0.52,0.79,1.09,1.44,2.22,1.3085,,1.3085,0.9299999999999999
2015-10-06,0.5,0.51,0.52,0.79,1.08,1.43,2.22,1.3056,,1.3056,0.9199999999999999
2015-10-07,0.5,0.53,0.54,0.82,1.11,1.45,2.25,1.3036,,1.3036,0.9199999999999999
2015-10-08,0.5,0.55,0.57,0.85,1.15,1.51,2.3,1.3018,,1.3018,0.96
2015-10-09,0.5,0.56,0.57,0.86,1.16,1.52,2.31,1.2946,,1.2946,0.96
2015-10-12,0.5,,,,,,,,,,
2015-10-13,0.5,0.54,0.55,0.81,1.11,1.44,2.25,1.2986,,1.2986,0.8999999999999999
2015-10-14,0.5,0.52,0.53,0.77,1.06,1.39,2.21,1.2982,,1.2982,0.8699999999999999
2015-10-15,0.5,0.53,0.55,0.81,1.11,1.44,2.24,1.2904,,1.2904,0.9099999999999999
2015-10-16,0.5,0.53,0.55,0.83,1.12,1.46,2.26,1.2933,,1.2933,0.9299999999999999
2015-10-19,0.5,0.52,0.55,0.82,1.12,1.46,2.26,1.2998,,1.2998,0.94
2015-10-20,0.5,0.55,0.58,0.88,1.18,1.54,2.33,1.2974,,1.2974,0.99
2015-10-21,0.5,0.53,0.55,0.83,1.12,1.46,2.27,1.3116,,1.3116,0.9299999999999999
2015-10-22,0.5,0.52,0.55,0.81,1.1,1.45,2.26,1.3088,,1.3088,0.9299999999999999
2015-10-23,0.5,0.53,0.56,0.84,1.14,1.5,2.3,1.3172,,1.3172,0.97
2015-10-26,0.5,0.52,0.54,0.79,1.09,1.44,2.24,1.3134,,1.3134,0.9199999999999999
2015-10-27,0.5,0.49,0.51,0.76,1.05,1.42,2.23,1.3241,,1.3241,0.9299999999999999
2015-10-28,0.5,0.54,0.56,0.82,1.11,1.47,2.26,1.3148,,1.3148,0.9299999999999999
2015-10-29,0.5,0.57,0.6,0.88,1.18,1.55,2.32,1.317,,1.317,0.9800000000000001
2015-10-30,0.5,0.57,0.6,0.88,1.17,1.54,2.3,1.3083,,1.3083,0.9700000000000001
2015-11-02,0.5,0.58,0.61,0.9,1.2,1.58,2.33,1.3095,,1.3095,1.0
2015-11-03,0.5,0.59,0.63,0.93,1.23,1.61,2.35,1.3106,,1.3106,1.02
2015-11-04,0.5,0.62,0.66,0.96,1.25,1.63,2.36,1.3164,,1.3164,1.0099999999999998
2015-11-05,0.5,0.63,0.66,0.97,1.27,1.65,2.38,1.3167,,1.3167,1.02
2015-11-06,0.5,0.67,0.72,1.03,1.34,1.72,2.41,1.3308,,1.3308,1.0499999999999998
2015-11-09,0.5,0.67,0.71,1.03,1.34,1.72,2.42,1.3275,,1.3275,1.0499999999999998
2015-11-10,0.5,0.66,0.7,1.0,1.31,1.7,2.4,1.3259,,1.3259,1.04
2015-11-11,0.5,,,,,,,,,,
2015-11-12,0.5,0.65,0.69,0.99,1.3,1.7,2.39,1.3307,,1.3307,1.0499999999999998
2015-11-13,0.5,0.61,0.65,0.94,1.26,1.65,2.34,1.3332,,1.3332,1.04
2015-11-16,0.5,0.61,0.66,0.94,1.26,1.65,2.34,1.3353,,1.3353,1.04
2015-11-17,0.5,0.62,0.67,0.94,1.26,1.66,2.35,1.3324,,1.3324,1.04
2015-11-18,0.5,0.64,0.69,0.96,1.28,1.65,2.35,1.3353,,1.3353,1.0099999999999998
2015-11-19,0.5,0.62,0.66,0.94,1.25,1.62,2.32,1.3267,,1.3267,1.0
2015-11-20,0.5,0.61,0.66,0.93,1.24,1.62,2.32,1.3338,,1.3338,1.0100000000000002
2015-11-23,0.5,0.62,0.67,0.93,1.24,1.61,2.33,1.3357,,1.3357,0.9900000000000001
2015-11-24,0.5,0.62,0.67,0.92,1.24,1.61,2.32,1.3308,,1.3308,0.9900000000000001
2015-11-25,0.5,0.63,0.68,0.92,1.23,1.59,2.29,1.3301,,1.3301,0.9600000000000001
2015-11-26,0.5,0.62,0.67,0.9,1.21,1.57,2.28,1.33,,1.33,0.9500000000000001
2015-11-27,0.5,0.63,0.68,0.9,1.21,1.56,2.29,1.336,,1.336,0.93
2015-11-30,0.5,0.63,0.67,0.91,1.21,1.57,2.29,1.3333,,1.3333,0.9400000000000001
2015-12-01,0.5,0.6,0.64,0.86,1.16,1.5,2.23,1.3372,,1.3372,0.9
2015-12-02,0.5,0.62,0.66,0.89,1.18,1.51,2.23,1.336,,1.336,0.89
2015-12-03,0.5,0.65,0.7,0.97,1.26,1.62,2.33,1.3394,,1.3394,0.9700000000000001
2015-12-04,0.5,0.62,0.67,0.92,1.21,1.57,2.29,1.3365,,1.3365,0.9500000000000001
2015-12-07,0.5,0.6,0.63,0.87,1.17,1.51,2.23,1.3508,,1.3508,0.91
2015-12-08,0.5,0.57,0.6,0.85,1.14,1.51,2.24,1.3593,,1.3593,0.9400000000000001
2015-12-09,0.5,0.54,0.57,0.82,1.12,1.49,2.23,1.3595,,1.3595,0.95
2015-12-10,0.5,0.54,0.58,0.82,1.11,1.48,2.23,1.3599,,1.3599,0.94
2015-12-11,0.5,0.48,0.52,0.74,1.04,1.41,2.16,1.3696,,1.3696,0.9299999999999999
2015-12-14,0.5,0.5,0.54,0.79,1.09,1.47,2.21,1.3733,,1.3733,0.97
2015-12-15,0.5,0.52,0.55,0.8,1.1,1.49,2.22,1.3728,,1.3728,0.97
2015-12-16,0.5,0.55,0.58,0.83,1.14,1.51,2.22,1.3805,,1.3805,0.96
2015-12-17,0.5,0.52,0.55,0.78,1.08,1.43,2.16,1.397,,1.397,0.9099999999999999
2015-12-18,0.5,0.5,0.53,0.74,1.04,1.39,2.11,1.3882,,1.3882,0.8899999999999999
2015-12-21,0.5,0.49,0.51,0.72,1.02,1.38,2.11,1.399,,1.399,0.8899999999999999
2015-12-22,0.5,0.52,0.54,0.75,1.05,1.41,2.13,1.3929,,1.3929,0.8899999999999999
2015-12-23,0.5,0.5,0.52,0.74,1.04,1.41,2.16,1.386,,1.386,0.9099999999999999
2015-12-24,0.5,0.49,0.5,0.72,1.02,1.37,2.14,1.3845,,1.3845,0.8800000000000001
2015-12-25,0.5,,,,,,,,,,
2015-12-28,0.5,,,,,,,,,,
2015-12-29,0.5,0.5,0.52,0.75,1.05,1.4,2.17,1.385,,1.385,0.8999999999999999
2015-12-30,0.5,0.48,0.5,0.74,1.04,1.4,2.16,1.3884,,1.3884,0.9199999999999999
2015-12-31,0.5,0.48,0.49,0.73,1.03,1.39,2.15,1.384,,1.384,0.9099999999999999
2016-01-01,0.5,,,,,,,,,,
2016-01-04,0.5,0.46,0.48,0.72,1.02,1.39,2.13,1.3969,,1.3969,0.9299999999999999
2016-01-05,0.5,0.45,0.47,0.71,1.01,1.38,2.13,1.3993,,1.3993,0.9299999999999999
2016-01-06,0.5,0.41,0.43,0.66,0.96,1.33,2.08,1.4084,,1.4084,0.9200000000000002
2016-01-07,0.5,0.41,0.43,0.66,0.96,1.32,2.07,1.4061,,1.4061,0.9100000000000001
2016-01-08,0.5,0.42,0.43,0.64,0.94,1.29,2.06,1.4151,,1.4151,0.8700000000000001
2016-01-11,0.5,0.39,0.4,0.64,0.94,1.32,2.09,1.4205,,1.4205,0.93
2016-01-12,0.5,0.34,0.36,0.58,0.89,1.27,2.05,1.4291,,1.4291,0.9299999999999999
2016-01-13,0.5,0.3,0.32,0.51,0.82,1.22,2.02,1.4294,,1.4294,0.9199999999999999
2016-01-14,0.5,0.31,0.33,0.61,0.99,1.22,2.05,1.4373,,1.4373,0.9099999999999999
2016-01-15,0.5,0.28,0.3,0.55,0.9,1.14,1.98,1.4528,,1.4528,0.8599999999999999
2016-01-18,0.5,0.31,0.32,0.58,0.92,1.16,1.99,1.4507,,1.4507,0.8499999999999999
2016-01-19,0.5,0.29,0.3,0.58,0.94,1.18,1.99,1.4514,,1.4514,0.8899999999999999
2016-01-20,0.5,0.38,0.4,0.63,0.93,1.16,1.94,1.4589,,1.4589,0.7799999999999999
2016-01-21,0.5,0.44,0.46,0.71,1.03,1.25,2.01,1.4243,,1.4243,0.81
2016-01-22,0.5,0.45,0.46,0.76,1.09,1.31,2.09,1.4151,,1.4151,0.8600000000000001
2016-01-25,0.5,0.42,0.43,0.7,1.03,1.25,2.06,1.4252,,1.4252,0.8300000000000001
2016-01-26,0.5,0.43,0.44,0.71,1.05,1.27,2.08,1.4062,,1.4062,0.8400000000000001
2016-01-27,0.5,0.42,0.42,0.68,1.02,1.24,2.05,1.4043,,1.4043,0.8200000000000001
2016-01-28,0.5,0.43,0.43,0.68,1.02,1.24,2.05,1.4073,,1.4073,0.81
2016-01-29,0.5,0.42,0.42,0.67,1.0,1.22,2.03,1.408,,1.408,0.8
2016-02-01,0.5,0.42,0.42,0.67,1.01,1.23,2.05,1.4006,,1.4006,0.81
2016-02-02,0.5,0.38,0.38,0.58,0.89,1.11,1.95,1.404,,1.404,0.7300000000000001
2016-02-03,0.5,0.4,0.4,0.61,0.93,1.15,1.97,1.3846,,1.3846,0.7499999999999999
2016-02-04,0.5,0.39,0.39,0.61,0.94,1.16,1.97,1.3726,,1.3726,0.7699999999999999
2016-02-05,0.5,0.37,0.37,0.58,0.91,1.13,1.95,1.3876,,1.3876,0.7599999999999999
2016-02-08,0.5,0.34,0.34,0.51,0.83,1.05,1.87,1.3921,,1.3921,0.71
2016-02-09,0.5,0.35,0.35,0.51,0.84,1.05,1.87,1.382,,1.382,0.7000000000000001
2016-02-10,0.5,0.35,0.35,0.48,0.79,1.01,1.82,1.3968,,1.3968,0.66
2016-02-11,0.5,0.36,0.35,0.48,0.79,1.0,1.83,1.393,,1.393,0.64
2016-02-12,0.5,0.44,0.43,0.59,0.92,1.13,1.93,1.3835,,1.3835,0.69
2016-02-15,0.5,,,,,,,,,,
2016-02-16,0.5,0.46,0.46,0.62,0.95,1.16,1.96,1.386,,1.386,0.7
2016-02-17,0.5,0.48,0.47,0.65,0.96,1.17,1.96,1.3684,,1.3684,0.69
2016-02-18,0.5,0.43,0.43,0.59,0.91,1.11,1.92,1.3721,,1.3721,0.6800000000000002
2016-02-19,0.5,0.45,0.44,0.6,0.92,1.12,1.92,1.3801,,1.3801,0.6700000000000002
2016-02-22,0.5,0.45,0.44,0.6,0.93,1.12,1.93,1.3685,,1.3685,0.6700000000000002
2016-02-23,0.5,0.47,0.47,0.62,0.94,1.14,1.93,1.3792,,1.3792,0.6699999999999999
2016-02-24,0.5,0.49,0.48,0.64,0.95,1.15,1.93,1.3766,,1.3766,0.6599999999999999
2016-02-25,0.5,0.49,0.48,0.63,0.93,1.13,1.92,1.3575,,1.3575,0.6399999999999999
2016-02-26,0.5,0.51,0.5,0.67,0.99,1.19,1.96,1.3547,,1.3547,0.6799999999999999
2016-02-29,0.5,0.51,0.5,0.66,0.99,1.18,1.97,1.3523,,1.3523,0.6699999999999999
2016-03-01,0.5,0.53,0.52,0.71,1.04,1.23,2.03,1.3407,,1.3407,0.7
2016-03-02,0.5,0.54,0.53,0.72,1.05,1.25,2.05,1.3468,,1.3468,0.71
2016-03-03,0.5,0.51,0.5,0.68,1.01,1.22,2.03,1.3407,,1.3407,0.71
2016-03-04,0.5,0.52,0.52,0.69,1.04,1.25,2.07,1.3337,,1.3337,0.73
2016-03-07,0.5,0.53,0.53,0.72,1.07,1.28,2.08,1.3301,,1.3301,0.75
2016-03-08,0.5,0.5,0.49,0.64,0.98,1.18,1.99,1.3389,,1.3389,0.6799999999999999
2016-03-09,0.5,0.53,0.53,0.7,1.06,1.26,2.05,1.3236,,1.3236,0.73
2016-03-10,0.5,0.56,0.56,0.74,1.1,1.3,2.07,1.3373,,1.3373,0.74
2016-03-11,0.5,0.58,0.58,0.8,1.16,1.36,2.11,1.3215,,1.3215,0.7800000000000001
2016-03-14,0.5,0.58,0.58,0.78,1.15,1.35,2.1,1.3293,,1.3293,0.7700000000000001
2016-03-15,0.5,0.58,0.57,0.78,1.13,1.33,2.08,1.3359,,1.3359,0.7500000000000001
2016-03-16,0.5,0.55,0.54,0.73,1.1,1.31,2.08,1.3362,,1.3362,0.76
2016-03-17,0.5,0.53,0.53,0.71,1.08,1.29,2.08,1.2984,,1.2984,0.76
2016-03-18,0.5,0.54,0.54,0.71,1.07,1.29,2.08,1.2982,,1.2982,0.75
2016-03-21,0.5,0.56,0.56,0.73,1.08,1.3,2.1,1.3069,,1.3069,0.74
2016-03-22,0.5,0.56,0.56,0.74,1.09,1.31,2.09,1.3051,,1.3051,0.75
2016-03-23,0.5,0.56,0.56,0.71,1.02,1.24,2.03,1.3203,,1.3203,0.6799999999999999
2016-03-24,0.5,0.56,0.56,0.73,1.05,1.27,2.05,1.3269,,1.3269,0.71
2016-03-25,0.5,,,,,,,,,,
2016-03-28,0.5,0.56,0.56,0.71,1.03,1.25,2.04,1.3184,,1.3184,0.69
2016-03-29,0.5,0.51,0.51,0.64,0.95,1.18,1.97,1.3154,,1.3154,0.6699999999999999
2016-03-30,0.5,0.53,0.52,0.66,1.0,1.22,2.0,1.2962,,1.2962,0.69
2016-03-31,0.5,0.54,0.53,0.68,1.01,1.23,2.0,1.2971,,1.2971,0.69
2016-04-01,0.5,0.54,0.54,0.69,1.03,1.24,2.01,1.3047,,1.3047,0.7
2016-04-04,0.5,0.55,0.54,0.7,1.01,1.23,1.99,1.3036,,1.3036,0.6799999999999999
2016-04-05,0.5,0.52,0.51,0.65,0.95,1.16,1.93,1.317,,1.317,0.6399999999999999
2016-04-06,0.5,0.54,0.53,0.69,0.99,1.2,1.96,1.3077,,1.3077,0.6599999999999999
2016-04-07,0.5,0.53,0.52,0.65,0.95,1.16,1.92,1.3163,,1.3163,0.6299999999999999
2016-04-08,0.5,0.56,0.56,0.71,1.02,1.23,1.95,1.2995,,1.2995,0.6699999999999999
2016-04-11,0.5,0.56,0.55,0.71,1.04,1.24,1.96,1.2913,,1.2913,0.6799999999999999
2016-04-12,0.5,0.58,0.58,0.76,1.08,1.29,1.99,1.2799,,1.2799,0.7100000000000001
2016-04-13,0.5,0.57,0.56,0.73,1.04,1.25,1.97,1.2792,,1.2792,0.68
2016-04-14,0.5,0.6,0.59,0.78,1.09,1.29,2.0,1.2836,,1.2836,0.6900000000000001
2016-04-15,0.5,0.59,0.58,0.75,1.06,1.26,1.97,1.2858,,1.2858,0.67
2016-04-18,0.5,0.6,0.59,0.77,1.09,1.3,1.99,1.2815,,1.2815,0.7000000000000001
2016-04-19,0.5,0.61,0.6,0.79,1.12,1.33,2.01,1.2656,,1.2656,0.7200000000000001
2016-04-20,0.5,0.62,0.61,0.8,1.12,1.33,2.03,1.2627,,1.2627,0.7100000000000001
2016-04-21,0.5,0.63,0.68,0.82,1.14,1.46,2.05,1.271,,1.271,0.83
2016-04-22,0.5,0.67,0.73,0.89,1.2,1.51,2.07,1.2674,,1.2674,0.84
2016-04-25,0.5,0.7,0.75,0.92,1.24,1.54,2.1,1.268,,1.268,0.8400000000000001
2016-04-26,0.5,0.7,0.76,0.93,1.25,1.56,2.1,1.2614,,1.2614,0.8600000000000001
2016-04-27,0.5,0.68,0.73,0.89,1.2,1.5,2.06,1.2635,,1.2635,0.82
2016-04-28,0.5,0.67,0.72,0.85,1.17,1.48,2.05,1.2544,,1.2544,0.8099999999999999
2016-04-29,0.5,0.68,0.73,0.87,1.2,1.5,2.07,1.2549,,1.2549,0.82
2016-05-02,0.5,0.69,0.72,0.87,1.22,1.53,2.12,1.2548,,1.2548,0.8400000000000001
2016-05-03,0.5,0.64,0.67,0.81,1.15,1.46,2.07,1.2686,,1.2686,0.82
2016-05-04,0.5,0.58,0.61,0.75,1.08,1.4,2.03,1.2884,,1.2884,0.82
2016-05-05,0.5,0.57,0.6,0.73,1.03,1.35,1.99,1.2853,,1.2853,0.7800000000000001
2016-05-06,0.5,0.56,0.59,0.72,1.02,1.35,1.98,1.2921,,1.2921,0.79
2016-05-09,0.5,0.53,0.56,0.68,0.99,1.31,1.96,1.2994,,1.2994,0.78
2016-05-10,0.5,0.52,0.56,0.68,0.98,1.31,1.96,1.2959,,1.2959,0.79
2016-05-11,0.5,0.53,0.57,0.68,0.97,1.3,1.96,1.2836,,1.2836,0.77
2016-05-12,0.5,0.56,0.6,0.7,0.99,1.32,1.98,1.2858,,1.2858,0.76
2016-05-13,0.5,0.55,0.58,0.67,0.95,1.27,1.95,1.294,,1.294,0.72
2016-05-16,0.5,0.56,0.59,0.69,0.99,1.31,1.98,1.2887,,1.2887,0.75
2016-05-17,0.5,0.58,0.6,0.71,0.99,1.3,1.97,1.2885,,1.2885,0.7200000000000001
2016-05-18,0.5,0.63,0.66,0.77,1.04,1.36,2.01,1.2928,,1.2928,0.7300000000000001
2016-05-19,0.5,0.62,0.65,0.75,1.02,1.34,1.97,1.3116,,1.3116,0.7200000000000001
2016-05-20,0.5,0.62,0.65,0.75,1.02,1.35,1.99,1.3136,,1.3136,0.7300000000000001
2016-05-23,0.5,,,,,,,,,,
2016-05-24,0.5,0.63,0.66,0.77,1.04,1.37,2.0,1.3118,,1.3118,0.7400000000000001
2016-05-25,0.5,0.63,0.67,0.79,1.06,1.38,2.01,1.309,,1.309,0.7499999999999999
2016-05-26,0.5,0.62,0.65,0.76,0.99,1.33,1.98,1.2981,,1.2981,0.7100000000000001
2016-05-27,0.5,0.65,0.69,0.78,1.02,1.35,1.99,1.3003,,1.3003,0.7000000000000001
2016-05-30,0.5,0.65,0.69,0.79,1.02,1.35,1.98,1.3061,,1.3061,0.7000000000000001
2016-05-31,0.5,0.61,0.64,0.74,0.98,1.31,1.96,1.31,,1.31,0.7000000000000001
2016-06-01,0.5,0.59,0.61,0.72,0.97,1.3,1.95,1.3091,,1.3091,0.7100000000000001
2016-06-02,0.5,0.57,0.59,0.68,0.93,1.25,1.9,1.308,,1.308,0.68
2016-06-03,0.5,0.5,0.54,0.61,0.85,1.18,1.84,1.2948,,1.2948,0.6799999999999999
2016-06-06,0.5,0.54,0.58,0.65,0.91,1.24,1.88,1.2856,,1.2856,0.7
2016-06-07,0.5,0.52,0.56,0.63,0.9,1.22,1.88,1.2789,,1.2789,0.7
2016-06-08,0.5,0.52,0.56,0.62,0.88,1.2,1.86,1.2695,,1.2695,0.6799999999999999
2016-06-09,0.5,0.51,0.55,0.62,0.86,1.18,1.84,1.2731,,1.2731,0.6699999999999999
2016-06-10,0.5,0.49,0.53,0.57,0.8,1.12,1.79,1.2736,,1.2736,0.6300000000000001
2016-06-13,0.5,0.49,0.52,0.56,0.79,1.11,1.79,1.2792,,1.2792,0.6200000000000001
2016-06-14,0.5,0.5,0.53,0.57,0.8,1.12,1.78,1.2835,,1.2835,0.6200000000000001
2016-06-15,0.5,0.48,0.5,0.53,0.77,1.08,1.76,1.2914,,1.2914,0.6000000000000001
2016-06-16,0.5,0.51,0.53,0.57,0.79,1.1,1.76,1.3041,,1.3041,0.5900000000000001
2016-06-17,0.5,0.52,0.54,0.59,0.81,1.12,1.77,1.2878,,1.2878,0.6000000000000001
2016-06-20,0.5,0.57,0.6,0.66,0.89,1.2,1.84,1.2807,,1.2807,0.63
2016-06-21,0.5,0.6,0.63,0.7,0.94,1.25,1.88,1.2818,,1.2818,0.65
2016-06-22,0.5,0.6,0.62,0.7,0.92,1.23,1.87,1.282,,1.282,0.63
2016-06-23,0.5,0.62,0.65,0.75,0.99,1.3,1.92,1.2752,,1.2752,0.68
2016-06-24,0.5,0.54,0.57,0.64,0.87,1.17,1.81,1.2952,,1.2952,0.6299999999999999
2016-06-27,0.5,0.49,0.51,0.56,0.78,1.08,1.72,1.3078,,1.3078,0.5900000000000001
2016-06-28,0.5,0.49,0.51,0.57,0.78,1.07,1.72,1.309,,1.309,0.5800000000000001
2016-06-29,0.5,0.54,0.55,0.62,0.82,1.12,1.76,1.2991,,1.2991,0.5800000000000001
2016-06-30,0.5,0.52,0.52,0.57,0.77,1.06,1.72,1.3009,,1.3009,0.54
2016-07-01,0.5,,,,,,,,,,
2016-07-04,0.5,0.51,0.52,0.56,0.76,1.04,1.67,1.2844,,1.2844,0.53
2016-07-05,0.5,0.49,0.5,0.54,0.72,0.99,1.6,1.2949,,1.2949,0.5
2016-07-06,0.5,0.48,0.49,0.54,0.71,0.98,1.56,1.3005,,1.3005,0.5
2016-07-07,0.5,0.47,0.47,0.53,0.7,0.98,1.55,1.2984,,1.2984,0.51
2016-07-08,0.5,0.47,0.46,0.52,0.69,0.96,1.55,1.3073,,1.3073,0.49
2016-07-11,0.5,0.47,0.47,0.53,0.7,0.98,1.56,1.3127,,1.3127,0.51
2016-07-12,0.5,0.5,0.5,0.6,0.78,1.06,1.65,1.3016,,1.3016,0.56
2016-07-13,0.5,0.5,0.48,0.56,0.73,1.0,1.62,1.2965,,1.2965,0.5
2016-07-14,0.5,0.54,0.52,0.61,0.79,1.05,1.67,1.2915,,1.2915,0.51
2016-07-15,0.5,0.58,0.56,0.68,0.86,1.12,1.75,1.2975,,1.2975,0.5400000000000001
2016-07-18,0.5,0.58,0.55,0.65,0.83,1.1,1.73,1.2984,,1.2984,0.5200000000000001
2016-07-19,0.5,0.57,0.57,0.63,0.81,1.08,1.71,1.3029,,1.3029,0.5100000000000001
2016-07-20,0.5,0.6,0.61,0.68,0.86,1.12,1.75,1.304,,1.304,0.5200000000000001
2016-07-21,0.5,0.57,0.57,0.65,0.83,1.1,1.75,1.3057,,1.3057,0.5300000000000001
2016-07-22,0.5,0.56,0.57,0.64,0.82,1.09,1.73,1.3178,,1.3178,0.53
2016-07-25,0.5,0.58,0.58,0.65,0.83,1.1,1.73,1.3225,,1.3225,0.5200000000000001
2016-07-26,0.5,0.59,0.59,0.67,0.85,1.11,1.73,1.3209,,1.3209,0.5200000000000001
2016-07-27,0.5,0.58,0.58,0.65,0.81,1.07,1.69,1.322,,1.322,0.4900000000000001
2016-07-28,0.5,0.58,0.59,0.65,0.8,1.06,1.68,1.317,,1.317,0.4800000000000001
2016-07-29,0.5,0.54,0.54,0.6,0.76,1.03,1.64,1.3041,,1.3041,0.49
2016-08-01,0.5,,,,,,,,,,
2016-08-02,0.5,0.55,0.56,0.63,0.8,1.07,1.67,1.3089,,1.3089,0.52
2016-08-03,0.5,0.56,0.56,0.65,0.83,1.1,1.67,1.308,,1.308,0.54
2016-08-04,0.5,0.54,0.54,0.62,0.78,1.05,1.64,1.3025,,1.3025,0.51
2016-08-05,0.5,0.52,0.52,0.61,0.79,1.07,1.68,1.318,,1.318,0.55
2016-08-08,0.5,0.51,0.51,0.6,0.78,1.06,1.68,1.3164,,1.3164,0.55
2016-08-09,0.5,0.5,0.5,0.57,0.74,1.0,1.62,1.3117,,1.3117,0.5
2016-08-10,0.5,0.5,0.51,0.57,0.73,0.99,1.6,1.306,,1.306,0.49
2016-08-11,0.5,0.54,0.54,0.62,0.78,1.04,1.64,1.3007,,1.3007,0.5
2016-08-12,0.5,0.52,0.52,0.6,0.76,1.01,1.62,1.2945,,1.2945,0.49
2016-08-15,0.5,0.54,0.54,0.63,0.79,1.04,1.64,1.2922,,1.2922,0.5
2016-08-16,0.5,0.56,0.56,0.65,0.81,1.06,1.66,1.2862,,1.2862,0.5
2016-08-17,0.5,0.57,0.57,0.65,0.81,1.06,1.67,1.2885,,1.2885,0.4900000000000001
2016-08-18,0.5,0.57,0.57,0.66,0.79,1.04,1.66,1.2775,,1.2775,0.4700000000000001
2016-08-19,0.5,0.57,0.58,0.68,0.82,1.08,1.69,1.2878,,1.2878,0.5100000000000001
2016-08-22,0.5,0.55,0.56,0.64,0.78,1.02,1.64,1.2942,,1.2942,0.47
2016-08-23,0.5,0.55,0.56,0.64,0.78,1.02,1.64,1.2902,,1.2902,0.47
2016-08-24,0.5,0.57,0.57,0.66,0.79,1.03,1.64,1.294,,1.294,0.4600000000000001
2016-08-25,0.5,0.58,0.59,0.69,0.81,1.06,1.67,1.2937,,1.2937,0.4800000000000001
2016-08-26,0.5,0.6,0.6,0.72,0.84,1.08,1.68,1.2947,,1.2947,0.4800000000000001
2016-08-29,0.5,0.59,0.59,0.68,0.79,1.02,1.63,1.3019,,1.3019,0.43000000000000005
2016-08-30,0.5,0.59,0.59,0.68,0.78,1.02,1.63,1.3076,,1.3076,0.43000000000000005
2016-08-31,0.5,0.58,0.58,0.66,0.77,1.02,1.63,1.3124,,1.3124,0.44000000000000006
2016-09-01,0.5,0.56,0.56,0.64,0.76,1.0,1.62,1.3107,,1.3107,0.43999999999999995
2016-09-02,0.5,0.59,0.59,0.69,0.8,1.06,1.66,1.2999,,1.2999,0.4700000000000001
2016-09-05,0.5,,,,,,,,,,
2016-09-06,0.5,0.57,0.58,0.66,0.77,1.03,1.63,1.2843,,1.2843,0.4600000000000001
2016-09-07,0.5,0.54,0.55,0.62,0.74,1.0,1.61,1.2895,,1.2895,0.45999999999999996
2016-09-08,0.5,0.57,0.58,0.68,0.82,1.09,1.7,1.2909,,1.2909,0.5200000000000001
2016-09-09,0.5,0.58,0.6,0.71,0.87,1.15,1.77,1.3033,,1.3033,0.57
2016-09-12,0.5,0.58,0.6,0.71,0.88,1.15,1.79,1.3077,,1.3077,0.57
2016-09-13,0.5,0.6,0.63,0.76,0.93,1.23,1.86,1.3167,,1.3167,0.63
2016-09-14,0.5,0.58,0.6,0.73,0.9,1.19,1.83,1.3189,,1.3189,0.61
2016-09-15,0.5,0.57,0.59,0.72,0.9,1.2,1.84,1.3146,,1.3146,0.63
2016-09-16,0.5,0.58,0.6,0.73,0.91,1.19,1.83,1.3213,,1.3213,0.61
2016-09-19,0.5,0.58,0.6,0.73,0.91,1.19,1.82,1.3181,,1.3181,0.61
2016-09-20,0.5,0.57,0.59,0.71,0.89,1.16,1.79,1.3228,,1.3228,0.59
2016-09-21,0.5,0.57,0.59,0.71,0.88,1.15,1.78,1.3186,,1.3186,0.58
2016-09-22,0.5,0.57,0.58,0.68,0.85,1.1,1.73,1.3039,,1.3039,0.5300000000000001
2016-09-23,0.5,0.52,0.53,0.62,0.78,1.04,1.7,1.3165,,1.3165,0.52
2016-09-26,0.5,0.5,0.5,0.58,0.74,0.99,1.66,1.3197,,1.3197,0.49
2016-09-27,0.5,0.49,0.49,0.58,0.72,0.96,1.64,1.3248,,1.3248,0.47
2016-09-28,0.5,0.51,0.51,0.59,0.73,0.98,1.64,1.3242,,1.3242,0.47
2016-09-29,0.5,0.49,0.48,0.57,0.71,0.95,1.62,1.3101,,1.3101,0.45999999999999996
2016-09-30,0.5,0.52,0.51,0.62,0.76,1.0,1.66,1.3117,,1.3117,0.48
2016-10-03,0.5,0.53,0.53,0.62,0.76,1.01,1.67,1.3137,,1.3137,0.48
2016-10-04,0.5,0.55,0.55,0.66,0.8,1.06,1.73,1.317,,1.317,0.51
2016-10-05,0.5,0.58,0.58,0.69,0.84,1.1,1.77,1.3178,,1.3178,0.5200000000000001
2016-10-06,0.5,0.58,0.58,0.72,0.87,1.15,1.8,1.321,,1.321,0.57
2016-10-07,0.5,0.59,0.59,0.73,0.89,1.17,1.82,1.3304,,1.3304,0.58
2016-10-10,0.5,,,,,,,,,,
2016-10-11,0.5,0.6,0.6,0.76,0.92,1.2,1.84,1.3239,,1.3239,0.6
2016-10-12,0.5,0.6,0.61,0.76,0.92,1.2,1.84,1.3277,,1.3277,0.6
2016-10-13,0.5,0.6,0.6,0.74,0.9,1.18,1.8,1.3219,,1.3219,0.58
2016-10-14,0.5,0.62,0.62,0.78,0.95,1.25,1.87,1.3168,,1.3168,0.63
2016-10-17,0.5,0.6,0.61,0.74,0.92,1.22,1.84,1.3138,,1.3138,0.62
2016-10-18,0.5,0.59,0.6,0.73,0.91,1.2,1.84,1.3104,,1.3104,0.61
2016-10-19,0.5,0.56,0.58,0.71,0.89,1.2,1.85,1.3107,,1.3107,0.6399999999999999
2016-10-20,0.5,0.55,0.56,0.68,0.87,1.17,1.83,1.3198,,1.3198,0.6199999999999999
2016-10-21,0.5,0.52,0.53,0.64,0.82,1.13,1.79,1.3324,,1.3324,0.6099999999999999
2016-10-24,0.5,0.53,0.54,0.66,0.84,1.14,1.81,1.3388,,1.3388,0.6099999999999999
2016-10-25,0.5,0.54,0.55,0.66,0.84,1.14,1.81,1.3334,,1.3334,0.5999999999999999
2016-10-26,0.5,0.56,0.57,0.68,0.86,1.15,1.82,1.336,,1.336,0.5899999999999999
2016-10-27,0.5,0.58,0.59,0.73,0.92,1.23,1.88,1.3386,,1.3386,0.65
2016-10-28,0.5,0.57,0.58,0.71,0.91,1.23,1.89,1.3385,,1.3385,0.66
2016-10-31,0.5,0.55,0.56,0.69,0.89,1.2,1.85,1.3403,,1.3403,0.6499999999999999
2016-11-01,0.5,0.55,0.57,0.7,0.9,1.21,1.85,1.3379,,1.3379,0.6599999999999999
2016-11-02,0.5,0.54,0.56,0.68,0.88,1.18,1.83,1.339,,1.339,0.6399999999999999
2016-11-03,0.5,0.54,0.56,0.69,0.89,1.2,1.85,1.3386,,1.3386,0.6599999999999999
2016-11-04,0.5,0.52,0.54,0.66,0.86,1.16,1.81,1.3412,,1.3412,0.6399999999999999
2016-11-07,0.5,0.55,0.57,0.71,0.92,1.22,1.87,1.3383,,1.3383,0.6699999999999999
2016-11-08,0.5,0.58,0.6,0.75,0.96,1.27,1.92,1.3337,,1.3337,0.6900000000000001
2016-11-09,0.5,0.59,0.62,0.82,1.04,1.38,2.03,1.3408,,1.3408,0.7899999999999999
2016-11-10,0.5,0.62,0.67,0.87,1.1,1.43,2.07,1.3475,,1.3475,0.8099999999999999
2016-11-11,0.5,,,,,,,,,,
2016-11-14,0.5,0.66,0.72,0.96,1.2,1.54,2.19,1.3582,,1.3582,0.88
2016-11-15,0.5,0.66,0.73,0.96,1.2,1.55,2.17,1.3468,,1.3468,0.89
2016-11-16,0.5,0.66,0.72,0.94,1.19,1.5,2.12,1.3416,,1.3416,0.84
2016-11-17,0.5,0.67,0.73,0.97,1.22,1.55,2.17,1.3429,,1.3429,0.88
2016-11-18,0.5,0.67,0.73,0.98,1.23,1.57,2.21,1.3519,,1.3519,0.9
2016-11-21,0.5,0.67,0.74,0.99,1.24,1.57,2.21,1.3437,,1.3437,0.9
2016-11-22,0.5,0.65,0.72,0.96,1.21,1.54,2.18,1.3444,,1.3444,0.89
2016-11-23,0.5,0.67,0.74,0.98,1.23,1.55,2.18,1.347,,1.347,0.88
2016-11-24,0.5,0.68,0.75,1.0,1.26,1.59,2.18,1.3487,,1.3487,0.91
2016-11-25,0.5,0.67,0.74,0.99,1.25,1.57,2.15,1.3514,,1.3514,0.9
2016-11-28,0.5,0.66,0.72,0.95,1.21,1.52,2.11,1.3401,,1.3401,0.86
2016-11-29,0.5,0.67,0.73,0.95,1.21,1.51,2.1,1.3435,,1.3435,0.84
2016-11-30,0.5,0.7,0.75,1.0,1.27,1.58,2.16,1.3426,,1.3426,0.8800000000000001
2016-12-01,0.5,0.75,0.81,1.07,1.34,1.66,2.25,1.3331,,1.3331,0.9099999999999999
2016-12-02,0.5,0.73,0.79,1.03,1.31,1.63,2.23,1.3298,,1.3298,0.8999999999999999
2016-12-05,0.5,0.74,0.8,1.03,1.31,1.62,2.22,1.3272,,1.3272,0.8800000000000001
2016-12-06,0.5,0.72,0.78,1.02,1.31,1.63,2.23,1.3281,,1.3281,0.9099999999999999
2016-12-07,0.5,0.7,0.76,0.99,1.27,1.59,2.21,1.3252,,1.3252,0.8900000000000001
2016-12-08,0.5,0.72,0.78,1.02,1.31,1.65,2.27,1.3221,,1.3221,0.9299999999999999
2016-12-09,0.5,0.74,0.8,1.08,1.39,1.73,2.34,1.3164,,1.3164,0.99
2016-12-12,0.5,0.76,0.82,1.11,1.42,1.75,2.39,1.314,,1.314,0.99
2016-12-13,0.5,0.77,0.83,1.11,1.43,1.75,2.37,1.312,,1.312,0.98
2016-12-14,0.5,0.8,0.88,1.16,1.47,1.78,2.38,1.3123,,1.3123,0.98
2016-12-15,0.5,0.82,0.91,1.22,1.52,1.84,2.41,1.3397,,1.3397,1.02
2016-12-16,0.5,0.82,0.92,1.21,1.51,1.83,2.42,1.3338,,1.3338,1.0100000000000002
2016-12-19,0.5,0.8,0.89,1.17,1.47,1.78,2.39,1.3397,,1.3397,0.98
2016-12-20,0.5,0.82,0.92,1.2,1.49,1.81,2.4,1.3378,,1.3378,0.9900000000000001
2016-12-21,0.5,0.83,0.92,1.21,1.49,1.81,2.4,1.3401,,1.3401,0.9800000000000001
2016-12-22,0.5,0.83,0.92,1.23,1.51,1.82,2.41,1.3468,,1.3468,0.9900000000000001
2016-12-23,0.5,0.79,0.89,1.2,1.48,1.79,2.39,1.3535,,1.3535,1.0
2016-12-26,0.5,,,,,,,,,,
2016-12-27,0.5,,,,,,,,,,
2016-12-28,0.5,0.78,0.87,1.16,1.43,1.73,2.34,1.3556,,1.3556,0.95
2016-12-29,0.5,0.76,0.85,1.13,1.41,1.72,2.32,1.3488,,1.3488,0.96
2016-12-30,0.5,0.74,0.84,1.11,1.4,1.72,2.31,1.3427,,1.3427,0.98
2017-01-02,0.5,,,,,,,,,,
2017-01-03,0.5,0.77,0.86,1.14,1.42,1.74,2.33,1.3438,1.3435,1.3438,0.97
2017-01-04,0.5,0.75,0.84,1.11,1.4,1.71,2.3,1.3293,1.3315,1.3293,0.96
2017-01-05,0.5,0.72,0.81,1.07,1.36,1.67,2.26,1.3216,1.3244,1.3216,0.95
2017-01-06,0.5,0.76,0.84,1.12,1.41,1.73,2.31,1.3216,1.3214,1.3216,0.97
2017-01-09,0.5,0.75,0.83,1.1,1.39,1.69,2.29,1.3222,1.324,1.3222,0.94
2017-01-10,0.5,0.75,0.83,1.09,1.37,1.69,2.28,1.3208,1.3213,1.3208,0.94
2017-01-11,0.5,0.75,0.83,1.09,1.37,1.68,2.28,1.3232,1.325,1.3232,0.9299999999999999
2017-01-12,0.5,0.77,0.82,1.08,1.35,1.65,2.26,1.313,1.3106,1.313,0.8799999999999999
2017-01-13,0.5,0.79,0.85,1.13,1.4,1.71,2.31,1.3135,1.3141,1.3135,0.9199999999999999
2017-01-16,0.5,0.79,0.84,1.11,1.38,1.68,2.29,1.3163,1.3152,1.3163,0.8899999999999999
2017-01-17,0.5,0.78,0.83,1.09,1.36,1.66,2.28,1.306,1.3057,1.306,0.8799999999999999
2017-01-18,0.5,0.76,0.82,1.1,1.38,1.7,2.32,1.3177,1.3099,1.3177,0.94
2017-01-19,0.5,0.79,0.85,1.14,1.42,1.75,2.37,1.3329,1.3303,1.3329,0.96
2017-01-20,0.5,0.77,0.84,1.12,1.4,1.74,2.38,1.3339,1.3356,1.3339,0.97
2017-01-23,0.5,0.75,0.81,1.07,1.34,1.68,2.32,1.3289,1.3291,1.3289,0.9299999999999999
2017-01-24,0.5,0.78,0.85,1.11,1.4,1.75,2.39,1.3152,1.3174,1.3152,0.97
2017-01-25,0.5,0.82,0.99,1.17,1.46,1.82,2.45,1.3075,1.3088,1.3075,1.0
2017-01-26,0.5,0.81,0.99,1.16,1.45,1.81,2.45,1.3104,1.3103,1.3104,1.0
2017-01-27,0.5,0.8,0.97,1.14,1.42,1.78,2.43,1.3108,1.3123,1.3108,0.98
2017-01-30,0.5,0.79,0.95,1.14,1.43,1.78,2.43,1.3093,1.3114,1.3093,0.99
2017-01-31,0.5,0.77,0.92,1.11,1.39,1.75,2.41,1.303,1.303,1.303,0.98
2017-02-01,0.5,0.77,0.93,1.11,1.4,1.76,2.41,1.3089,1.3074,1.3089,0.99
2017-02-02,0.5,0.77,0.92,1.11,1.4,1.76,2.41,1.3019,1.3016,1.3019,0.99
2017-02-03,0.5,0.77,0.93,1.11,1.4,1.77,2.43,1.3004,1.3016,1.3004,1.0
2017-02-06,0.5,0.74,0.89,1.07,1.35,1.7,2.38,1.3117,1.3099,1.3117,0.96
2017-02-07,0.5,0.74,0.89,1.06,1.34,1.69,2.36,1.3167,1.3167,1.3167,0.95
2017-02-08,0.5,0.72,0.87,1.01,1.28,1.62,2.29,1.3157,1.3157,1.3157,0.9000000000000001
2017-02-09,0.5,0.75,0.9,1.06,1.34,1.68,2.35,1.3141,1.3127,1.3141,0.9299999999999999
2017-02-10,0.5,0.77,0.92,1.09,1.36,1.69,2.37,1.3074,1.3084,1.3074,0.9199999999999999
2017-02-13,0.5,0.78,0.93,1.11,1.39,1.73,2.41,1.3071,1.3082,1.3071,0.95
2017-02-14,0.5,0.8,0.95,1.15,1.42,1.76,2.44,1.3093,1.307,1.3093,0.96
2017-02-15,0.5,0.81,0.97,1.17,1.44,1.78,2.46,1.3084,1.3088,1.3084,0.97
2017-02-16,0.5,0.79,0.94,1.18,1.4,1.74,2.43,1.3058,1.3055,1.3058,0.95
2017-02-17,0.5,0.77,0.92,1.16,1.37,1.7,2.41,1.3116,1.3102,1.3116,0.9299999999999999
2017-02-20,0.5,,,,,,,,,,
2017-02-21,0.5,0.78,0.93,1.17,1.38,1.72,2.42,1.3149,1.3148,1.3149,0.94
2017-02-22,0.5,0.78,0.93,1.16,1.37,1.71,2.42,1.3187,1.3181,1.3187,0.9299999999999999
2017-02-23,0.5,0.76,0.91,1.13,1.34,1.67,2.4,1.3109,1.311,1.3109,0.9099999999999999
2017-02-24,0.5,0.75,0.87,1.09,1.29,1.6,2.33,1.3104,1.3095,1.3104,0.8500000000000001
2017-02-27,0.5,0.76,0.88,1.12,1.32,1.64,2.36,1.3101,1.3118,1.3101,0.8799999999999999
2017-02-28,0.5,0.74,0.85,1.09,1.29,1.62,2.34,1.3248,1.3249,1.3248,0.8800000000000001
2017-03-01,0.5,0.76,0.88,1.15,1.35,1.68,2.39,1.3346,1.3338,1.3346,0.9199999999999999
2017-03-02,0.5,0.78,0.91,1.17,1.36,1.7,2.4,1.3384,1.3387,1.3384,0.9199999999999999
2017-03-03,0.5,0.76,0.9,1.17,1.36,1.7,2.41,1.3419,1.3405,1.3419,0.94
2017-03-06,0.5,0.76,0.91,1.16,1.35,1.7,2.41,1.341,1.3404,1.341,0.94
2017-03-07,0.5,0.79,0.95,1.18,1.38,1.73,2.42,1.3413,1.3417,1.3413,0.94
2017-03-08,0.5,0.82,0.96,1.23,1.43,1.78,2.46,1.3481,1.3475,1.3481,0.9600000000000001
2017-03-09,0.5,0.82,0.97,1.25,1.45,1.81,2.49,1.3505,1.3513,1.3505,0.9900000000000001
2017-03-10,0.5,0.84,0.99,1.26,1.47,1.81,2.48,1.3469,1.3464,1.3469,0.9700000000000001
2017-03-13,0.5,0.87,1.02,1.31,1.52,1.87,2.52,1.3453,1.3447,1.3453,1.0
2017-03-14,0.5,0.85,1.0,1.28,1.49,1.83,2.49,1.3463,1.3484,1.3463,0.9800000000000001
2017-03-15,0.5,0.8,0.95,1.21,1.42,1.76,2.42,1.3451,1.3428,1.3451,0.96
2017-03-16,0.5,0.82,0.96,1.24,1.45,1.8,2.45,1.3316,1.3319,1.3316,0.9800000000000001
2017-03-17,0.5,0.8,0.95,1.21,1.42,1.76,2.41,1.3369,1.3337,1.3369,0.96
2017-03-20,0.5,0.79,0.94,1.18,1.39,1.73,2.39,1.3357,1.3358,1.3357,0.94
2017-03-21,0.5,0.79,0.94,1.18,1.38,1.71,2.37,1.332,1.3317,1.332,0.9199999999999999
2017-03-22,0.5,0.77,0.92,1.16,1.36,1.68,2.34,1.3347,1.336,1.3347,0.9099999999999999
2017-03-23,0.5,0.76,0.91,1.16,1.36,1.68,2.34,1.3333,1.3336,1.3333,0.9199999999999999
2017-03-24,0.5,0.74,0.89,1.12,1.32,1.63,2.3,1.3373,1.3374,1.3373,0.8899999999999999
2017-03-27,0.5,0.73,0.86,1.09,1.29,1.6,2.28,1.3368,1.3373,1.3368,0.8700000000000001
2017-03-28,0.5,0.74,0.86,1.1,1.3,1.62,2.31,1.3363,1.3374,1.3363,0.8800000000000001
2017-03-29,0.5,0.72,0.84,1.07,1.27,1.59,2.28,1.3372,1.3364,1.3372,0.8700000000000001
2017-03-30,0.5,0.74,0.86,1.1,1.3,1.63,2.32,1.3279,1.3304,1.3279,0.8899999999999999
2017-03-31,0.5,0.75,0.87,1.12,1.31,1.63,2.31,1.3322,1.331,1.3322,0.8799999999999999
2017-04-03,0.5,0.73,0.84,1.08,1.27,1.58,2.26,1.3389,1.3384,1.3389,0.8500000000000001
2017-04-04,0.5,0.74,0.84,1.08,1.26,1.57,2.26,1.3415,1.3425,1.3415,0.8300000000000001
2017-04-05,0.5,0.72,0.82,1.06,1.24,1.55,2.24,1.3411,1.3409,1.3411,0.8300000000000001
2017-04-06,0.5,0.72,0.82,1.06,1.24,1.55,2.23,1.3409,1.3418,1.3409,0.8300000000000001
2017-04-07,0.5,0.76,0.86,1.11,1.29,1.59,2.26,1.3397,1.3395,1.3397,0.8300000000000001
2017-04-10,0.5,0.76,0.87,1.12,1.29,1.6,2.26,1.3347,1.3349,1.3347,0.8400000000000001
2017-04-11,0.5,0.73,0.83,1.08,1.25,1.55,2.22,1.3335,1.3332,1.3335,0.8200000000000001
2017-04-12,0.5,0.73,0.83,1.06,1.23,1.52,2.2,1.3302,1.33,1.3302,0.79
2017-04-13,0.5,0.73,0.82,1.04,1.21,1.49,2.16,1.3265,1.3275,1.3265,0.76
2017-04-14,0.5,,,,,,,,,,
2017-04-17,0.5,0.73,0.82,1.05,1.21,1.51,2.18,1.3277,1.3289,1.3277,0.78
2017-04-18,0.5,0.69,0.78,0.98,1.14,1.44,2.11,1.3381,1.3377,1.3381,0.75
2017-04-19,0.5,0.7,0.8,1.0,1.16,1.46,2.13,1.3469,1.346,1.3469,0.76
2017-04-20,0.5,0.74,0.81,1.03,1.19,1.48,2.15,1.348,1.3482,1.348,0.74
2017-04-21,0.5,0.71,0.79,1.0,1.17,1.46,2.13,1.3503,1.3506,1.3503,0.75
2017-04-24,0.5,0.74,0.81,1.03,1.19,1.48,2.15,1.3516,1.3492,1.3516,0.74
2017-04-25,0.5,0.76,0.83,1.07,1.23,1.52,2.19,1.3615,1.3592,1.3615,0.76
2017-04-26,0.5,0.74,0.81,1.03,1.19,1.48,2.16,1.3592,1.3593,1.3592,0.74
2017-04-27,0.5,0.73,0.8,1.03,1.19,1.57,2.18,1.3667,1.3624,1.3667,0.8400000000000001
2017-04-28,0.5,0.72,0.78,1.0,1.16,1.54,2.16,1.3665,1.3662,1.3665,0.8200000000000001
2017-05-01,0.5,0.72,0.78,1.02,1.18,1.57,2.18,,1.366,1.366,0.8500000000000001
2017-05-02,0.5,0.67,0.73,0.96,1.12,1.51,2.13,,1.372,1.372,0.84
2017-05-03,0.5,0.7,0.76,0.99,1.23,1.53,2.14,,1.3714,1.3714,0.8300000000000001
2017-05-04,0.5,0.68,0.75,0.99,1.23,1.53,2.14,,1.3743,1.3743,0.85
2017-05-05,0.5,0.68,0.75,0.99,1.24,1.54,2.15,,1.3712,1.3712,0.86
2017-05-08,0.5,0.7,0.77,1.01,1.27,1.57,2.19,,1.3705,1.3705,0.8700000000000001
2017-05-09,0.5,0.72,0.79,1.04,1.3,1.61,2.23,,1.3728,1.3728,0.8900000000000001
2017-05-10,0.5,0.71,0.79,1.06,1.33,1.63,2.26,,1.3672,1.3672,0.9199999999999999
2017-05-11,0.5,0.7,0.78,1.03,1.29,1.6,2.24,,1.3707,1.3707,0.9000000000000001
2017-05-12,0.5,0.68,0.75,1.0,1.25,1.57,2.23,,1.3714,1.3714,0.89
2017-05-15,0.5,0.69,0.77,1.02,1.28,1.59,2.24,,1.3641,1.3641,0.9000000000000001
2017-05-16,0.5,0.7,0.77,1.01,1.26,1.57,2.23,,1.3596,1.3596,0.8700000000000001
2017-05-17,0.5,0.66,0.72,0.91,1.15,1.45,2.1,,1.3614,1.3614,0.7899999999999999
2017-05-18,0.5,0.67,0.73,0.92,1.14,1.44,2.08,,1.3611,1.3611,0.7699999999999999
2017-05-19,0.5,0.68,0.74,0.95,1.18,1.47,2.1,,1.3544,1.3544,0.7899999999999999
2017-05-22,0.5,,,,,,,,,,
2017-05-23,0.5,0.69,0.76,0.97,1.21,1.5,2.13,,1.349,1.349,0.81
2017-05-24,0.5,0.72,0.78,0.98,1.19,1.48,2.11,,1.346,1.346,0.76
2017-05-25,0.5,0.72,0.78,0.97,1.17,1.46,2.09,,1.3453,1.3453,0.74
2017-05-26,0.5,0.71,0.77,0.96,1.16,1.44,2.07,,1.3456,1.3456,0.73
2017-05-29,0.5,0.71,0.76,0.95,1.13,1.41,2.04,,1.3446,1.3446,0.7
2017-05-30,0.5,0.7,0.76,0.94,1.13,1.41,2.06,,1.3469,1.3469,0.71
2017-05-31,0.5,0.69,0.75,0.94,1.13,1.41,2.05,,1.35,1.35,0.72
2017-06-01,0.5,0.7,0.75,0.95,1.15,1.43,2.05,,1.35,1.35,0.73
2017-06-02,0.5,0.69,0.74,0.92,1.12,1.4,2.01,,1.3504,1.3504,0.71
2017-06-05,0.5,0.71,0.76,0.94,1.13,1.41,2.02,,1.3483,1.3483,0.7
2017-06-06,0.5,0.71,0.76,0.92,1.12,1.39,2.0,,1.3461,1.3461,0.6799999999999999
2017-06-07,0.5,0.71,0.77,0.93,1.13,1.41,2.02,,1.3492,1.3492,0.7
2017-06-08,0.5,0.71,0.77,0.94,1.14,1.42,2.03,,1.3503,1.3503,0.71
2017-06-09,0.5,0.74,0.79,0.95,1.15,1.42,2.04,,1.3453,1.3453,0.6799999999999999
2017-06-12,0.5,0.83,0.88,1.04,1.21,1.48,2.07,,1.3415,1.3415,0.65
2017-06-13,0.5,0.91,0.97,1.15,1.32,1.56,2.11,,1.3238,1.3238,0.65
2017-06-14,0.5,0.88,0.94,1.11,1.25,1.49,2.04,,1.3209,1.3209,0.61
2017-06-15,0.5,0.91,0.97,1.14,1.29,1.53,2.05,,1.3283,1.3283,0.62
2017-06-16,0.5,0.89,0.96,1.14,1.29,1.52,2.04,,1.3232,1.3232,0.63
2017-06-19,0.5,0.94,1.0,1.17,1.32,1.54,2.04,,1.322,1.322,0.6000000000000001
2017-06-20,0.5,0.91,0.97,1.13,1.28,1.5,2.01,,1.3267,1.3267,0.59
2017-06-21,0.5,0.91,0.97,1.13,1.27,1.49,2.0,,1.331,1.331,0.58
2017-06-22,0.5,0.93,0.99,1.15,1.29,1.5,1.99,,1.3241,1.3241,0.57
2017-06-23,0.5,0.9,0.96,1.12,1.27,1.48,1.97,,1.3268,1.3268,0.58
2017-06-26,0.5,0.9,0.96,1.12,1.26,1.46,1.96,,1.3238,1.3238,0.5599999999999999
2017-06-27,0.5,0.96,1.04,1.21,1.37,1.57,2.03,,1.3188,1.3188,0.6100000000000001
2017-06-28,0.5,1.04,1.12,1.28,1.43,1.61,2.06,,1.306,1.306,0.5700000000000001
2017-06-29,0.5,1.08,1.16,1.34,1.51,1.7,2.11,,1.3015,1.3015,0.6199999999999999
2017-06-30,0.5,1.09,1.17,1.38,1.56,1.75,2.13,,1.2977,1.2977,0.6599999999999999
2017-07-03,0.5,,,,,,,,,,
2017-07-04,0.5,1.13,1.22,1.43,1.64,1.83,2.19,,1.2941,1.2941,0.7000000000000002
2017-07-05,0.5,1.13,1.21,1.42,1.61,1.8,2.16,,1.2982,1.2982,0.6700000000000002
2017-07-06,0.5,1.13,1.22,1.44,1.63,1.83,2.21,,1.2946,1.2946,0.7000000000000002
2017-07-07,0.5,1.16,1.25,1.47,1.67,1.88,2.26,,1.2887,1.2887,0.72
2017-07-10,0.5,1.15,1.24,1.47,1.67,1.88,2.26,,1.2888,1.2888,0.73
2017-07-11,0.5,1.12,1.21,1.45,1.65,1.86,2.25,,1.292,1.292,0.74
2017-07-12,0.75,1.19,1.28,1.5,1.68,1.88,2.23,,1.2794,1.2794,0.69
2017-07-13,0.75,1.22,1.31,1.54,1.72,1.92,2.25,,1.2743,1.2743,0.7
2017-07-14,0.75,1.19,1.28,1.51,1.7,1.9,2.24,,1.2672,1.2672,0.71
2017-07-17,0.75,1.19,1.28,1.5,1.69,1.88,2.25,,1.2669,1.2669,0.69
2017-07-18,0.75,1.19,1.28,1.48,1.67,1.86,2.23,,1.2628,1.2628,0.6700000000000002
2017-07-19,0.75,1.22,1.31,1.52,1.71,1.89,2.25,,1.2595,1.2595,0.6699999999999999
2017-07-20,0.75,1.24,1.3,1.51,1.7,1.88,2.25,,1.2585,1.2585,0.6399999999999999
2017-07-21,0.75,1.25,1.31,1.51,1.69,1.88,2.25,,1.2549,1.2549,0.6299999999999999
2017-07-24,0.75,1.27,1.33,1.56,1.73,1.92,2.27,,1.2512,1.2512,0.6499999999999999
2017-07-25,0.75,1.32,1.38,1.64,1.82,2.02,2.36,,1.2507,1.2507,0.7
2017-07-26,0.75,1.28,1.34,1.58,1.76,1.96,2.35,,1.2505,1.2505,0.6799999999999999
2017-07-27,0.75,1.3,1.36,1.6,1.79,2.0,2.42,,1.252,1.252,0.7
2017-07-28,0.75,1.33,1.39,1.64,1.82,2.03,2.45,,1.2447,1.2447,0.6999999999999997
2017-07-31,0.75,1.31,1.37,1.65,1.85,2.06,2.47,,1.2485,1.2485,0.75
2017-08-01,0.75,1.26,1.31,1.56,1.75,1.96,2.38,,1.2514,1.2514,0.7
2017-08-02,0.75,1.25,1.3,1.55,1.73,1.93,2.36,,1.256,1.256,0.6799999999999999
2017-08-03,0.75,1.24,1.28,1.51,1.7,1.89,2.32,,1.2578,1.2578,0.6499999999999999
2017-08-04,0.75,1.24,1.28,1.53,1.72,1.92,2.35,,1.2638,1.2638,0.6799999999999999
2017-08-07,0.75,,,,,,,,,,
2017-08-08,0.75,1.25,1.3,1.55,1.74,1.94,2.37,,1.2672,1.2672,0.69
2017-08-09,0.75,1.24,1.28,1.52,1.7,1.91,2.34,,1.2705,1.2705,0.6699999999999999
2017-08-10,0.75,1.22,1.25,1.47,1.65,1.85,2.29,,1.2711,1.2711,0.6300000000000001
2017-08-11,0.75,1.21,1.24,1.46,1.65,1.85,2.29,,1.2685,1.2685,0.6400000000000001
2017-08-14,0.75,1.22,1.26,1.48,1.68,1.88,2.32,,1.2705,1.2705,0.6599999999999999
2017-08-15,0.75,1.24,1.27,1.5,1.71,1.9,2.34,,1.2755,1.2755,0.6599999999999999
2017-08-16,0.75,1.23,1.27,1.49,1.68,1.87,2.31,,1.2699,1.2699,0.6400000000000001
2017-08-17,0.75,1.23,1.26,1.47,1.66,1.85,2.29,,1.2647,1.2647,0.6200000000000001
2017-08-18,0.75,1.24,1.27,1.49,1.68,1.87,2.29,,1.2586,1.2586,0.6300000000000001
2017-08-21,0.75,1.24,1.28,1.5,1.69,1.88,2.29,,1.2575,1.2575,0.6399999999999999
2017-08-22,0.75,1.27,1.3,1.53,1.73,1.92,2.32,,1.2552,1.2552,0.6499999999999999
2017-08-23,0.75,1.26,1.29,1.51,1.7,1.88,2.3,,1.2564,1.2564,0.6199999999999999
2017-08-24,0.75,1.27,1.35,1.55,1.7,1.89,2.31,,1.2529,1.2529,0.6199999999999999
2017-08-25,0.75,1.26,1.34,1.54,1.68,1.87,2.3,,1.2492,1.2492,0.6100000000000001
2017-08-28,0.75,1.26,1.34,1.53,1.68,1.86,2.3,,1.2482,1.2482,0.6000000000000001
2017-08-29,0.75,1.24,1.32,1.5,1.65,1.83,2.27,,1.2515,1.2515,0.5900000000000001
2017-08-30,0.75,1.24,1.32,1.51,1.65,1.84,2.27,,1.2605,1.2605,0.6000000000000001
2017-08-31,0.75,1.27,1.35,1.53,1.66,1.85,2.26,,1.2536,1.2536,0.5800000000000001
2017-09-01,0.75,1.34,1.41,1.59,1.72,1.91,2.3,,1.239,1.239,0.5699999999999998
2017-09-04,0.75,,,,,,,,,,
2017-09-05,0.75,1.34,1.42,1.56,1.69,1.86,2.27,,1.2371,1.2371,0.52
2017-09-06,1.0,1.44,1.51,1.66,1.78,1.94,2.34,,1.2264,1.2264,0.5
2017-09-07,1.0,1.47,1.53,1.67,1.79,1.94,2.33,,1.2148,1.2148,0.47
2017-09-08,1.0,1.52,1.58,1.71,1.84,1.99,2.35,,1.2132,1.2132,0.47
2017-09-11,1.0,1.54,1.59,1.75,1.87,2.02,2.38,,1.2128,1.2128,0.48
2017-09-12,1.0,1.54,1.59,1.76,1.89,2.05,2.4,,1.2159,1.2159,0.5099999999999998
2017-09-13,1.0,1.56,1.62,1.78,1.91,2.07,2.42,,1.2187,1.2187,0.5099999999999998
2017-09-14,1.0,1.58,1.63,1.78,1.91,2.07,2.42,,1.2198,1.2198,0.48999999999999977
2017-09-15,1.0,1.6,1.65,1.81,1.93,2.09,2.43,,1.2182,1.2182,0.48999999999999977
2017-09-18,1.0,1.57,1.62,1.79,1.91,2.08,2.44,,1.2238,1.2238,0.51
2017-09-19,1.0,1.55,1.61,1.78,1.92,2.09,2.44,,1.2277,1.2277,0.5399999999999998
2017-09-20,1.0,1.58,1.63,1.8,1.94,2.1,2.45,,1.2273,1.2273,0.52
2017-09-21,1.0,1.59,1.65,1.81,1.95,2.12,2.46,,1.2339,1.2339,0.53
2017-09-22,1.0,1.6,1.66,1.81,1.94,2.11,2.45,,1.2317,1.2317,0.5099999999999998
2017-09-25,1.0,1.59,1.65,1.8,1.93,2.09,2.43,,1.2341,1.2341,0.4999999999999998
2017-09-26,1.0,1.6,1.66,1.81,1.95,2.11,2.45,,1.237,1.237,0.5099999999999998
2017-09-27,1.0,1.58,1.64,1.8,1.96,2.13,2.49,,1.2412,1.2412,0.5499999999999998
2017-09-28,1.0,1.54,1.61,1.78,1.94,2.12,2.5,,1.245,1.245,0.5800000000000001
2017-09-29,1.0,1.52,1.58,1.75,1.91,2.1,2.47,,1.248,1.248,0.5800000000000001
2017-10-02,1.0,1.53,1.59,1.78,1.94,2.13,2.5,,1.2505,1.2505,0.5999999999999999
2017-10-03,1.0,1.52,1.58,1.76,1.93,2.11,2.5,,1.25,1.25,0.5899999999999999
2017-10-04,1.0,1.53,1.59,1.77,1.93,2.12,2.49,,1.2479,1.2479,0.5900000000000001
2017-10-05,1.0,1.52,1.58,1.75,1.91,2.1,2.48,,1.2548,1.2548,0.5800000000000001
2017-10-06,1.0,1.55,1.6,1.78,1.93,2.13,2.49,,1.2549,1.2549,0.5799999999999998
2017-10-09,1.0,,,,,,,,,,
2017-10-10,1.0,1.55,1.61,1.77,1.93,2.12,2.48,,1.2501,1.2501,0.5700000000000001
2017-10-11,1.0,1.55,1.61,1.77,1.92,2.1,2.46,,1.2498,1.2498,0.55
2017-10-12,1.0,1.56,1.6,1.75,1.9,2.08,2.44,,1.2472,1.2472,0.52
2017-10-13,1.0,1.54,1.57,1.72,1.86,2.03,2.39,,1.2487,1.2487,0.48999999999999977
2017-10-16,1.0,1.52,1.57,1.71,1.85,2.02,2.38,,1.2529,1.2529,0.5
2017-10-17,1.0,1.51,1.55,1.7,1.84,2.01,2.36,,1.2548,1.2548,0.4999999999999998
2017-10-18,1.0,1.51,1.56,1.72,1.85,2.03,2.37,,1.2486,1.2486,0.5199999999999998
2017-10-19,1.0,1.49,1.53,1.7,1.83,2.02,2.35,,1.2478,1.2478,0.53
2017-10-20,1.0,1.47,1.53,1.7,1.84,2.03,2.37,,1.2601,1.2601,0.5599999999999998
2017-10-23,1.0,1.47,1.53,1.69,1.83,2.02,2.37,,1.2644,1.2644,0.55
2017-10-24,1.0,1.49,1.54,1.72,1.86,2.06,2.39,,1.2666,1.2666,0.5700000000000001
2017-10-25,1.0,1.46,1.52,1.7,1.84,2.04,2.38,,1.2771,1.2771,0.5800000000000001
2017-10-26,1.0,1.45,1.51,1.69,1.83,2.03,2.38,,1.2831,1.2831,0.5799999999999998
2017-10-27,1.0,1.42,1.48,1.66,1.79,1.98,2.34,,1.2874,1.2874,0.56
2017-10-30,1.0,1.4,1.46,1.63,1.76,1.96,2.31,,1.2837,1.2837,0.56
2017-10-31,1.0,1.39,1.45,1.62,1.76,1.95,2.3,,1.2893,1.2893,0.56
2017-11-01,1.0,1.41,1.47,1.65,1.78,1.97,2.3,,1.2885,1.2885,0.56
2017-11-02,1.0,1.41,1.47,1.64,1.77,1.96,2.28,,1.2822,1.2822,0.55
2017-11-03,1.0,1.44,1.5,1.66,1.78,1.95,2.27,,1.2764,1.2764,0.51
2017-11-06,1.0,1.42,1.48,1.63,1.75,1.92,2.25,,1.2746,1.2746,0.5
2017-11-07,1.0,1.4,1.45,1.6,1.72,1.89,2.22,,1.2785,1.2785,0.49
2017-11-08,1.0,1.42,1.47,1.62,1.74,1.91,2.24,,1.2729,1.2729,0.49
2017-11-09,1.0,1.45,1.5,1.65,1.76,1.93,2.27,,1.2692,1.2692,0.48
2017-11-10,1.0,1.46,1.51,1.68,1.79,1.96,2.3,,1.2683,1.2683,0.5
2017-11-13,1.0,,,,,,,,,,
2017-11-14,1.0,1.46,1.51,1.67,1.79,1.95,2.28,,1.2733,1.2733,0.49
2017-11-15,1.0,1.44,1.5,1.63,1.75,1.91,2.24,,1.2773,1.2773,0.47
2017-11-16,1.0,1.48,1.53,1.68,1.8,1.97,2.29,,1.2745,1.2745,0.49
2017-11-17,1.0,1.45,1.51,1.66,1.77,1.94,2.28,,1.2783,1.2783,0.49
2017-11-20,1.0,1.47,1.53,1.68,1.79,1.96,2.3,,1.2793,1.2793,0.49
2017-11-21,1.0,1.46,1.51,1.65,1.76,1.92,2.26,,1.2778,1.2778,0.45999999999999996
2017-11-22,1.0,1.45,1.5,1.64,1.75,1.9,2.25,,1.2729,1.2729,0.44999999999999996
2017-11-23,1.0,1.43,1.48,1.62,1.73,1.89,2.23,,1.2715,1.2715,0.45999999999999996
2017-11-24,1.0,1.44,1.49,1.62,1.73,1.89,2.23,,1.2708,1.2708,0.44999999999999996
2017-11-27,1.0,1.43,1.47,1.61,1.71,1.86,2.22,,1.2735,1.2735,0.43000000000000016
2017-11-28,1.0,1.42,1.46,1.59,1.69,1.84,2.2,,1.2807,1.2807,0.42000000000000015
2017-11-29,1.0,1.43,1.48,1.62,1.72,1.88,2.23,,1.2853,1.2853,0.44999999999999996
2017-11-30,1.0,1.43,1.48,1.63,1.73,1.89,2.23,,1.2888,1.2888,0.45999999999999996
2017-12-01,1.0,1.52,1.56,1.69,1.78,1.9,2.2,,1.2729,1.2729,0.3799999999999999
2017-12-04,1.0,1.55,1.59,1.72,1.81,1.93,2.22,,1.2695,1.2695,0.3799999999999999
2017-12-05,1.0,1.54,1.58,1.7,1.79,1.9,2.19,,1.268,1.268,0.3599999999999999
2017-12-06,1.0,1.49,1.53,1.65,1.73,1.84,2.15,,1.2757,1.2757,0.3500000000000001
2017-12-07,1.0,1.49,1.54,1.65,1.74,1.85,2.16,,1.2843,1.2843,0.3600000000000001
2017-12-08,1.0,1.5,1.54,1.66,1.74,1.85,2.16,,1.286,1.286,0.3500000000000001
2017-12-11,1.0,1.51,1.55,1.67,1.75,1.86,2.16,,1.2854,1.2854,0.3500000000000001
2017-12-12,1.0,1.52,1.56,1.68,1.76,1.86,2.16,,1.2871,1.2871,0.3400000000000001
2017-12-13,1.0,1.5,1.55,1.65,1.73,1.84,2.15,,1.2852,1.2852,0.3400000000000001
2017-12-14,1.0,1.57,1.61,1.7,1.78,1.86,2.15,,1.2805,1.2805,0.29000000000000004
2017-12-15,1.0,1.55,1.59,1.66,1.74,1.83,2.1,,1.2834,1.2834,0.28
2017-12-18,1.0,1.57,1.61,1.7,1.77,1.86,2.14,,1.2865,1.2865,0.29000000000000004
2017-12-19,1.0,1.6,1.64,1.75,1.83,1.93,2.19,,1.2886,1.2886,0.32999999999999985
2017-12-20,1.0,1.63,1.67,1.8,1.88,1.98,2.24,,1.2842,1.2842,0.3500000000000001
2017-12-21,1.0,1.68,1.72,1.86,1.94,2.03,2.25,,1.2734,1.2734,0.34999999999999987
2017-12-22,1.0,1.66,1.7,1.84,1.92,2.02,2.25,,1.2759,1.2759,0.3600000000000001
2017-12-25,1.0,,,,,,,,,,
2017-12-26,1.0,,,,,,,,,,
2017-12-27,1.0,1.66,1.71,1.82,1.9,1.98,2.2,,1.2641,1.2641,0.32000000000000006
2017-12-28,1.0,1.69,1.73,1.86,1.94,2.03,2.24,,1.2588,1.2588,0.33999999999999986
2017-12-29,1.0,1.68,1.73,1.86,1.94,2.04,2.26,,1.2545,1.2545,0.3600000000000001
2018-01-01,1.0,,,,,,,,,,
2018-01-02,1.0,1.7,1.74,1.89,1.97,2.08,2.32,,1.2517,1.2517,0.3800000000000001
2018-01-03,1.0,1.68,1.72,1.86,1.95,2.05,2.29,,1.2533,1.2533,0.3699999999999999
2018-01-04,1.0,1.7,1.74,1.89,1.97,2.08,2.32,,1.2515,1.2515,0.3800000000000001
2018-01-05,1.0,1.77,1.82,1.97,2.04,2.15,2.36,,1.2403,1.2403,0.3799999999999999
2018-01-08,1.0,1.78,1.83,1.98,2.06,2.16,2.36,,1.2422,1.2422,0.3800000000000001
2018-01-09,1.0,1.79,1.85,2.01,2.09,2.2,2.4,,1.2454,1.2454,0.41000000000000014
2018-01-10,1.0,1.73,1.79,1.95,2.04,2.16,2.38,,1.2496,1.2496,0.43000000000000016
2018-01-11,1.0,1.76,1.8,1.96,2.06,2.17,2.38,,1.2535,1.2535,0.4099999999999999
2018-01-12,1.0,1.76,1.8,1.97,2.07,2.18,2.37,,1.2504,1.2504,0.42000000000000015
2018-01-15,1.0,1.77,1.81,1.99,2.09,2.19,2.37,,1.2422,1.2422,0.41999999999999993
2018-01-16,1.0,1.78,1.83,1.99,2.08,2.18,2.35,,1.2419,1.2419,0.40000000000000013
2018-01-17,1.25,1.78,1.83,2.0,2.1,2.2,2.34,,1.2425,1.2425,0.42000000000000015
2018-01-18,1.25,1.81,1.87,2.03,2.12,2.23,2.35,,1.2446,1.2446,0.41999999999999993
2018-01-19,1.25,1.8,1.86,2.02,2.12,2.23,2.37,,1.2459,1.2459,0.42999999999999994
2018-01-22,1.25,1.8,1.86,2.03,2.13,2.24,2.37,,1.2458,1.2458,0.44000000000000017
2018-01-23,1.25,1.8,1.85,2.03,2.13,2.23,2.35,,1.2454,1.2454,0.42999999999999994
2018-01-24,1.25,1.81,1.87,2.05,2.15,2.26,2.37,,1.2341,1.2341,0.44999999999999973
2018-01-25,1.25,1.8,1.92,2.04,2.14,2.24,2.34,,1.2323,1.2323,0.44000000000000017
2018-01-26,1.25,1.81,1.93,2.06,2.16,2.26,2.33,,1.2321,1.2321,0.44999999999999973
2018-01-29,1.25,1.82,1.95,2.07,2.18,2.28,2.34,,1.2335,1.2335,0.45999999999999974
2018-01-30,1.25,1.83,1.96,2.08,2.19,2.3,2.37,,1.2328,1.2328,0.46999999999999975
2018-01-31,1.25,1.84,1.96,2.08,2.19,2.29,2.36,,1.2293,1.2293,0.44999999999999996
2018-02-01,1.25,1.86,2.0,2.14,2.26,2.37,2.41,,1.2288,1.2288,0.51
2018-02-02,1.25,1.85,1.99,2.13,2.25,2.36,2.43,,1.238,1.238,0.5099999999999998
2018-02-05,1.25,1.81,1.94,2.08,2.2,2.32,2.43,,1.2483,1.2483,0.5099999999999998
2018-02-06,1.25,1.83,1.97,2.11,2.23,2.36,2.46,,1.253,1.253,0.5299999999999998
2018-02-07,1.25,1.85,1.99,2.13,2.25,2.38,2.47,,1.2546,1.2546,0.5299999999999998
2018-02-08,1.25,1.83,1.97,2.11,2.23,2.36,2.49,,1.2585,1.2585,0.5299999999999998
2018-02-09,1.25,1.78,1.92,2.07,2.2,2.35,2.5,,1.2609,1.2609,0.5700000000000001
2018-02-12,1.25,1.78,1.91,2.06,2.19,2.34,2.48,,1.2603,1.2603,0.5599999999999998
2018-02-13,1.25,1.78,1.91,2.05,2.17,2.32,2.47,,1.26,1.26,0.5399999999999998
2018-02-14,1.25,1.82,1.95,2.1,2.23,2.37,2.5,,1.2562,1.2562,0.55
2018-02-15,1.25,1.84,1.97,2.15,2.24,2.37,2.5,,1.2507,1.2507,0.53
2018-02-16,1.25,1.82,1.94,2.11,2.19,2.31,2.46,,1.254,1.254,0.49
2018-02-19,1.25,,,,,,,,,,
2018-02-20,1.25,1.82,1.94,2.12,2.2,2.32,2.47,,1.2622,1.2622,0.4999999999999998
2018-02-21,1.25,1.84,1.95,2.14,2.21,2.34,2.48,,1.2671,1.2671,0.4999999999999998
2018-02-22,1.25,1.8,1.92,2.09,2.17,2.3,2.45,,1.2709,1.2709,0.4999999999999998
2018-02-23,1.25,1.78,1.89,2.05,2.13,2.25,2.4,,1.2668,1.2668,0.47
2018-02-26,1.25,1.79,1.9,2.05,2.13,2.24,2.4,,1.2686,1.2686,0.4500000000000002
2018-02-27,1.25,1.8,1.92,2.08,2.15,2.27,2.43,,1.274,1.274,0.47
2018-02-28,1.25,1.78,1.89,2.04,2.11,2.23,2.37,,1.2809,1.2809,0.44999999999999996
2018-03-01,1.25,1.76,1.86,1.99,2.06,2.17,2.33,,1.2851,1.2851,0.4099999999999999
2018-03-02,1.25,1.77,1.87,2.01,2.08,2.2,2.36,,1.2891,1.2891,0.43000000000000016
2018-03-05,1.25,1.75,1.85,2.0,2.07,2.19,2.37,,1.2977,1.2977,0.43999999999999995
2018-03-06,1.25,1.77,1.88,2.04,2.11,2.23,2.39,,1.2898,1.2898,0.45999999999999996
2018-03-07,1.25,1.77,1.88,2.04,2.11,2.23,2.41,,1.2947,1.2947,0.45999999999999996
2018-03-08,1.25,1.78,1.89,2.04,2.11,2.23,2.4,,1.2927,1.2927,0.44999999999999996
2018-03-09,1.25,1.83,1.94,2.08,2.15,2.27,2.44,,1.284,1.284,0.43999999999999995
2018-03-12,1.25,1.83,1.94,2.07,2.13,2.24,2.42,,1.283,1.283,0.41000000000000014
2018-03-13,1.25,1.79,1.9,2.03,2.09,2.2,2.38,,1.2912,1.2912,0.41000000000000014
2018-03-14,1.25,1.77,1.88,1.99,2.05,2.16,2.32,,1.2944,1.2944,0.3900000000000001
2018-03-15,1.25,1.75,1.87,1.97,2.03,2.14,2.29,,1.3032,1.3032,0.3900000000000001
2018-03-16,1.25,1.76,1.88,1.98,2.04,2.14,2.29,,1.3088,1.3088,0.3800000000000001
2018-03-19,1.25,1.78,1.89,2.0,2.07,2.17,2.3,,1.3079,1.3079,0.3899999999999999
2018-03-20,1.25,1.81,1.93,2.04,2.11,2.2,2.33,,1.3077,1.3077,0.3900000000000001
2018-03-21,1.25,1.86,1.98,2.1,2.17,2.26,2.37,,1.2958,1.2958,0.3999999999999997
2018-03-22,1.25,1.82,1.94,2.04,2.09,2.17,2.29,,1.2908,1.2908,0.34999999999999987
2018-03-23,1.25,1.85,1.97,2.06,2.12,2.19,2.31,,1.2856,1.2856,0.33999999999999986
2018-03-26,1.25,1.88,1.99,2.09,2.15,2.23,2.35,,1.2886,1.2886,0.3500000000000001
2018-03-27,1.25,1.83,1.94,2.02,2.08,2.14,2.28,,1.2869,1.2869,0.31000000000000005
2018-03-28,1.25,1.8,1.92,2.0,2.05,2.11,2.25,,1.2902,1.2902,0.30999999999999983
2018-03-29,1.25,1.77,1.88,1.96,2.02,2.09,2.23,,1.2894,1.2894,0.31999999999999984
2018-03-30,1.25,,,,,,,,,,
2018-04-02,1.25,1.77,1.89,1.98,2.04,2.11,2.25,,1.2908,1.2908,0.33999999999999986
2018-04-03,1.25,1.8,1.91,2.0,2.06,2.14,2.29,,1.2812,1.2812,0.3400000000000001
2018-04-04,1.25,1.81,1.94,2.03,2.09,2.17,2.33,,1.2809,1.2809,0.3599999999999999
2018-04-05,1.25,1.81,1.94,2.03,2.09,2.18,2.34,,1.2776,1.2776,0.3700000000000001
2018-04-06,1.25,1.79,1.91,2.0,2.06,2.14,2.31,,1.2764,1.2764,0.3500000000000001
2018-04-09,1.25,1.79,1.92,2.0,2.06,2.14,2.29,,1.2729,1.2729,0.3500000000000001
2018-04-10,1.25,1.82,1.95,2.03,2.1,2.18,2.31,,1.2618,1.2618,0.3600000000000001
2018-04-11,1.25,1.85,1.98,2.06,2.13,2.2,2.32,,1.2584,1.2584,0.3500000000000001
2018-04-12,1.25,1.88,2.01,2.13,2.19,2.27,2.38,,1.2596,1.2596,0.3900000000000001
2018-04-13,1.25,1.86,1.99,2.09,2.16,2.23,2.34,,1.2597,1.2597,0.3699999999999999
2018-04-16,1.25,1.87,2.0,2.12,2.19,2.27,2.37,,1.2579,1.2579,0.3999999999999999
2018-04-17,1.25,1.88,2.01,2.1,2.17,2.24,2.34,,1.2552,1.2552,0.3600000000000003
2018-04-18,1.25,1.88,2.01,2.13,2.2,2.28,2.38,,1.2614,1.2614,0.3999999999999999
2018-04-19,1.25,1.91,2.04,2.16,2.24,2.32,2.42,,1.2633,1.2633,0.4099999999999999
2018-04-20,1.25,1.93,2.02,2.17,2.25,2.33,2.44,,1.2728,1.2728,0.40000000000000013
2018-04-23,1.25,1.92,2.02,2.17,2.25,2.35,2.44,,1.2833,1.2833,0.43000000000000016
2018-04-24,1.25,1.91,2.02,2.16,2.25,2.34,2.44,,1.2828,1.2828,0.42999999999999994
2018-04-25,1.25,1.93,2.03,2.18,2.26,2.37,2.47,,1.2869,1.2869,0.44000000000000017
2018-04-26,1.25,1.91,2.01,2.15,2.24,2.35,2.44,,1.2862,1.2862,0.44000000000000017
2018-04-27,1.25,1.89,1.99,2.12,2.21,2.32,2.41,,1.2857,1.2857,0.42999999999999994
2018-04-30,1.25,1.89,1.99,2.11,2.19,2.3,2.4,,1.2836,1.2836,0.4099999999999999
2018-05-01,1.25,1.93,2.03,2.17,2.25,2.35,2.42,,1.2867,1.2867,0.42000000000000015
2018-05-02,1.25,1.94,2.03,2.17,2.25,2.36,2.44,,1.2851,1.2851,0.41999999999999993
2018-05-03,1.25,1.91,2.01,2.14,2.22,2.32,2.4,,1.2862,1.2862,0.4099999999999999
2018-05-04,1.25,1.91,2.01,2.14,2.22,2.33,2.4,,1.2861,1.2861,0.42000000000000015
2018-05-07,1.25,1.91,2.01,2.14,2.22,2.32,2.41,,1.2864,1.2864,0.4099999999999999
2018-05-08,1.25,1.93,2.03,2.16,2.24,2.35,2.42,,1.2963,1.2963,0.42000000000000015
2018-05-09,1.25,1.95,2.05,2.2,2.28,2.39,2.44,,1.2856,1.2856,0.44000000000000017
2018-05-10,1.25,1.97,2.07,2.22,2.3,2.4,2.43,,1.2775,1.2775,0.42999999999999994
2018-05-11,1.25,1.96,2.07,2.21,2.29,2.38,2.41,,1.2779,1.2779,0.41999999999999993
2018-05-14,1.25,1.99,2.09,2.24,2.32,2.42,2.45,,1.2775,1.2775,0.42999999999999994
2018-05-15,1.25,2.04,2.14,2.31,2.39,2.48,2.51,,1.2876,1.2876,0.43999999999999995
2018-05-16,1.25,2.05,2.16,2.32,2.4,2.5,2.51,,1.2809,1.2809,0.4500000000000002
2018-05-17,1.25,2.06,2.17,2.33,2.41,2.52,2.53,,1.2801,1.2801,0.45999999999999996
2018-05-18,1.25,2.03,2.14,2.29,2.37,2.48,2.49,,1.288,1.288,0.4500000000000002
2018-05-21,1.25,,,,,,,,,,
2018-05-22,1.25,2.04,2.15,2.3,2.38,2.48,2.49,,1.2786,1.2786,0.43999999999999995
2018-05-23,1.25,2.02,2.13,2.27,2.35,2.45,2.45,,1.2876,1.2876,0.43000000000000016
2018-05-24,1.25,1.99,2.1,2.23,2.31,2.41,2.42,,1.2891,1.2891,0.42000000000000015
2018-05-25,1.25,1.96,2.06,2.19,2.26,2.35,2.38,,1.2974,1.2974,0.3900000000000001
2018-05-28,1.25,1.93,2.03,2.14,2.22,2.3,2.34,,1.3001,1.3001,0.3699999999999999
2018-05-29,1.25,1.84,1.93,2.03,2.1,2.19,2.25,,1.302,1.302,0.34999999999999987
2018-05-30,1.25,1.92,2.01,2.11,2.18,2.25,2.28,,1.2897,1.2897,0.33000000000000007
2018-05-31,1.25,1.9,1.99,2.1,2.16,2.23,2.25,,1.2948,1.2948,0.33000000000000007
2018-06-01,1.25,1.92,2.0,2.11,2.16,2.24,2.27,,1.2964,1.2964,0.3200000000000003
2018-06-04,1.25,1.93,2.01,2.14,2.2,2.27,2.31,,1.2928,1.2928,0.3400000000000001
2018-06-05,1.25,1.91,1.99,2.11,2.17,2.24,2.3,,1.2993,1.2993,0.3300000000000003
2018-06-06,1.25,1.94,2.02,2.16,2.21,2.3,2.35,,1.2913,1.2913,0.3599999999999999
2018-06-07,1.25,1.9,1.99,2.13,2.18,2.27,2.33,,1.2972,1.2972,0.3700000000000001
2018-06-08,1.25,1.92,2.0,2.15,2.21,2.31,2.36,,1.2962,1.2962,0.3900000000000001
2018-06-11,1.25,1.9,1.99,2.14,2.2,2.31,2.36,,1.2993,1.2993,0.41000000000000014
2018-06-12,1.25,1.9,1.99,2.14,2.19,2.3,2.33,,1.3004,1.3004,0.3999999999999999
2018-06-13,1.25,1.94,2.03,2.17,2.23,2.32,2.33,,1.2988,1.2988,0.3799999999999999
2018-06-14,1.25,1.93,2.01,2.14,2.19,2.27,2.29,,1.3052,1.3052,0.3400000000000001
2018-06-15,1.25,1.89,1.97,2.08,2.14,2.22,2.25,,1.3177,1.3177,0.3300000000000003
2018-06-18,1.25,1.87,1.94,2.06,2.11,2.2,2.24,,1.3208,1.3208,0.33000000000000007
2018-06-19,1.25,1.84,1.91,2.02,2.08,2.15,2.2,,1.3276,1.3276,0.30999999999999983
2018-06-20,1.25,1.85,1.92,2.03,2.09,2.18,2.22,,1.3301,1.3301,0.33000000000000007
2018-06-21,1.25,1.82,1.9,2.0,2.05,2.14,2.2,,1.331,1.331,0.32000000000000006
2018-06-22,1.25,1.79,1.87,1.98,2.04,2.12,2.2,,1.3308,1.3308,0.33000000000000007
2018-06-25,1.25,1.77,1.85,1.95,2.01,2.09,2.18,,1.3303,1.3303,0.31999999999999984
2018-06-26,1.25,1.8,1.87,1.97,2.02,2.1,2.18,,1.3306,1.3306,0.30000000000000004
2018-06-27,1.25,1.77,1.84,1.93,1.98,2.06,2.16,,1.3307,1.3307,0.29000000000000004
2018-06-28,1.25,1.85,1.91,2.01,2.06,2.13,2.2,,1.3267,1.3267,0.2799999999999998
2018-06-29,1.25,1.91,1.98,2.06,2.12,2.17,2.2,,1.3168,1.3168,0.26
2018-07-02,1.25,,,,,,,,,,
2018-07-03,1.25,1.89,1.96,2.04,2.09,2.14,2.19,,1.3154,1.3154,0.2500000000000002
2018-07-04,1.25,1.91,1.97,2.06,2.11,2.16,2.2,,1.3143,1.3143,0.2500000000000002
2018-07-05,1.25,1.91,1.97,2.06,2.1,2.14,2.18,,1.3129,1.3129,0.2300000000000002
2018-07-06,1.25,1.91,1.96,2.04,2.09,2.13,2.16,,1.3105,1.3105,0.21999999999999997
2018-07-09,1.25,1.94,2.0,2.08,2.12,2.16,2.21,,1.3097,1.3097,0.2200000000000002
2018-07-10,1.25,1.94,1.99,2.07,2.11,2.16,2.21,,1.3125,1.3125,0.2200000000000002
2018-07-11,1.5,1.95,2.0,2.07,2.11,2.14,2.19,,1.3151,1.3151,0.19000000000000017
2018-07-12,1.5,1.94,2.0,2.07,2.11,2.16,2.2,,1.3166,1.3166,0.2200000000000002
2018-07-13,1.5,1.92,1.98,2.05,2.09,2.14,2.19,,1.3171,1.3171,0.2200000000000002
2018-07-16,1.5,1.93,1.99,2.05,2.09,2.14,2.19,,1.3137,1.3137,0.2100000000000002
2018-07-17,1.5,1.92,1.97,2.04,2.08,2.12,2.17,,1.3187,1.3187,0.20000000000000018
2018-07-18,1.5,1.93,1.98,2.05,2.09,2.14,2.2,,1.3204,1.3204,0.2100000000000002
2018-07-19,1.5,1.93,1.95,2.02,2.06,2.11,2.17,,1.3255,1.3255,0.17999999999999994
2018-07-20,1.5,1.97,1.99,2.08,2.12,2.18,2.22,,1.3142,1.3142,0.2100000000000002
2018-07-23,1.5,2.0,2.03,2.12,2.16,2.23,2.27,,1.3156,1.3156,0.22999999999999998
2018-07-24,1.5,2.0,2.04,2.13,2.17,2.22,2.27,,1.3157,1.3157,0.2200000000000002
2018-07-25,1.5,2.05,2.09,2.19,2.23,2.28,2.3,,1.3088,1.3088,0.22999999999999998
2018-07-26,1.5,2.05,2.09,2.19,2.23,2.28,2.32,,1.3065,1.3065,0.22999999999999998
2018-07-27,1.5,2.06,2.1,2.2,2.24,2.29,2.33,,1.3062,1.3062,0.22999999999999998
2018-07-30,1.5,2.05,2.09,2.19,2.24,2.3,2.34,,1.3021,1.3021,0.25
2018-07-31,1.5,2.07,2.1,2.22,2.26,2.31,2.33,,1.3017,1.3017,0.2400000000000002
2018-08-01,1.5,2.08,2.12,2.25,2.3,2.36,2.37,,1.3002,1.3002,0.2799999999999998
2018-08-02,1.5,2.08,2.12,2.25,2.29,2.36,2.38,,1.3014,1.3014,0.2799999999999998
2018-08-03,1.5,2.09,2.13,2.25,2.3,2.35,2.36,,1.2983,1.2983,0.26000000000000023
2018-08-06,1.5,,,,,,,,,,
2018-08-07,1.5,2.13,2.16,2.27,2.32,2.37,2.38,,1.3023,1.3023,0.2400000000000002
2018-08-08,1.5,2.13,2.16,2.26,2.31,2.36,2.37,,1.3052,1.3052,0.22999999999999998
2018-08-09,1.5,2.11,2.15,2.24,2.29,2.33,2.35,,1.304,1.304,0.2200000000000002
2018-08-10,1.5,2.1,2.13,2.21,2.25,2.29,2.31,,1.3113,1.3113,0.18999999999999995
2018-08-13,1.5,2.11,2.14,2.22,2.26,2.3,2.32,,1.3136,1.3136,0.18999999999999995
2018-08-14,1.5,2.12,2.15,2.23,2.27,2.31,2.34,,1.3087,1.3087,0.18999999999999995
2018-08-15,1.5,2.09,2.11,2.19,2.23,2.27,2.28,,1.3138,1.3138,0.18000000000000016
2018-08-16,1.5,2.08,2.1,2.18,2.22,2.25,2.27,,1.3152,1.3152,0.16999999999999993
2018-08-17,1.5,2.11,2.13,2.19,2.23,2.26,2.27,,1.3081,1.3081,0.1499999999999999
2018-08-20,1.5,2.1,2.12,2.18,2.21,2.25,2.26,,1.3065,1.3065,0.1499999999999999
2018-08-21,1.5,2.1,2.12,2.18,2.22,2.26,2.27,,1.3036,1.3036,0.1599999999999997
2018-08-22,1.5,2.11,2.13,2.18,2.21,2.25,2.26,,1.3016,1.3016,0.14000000000000012
2018-08-23,1.5,2.12,2.14,2.19,2.21,2.25,2.26,,1.3063,1.3063,0.1299999999999999
2018-08-24,1.5,2.13,2.15,2.21,2.22,2.26,2.26,,1.3036,1.3036,0.1299999999999999
2018-08-27,1.5,2.14,2.16,2.23,2.24,2.29,2.29,,1.2986,1.2986,0.1499999999999999
2018-08-28,1.5,2.14,2.16,2.25,2.26,2.31,2.31,,1.2917,1.2917,0.16999999999999993
2018-08-29,1.5,2.14,2.16,2.25,2.26,2.32,2.32,,1.2931,1.2931,0.17999999999999972
2018-08-30,1.5,2.11,2.13,2.21,2.22,2.28,2.3,,1.298,1.298,0.16999999999999993
2018-08-31,1.5,2.06,2.09,2.16,2.17,2.22,2.25,,1.3055,1.3055,0.16000000000000014
2018-09-03,1.5,,,,,,,,,,
2018-09-04,1.5,2.05,2.07,2.16,2.17,2.23,2.25,,1.3182,1.3182,0.18000000000000016
2018-09-05,1.5,2.05,2.07,2.16,2.17,2.24,2.26,,1.3185,1.3185,0.1900000000000004
2018-09-06,1.5,2.06,2.08,2.16,2.18,2.23,2.25,,1.3188,1.3188,0.16999999999999993
2018-09-07,1.5,2.11,2.13,2.21,2.23,2.29,2.3,,1.3164,1.3164,0.18000000000000016
2018-09-10,1.5,2.11,2.13,2.21,2.23,2.28,2.3,,1.3163,1.3163,0.16999999999999993
2018-09-11,1.5,2.13,2.15,2.24,2.26,2.32,2.34,,1.3141,1.3141,0.18999999999999995
2018-09-12,1.5,2.14,2.16,2.25,2.27,2.33,2.35,,1.3014,1.3014,0.18999999999999995
2018-09-13,1.5,2.14,2.16,2.25,2.27,2.32,2.35,,1.2997,1.2997,0.17999999999999972
2018-09-14,1.5,2.13,2.16,2.26,2.28,2.34,2.36,,1.3033,1.3033,0.20999999999999996
2018-09-17,1.5,2.13,2.15,2.25,2.27,2.34,2.35,,1.3019,1.3019,0.20999999999999996
2018-09-18,1.5,2.15,2.17,2.28,2.31,2.38,2.4,,1.2992,1.2992,0.22999999999999998
2018-09-19,1.5,2.17,2.19,2.3,2.33,2.42,2.43,,1.2947,1.2947,0.25
2018-09-20,1.5,2.18,2.21,2.32,2.35,2.42,2.43,,1.2905,1.2905,0.23999999999999977
2018-09-21,1.5,2.18,2.21,2.33,2.35,2.43,2.44,,1.2916,1.2916,0.25
2018-09-24,1.5,2.19,2.22,2.34,2.37,2.44,2.45,,1.2935,1.2935,0.25
2018-09-25,1.5,2.2,2.23,2.35,2.38,2.46,2.47,,1.2948,1.2948,0.2599999999999998
2018-09-26,1.5,2.19,2.22,2.32,2.35,2.42,2.42,,1.2975,1.2975,0.22999999999999998
2018-09-27,1.5,2.19,2.22,2.32,2.35,2.41,2.41,,1.3045,1.3045,0.2200000000000002
2018-09-28,1.5,2.21,2.24,2.33,2.36,2.42,2.41,,1.2945,1.2945,0.20999999999999996
2018-10-01,1.5,2.29,2.31,2.42,2.44,2.51,2.48,,1.2803,1.2803,0.21999999999999975
2018-10-02,1.5,2.27,2.29,2.39,2.41,2.46,2.45,,1.2817,1.2817,0.18999999999999995
2018-10-03,1.5,2.3,2.32,2.43,2.46,2.53,2.51,,1.2832,1.2832,0.22999999999999998
2018-10-04,1.5,2.3,2.33,2.46,2.48,2.55,2.54,,1.29,1.29,0.25
2018-10-05,1.5,2.32,2.35,2.48,2.51,2.6,2.58,,1.2936,1.2936,0.28000000000000025
2018-10-08,1.5,,,,,,,,,,
2018-10-09,1.5,2.31,2.34,2.45,2.48,2.57,2.56,,1.2965,1.2965,0.2599999999999998
2018-10-10,1.5,2.29,2.32,2.43,2.46,2.55,2.55,,1.2992,1.2992,0.2599999999999998
2018-10-11,1.5,2.27,2.28,2.38,2.41,2.49,2.5,,1.3038,1.3038,0.2200000000000002
2018-10-12,1.5,2.27,2.28,2.38,2.41,2.49,2.5,,1.3031,1.3031,0.2200000000000002
2018-10-15,1.5,2.3,2.31,2.4,2.43,2.5,2.52,,1.2993,1.2993,0.20000000000000018
2018-10-16,1.5,2.3,2.32,2.4,2.43,2.49,2.52,,1.2938,1.2938,0.1900000000000004
2018-10-17,1.5,2.31,2.32,2.41,2.44,2.51,2.53,,1.2994,1.2994,0.19999999999999973
2018-10-18,1.5,2.31,2.33,2.4,2.43,2.49,2.52,,1.3057,1.3057,0.18000000000000016
2018-10-19,1.5,2.29,2.31,2.4,2.43,2.49,2.52,,1.3104,1.3104,0.20000000000000018
2018-10-22,1.5,2.29,2.3,2.4,2.42,2.48,2.52,,1.3105,1.3105,0.18999999999999995
2018-10-23,1.5,2.27,2.28,2.37,2.4,2.45,2.49,,1.3098,1.3098,0.18000000000000016
2018-10-24,1.75,2.3,2.3,2.38,2.4,2.43,2.47,,1.3029,1.3029,0.13000000000000034
2018-10-25,1.75,2.31,2.32,2.4,2.42,2.45,2.48,,1.3076,1.3076,0.14000000000000012
2018-10-26,1.75,2.26,2.27,2.34,2.36,2.39,2.43,,1.3108,1.3108,0.13000000000000034
2018-10-29,1.75,2.26,2.26,2.33,2.35,2.39,2.43,,1.3119,1.3119,0.13000000000000034
2018-10-30,1.75,2.3,2.3,2.38,2.4,2.44,2.48,,1.3133,1.3133,0.14000000000000012
2018-10-31,1.75,2.33,2.34,2.42,2.45,2.49,2.52,,1.3142,1.3142,0.16000000000000014
2018-11-01,1.75,2.32,2.33,2.41,2.43,2.48,2.52,,1.3088,1.3088,0.16000000000000014
2018-11-02,1.75,2.35,2.36,2.44,2.47,2.53,2.57,,1.3105,1.3105,0.17999999999999972
2018-11-05,1.75,2.34,2.36,2.43,2.46,2.52,2.55,,1.3096,1.3096,0.18000000000000016
2018-11-06,1.75,2.35,2.37,2.45,2.47,2.53,2.56,,1.313,1.313,0.17999999999999972
2018-11-07,1.75,2.35,2.36,2.44,2.47,2.52,2.55,,1.3096,1.3096,0.16999999999999993
2018-11-08,1.75,2.36,2.37,2.46,2.48,2.54,2.56,,1.3114,1.3114,0.18000000000000016
2018-11-09,1.75,2.33,2.35,2.43,2.46,2.5,2.53,,1.3206,1.3206,0.16999999999999993
2018-11-12,1.75,,,,,,,,,,
2018-11-13,1.75,2.31,2.32,2.39,2.42,2.46,2.49,,1.3241,1.3241,0.1499999999999999
2018-11-14,1.75,2.27,2.28,2.36,2.38,2.42,2.46,,1.3235,1.3235,0.1499999999999999
2018-11-15,1.75,2.24,2.26,2.31,2.33,2.38,2.43,,1.3202,1.3202,0.13999999999999968
2018-11-16,1.75,2.22,2.24,2.29,2.31,2.36,2.42,,1.3154,1.3154,0.13999999999999968
2018-11-19,1.75,2.21,2.23,2.28,2.3,2.35,2.42,,1.3182,1.3182,0.14000000000000012
2018-11-20,1.75,2.21,2.23,2.27,2.29,2.34,2.41,,1.3259,1.3259,0.1299999999999999
2018-11-21,1.75,2.23,2.24,2.29,2.31,2.35,2.41,,1.327,1.327,0.1200000000000001
2018-11-22,1.75,2.24,2.25,2.3,2.32,2.36,2.42,,1.3205,1.3205,0.11999999999999966
2018-11-23,1.75,2.23,2.25,2.29,2.3,2.34,2.39,,1.3228,1.3228,0.10999999999999988
2018-11-26,1.75,2.24,2.26,2.3,2.32,2.35,2.41,,1.323,1.323,0.10999999999999988
2018-11-27,1.75,2.22,2.24,2.27,2.29,2.33,2.39,,1.3289,1.3289,0.10999999999999988
2018-11-28,1.75,2.21,2.22,2.27,2.28,2.33,2.41,,1.3302,1.3302,0.1200000000000001
2018-11-29,1.75,2.19,2.2,2.23,2.25,2.3,2.41,,1.3275,1.3275,0.10999999999999988
2018-11-30,1.75,2.16,2.18,2.2,2.22,2.27,2.39,,1.3301,1.3301,0.10999999999999988
2018-12-03,1.75,2.16,2.17,2.18,2.2,2.24,2.35,,1.3191,1.3191,0.08000000000000007
2018-12-04,1.75,2.12,2.13,2.14,2.15,2.18,2.27,,1.3219,1.3219,0.06000000000000005
2018-12-05,1.75,2.05,2.06,2.07,2.08,2.12,2.24,,1.3353,1.3353,0.07000000000000028
2018-12-06,1.75,1.99,2.0,2.0,2.02,2.08,2.23,,1.3404,1.3404,0.09000000000000008
2018-12-07,1.75,2.0,2.01,2.0,2.02,2.07,2.23,,1.3299,1.3299,0.06999999999999984
2018-12-10,1.75,2.01,2.01,2.0,2.02,2.05,2.21,,1.3379,1.3379,0.040000000000000036
2018-12-11,1.75,2.03,2.03,2.02,2.04,2.07,2.22,,1.3402,1.3402,0.040000000000000036
2018-12-12,1.75,2.06,2.06,2.06,2.08,2.12,2.27,,1.3346,1.3346,0.06000000000000005
2018-12-13,1.75,2.06,2.06,2.08,2.1,2.15,2.32,,1.3359,1.3359,0.08999999999999986
2018-12-14,1.75,2.02,2.03,2.04,2.05,2.1,2.28,,1.3379,1.3379,0.08000000000000007
2018-12-17,1.75,1.96,1.97,1.98,2.0,2.05,2.22,,1.3399,1.3399,0.08999999999999986
2018-12-18,1.75,1.92,1.93,1.94,1.95,2.01,2.18,,1.3454,1.3454,0.08999999999999986
2018-12-19,1.75,1.89,1.9,1.9,1.92,1.97,2.13,,1.345,1.345,0.08000000000000007
2018-12-20,1.75,1.91,1.92,1.92,1.94,1.99,2.14,,1.3495,1.3495,0.08000000000000007
2018-12-21,1.75,1.94,1.95,1.96,1.98,2.02,2.18,,1.3566,1.3566,0.08000000000000007
2018-12-24,1.75,1.91,1.92,1.93,1.94,1.98,2.15,,1.3589,1.3589,0.07000000000000006
2018-12-25,1.75,,,,,,,,,,
2018-12-26,1.75,,,,,,,,,,
2018-12-27,1.75,1.9,1.91,1.93,1.94,1.99,2.16,,1.3641,1.3641,0.09000000000000008
2018-12-28,1.75,1.86,1.86,1.88,1.9,1.95,2.15,,1.3638,1.3638,0.08999999999999986
2018-12-31,1.75,1.86,1.86,1.88,1.9,1.96,2.18,,1.3642,1.3642,0.09999999999999987
2019-01-01,1.75,,,,,,,,,,
2019-01-02,1.75,1.86,1.86,1.85,1.87,1.92,2.13,,1.36,1.36,0.05999999999999983
2019-01-03,1.75,1.77,1.77,1.76,1.76,1.83,2.07,,1.3501,1.3501,0.06000000000000005
2019-01-04,1.75,1.84,1.84,1.84,1.85,1.92,2.13,,1.341,1.341,0.07999999999999985
2019-01-07,1.75,1.88,1.88,1.87,1.88,1.95,2.15,,1.3313,1.3313,0.07000000000000006
2019-01-08,1.75,1.89,1.89,1.89,1.9,1.96,2.17,,1.3293,1.3293,0.07000000000000006
2019-01-09,1.75,1.91,1.9,1.91,1.92,1.98,2.18,,1.3221,1.3221,0.07000000000000006
2019-01-10,1.75,1.91,1.91,1.91,1.92,1.98,2.18,,1.3234,1.3234,0.07000000000000006
2019-01-11,1.75,1.89,1.88,1.89,1.9,1.95,2.16,,1.3259,1.3259,0.06000000000000005
2019-01-14,1.75,1.88,1.88,1.89,1.9,1.96,2.17,,1.3269,1.3269,0.08000000000000007
2019-01-15,1.75,1.89,1.89,1.91,1.93,1.97,2.2,,1.3266,1.3266,0.08000000000000007
2019-01-16,1.75,1.92,1.91,1.93,1.95,1.99,2.22,,1.3248,1.3248,0.07000000000000006
2019-01-17,1.75,1.9,1.9,1.92,1.94,1.99,2.22,,1.3294,1.3294,0.09000000000000008
2019-01-18,1.75,1.94,1.94,1.96,1.98,2.03,2.25,,1.326,1.326,0.08999999999999986
2019-01-21,1.75,1.93,1.93,1.95,1.97,2.02,2.23,,1.3297,1.3297,0.09000000000000008
2019-01-22,1.75,1.89,1.88,1.89,1.92,1.96,2.19,,1.334,1.334,0.07000000000000006
2019-01-23,1.75,1.9,1.89,1.9,1.92,1.97,2.19,,1.3348,1.3348,0.07000000000000006
2019-01-24,1.75,1.86,1.86,1.86,1.88,1.93,2.16,,1.3351,1.3351,0.06999999999999984
2019-01-25,1.75,1.88,1.87,1.89,1.92,1.97,2.19,,1.3256,1.3256,0.09000000000000008
2019-01-28,1.75,1.87,1.88,1.88,1.91,1.96,2.18,,1.326,1.326,0.08999999999999986
2019-01-29,1.75,1.85,1.85,1.86,1.88,1.94,2.17,,1.3266,1.3266,0.08999999999999986
2019-01-30,1.75,1.82,1.82,1.83,1.86,1.92,2.17,,1.3192,1.3192,0.09999999999999987
2019-01-31,1.75,1.77,1.77,1.78,1.81,1.88,2.14,,1.3144,1.3144,0.10999999999999988
2019-02-01,1.75,1.83,1.84,1.86,1.9,1.96,2.18,,1.3095,1.3095,0.1299999999999999
2019-02-04,1.75,1.84,1.85,1.86,1.9,1.96,2.2,,1.3127,1.3127,0.11999999999999988
2019-02-05,1.75,1.83,1.84,1.85,1.88,1.94,2.18,,1.3134,1.3134,0.10999999999999988
2019-02-06,1.75,1.81,1.82,1.83,1.86,1.92,2.17,,1.319,1.319,0.10999999999999988
2019-02-07,1.75,1.76,1.77,1.78,1.82,1.87,2.14,,1.3285,1.3285,0.1100000000000001
2019-02-08,1.75,1.77,1.78,1.79,1.83,1.88,2.14,,1.327,1.327,0.10999999999999988
2019-02-11,1.75,1.79,1.8,1.82,1.85,1.91,2.15,,1.3294,1.3294,0.11999999999999988
2019-02-12,1.75,1.8,1.81,1.82,1.86,1.92,2.17,,1.3248,1.3248,0.11999999999999988
2019-02-13,1.75,1.81,1.83,1.84,1.87,1.93,2.18,,1.324,1.324,0.11999999999999988
2019-02-14,1.75,1.77,1.78,1.79,1.82,1.88,2.14,,1.3298,1.3298,0.10999999999999988
2019-02-15,1.75,1.78,1.79,1.8,1.83,1.89,2.15,,1.3266,1.3266,0.10999999999999988
2019-02-18,1.75,,,,,,,,,,
2019-02-19,1.75,1.77,1.79,1.79,1.83,1.89,2.14,,1.3238,1.3238,0.11999999999999988
2019-02-20,1.75,1.77,1.78,1.8,1.83,1.89,2.14,,1.3169,1.3169,0.11999999999999988
2019-02-21,1.75,1.79,1.8,1.81,1.86,1.91,2.17,,1.3196,1.3196,0.11999999999999988
2019-02-22,1.75,1.78,1.79,1.79,1.83,1.89,2.14,,1.3173,1.3173,0.10999999999999988
2019-02-25,1.75,1.78,1.79,1.8,1.84,1.89,2.14,,1.3174,1.3174,0.10999999999999988
2019-02-26,1.75,1.75,1.76,1.77,1.8,1.86,2.12,,1.3195,1.3195,0.1100000000000001
2019-02-27,1.75,1.77,1.78,1.8,1.84,1.91,2.16,,1.3145,1.3145,0.1399999999999999
2019-02-28,1.75,1.78,1.79,1.82,1.86,1.94,2.19,,1.3169,1.3169,0.15999999999999992
2019-03-01,1.75,1.77,1.78,1.81,1.85,1.94,2.2,,1.326,1.326,0.16999999999999993
2019-03-04,1.75,1.74,1.76,1.76,1.81,1.89,2.17,,1.3317,1.3317,0.1499999999999999
2019-03-05,1.75,1.74,1.74,1.75,1.8,1.88,2.16,,1.3345,1.3345,0.1399999999999999
2019-03-06,1.75,1.68,1.68,1.69,1.73,1.82,2.11,,1.342,1.342,0.14000000000000012
2019-03-07,1.75,1.62,1.63,1.63,1.68,1.76,2.07,,1.3438,1.3438,0.1399999999999999
2019-03-08,1.75,1.65,1.65,1.65,1.69,1.76,2.06,,1.3422,1.3422,0.1100000000000001
2019-03-11,1.75,1.66,1.66,1.64,1.68,1.75,2.05,,1.3414,1.3414,0.09000000000000008
2019-03-12,1.75,1.65,1.65,1.63,1.67,1.73,2.02,,1.3378,1.3378,0.08000000000000007
2019-03-13,1.75,1.67,1.67,1.65,1.69,1.76,2.04,,1.3326,1.3326,0.09000000000000008
2019-03-14,1.75,1.66,1.66,1.64,1.68,1.76,2.05,,1.3327,1.3327,0.10000000000000009
2019-03-15,1.75,1.62,1.63,1.6,1.64,1.71,2.02,,1.3342,1.3342,0.08999999999999986
2019-03-18,1.75,1.63,1.63,1.6,1.64,1.71,2.01,,1.3345,1.3345,0.08000000000000007
2019-03-19,1.75,1.64,1.65,1.62,1.66,1.72,2.01,,1.3292,1.3292,0.08000000000000007
2019-03-20,1.75,1.6,1.61,1.55,1.59,1.67,1.99,,1.3317,1.3317,0.06999999999999984
2019-03-21,1.75,1.6,1.6,1.56,1.6,1.67,1.97,,1.3366,1.3366,0.06999999999999984
2019-03-22,1.75,1.54,1.53,1.48,1.52,1.6,1.89,,1.3411,1.3411,0.06000000000000005
2019-03-25,1.75,1.48,1.48,1.44,1.47,1.55,1.85,,1.342,1.342,0.07000000000000006
2019-03-26,1.75,1.5,1.49,1.45,1.49,1.57,1.86,,1.3386,1.3386,0.07000000000000006
2019-03-27,1.75,1.46,1.45,1.43,1.46,1.54,1.84,,1.3414,1.3414,0.08000000000000007
2019-03-28,1.75,1.49,1.48,1.45,1.48,1.55,1.85,,1.3429,1.3429,0.06000000000000005
2019-03-29,1.75,1.55,1.54,1.52,1.55,1.62,1.9,,1.3363,1.3363,0.07000000000000006
2019-04-01,1.75,1.6,1.59,1.58,1.61,1.7,1.97,,1.3337,1.3337,0.09999999999999987
2019-04-02,1.75,1.56,1.55,1.55,1.58,1.66,1.95,,1.3344,1.3344,0.09999999999999987
2019-04-03,1.75,1.59,1.58,1.57,1.61,1.7,1.99,,1.3324,1.3324,0.10999999999999988
2019-04-04,1.75,1.58,1.57,1.56,1.6,1.69,1.97,,1.3357,1.3357,0.10999999999999988
2019-04-05,1.75,1.59,1.59,1.57,1.61,1.7,1.97,,1.3386,1.3386,0.10999999999999988
2019-04-08,1.75,1.61,1.61,1.6,1.64,1.73,2.0,,1.3325,1.3325,0.11999999999999988
2019-04-09,1.75,1.6,1.6,1.59,1.63,1.72,2.01,,1.3316,1.3316,0.11999999999999988
2019-04-10,1.75,1.58,1.57,1.56,1.6,1.68,1.98,,1.3326,1.3326,0.09999999999999987
2019-04-11,1.75,1.59,1.6,1.59,1.63,1.72,2.01,,1.3378,1.3378,0.1299999999999999
2019-04-12,1.75,1.63,1.64,1.64,1.69,1.78,2.06,,1.3329,1.3329,0.15000000000000013
2019-04-15,1.75,1.6,1.61,1.61,1.66,1.75,2.05,,1.3354,1.3354,0.1499999999999999
2019-04-16,1.75,1.63,1.64,1.64,1.69,1.78,2.08,,1.3361,1.3361,0.15000000000000013
2019-04-17,1.75,1.66,1.66,1.66,1.71,1.8,2.09,,1.3332,1.3332,0.14000000000000012
2019-04-18,1.75,1.62,1.63,1.61,1.66,1.77,2.05,,1.3382,1.3382,0.1499999999999999
2019-04-19,1.75,,,,,,,,,,
2019-04-22,1.75,1.62,1.62,1.61,1.67,1.79,2.08,,1.3353,1.3353,0.16999999999999993
2019-04-23,1.75,1.57,1.57,1.57,1.63,1.75,2.06,,1.3421,1.3421,0.17999999999999994
2019-04-24,1.75,1.51,1.51,1.49,1.55,1.67,1.99,,1.3475,1.3475,0.15999999999999992
2019-04-25,1.75,1.55,1.54,1.53,1.59,1.7,1.99,,1.3493,1.3493,0.1499999999999999
2019-04-26,1.75,1.55,1.54,1.52,1.58,1.69,1.98,,1.346,1.346,0.1399999999999999
2019-04-29,1.75,1.56,1.55,1.55,1.61,1.72,2.0,,1.3456,1.3456,0.15999999999999992
2019-04-30,1.75,1.56,1.55,1.54,1.59,1.71,1.99,,1.3423,1.3423,0.1499999999999999
2019-05-01,1.75,1.57,1.56,1.55,1.6,1.7,1.96,,1.3416,1.3416,0.1299999999999999
2019-05-02,1.75,1.62,1.61,1.61,1.66,1.76,2.01,,1.3462,1.3462,0.1399999999999999
2019-05-03,1.75,1.64,1.63,1.62,1.68,1.77,2.01,,1.3429,1.3429,0.13000000000000012
2019-05-06,1.75,1.62,1.61,1.59,1.64,1.73,1.98,,1.3456,1.3456,0.10999999999999988
2019-05-07,1.75,1.58,1.56,1.55,1.59,1.68,1.94,,1.3476,1.3476,0.09999999999999987
2019-05-08,1.75,1.59,1.58,1.57,1.61,1.7,1.95,,1.3466,1.3466,0.10999999999999988
2019-05-09,1.75,1.58,1.57,1.55,1.6,1.68,1.93,,1.3483,1.3483,0.09999999999999987
2019-05-10,1.75,1.64,1.62,1.61,1.65,1.73,1.96,,1.3418,1.3418,0.09000000000000008
2019-05-13,1.75,1.58,1.57,1.54,1.58,1.66,1.9,,1.3457,1.3457,0.07999999999999985
2019-05-14,1.75,1.6,1.59,1.57,1.61,1.69,1.92,,1.3469,1.3469,0.08999999999999986
2019-05-15,1.75,1.58,1.56,1.54,1.58,1.66,1.9,,1.3451,1.3451,0.07999999999999985
2019-05-16,1.75,1.59,1.57,1.56,1.6,1.68,1.91,,1.3439,1.3439,0.08999999999999986
2019-05-17,1.75,1.6,1.59,1.57,1.61,1.69,1.92,,1.3468,1.3468,0.08999999999999986
2019-05-20,1.75,,,,,,,,,,
2019-05-21,1.75,1.67,1.66,1.65,1.68,1.75,1.97,,1.3413,1.3413,0.08000000000000007
2019-05-22,1.75,1.66,1.65,1.62,1.65,1.72,1.96,,1.341,1.341,0.06000000000000005
2019-05-23,1.75,1.58,1.56,1.53,1.56,1.64,1.88,,1.3478,1.3478,0.05999999999999983
2019-05-24,1.75,1.56,1.54,1.5,1.53,1.61,1.87,,1.3447,1.3447,0.050000000000000044
2019-05-27,1.75,1.55,1.52,1.48,1.51,1.59,1.85,,1.3442,1.3442,0.040000000000000036
2019-05-28,1.75,1.53,1.5,1.46,1.49,1.57,1.82,,1.3477,1.3477,0.040000000000000036
2019-05-29,1.75,1.53,1.5,1.46,1.49,1.57,1.82,,1.3514,1.3514,0.040000000000000036
2019-05-30,1.75,1.52,1.49,1.45,1.47,1.55,1.81,,1.3501,1.3501,0.030000000000000027
2019-05-31,1.75,1.43,1.39,1.36,1.39,1.49,1.77,,1.3527,1.3527,0.06000000000000005
2019-06-03,1.75,1.37,1.34,1.29,1.32,1.42,1.71,,1.347,1.347,0.04999999999999982
2019-06-04,1.75,1.38,1.35,1.33,1.37,1.47,1.74,,1.3414,1.3414,0.09000000000000008
2019-06-05,1.75,1.34,1.31,1.3,1.33,1.44,1.74,,1.3401,1.3401,0.09999999999999987
2019-06-06,1.75,1.38,1.35,1.33,1.36,1.46,1.74,,1.3378,1.3378,0.08000000000000007
2019-06-07,1.75,1.4,1.37,1.34,1.37,1.46,1.72,,1.3283,1.3283,0.06000000000000005
2019-06-10,1.75,1.45,1.42,1.41,1.43,1.52,1.76,,1.3267,1.3267,0.07000000000000006
2019-06-11,1.75,1.48,1.45,1.42,1.45,1.53,1.77,,1.3278,1.3278,0.050000000000000044
2019-06-12,1.75,1.44,1.42,1.39,1.41,1.5,1.75,,1.3303,1.3303,0.06000000000000005
2019-06-13,1.75,1.4,1.37,1.35,1.37,1.45,1.72,,1.3324,1.3324,0.050000000000000044
2019-06-14,1.75,1.39,1.36,1.33,1.35,1.44,1.7,,1.3385,1.3385,0.050000000000000044
2019-06-17,1.75,1.4,1.36,1.33,1.35,1.44,1.69,,1.3407,1.3407,0.040000000000000036
2019-06-18,1.75,1.4,1.36,1.32,1.34,1.42,1.67,,1.3394,1.3394,0.020000000000000018
2019-06-19,1.75,1.4,1.36,1.33,1.35,1.44,1.68,,1.3343,1.3343,0.040000000000000036
2019-06-20,1.75,1.4,1.36,1.33,1.36,1.45,1.69,,1.3191,1.3191,0.050000000000000044
2019-06-21,1.75,1.43,1.4,1.37,1.39,1.48,1.72,,1.3212,1.3212,0.050000000000000044
2019-06-24,1.75,1.4,1.37,1.34,1.37,1.46,1.71,,1.3194,1.3194,0.06000000000000005
2019-06-25,1.75,1.4,1.36,1.33,1.35,1.44,1.69,,1.3174,1.3174,0.040000000000000036
2019-06-26,1.75,1.46,1.42,1.4,1.42,1.5,1.73,,1.313,1.313,0.040000000000000036
2019-06-27,1.75,1.44,1.4,1.37,1.4,1.47,1.71,,1.3111,1.3111,0.030000000000000027
2019-06-28,1.75,1.47,1.43,1.39,1.41,1.46,1.68,,1.3087,1.3087,-0.010000000000000009
2019-07-01,1.75,,,,,,,,,,
2019-07-02,1.75,1.48,1.43,1.41,1.42,1.47,1.68,,1.3114,1.3114,-0.010000000000000009
2019-07-03,1.75,1.49,1.44,1.41,1.41,1.45,1.65,,1.3073,1.3073,-0.040000000000000036
2019-07-04,1.75,1.52,1.47,1.42,1.44,1.47,1.66,,1.3059,1.3059,-0.050000000000000044
2019-07-05,1.75,1.62,1.57,1.53,1.54,1.57,1.74,,1.3099,1.3099,-0.050000000000000044
2019-07-08,1.75,1.68,1.62,1.57,1.58,1.59,1.73,,1.3081,1.3081,-0.08999999999999986
2019-07-09,1.75,1.64,1.58,1.56,1.56,1.58,1.73,,1.3127,1.3127,-0.05999999999999983
2019-07-10,1.75,1.58,1.54,1.53,1.54,1.58,1.75,,1.3092,1.3092,0.0
2019-07-11,1.75,1.6,1.56,1.56,1.57,1.62,1.79,,1.3071,1.3071,0.020000000000000018
2019-07-12,1.75,1.58,1.54,1.54,1.55,1.6,1.79,,1.3038,1.3038,0.020000000000000018
2019-07-15,1.75,1.56,1.53,1.51,1.52,1.58,1.78,,1.3039,1.3039,0.020000000000000018
2019-07-16,1.75,1.56,1.53,1.51,1.53,1.59,1.79,,1.3052,1.3052,0.030000000000000027
2019-07-17,1.75,1.52,1.48,1.45,1.46,1.53,1.74,,1.3053,1.3053,0.010000000000000009
2019-07-18,1.75,1.45,1.44,1.4,1.42,1.5,1.73,,1.3069,1.3069,0.050000000000000044
2019-07-19,1.75,1.46,1.45,1.41,1.42,1.5,1.73,,1.3071,1.3071,0.040000000000000036
2019-07-22,1.75,1.43,1.42,1.39,1.4,1.48,1.72,,1.3103,1.3103,0.050000000000000044
2019-07-23,1.75,1.45,1.43,1.39,1.41,1.49,1.73,,1.3142,1.3142,0.040000000000000036
2019-07-24,1.75,1.43,1.41,1.36,1.37,1.45,1.7,,1.3137,1.3137,0.020000000000000018
2019-07-25,1.75,1.44,1.42,1.37,1.38,1.46,1.72,,1.3146,1.3146,0.020000000000000018
2019-07-26,1.75,1.47,1.44,1.39,1.4,1.46,1.73,,1.3182,1.3182,-0.010000000000000009
2019-07-29,1.75,1.48,1.46,1.41,1.42,1.47,1.74,,1.3159,1.3159,-0.010000000000000009
2019-07-30,1.75,1.52,1.5,1.44,1.45,1.49,1.74,,1.3168,1.3168,-0.030000000000000027
2019-07-31,1.75,1.55,1.52,1.46,1.46,1.49,1.7,,1.3148,1.3148,-0.06000000000000005
2019-08-01,1.75,1.47,1.43,1.36,1.37,1.39,1.63,,1.3217,1.3217,-0.08000000000000007
2019-08-02,1.75,1.46,1.42,1.35,1.36,1.37,1.61,,1.3225,1.3225,-0.08999999999999986
2019-08-05,1.75,,,,,,,,,,
2019-08-06,1.75,1.34,1.3,1.21,1.21,1.24,1.43,,1.3253,1.3253,-0.10000000000000009
2019-08-07,1.75,1.33,1.29,1.2,1.21,1.22,1.47,,1.3322,1.3322,-0.1100000000000001
2019-08-08,1.75,1.36,1.32,1.23,1.23,1.24,1.49,,1.3257,1.3257,-0.1200000000000001
2019-08-09,1.75,1.38,1.34,1.26,1.26,1.27,1.52,,1.3221,1.3221,-0.10999999999999988
2019-08-12,1.75,1.33,1.28,1.2,1.2,1.2,1.45,,1.3234,1.3234,-0.13000000000000012
2019-08-13,1.75,1.38,1.33,1.24,1.24,1.23,1.46,,1.3236,1.3236,-0.1499999999999999
2019-08-14,1.75,1.35,1.3,1.19,1.19,1.15,1.33,,1.3311,1.3311,-0.20000000000000018
2019-08-15,1.75,1.29,1.24,1.13,1.13,1.09,1.3,,1.3325,1.3325,-0.19999999999999996
2019-08-16,1.75,1.33,1.28,1.19,1.18,1.14,1.34,,1.3286,1.3286,-0.19000000000000017
2019-08-19,1.75,1.35,1.31,1.21,1.21,1.18,1.41,,1.3298,1.3298,-0.17000000000000015
2019-08-20,1.75,1.34,1.29,1.19,1.19,1.16,1.4,,1.3323,1.3323,-0.18000000000000016
2019-08-21,1.75,1.4,1.35,1.27,1.26,1.21,1.45,,1.3278,1.3278,-0.18999999999999995
2019-08-22,1.75,1.46,1.41,1.32,1.31,1.28,1.51,,1.3293,1.3293,-0.17999999999999994
2019-08-23,1.75,1.37,1.32,1.21,1.2,1.17,1.43,,1.331,1.331,-0.20000000000000018
2019-08-26,1.75,1.39,1.34,1.24,1.24,1.21,1.46,,1.3279,1.3279,-0.17999999999999994
2019-08-27,1.75,1.34,1.28,1.17,1.16,1.12,1.39,,1.3267,1.3267,-0.21999999999999997
2019-08-28,1.75,1.33,1.27,1.17,1.16,1.13,1.37,,1.3301,1.3301,-0.20000000000000018
2019-08-29,1.75,1.34,1.28,1.18,1.17,1.15,1.4,,1.3296,1.3296,-0.19000000000000017
2019-08-30,1.75,1.35,1.28,1.18,1.18,1.16,1.42,,1.3295,1.3295,-0.19000000000000017
2019-09-02,1.75,,,,,,,,,,
2019-09-03,1.75,1.32,1.26,1.15,1.14,1.13,1.4,,1.3343,1.3343,-0.19000000000000017
2019-09-04,1.75,1.33,1.26,1.15,1.14,1.13,1.4,,1.3263,1.3263,-0.20000000000000018
2019-09-05,1.75,1.45,1.38,1.28,1.28,1.26,1.53,,1.3228,1.3228,-0.18999999999999995
2019-09-06,1.75,1.49,1.42,1.32,1.31,1.28,1.5,,1.3174,1.3174,-0.20999999999999996
2019-09-09,1.75,1.55,1.48,1.37,1.36,1.34,1.55,,1.3155,1.3155,-0.20999999999999996
2019-09-10,1.75,1.6,1.53,1.44,1.44,1.43,1.62,,1.3153,1.3153,-0.17000000000000015
2019-09-11,1.75,1.58,1.52,1.43,1.43,1.42,1.63,,1.3181,1.3181,-0.16000000000000014
2019-09-12,1.75,1.6,1.54,1.46,1.45,1.45,1.67,,1.3205,1.3205,-0.15000000000000013
2019-09-13,1.75,1.64,1.58,1.5,1.5,1.51,1.71,,1.3257,1.3257,-0.1299999999999999
2019-09-16,1.75,1.62,1.56,1.49,1.48,1.48,1.67,,1.3248,1.3248,-0.14000000000000012
2019-09-17,1.75,1.61,1.55,1.47,1.47,1.45,1.63,,1.3257,1.3257,-0.16000000000000014
2019-09-18,1.75,1.6,1.54,1.46,1.45,1.43,1.59,,1.3271,1.3271,-0.17000000000000015
2019-09-19,1.75,1.6,1.54,1.46,1.45,1.43,1.58,,1.3259,1.3259,-0.17000000000000015
2019-09-20,1.75,1.57,1.52,1.42,1.41,1.39,1.54,,1.3275,1.3275,-0.18000000000000016
2019-09-23,1.75,1.56,1.5,1.4,1.39,1.37,1.52,,1.327,1.327,-0.18999999999999995
2019-09-24,1.75,1.52,1.45,1.34,1.33,1.3,1.48,,1.3249,1.3249,-0.21999999999999997
2019-09-25,1.75,1.58,1.52,1.42,1.41,1.39,1.57,,1.327,1.327,-0.19000000000000017
2019-09-26,1.75,1.57,1.51,1.4,1.39,1.36,1.54,,1.326,1.326,-0.20999999999999996
2019-09-27,1.75,1.57,1.51,1.39,1.38,1.36,1.54,,1.3249,1.3249,-0.20999999999999996
2019-09-30,1.75,1.58,1.51,1.4,1.38,1.37,1.53,,1.3243,1.3243,-0.20999999999999996
2019-10-01,1.75,1.53,1.47,1.37,1.36,1.35,1.51,,1.3244,1.3244,-0.17999999999999994
2019-10-02,1.75,1.49,1.43,1.34,1.32,1.32,1.49,,1.3294,1.3294,-0.16999999999999993
2019-10-03,1.75,1.41,1.35,1.25,1.24,1.24,1.44,,1.333,1.333,-0.16999999999999993
2019-10-04,1.75,1.41,1.34,1.25,1.23,1.23,1.42,,1.3317,1.3317,-0.17999999999999994
2019-10-07,1.75,1.45,1.39,1.3,1.29,1.29,1.47,,1.3306,1.3306,-0.15999999999999992
2019-10-08,1.75,1.44,1.37,1.29,1.28,1.28,1.47,,1.3323,1.3323,-0.15999999999999992
2019-10-09,1.75,1.47,1.41,1.32,1.31,1.31,1.51,,1.3324,1.3324,-0.15999999999999992
2019-10-10,1.75,1.53,1.48,1.39,1.39,1.4,1.58,,1.3294,1.3294,-0.13000000000000012
2019-10-11,1.75,1.65,1.59,1.52,1.52,1.51,1.64,,1.3198,1.3198,-0.1399999999999999
2019-10-14,1.75,,,,,,,,,,
2019-10-15,1.75,1.69,1.64,1.58,1.58,1.56,1.67,,1.3211,1.3211,-0.1299999999999999
2019-10-16,1.75,1.67,1.62,1.56,1.55,1.55,1.67,,1.3201,1.3201,-0.11999999999999988
2019-10-17,1.75,1.65,1.64,1.58,1.57,1.56,1.67,,1.3143,1.3143,-0.08999999999999986
2019-10-18,1.75,1.64,1.62,1.55,1.54,1.54,1.65,,1.3132,1.3132,-0.09999999999999987
2019-10-21,1.75,1.65,1.64,1.57,1.56,1.56,1.66,,1.3096,1.3096,-0.08999999999999986
2019-10-22,1.75,1.62,1.61,1.53,1.52,1.52,1.63,,1.3094,1.3094,-0.10000000000000009
2019-10-23,1.75,1.62,1.6,1.53,1.52,1.52,1.62,,1.3086,1.3086,-0.10000000000000009
2019-10-24,1.75,1.63,1.62,1.54,1.54,1.52,1.63,,1.3075,1.3075,-0.10999999999999988
2019-10-25,1.75,1.66,1.64,1.57,1.56,1.54,1.66,,1.3064,1.3064,-0.11999999999999988
2019-10-28,1.75,1.71,1.69,1.64,1.63,1.62,1.75,,1.3056,1.3056,-0.08999999999999986
2019-10-29,1.75,1.7,1.68,1.62,1.61,1.6,1.74,,1.3075,1.3075,-0.09999999999999987
2019-10-30,1.75,1.56,1.54,1.46,1.45,1.45,1.6,,1.3152,1.3152,-0.1100000000000001
2019-10-31,1.75,1.52,1.49,1.42,1.42,1.42,1.58,,1.316,1.316,-0.10000000000000009
2019-11-01,1.75,1.55,1.53,1.46,1.46,1.44,1.6,,1.3157,1.3157,-0.1100000000000001
2019-11-04,1.75,1.6,1.58,1.53,1.53,1.53,1.69,,1.3148,1.3148,-0.07000000000000006
2019-11-05,1.75,1.63,1.62,1.59,1.59,1.6,1.74,,1.3153,1.3153,-0.029999999999999805
2019-11-06,1.75,1.59,1.57,1.53,1.53,1.54,1.68,,1.3179,1.3179,-0.050000000000000044
2019-11-07,1.75,1.63,1.62,1.59,1.6,1.61,1.74,,1.3176,1.3176,-0.019999999999999796
2019-11-08,1.75,1.58,1.58,1.55,1.56,1.58,1.73,,1.3223,1.3223,0.0
2019-11-11,1.75,,,,,,,,,,
2019-11-12,1.75,1.59,1.6,1.57,1.58,1.6,1.74,,1.3228,1.3228,0.010000000000000009
2019-11-13,1.75,1.57,1.57,1.54,1.54,1.55,1.69,,1.3249,1.3249,-0.020000000000000018
2019-11-14,1.75,1.53,1.53,1.47,1.47,1.47,1.62,,1.3258,1.3258,-0.06000000000000005
2019-11-15,1.75,1.54,1.54,1.48,1.48,1.48,1.62,,1.3231,1.3231,-0.06000000000000005
2019-11-18,1.75,1.54,1.53,1.48,1.48,1.48,1.62,,1.3214,1.3214,-0.06000000000000005
2019-11-19,1.75,1.52,1.51,1.45,1.45,1.44,1.58,,1.3237,1.3237,-0.08000000000000007
2019-11-20,1.75,1.51,1.5,1.43,1.43,1.42,1.54,,1.3304,1.3304,-0.09000000000000008
2019-11-21,1.75,1.56,1.55,1.49,1.49,1.48,1.58,,1.3285,1.3285,-0.08000000000000007
2019-11-22,1.75,1.58,1.56,1.5,1.49,1.47,1.58,,1.3287,1.3287,-0.1100000000000001
2019-11-25,1.75,1.59,1.57,1.5,1.49,1.47,1.58,,1.3307,1.3307,-0.1200000000000001
2019-11-26,1.75,1.57,1.55,1.47,1.46,1.44,1.54,,1.3288,1.3288,-0.13000000000000012
2019-11-27,1.75,1.6,1.58,1.51,1.5,1.47,1.58,,1.3278,1.3278,-0.13000000000000012
2019-11-28,1.75,1.59,1.57,1.5,1.49,1.46,1.57,,1.3285,1.3285,-0.13000000000000012
2019-11-29,1.75,1.58,1.56,1.49,1.48,1.46,1.55,,1.3289,1.3289,-0.1200000000000001
2019-12-02,1.75,1.61,1.59,1.54,1.53,1.53,1.61,,1.3297,1.3297,-0.08000000000000007
2019-12-03,1.75,1.55,1.53,1.48,1.47,1.45,1.55,,1.3302,1.3302,-0.10000000000000009
2019-12-04,1.75,1.63,1.62,1.57,1.56,1.54,1.62,,1.3223,1.3223,-0.08999999999999986
2019-12-05,1.75,1.68,1.66,1.62,1.61,1.6,1.68,,1.3174,1.3174,-0.07999999999999985
2019-12-06,1.75,1.65,1.64,1.59,1.58,1.58,1.68,,1.3255,1.3255,-0.06999999999999984
2019-12-09,1.75,1.67,1.65,1.61,1.6,1.59,1.71,,1.3235,1.3235,-0.07999999999999985
2019-12-10,1.75,1.67,1.65,1.61,1.6,1.6,1.7,,1.3233,1.3233,-0.06999999999999984
2019-12-11,1.75,1.66,1.64,1.59,1.59,1.58,1.68,,1.3201,1.3201,-0.07999999999999985
2019-12-12,1.75,1.7,1.69,1.66,1.66,1.66,1.75,,1.3182,1.3182,-0.040000000000000036
2019-12-13,1.75,1.66,1.64,1.59,1.58,1.58,1.68,,1.3183,1.3183,-0.07999999999999985
2019-12-16,1.75,1.69,1.68,1.64,1.64,1.63,1.73,,1.3142,1.3142,-0.06000000000000005
2019-12-17,1.75,1.7,1.69,1.64,1.64,1.63,1.72,,1.316,1.316,-0.07000000000000006
2019-12-18,1.75,1.73,1.72,1.7,1.69,1.69,1.75,,1.3119,1.3119,-0.040000000000000036
2019-12-19,1.75,1.69,1.69,1.67,1.67,1.65,1.71,,1.3122,1.3122,-0.040000000000000036
2019-12-20,1.75,1.65,1.65,1.63,1.63,1.61,1.66,,1.3164,1.3164,-0.039999999999999813
2019-12-23,1.75,1.68,1.67,1.65,1.65,1.63,1.67,,1.316,1.316,-0.050000000000000044
2019-12-24,1.75,1.67,1.66,1.64,1.63,1.61,1.67,,1.3157,1.3157,-0.05999999999999983
2019-12-25,1.75,,,,,,,,,,
2019-12-26,1.75,,,,,,,,,,
2019-12-27,1.75,1.66,1.65,1.62,1.62,1.59,1.66,,1.3078,1.3078,-0.06999999999999984
2019-12-30,1.75,1.68,1.67,1.66,1.65,1.64,1.71,,1.3059,1.3059,-0.040000000000000036
2019-12-31,1.75,1.69,1.69,1.68,1.68,1.7,1.76,,1.2988,1.2988,0.010000000000000009
2020-01-01,1.75,,,,,,,,,,
2020-01-02,1.75,1.66,1.66,1.62,1.62,1.62,1.7,,1.2992,1.2992,-0.039999999999999813
2020-01-03,1.75,1.61,1.6,1.55,1.54,1.53,1.62,,1.2988,1.2988,-0.08000000000000007
2020-01-06,1.75,1.63,1.62,1.58,1.58,1.58,1.68,,1.297,1.297,-0.04999999999999982
2020-01-07,1.75,1.64,1.63,1.58,1.58,1.58,1.69,,1.3009,1.3009,-0.05999999999999983
2020-01-08,1.75,1.66,1.65,1.62,1.61,1.62,1.74,,1.3026,1.3026,-0.039999999999999813
2020-01-09,1.75,1.63,1.64,1.6,1.6,1.6,1.72,,1.3079,1.3079,-0.029999999999999805
2020-01-10,1.75,1.65,1.66,1.6,1.6,1.59,1.7,,1.3051,1.3051,-0.05999999999999983
2020-01-13,1.75,1.66,1.66,1.61,1.61,1.61,1.71,,1.3048,1.3048,-0.04999999999999982
2020-01-14,1.75,1.66,1.65,1.59,1.59,1.58,1.69,,1.3062,1.3062,-0.07999999999999985
2020-01-15,1.75,1.63,1.62,1.54,1.54,1.53,1.65,,1.305,1.305,-0.09999999999999987
2020-01-16,1.75,1.64,1.63,1.57,1.56,1.55,1.68,,1.3045,1.3045,-0.08999999999999986
2020-01-17,1.75,1.64,1.63,1.58,1.57,1.57,1.68,,1.3062,1.3062,-0.06999999999999984
2020-01-20,1.75,1.65,1.63,1.58,1.57,1.56,1.68,,1.3053,1.3053,-0.08999999999999986
2020-01-21,1.75,1.62,1.6,1.53,1.52,1.51,1.62,,1.3067,1.3067,-0.1100000000000001
2020-01-22,1.75,1.54,1.52,1.46,1.45,1.45,1.58,,1.3116,1.3116,-0.09000000000000008
2020-01-23,1.75,1.51,1.5,1.43,1.42,1.42,1.55,,1.3143,1.3143,-0.09000000000000008
2020-01-24,1.75,1.49,1.46,1.39,1.38,1.36,1.49,,1.314,1.314,-0.1299999999999999
2020-01-27,1.75,1.44,1.41,1.32,1.31,1.3,1.44,,1.3182,1.3182,-0.1399999999999999
2020-01-28,1.75,1.48,1.46,1.38,1.37,1.37,1.49,,1.3179,1.3179,-0.10999999999999988
2020-01-29,1.75,1.47,1.44,1.34,1.32,1.31,1.45,,1.3196,1.3196,-0.15999999999999992
2020-01-30,1.75,1.47,1.44,1.34,1.32,1.32,1.46,,1.3217,1.3217,-0.1499999999999999
2020-01-31,1.75,1.43,1.4,1.29,1.27,1.27,1.42,,1.3233,1.3233,-0.15999999999999992
2020-02-03,1.75,1.42,1.39,1.28,1.26,1.25,1.41,,1.3275,1.3275,-0.16999999999999993
2020-02-04,1.75,1.47,1.44,1.35,1.33,1.33,1.46,,1.3278,1.3278,-0.1399999999999999
2020-02-05,1.75,1.5,1.48,1.41,1.39,1.39,1.51,,1.3289,1.3289,-0.1100000000000001
2020-02-06,1.75,1.49,1.47,1.39,1.37,1.37,1.48,,1.329,1.329,-0.11999999999999988
2020-02-07,1.75,1.47,1.42,1.34,1.34,1.33,1.44,,1.3305,1.3305,-0.1399999999999999
2020-02-10,1.75,1.44,1.39,1.31,1.31,1.31,1.42,,1.3319,1.3319,-0.1299999999999999
2020-02-11,1.75,1.47,1.42,1.35,1.35,1.35,1.46,,1.3292,1.3292,-0.11999999999999988
2020-02-12,1.75,1.51,1.46,1.39,1.39,1.39,1.51,,1.3254,1.3254,-0.1200000000000001
2020-02-13,1.75,1.51,1.47,1.39,1.39,1.39,1.51,,1.3256,1.3256,-0.1200000000000001
2020-02-14,1.75,1.49,1.44,1.37,1.37,1.36,1.49,,1.3249,1.3249,-0.1299999999999999
2020-02-17,1.75,,,,,,,,,,
2020-02-18,1.75,1.46,1.42,1.34,1.34,1.33,1.45,,1.3258,1.3258,-0.1299999999999999
2020-02-19,1.75,1.48,1.44,1.36,1.36,1.35,1.46,,1.3231,1.3231,-0.1299999999999999
2020-02-20,1.75,1.45,1.4,1.33,1.32,1.3,1.42,,1.3254,1.3254,-0.1499999999999999
2020-02-21,1.75,1.42,1.37,1.29,1.29,1.28,1.38,,1.3224,1.3224,-0.1399999999999999
2020-02-24,1.75,1.34,1.3,1.21,1.21,1.19,1.31,,1.3279,1.3279,-0.15000000000000013
2020-02-25,1.75,1.32,1.27,1.19,1.19,1.19,1.32,,1.3281,1.3281,-0.13000000000000012
2020-02-26,1.75,1.32,1.28,1.21,1.21,1.21,1.35,,1.3307,1.3307,-0.1100000000000001
2020-02-27,1.75,1.25,1.21,1.14,1.15,1.16,1.32,,1.3361,1.3361,-0.09000000000000008
2020-02-28,1.75,1.14,1.11,1.07,1.07,1.12,1.3,,1.3429,1.3429,-0.019999999999999796
2020-03-02,1.75,1.17,1.14,1.07,1.07,1.12,1.34,,1.3356,1.3356,-0.04999999999999982
2020-03-03,1.75,0.97,0.93,0.88,0.89,0.96,1.23,,1.3363,1.3363,-0.010000000000000009
2020-03-04,1.25,0.92,0.9,0.88,0.91,0.97,1.27,,1.3392,1.3392,0.04999999999999993
2020-03-05,1.25,0.79,0.77,0.74,0.77,0.84,1.17,,1.3415,1.3415,0.04999999999999993
2020-03-06,1.25,0.7,0.68,0.66,0.68,0.72,0.96,,1.3421,1.3421,0.020000000000000018
2020-03-09,1.25,0.53,0.52,0.53,0.53,0.53,0.71,,1.3598,1.3598,0.0
2020-03-10,1.25,0.55,0.55,0.59,0.59,0.62,0.95,,1.3731,1.3731,0.06999999999999995
2020-03-11,1.25,0.5,0.51,0.55,0.57,0.64,1.02,,1.3745,1.3745,0.14
2020-03-12,1.25,0.47,0.49,0.52,0.56,0.64,1.09,,1.382,1.382,0.17000000000000004
2020-03-13,1.25,0.49,0.54,0.65,0.7,0.82,1.33,,1.3901,1.3901,0.32999999999999996
2020-03-16,0.75,0.46,0.51,0.61,0.68,0.78,1.26,,1.3964,1.3964,0.32
2020-03-17,0.75,0.63,0.68,0.8,0.86,0.92,1.41,,1.4175,1.4175,0.29000000000000004
2020-03-18,0.75,0.69,0.79,0.93,0.99,1.06,1.47,,1.4496,1.4496,0.3700000000000001
2020-03-19,0.75,0.63,0.72,0.85,0.9,1.0,1.43,,1.4495,1.4495,0.37
2020-03-20,0.75,0.56,0.65,0.76,0.82,0.87,1.28,,1.4332,1.4332,0.30999999999999994
2020-03-23,0.75,0.51,0.59,0.68,0.72,0.78,1.26,,1.4482,1.4482,0.27
2020-03-24,0.75,0.59,0.68,0.74,0.78,0.85,1.31,,1.4491,1.4491,0.26
2020-03-25,0.75,0.62,0.7,0.78,0.81,0.88,1.36,,1.4302,1.4302,0.26
2020-03-26,0.75,0.59,0.68,0.75,0.79,0.84,1.34,,1.4077,1.4077,0.25
2020-03-27,0.25,0.44,0.52,0.62,0.66,0.72,1.28,,1.4056,1.4056,0.27999999999999997
2020-03-30,0.25,0.44,0.52,0.62,0.66,0.75,1.32,,1.4156,1.4156,0.31
2020-03-31,0.25,0.42,0.5,0.6,0.64,0.71,1.32,,1.4187,1.4187,0.29
2020-04-01,0.25,0.4,0.48,0.55,0.57,0.63,1.21,,1.4217,1.4217,0.22999999999999998
2020-04-02,0.25,0.42,0.49,0.59,0.59,0.66,1.23,,1.4179,1.4179,0.24000000000000005
2020-04-03,0.25,0.41,0.48,0.58,0.59,0.71,1.23,,1.4142,1.4142,0.3
2020-04-06,0.25,0.44,0.52,0.64,0.65,0.75,1.27,,1.4127,1.4127,0.31
2020-04-07,0.25,0.45,0.53,0.67,0.69,0.82,1.34,,1.3986,1.3986,0.36999999999999994
2020-04-08,0.25,0.43,0.5,0.65,0.66,0.81,1.35,,1.4034,1.4034,0.38000000000000006
2020-04-09,0.25,0.39,0.46,0.59,0.61,0.76,1.33,,1.3985,1.3985,0.37
2020-04-10,0.25,,,,,,,,,,
2020-04-13,0.25,0.38,0.45,0.57,0.59,0.75,1.33,,1.3936,1.3936,0.37
2020-04-14,0.25,0.37,0.43,0.54,0.56,0.75,1.4,,1.3904,1.3904,0.38
2020-04-15,0.25,0.33,0.38,0.44,0.47,0.64,1.32,,1.4086,1.4086,0.31
2020-04-16,0.25,0.33,0.36,0.43,0.45,0.61,1.26,,1.4122,1.4122,0.27999999999999997
2020-04-17,0.25,0.35,0.37,0.46,0.47,0.64,1.29,,1.4037,1.4037,0.29000000000000004
2020-04-20,0.25,0.34,0.36,0.44,0.46,0.63,1.28,,1.4086,1.4086,0.29
2020-04-21,0.25,0.32,0.34,0.41,0.43,0.57,1.22,,1.4203,1.4203,0.24999999999999994
2020-04-22,0.25,0.33,0.35,0.45,0.46,0.61,1.23,,1.4155,1.4155,0.27999999999999997
2020-04-23,0.25,0.33,0.34,0.45,0.46,0.6,1.2,,1.4063,1.4063,0.26999999999999996
2020-04-24,0.25,0.33,0.32,0.43,0.43,0.58,1.18,,1.409,1.409,0.24999999999999994
2020-04-27,0.25,0.34,0.34,0.46,0.47,0.61,1.21,,1.4053,1.4053,0.26999999999999996
2020-04-28,0.25,0.32,0.31,0.42,0.43,0.57,1.16,,1.3978,1.3978,0.24999999999999994
2020-04-29,0.25,0.32,0.3,0.41,0.42,0.56,1.15,,1.3922,1.3922,0.24000000000000005
2020-04-30,0.25,0.3,0.28,0.38,0.39,0.54,1.12,,1.391,1.391,0.24000000000000005
2020-05-01,0.25,0.3,0.28,0.37,0.38,0.52,1.07,,1.4066,1.4066,0.22000000000000003
2020-05-04,0.25,0.31,0.29,0.41,0.41,0.57,1.12,,1.4085,1.4085,0.25999999999999995
2020-05-05,0.25,0.31,0.29,0.4,0.41,0.56,1.11,,1.4032,1.4032,0.25000000000000006
2020-05-06,0.25,0.3,0.29,0.43,0.44,0.61,1.16,,1.4124,1.4124,0.31
2020-05-07,0.25,0.27,0.26,0.37,0.38,0.54,1.13,,1.4015,1.4015,0.27
2020-05-08,0.25,0.27,0.26,0.39,0.41,0.58,1.16,,1.3934,1.3934,0.30999999999999994
2020-05-11,0.25,0.28,0.26,0.38,0.4,0.59,1.19,,1.4012,1.4012,0.30999999999999994
2020-05-12,0.25,0.27,0.26,0.37,0.39,0.55,1.15,,1.4015,1.4015,0.28
2020-05-13,0.25,0.28,0.26,0.37,0.39,0.55,1.12,,1.4073,1.4073,0.27
2020-05-14,0.25,0.27,0.25,0.36,0.38,0.53,1.07,,1.409,1.409,0.26
2020-05-15,0.25,0.28,0.26,0.37,0.4,0.54,1.08,,1.4094,1.4094,0.26
2020-05-18,0.25,,,,,,,,,,
2020-05-19,0.25,0.3,0.29,0.42,0.45,0.6,1.15,,1.3893,1.3893,0.3
2020-05-20,0.25,0.3,0.29,0.41,0.43,0.56,1.11,,1.3892,1.3892,0.26000000000000006
2020-05-21,0.25,0.3,0.29,0.42,0.44,0.55,1.1,,1.3935,1.3935,0.25000000000000006
2020-05-22,0.25,0.29,0.28,0.37,0.39,0.51,1.06,,1.4015,1.4015,0.22000000000000003
2020-05-25,0.25,0.28,0.27,0.36,0.37,0.49,1.04,,1.3984,1.3984,0.20999999999999996
2020-05-26,0.25,0.3,0.29,0.4,0.41,0.54,1.08,,1.3804,1.3804,0.24000000000000005
2020-05-27,0.25,0.3,0.29,0.4,0.41,0.54,1.1,,1.378,1.378,0.24000000000000005
2020-05-28,0.25,0.3,0.29,0.41,0.42,0.56,1.14,,1.3764,1.3764,0.26000000000000006
2020-05-29,0.25,0.28,0.27,0.39,0.38,0.53,1.11,,1.3787,1.3787,0.25
2020-06-01,0.25,0.29,0.28,0.39,0.39,0.53,1.12,,1.363,1.363,0.24000000000000005
2020-06-02,0.25,0.29,0.27,0.39,0.39,0.54,1.13,,1.3515,1.3515,0.25000000000000006
2020-06-03,0.25,0.32,0.31,0.45,0.46,0.62,1.21,,1.3504,1.3504,0.3
2020-06-04,0.25,0.32,0.31,0.48,0.49,0.67,1.26,,1.3508,1.3508,0.35000000000000003
2020-06-05,0.25,0.35,0.34,0.52,0.54,0.73,1.31,,1.3429,1.3429,0.38
2020-06-08,0.25,0.32,0.32,0.48,0.5,0.68,1.26,,1.3383,1.3383,0.36000000000000004
2020-06-09,0.25,0.3,0.3,0.45,0.46,0.64,1.2,,1.3423,1.3423,0.34
2020-06-10,0.25,0.28,0.27,0.38,0.39,0.57,1.12,,1.339,1.339,0.2899999999999999
2020-06-11,0.25,0.27,0.27,0.37,0.37,0.52,1.06,,1.3553,1.3553,0.25
2020-06-12,0.25,0.28,0.27,0.37,0.37,0.53,1.06,,1.3596,1.3596,0.25
2020-06-15,0.25,0.29,0.27,0.36,0.36,0.51,1.01,,1.3604,1.3604,0.22000000000000003
2020-06-16,0.25,0.29,0.27,0.38,0.38,0.55,1.06,,1.3558,1.3558,0.26000000000000006
2020-06-17,0.25,0.29,0.28,0.37,0.38,0.53,1.03,,1.3555,1.3555,0.24000000000000005
2020-06-18,0.25,0.3,0.32,0.37,0.42,0.52,1.0,,1.3589,1.3589,0.22000000000000003
2020-06-19,0.25,0.3,0.32,0.38,0.43,0.53,1.0,,1.3587,1.3587,0.23000000000000004
2020-06-22,0.25,0.3,0.32,0.39,0.44,0.54,0.99,,1.3545,1.3545,0.24000000000000005
2020-06-23,0.25,0.3,0.33,0.39,0.44,0.54,1.01,,1.3516,1.3516,0.24000000000000005
2020-06-24,0.25,0.3,0.32,0.38,0.43,0.54,1.02,,1.3591,1.3591,0.24000000000000005
2020-06-25,0.25,0.3,0.32,0.37,0.42,0.52,1.01,,1.3645,1.3645,0.22000000000000003
2020-06-26,0.25,0.29,0.31,0.36,0.41,0.51,0.99,,1.3676,1.3676,0.22000000000000003
2020-06-29,0.25,0.29,0.31,0.36,0.41,0.51,0.98,,1.3682,1.3682,0.22000000000000003
2020-06-30,0.25,0.28,0.3,0.36,0.41,0.52,0.99,,1.3628,1.3628,0.24
2020-07-01,0.25,,,,,,,,,,
2020-07-02,0.25,0.29,0.31,0.38,0.44,0.56,1.01,,1.3586,1.3586,0.2700000000000001
2020-07-03,0.25,0.29,0.31,0.38,0.43,0.55,1.01,,1.3565,1.3565,0.26000000000000006
2020-07-06,0.25,0.29,0.31,0.38,0.43,0.55,1.01,,1.3543,1.3543,0.26000000000000006
2020-07-07,0.25,0.28,0.29,0.35,0.4,0.51,0.99,,1.3583,1.3583,0.22999999999999998
2020-07-08,0.25,0.29,0.31,0.37,0.43,0.57,1.09,,1.3538,1.3538,0.27999999999999997
2020-07-09,0.25,0.28,0.29,0.34,0.4,0.53,1.08,,1.3555,1.3555,0.25
2020-07-10,0.25,0.28,0.3,0.36,0.41,0.55,1.07,,1.3594,1.3594,0.27
2020-07-13,0.25,0.28,0.3,0.36,0.41,0.54,1.06,,1.3567,1.3567,0.26
2020-07-14,0.25,0.28,0.3,0.35,0.4,0.54,1.05,,1.3616,1.3616,0.26
2020-07-15,0.25,0.27,0.29,0.35,0.4,0.53,1.04,,1.3534,1.3534,0.26
2020-07-16,0.25,0.27,0.28,0.33,0.38,0.5,0.99,,1.3543,1.3543,0.22999999999999998
2020-07-17,0.25,0.27,0.29,0.35,0.39,0.52,1.0,,1.3574,1.3574,0.25
2020-07-20,0.25,0.27,0.28,0.34,0.38,0.51,0.98,,1.3543,1.3543,0.24
2020-07-21,0.25,0.27,0.28,0.35,0.39,0.51,0.98,,1.3446,1.3446,0.24
2020-07-22,0.25,0.27,0.28,0.35,0.38,0.51,1.0,,1.342,1.342,0.24
2020-07-23,0.25,0.27,0.28,0.35,0.39,0.5,0.99,,1.3392,1.3392,0.22999999999999998
2020-07-24,0.25,0.27,0.28,0.34,0.38,0.5,0.97,,1.3421,1.3421,0.22999999999999998
2020-07-27,0.25,0.28,0.29,0.35,0.39,0.52,0.99,,1.3378,1.3378,0.24
2020-07-28,0.25,0.27,0.28,0.33,0.36,0.47,0.94,,1.3373,1.3373,0.19999999999999996
2020-07-29,0.25,0.26,0.27,0.32,0.35,0.48,0.95,,1.336,1.336,0.21999999999999997
2020-07-30,0.25,0.26,0.25,0.31,0.33,0.45,0.92,,1.3432,1.3432,0.19
2020-07-31,0.25,0.26,0.25,0.31,0.34,0.46,0.92,,1.3404,1.3404,0.2
2020-08-03,0.25,,,,,,,,,,
2020-08-04,0.25,0.25,0.25,0.3,0.32,0.43,0.89,,1.3372,1.3372,0.18
2020-08-05,0.25,0.27,0.26,0.34,0.37,0.5,0.94,,1.3262,1.3262,0.22999999999999998
2020-08-06,0.25,0.26,0.26,0.32,0.34,0.46,0.92,,1.3292,1.3292,0.2
2020-08-07,0.25,0.27,0.26,0.32,0.35,0.48,0.95,,1.3377,1.3377,0.20999999999999996
2020-08-10,0.25,0.27,0.26,0.33,0.36,0.49,0.98,,1.3354,1.3354,0.21999999999999997
2020-08-11,0.25,0.28,0.28,0.38,0.41,0.56,1.06,,1.3291,1.3291,0.28
2020-08-12,0.25,0.29,0.3,0.41,0.45,0.6,1.09,,1.3254,1.3254,0.31
2020-08-13,0.25,0.31,0.32,0.43,0.48,0.64,1.14,,1.3217,1.3217,0.33
2020-08-14,0.25,0.3,0.31,0.42,0.46,0.61,1.13,,1.325,1.325,0.31
2020-08-17,0.25,0.29,0.29,0.39,0.44,0.58,1.09,,1.3207,1.3207,0.29
2020-08-18,0.25,0.28,0.29,0.38,0.42,0.56,1.07,,1.317,1.317,0.28
2020-08-19,0.25,0.29,0.29,0.39,0.43,0.58,1.09,,1.3171,1.3171,0.29
2020-08-20,0.25,0.28,0.28,0.37,0.41,0.56,1.08,,1.3195,1.3195,0.28
2020-08-21,0.25,0.28,0.29,0.36,0.4,0.54,1.07,,1.3205,1.3205,0.26
2020-08-24,0.25,0.28,0.29,0.38,0.41,0.55,1.07,,1.3207,1.3207,0.27
2020-08-25,0.25,0.29,0.3,0.4,0.44,0.59,1.1,,1.3194,1.3194,0.3
2020-08-26,0.25,0.29,0.3,0.41,0.45,0.61,1.12,,1.3155,1.3155,0.32
2020-08-27,0.25,0.29,0.31,0.43,0.48,0.66,1.19,,1.3129,1.3129,0.37000000000000005
2020-08-28,0.25,0.28,0.29,0.4,0.45,0.64,1.2,,1.3097,1.3097,0.36
2020-08-31,0.25,0.28,0.29,0.4,0.45,0.63,1.17,,1.3042,1.3042,0.35
2020-09-01,0.25,0.27,0.28,0.36,0.42,0.58,1.1,,1.3055,1.3055,0.30999999999999994
2020-09-02,0.25,0.26,0.27,0.35,0.4,0.55,1.06,,1.3067,1.3067,0.29000000000000004
2020-09-03,0.25,0.26,0.27,0.35,0.39,0.54,1.04,,1.3123,1.3123,0.28
2020-09-04,0.25,0.27,0.28,0.38,0.43,0.59,1.1,,1.3089,1.3089,0.31999999999999995
2020-09-07,0.25,,,,,,,,,,
2020-09-08,0.25,0.27,0.27,0.36,0.41,0.57,1.08,,1.3191,1.3191,0.29999999999999993
2020-09-09,0.25,0.27,0.27,0.37,0.42,0.59,1.1,,1.3173,1.3173,0.31999999999999995
2020-09-10,0.25,0.26,0.27,0.36,0.4,0.56,1.08,,1.3162,1.3162,0.30000000000000004
2020-09-11,0.25,0.26,0.27,0.35,0.39,0.55,1.06,,1.3186,1.3186,0.29000000000000004
2020-09-14,0.25,0.26,0.26,0.36,0.39,0.55,1.06,,1.3175,1.3175,0.29000000000000004
2020-09-15,0.25,0.26,0.27,0.36,0.39,0.55,1.08,,1.3176,1.3176,0.29000000000000004
2020-09-16,0.25,0.26,0.27,0.36,0.4,0.57,1.11,,1.3168,1.3168,0.30999999999999994
2020-09-17,0.25,0.26,0.27,0.36,0.4,0.57,1.09,,1.32,1.32,0.30999999999999994
2020-09-18,0.25,0.26,0.27,0.37,0.4,0.58,1.1,,1.3186,1.3186,0.31999999999999995
2020-09-21,0.25,0.26,0.26,0.35,0.39,0.55,1.08,,1.3293,1.3293,0.29000000000000004
2020-09-22,0.25,0.26,0.26,0.36,0.39,0.55,1.08,,1.331,1.331,0.29000000000000004
2020-09-23,0.25,0.26,0.26,0.35,0.39,0.55,1.08,,1.3358,1.3358,0.29000000000000004
2020-09-24,0.25,0.25,0.26,0.35,0.39,0.55,1.08,,1.3374,1.3374,0.30000000000000004
2020-09-25,0.25,0.25,0.26,0.35,0.38,0.54,1.07,,1.3396,1.3396,0.29000000000000004
2020-09-28,0.25,0.25,0.26,0.35,0.38,0.55,1.1,,1.3378,1.3378,0.30000000000000004
2020-09-29,0.25,0.24,0.25,0.34,0.37,0.54,1.08,,1.3391,1.3391,0.30000000000000004
2020-09-30,0.25,0.25,0.25,0.36,0.39,0.57,1.11,,1.3339,1.3339,0.31999999999999995
2020-10-01,0.25,0.24,0.25,0.35,0.38,0.55,1.1,,1.3292,1.3292,0.31000000000000005
2020-10-02,0.25,0.24,0.25,0.35,0.38,0.56,1.11,,1.331,1.331,0.32000000000000006
2020-10-05,0.25,0.24,0.26,0.37,0.41,0.61,1.17,,1.3269,1.3269,0.37
2020-10-06,0.25,0.23,0.25,0.35,0.39,0.57,1.14,,1.3272,1.3272,0.33999999999999997
2020-10-07,0.25,0.24,0.27,0.38,0.42,0.63,1.2,,1.3275,1.3275,0.39
2020-10-08,0.25,0.27,0.26,0.37,0.41,0.61,1.2,,1.322,1.322,0.33999999999999997
2020-10-09,0.25,0.26,0.24,0.38,0.41,0.63,1.23,,1.3136,1.3136,0.37
2020-10-12,0.25,,,,,,,,,,
2020-10-13,0.25,0.25,0.23,0.35,0.39,0.59,1.19,,1.3133,1.3133,0.33999999999999997
2020-10-14,0.25,0.24,0.24,0.35,0.38,0.58,1.18,,1.3139,1.3139,0.33999999999999997
2020-10-15,0.25,0.23,0.23,0.34,0.37,0.57,1.15,,1.323,1.323,0.33999999999999997
2020-10-16,0.25,0.23,0.24,0.34,0.37,0.57,1.16,,1.3192,1.3192,0.33999999999999997
2020-10-19,0.25,0.23,0.25,0.35,0.39,0.58,1.17,,1.3165,1.3165,0.35
2020-10-20,0.25,0.23,0.25,0.36,0.4,0.61,1.22,,1.3138,1.3138,0.38
2020-10-21,0.25,0.23,0.25,0.36,0.41,0.61,1.21,,1.3122,1.3122,0.38
2020-10-22,0.25,0.24,0.26,0.39,0.44,0.65,1.25,,1.3142,1.3142,0.41000000000000003
2020-10-23,0.25,0.24,0.25,0.38,0.43,0.64,1.24,,1.314,1.314,0.4
2020-10-26,0.25,0.24,0.25,0.38,0.43,0.62,1.21,,1.3201,1.3201,0.38
2020-10-27,0.25,0.24,0.25,0.37,0.42,0.6,1.19,,1.3164,1.3164,0.36
2020-10-28,0.25,0.24,0.25,0.36,0.41,0.59,1.17,,1.3302,1.3302,0.35
2020-10-29,0.25,0.25,0.27,0.38,0.43,0.63,1.22,,1.3349,1.3349,0.38
2020-10-30,0.25,0.26,0.27,0.4,0.45,0.66,1.25,,1.3318,1.3318,0.4
2020-11-02,0.25,0.26,0.27,0.39,0.44,0.64,1.23,,1.3257,1.3257,0.38
2020-11-03,0.25,0.27,0.29,0.42,0.48,0.68,1.27,,1.3145,1.3145,0.41000000000000003
2020-11-04,0.25,0.26,0.27,0.38,0.43,0.61,1.19,,1.3138,1.3138,0.35
2020-11-05,0.25,0.25,0.26,0.38,0.43,0.61,1.2,,1.3051,1.3051,0.36
2020-11-06,0.25,0.26,0.27,0.4,0.45,0.64,1.22,,1.3039,1.3039,0.38
2020-11-09,0.25,0.28,0.31,0.47,0.54,0.75,1.32,,1.297,1.297,0.47
2020-11-10,0.25,0.27,0.3,0.48,0.55,0.77,1.33,,1.3017,1.3017,0.5
2020-11-11,0.25,,,,,,,,,,
2020-11-12,0.25,0.26,0.29,0.45,0.52,0.72,1.27,,1.3123,1.3123,0.45999999999999996
2020-11-13,0.25,0.27,0.3,0.46,0.52,0.73,1.28,,1.3147,1.3147,0.45999999999999996
2020-11-16,0.25,0.27,0.3,0.46,0.52,0.74,1.29,,1.3085,1.3085,0.47
2020-11-17,0.25,0.27,0.3,0.43,0.49,0.7,1.25,,1.3094,1.3094,0.42999999999999994
2020-11-18,0.25,0.27,0.3,0.44,0.5,0.7,1.25,,1.3063,1.3063,0.42999999999999994
2020-11-19,0.25,0.27,0.3,0.44,0.49,0.68,1.22,,1.3083,1.3083,0.41000000000000003
2020-11-20,0.25,0.27,0.3,0.42,0.47,0.66,1.17,,1.3071,1.3071,0.39
2020-11-23,0.25,0.27,0.3,0.44,0.49,0.69,1.19,,1.3082,1.3082,0.41999999999999993
2020-11-24,0.25,0.27,0.31,0.45,0.51,0.72,1.22,,1.3033,1.3033,0.44999999999999996
2020-11-25,0.25,0.27,0.3,0.45,0.51,0.7,1.22,,1.3003,1.3003,0.42999999999999994
2020-11-26,0.25,0.26,0.3,0.44,0.5,0.69,1.21,,1.3013,1.3013,0.42999999999999994
2020-11-27,0.25,0.25,0.29,0.43,0.49,0.67,1.18,,1.2985,1.2985,0.42000000000000004
2020-11-30,0.25,0.25,0.29,0.43,0.49,0.67,1.17,,1.2965,1.2965,0.42000000000000004
2020-12-01,0.25,0.26,0.3,0.46,0.53,0.74,1.23,,1.2952,1.2952,0.48
2020-12-02,0.25,0.27,0.31,0.47,0.54,0.76,1.28,,1.2934,1.2934,0.49
2020-12-03,0.25,0.26,0.3,0.46,0.53,0.74,1.26,,1.288,1.288,0.48
2020-12-04,0.25,0.28,0.32,0.5,0.57,0.8,1.34,,1.2801,1.2801,0.52
2020-12-07,0.25,0.28,0.32,0.48,0.55,0.76,1.31,,1.2801,1.2801,0.48
2020-12-08,0.25,0.27,0.32,0.47,0.53,0.74,1.29,,1.2808,1.2808,0.47
2020-12-09,0.25,0.27,0.32,0.47,0.54,0.75,1.3,,1.2803,1.2803,0.48
2020-12-10,0.25,0.26,0.31,0.46,0.53,0.74,1.28,,1.2734,1.2734,0.48
2020-12-11,0.25,0.25,0.3,0.44,0.51,0.71,1.27,,1.2769,1.2769,0.45999999999999996
2020-12-14,0.25,0.25,0.3,0.44,0.51,0.72,1.28,,1.2757,1.2757,0.47
2020-12-15,0.25,0.25,0.3,0.45,0.51,0.73,1.29,,1.2722,1.2722,0.48
2020-12-16,0.25,0.25,0.3,0.45,0.52,0.73,1.3,,1.2753,1.2753,0.48
2020-12-17,0.25,0.25,0.3,0.45,0.52,0.74,1.3,,1.2718,1.2718,0.49
2020-12-18,0.25,0.24,0.29,0.45,0.52,0.74,1.29,,1.2775,1.2775,0.5
2020-12-21,0.25,0.23,0.29,0.44,0.5,0.72,1.28,,1.2849,1.2849,0.49
2020-12-22,0.25,0.22,0.27,0.42,0.48,0.7,1.25,,1.2908,1.2908,0.48
2020-12-23,0.25,0.23,0.28,0.43,0.5,0.73,1.28,,1.2856,1.2856,0.5
2020-12-24,0.25,0.22,0.27,0.43,0.5,0.72,1.26,,1.2835,1.2835,0.5
2020-12-25,0.25,,,,,,,,,,
2020-12-29,0.25,0.21,0.26,0.41,0.48,0.71,1.25,,1.2806,1.2806,0.5
2020-12-30,0.25,0.2,0.25,0.41,0.48,0.7,1.24,,1.2769,1.2769,0.49999999999999994
2020-12-31,0.25,0.2,0.25,0.39,0.46,0.67,1.21,,1.2732,1.2732,0.47000000000000003
2021-01-01,0.25,,,,,,,,,,
2021-01-04,0.25,0.2,0.25,0.39,0.45,0.68,1.22,,1.2751,1.2751,0.48000000000000004
2021-01-05,0.25,0.19,0.24,0.39,0.46,0.7,1.28,,1.2707,1.2707,0.51
2021-01-06,0.25,0.18,0.23,0.41,0.49,0.75,1.36,,1.2685,1.2685,0.5700000000000001
2021-01-07,0.25,0.18,0.24,0.43,0.52,0.79,1.4,,1.2707,1.2707,0.6100000000000001
2021-01-08,0.25,0.19,0.24,0.44,0.53,0.81,1.42,,1.2705,1.2705,0.6200000000000001
2021-01-11,0.25,0.19,0.24,0.46,0.55,0.83,1.45,,1.2788,1.2788,0.6399999999999999
2021-01-12,0.25,0.18,0.23,0.46,0.55,0.84,1.47,,1.2746,1.2746,0.6599999999999999
2021-01-13,0.25,0.16,0.21,0.44,0.53,0.81,1.44,,1.271,1.271,0.65
2021-01-14,0.25,0.16,0.21,0.46,0.56,0.86,1.49,,1.2654,1.2654,0.7
2021-01-15,0.25,0.15,0.2,0.42,0.52,0.81,1.44,,1.2727,1.2727,0.66
2021-01-18,0.25,0.15,0.2,0.42,0.52,0.8,1.44,,1.2762,1.2762,0.65
2021-01-19,0.25,0.15,0.2,0.41,0.51,0.8,1.44,,1.2735,1.2735,0.65
2021-01-20,0.25,0.16,0.2,0.43,0.53,0.83,1.47,,1.2656,1.2656,0.6699999999999999
2021-01-21,0.25,0.17,0.21,0.45,0.56,0.87,1.5,,1.2627,1.2627,0.7
2021-01-22,0.25,0.18,0.21,0.44,0.55,0.84,1.47,,1.2716,1.2716,0.6599999999999999
2021-01-25,0.25,0.18,0.2,0.42,0.52,0.81,1.44,,1.2738,1.2738,0.6300000000000001
2021-01-26,0.25,0.17,0.2,0.42,0.53,0.82,1.46,,1.2702,1.2702,0.6499999999999999
2021-01-27,0.25,0.16,0.19,0.41,0.52,0.8,1.45,,1.2775,1.2775,0.64
2021-01-28,0.25,0.16,0.19,0.41,0.53,0.82,1.48,,1.281,1.281,0.6599999999999999
2021-01-29,0.25,0.15,0.18,0.43,0.54,0.84,1.47,,1.278,1.278,0.69
2021-02-01,0.25,0.15,0.18,0.42,0.53,0.88,1.46,,1.2824,1.2824,0.73
2021-02-02,0.25,0.16,0.2,0.43,0.55,0.91,1.48,,1.2818,1.2818,0.75
2021-02-03,0.25,0.17,0.22,0.46,0.58,0.94,1.52,,1.2783,1.2783,0.7699999999999999
2021-02-04,0.25,0.19,0.23,0.47,0.6,0.96,1.54,,1.2828,1.2828,0.77
2021-02-05,0.25,0.2,0.23,0.48,0.61,1.0,1.59,,1.2777,1.2777,0.8
2021-02-08,0.25,0.2,0.24,0.5,0.63,1.01,1.59,,1.2753,1.2753,0.81
2021-02-09,0.25,0.19,0.23,0.49,0.63,0.99,1.58,,1.2719,1.2719,0.8
2021-02-10,0.25,0.19,0.23,0.49,0.62,0.99,1.58,,1.2689,1.2689,0.8
2021-02-11,0.25,0.19,0.22,0.48,0.62,0.99,1.59,,1.2686,1.2686,0.8
2021-02-12,0.25,0.19,0.23,0.49,0.64,1.03,1.63,,1.2711,1.2711,0.8400000000000001
2021-02-15,0.25,,,,,,,,,,
2021-02-16,0.25,0.21,0.26,0.57,0.73,1.12,1.71,,1.2684,1.2684,0.9100000000000001
2021-02-17,0.25,0.21,0.26,0.58,0.73,1.11,1.69,,1.2712,1.2712,0.9000000000000001
2021-02-18,0.25,0.22,0.27,0.59,0.75,1.14,1.73,,1.2696,1.2696,0.9199999999999999
2021-02-19,0.25,0.23,0.3,0.64,0.81,1.21,1.8,,1.2614,1.2614,0.98
2021-02-22,0.25,0.23,0.3,0.67,0.83,1.23,1.82,,1.2613,1.2613,1.0
2021-02-23,0.25,0.23,0.31,0.67,0.85,1.26,1.86,,1.2603,1.2603,1.03
2021-02-24,0.25,0.23,0.32,0.73,0.91,1.31,1.88,,1.2548,1.2548,1.08
2021-02-25,0.25,0.32,0.42,0.93,1.1,1.46,1.91,,1.253,1.253,1.14
2021-02-26,0.25,0.3,0.4,0.88,1.04,1.35,1.76,,1.2685,1.2685,1.05
2021-03-01,0.25,0.25,0.34,0.81,0.99,1.35,1.77,,1.2661,1.2661,1.1
2021-03-02,0.25,0.24,0.32,0.78,0.97,1.33,1.78,,1.2626,1.2626,1.09
2021-03-03,0.25,0.26,0.33,0.83,1.03,1.4,1.82,,1.2631,1.2631,1.14
2021-03-04,0.25,0.28,0.48,0.9,1.22,1.49,1.9,,1.2637,1.2637,1.21
2021-03-05,0.25,0.29,0.49,0.9,1.23,1.5,1.88,,1.2668,1.2668,1.21
2021-03-08,0.25,0.29,0.51,0.92,1.25,1.53,1.91,,1.266,1.266,1.24
2021-03-09,0.25,0.27,0.5,0.87,1.19,1.45,1.84,,1.2635,1.2635,1.18
2021-03-10,0.25,0.24,0.45,0.91,1.14,1.41,1.84,,1.2637,1.2637,1.17
2021-03-11,0.25,0.25,0.46,0.92,1.16,1.43,1.88,,1.2561,1.2561,1.18
2021-03-12,0.25,0.31,0.55,1.03,1.29,1.58,2.02,,1.2493,1.2493,1.27
2021-03-15,0.25,0.31,0.55,1.02,1.25,1.54,2.0,,1.248,1.248,1.23
2021-03-16,0.25,0.31,0.55,1.03,1.28,1.56,2.03,,1.2455,1.2455,1.25
2021-03-17,0.25,0.27,0.51,0.99,1.28,1.58,2.08,,1.2465,1.2465,1.31
2021-03-18,0.25,0.27,0.53,1.01,1.31,1.61,2.08,,1.2458,1.2458,1.34
2021-03-19,0.25,0.26,0.53,1.0,1.28,1.59,2.05,,1.2506,1.2506,1.33
2021-03-22,0.25,0.26,0.52,0.99,1.25,1.55,2.02,,1.2513,1.2513,1.29
2021-03-23,0.25,0.25,0.5,0.95,1.2,1.49,1.96,,1.2562,1.2562,1.24
2021-03-24,0.25,0.24,0.48,0.92,1.17,1.47,1.91,,1.2562,1.2562,1.23
2021-03-25,0.25,0.23,0.46,0.9,1.16,1.46,1.91,,1.2606,1.2606,1.23
2021-03-26,0.25,0.23,0.47,0.93,1.2,1.49,1.95,,1.258,1.258,1.26
2021-03-29,0.25,0.23,0.48,0.97,1.23,1.53,1.99,,1.2594,1.2594,1.3
2021-03-30,0.25,0.23,0.49,0.97,1.23,1.53,1.95,,1.2631,1.2631,1.3
2021-03-31,0.25,0.22,0.49,0.99,1.26,1.55,1.97,,1.2575,1.2575,1.33
2021-04-01,0.25,0.22,0.48,0.97,1.22,1.51,1.95,,1.2565,1.2565,1.29
2021-04-02,0.25,,,,,,,,,,
2021-04-05,0.25,0.24,0.51,1.01,1.27,1.56,1.98,,1.2525,1.2525,1.32
2021-04-06,0.25,0.23,0.5,0.95,1.21,1.49,1.91,,1.2559,1.2559,1.26
2021-04-07,0.25,0.23,0.49,0.94,1.21,1.5,1.94,,1.2617,1.2617,1.27
2021-04-08,0.25,0.22,0.46,0.92,1.18,1.46,1.9,,1.2579,1.2579,1.24
2021-04-09,0.25,0.24,0.48,0.95,1.21,1.5,1.92,,1.2544,1.2544,1.26
2021-04-12,0.25,0.25,0.49,0.96,1.23,1.51,1.93,,1.2553,1.2553,1.26
2021-04-13,0.25,0.24,0.48,0.94,1.22,1.5,1.93,,1.2554,1.2554,1.26
2021-04-14,0.25,0.24,0.49,0.95,1.24,1.53,1.96,,1.2533,1.2533,1.29
2021-04-15,0.25,0.24,0.46,0.9,1.17,1.45,1.89,,1.253,1.253,1.21
2021-04-16,0.25,0.29,0.49,0.95,1.23,1.53,1.98,,1.2503,1.2503,1.24
2021-04-19,0.25,0.31,0.5,0.95,1.22,1.53,2.02,,1.2519,1.2519,1.22
2021-04-20,0.25,0.29,0.47,0.91,1.19,1.5,2.01,,1.2572,1.2572,1.21
2021-04-21,0.25,0.3,0.48,0.94,1.21,1.52,2.01,,1.2523,1.2523,1.22
2021-04-22,0.25,0.31,0.49,0.93,1.2,1.52,2.03,,1.25,1.25,1.21
2021-04-23,0.25,0.32,0.49,0.93,1.2,1.51,2.05,,1.2489,1.2489,1.19
2021-04-26,0.25,0.33,0.5,0.94,1.21,1.53,2.07,,1.2412,1.2412,1.2
2021-04-27,0.25,0.33,0.5,0.96,1.25,1.56,2.1,,1.2403,1.2403,1.23
2021-04-28,0.25,0.31,0.48,0.93,1.22,1.53,2.07,,1.2357,1.2357,1.22
2021-04-29,0.25,0.31,0.49,0.95,1.25,1.56,2.09,,1.2292,1.2292,1.25
2021-04-30,0.25,0.3,0.48,0.93,1.22,1.54,2.08,,1.2285,1.2285,1.24
2021-05-03,0.25,0.3,0.48,0.92,1.2,1.52,2.06,,1.2279,1.2279,1.22
2021-05-04,0.25,0.3,0.49,0.93,1.2,1.53,2.07,,1.2315,1.2315,1.23
2021-05-05,0.25,0.3,0.49,0.91,1.18,1.51,2.06,,1.2272,1.2272,1.21
2021-05-06,0.25,0.31,0.5,0.91,1.18,1.51,2.07,,1.22,1.22,1.2
2021-05-07,0.25,0.29,0.48,0.87,1.16,1.49,2.07,,1.2156,1.2156,1.2
2021-05-10,0.25,0.29,0.48,0.88,1.18,1.51,2.11,,1.2095,1.2095,1.22
2021-05-11,0.25,0.3,0.49,0.91,1.21,1.54,2.14,,1.2096,1.2096,1.24
2021-05-12,0.25,0.33,0.53,0.97,1.26,1.59,2.19,,1.2096,1.2096,1.26
2021-05-13,0.25,0.32,0.52,0.94,1.23,1.56,2.18,,1.215,1.215,1.24
2021-05-14,0.25,0.32,0.52,0.94,1.22,1.55,2.18,,1.2109,1.2109,1.23
2021-05-17,0.25,0.33,0.53,0.95,1.23,1.57,2.19,,1.2081,1.2081,1.24
2021-05-18,0.25,0.32,0.53,0.95,1.22,1.56,2.18,,1.2051,1.2051,1.24
2021-05-19,0.25,0.33,0.53,0.96,1.24,1.58,2.18,,1.21,1.21,1.25
2021-05-20,0.25,0.33,0.53,0.94,1.21,1.54,2.15,,1.207,1.207,1.21
2021-05-21,0.25,0.33,0.52,0.93,1.21,1.54,2.15,,1.2061,1.2061,1.21
2021-05-24,0.25,,,,,,,,,,
2021-05-25,0.25,0.3,0.49,0.86,1.13,1.46,2.07,,1.2057,1.2057,1.16
2021-05-26,0.25,0.31,0.49,0.87,1.14,1.45,2.04,,1.211,1.211,1.14
2021-05-27,0.25,0.32,0.51,0.9,1.18,1.49,2.06,,1.2073,1.2073,1.17
2021-05-28,0.25,0.32,0.51,0.92,1.19,1.49,2.06,,1.2086,1.2086,1.17
2021-05-31,0.25,0.32,0.51,0.9,1.19,1.49,2.03,,1.2072,1.2072,1.17
2021-06-01,0.25,0.32,0.51,0.91,1.19,1.5,2.03,,1.204,1.204,1.18
2021-06-02,0.25,0.32,0.51,0.9,1.19,1.49,2.02,,1.2052,1.2052,1.17
2021-06-03,0.25,0.32,0.52,0.92,1.21,1.52,2.04,,1.2103,1.2103,1.2
2021-06-04,0.25,0.31,0.49,0.86,1.15,1.46,1.98,,1.2084,1.2084,1.15
2021-06-07,0.25,0.32,0.5,0.88,1.16,1.47,1.99,,1.2073,1.2073,1.15
2021-06-08,0.25,0.32,0.5,0.87,1.14,1.45,1.97,,1.2097,1.2097,1.13
2021-06-09,0.25,0.32,0.49,0.85,1.11,1.41,1.95,,1.2095,1.2095,1.0899999999999999
2021-06-10,0.25,0.31,0.48,0.82,1.07,1.38,1.94,,1.2094,1.2094,1.0699999999999998
2021-06-11,0.25,0.31,0.48,0.82,1.07,1.38,1.94,,1.2148,1.2148,1.0699999999999998
2021-06-14,0.25,0.32,0.5,0.85,1.09,1.39,1.96,,1.2142,1.2142,1.0699999999999998
2021-06-15,0.25,0.32,0.5,0.84,1.09,1.38,1.94,,1.2188,1.2188,1.0599999999999998
2021-06-16,0.25,0.36,0.54,0.92,1.15,1.44,1.95,,1.2191,1.2191,1.08
2021-06-17,0.25,0.38,0.57,0.94,1.14,1.4,1.88,,1.2341,1.2341,1.02
2021-06-18,0.25,0.45,0.63,0.97,1.12,1.37,1.81,,1.2419,1.2419,0.9200000000000002
2021-06-21,0.25,0.44,0.62,0.97,1.17,1.41,1.85,,1.2377,1.2377,0.97
2021-06-22,0.25,0.42,0.6,0.95,1.16,1.4,1.86,,1.2356,1.2356,0.98
2021-06-23,0.25,0.42,0.61,0.97,1.17,1.42,1.86,,1.2287,1.2287,1.0
2021-06-24,0.25,0.42,0.61,0.97,1.16,1.41,1.84,,1.2316,1.2316,0.99
2021-06-25,0.25,0.44,0.63,1.0,1.2,1.45,1.89,,1.2294,1.2294,1.01
2021-06-28,0.25,0.44,0.63,0.98,1.17,1.41,1.87,,1.2335,1.2335,0.97
2021-06-29,0.25,0.44,0.64,0.98,1.17,1.42,1.87,,1.2384,1.2384,0.98
2021-06-30,0.25,0.45,0.65,0.97,1.15,1.39,1.84,,1.2394,1.2394,0.94
2021-07-01,0.25,,,,,,,,,,
2021-07-02,0.25,0.45,0.65,0.96,1.14,1.37,1.84,,1.2353,1.2353,0.9200000000000002
2021-07-05,0.25,0.46,0.67,0.99,1.17,1.4,1.84,,1.2343,1.2343,0.94
2021-07-06,0.25,0.46,0.66,0.95,1.12,1.32,1.79,,1.2446,1.2446,0.8600000000000001
2021-07-07,0.25,0.48,0.66,0.93,1.1,1.29,1.76,,1.2475,1.2475,0.81
2021-07-08,0.25,0.48,0.65,0.89,1.06,1.26,1.74,,1.254,1.254,0.78
2021-07-09,0.25,0.48,0.66,0.94,1.12,1.32,1.82,,1.2476,1.2476,0.8400000000000001
2021-07-12,0.25,0.48,0.65,0.93,1.12,1.32,1.82,,1.2471,1.2471,0.8400000000000001
2021-07-13,0.25,0.48,0.67,0.95,1.14,1.34,1.85,,1.2514,1.2514,0.8600000000000001
2021-07-14,0.25,0.45,0.64,0.91,1.09,1.29,1.81,,1.2497,1.2497,0.8400000000000001
2021-07-15,0.25,0.44,0.62,0.88,1.06,1.26,1.78,,1.2572,1.2572,0.8200000000000001
2021-07-16,0.25,0.43,0.62,0.87,1.04,1.24,1.77,,1.2593,1.2593,0.81
2021-07-19,0.25,0.47,0.57,0.78,0.94,1.14,1.69,,1.2759,1.2759,0.6699999999999999
2021-07-20,0.25,0.46,0.56,0.77,0.96,1.17,1.75,,1.273,1.273,0.71
2021-07-21,0.25,0.46,0.57,0.8,1.0,1.22,1.8,,1.2589,1.2589,0.76
2021-07-22,0.25,0.45,0.56,0.78,0.96,1.19,1.76,,1.2567,1.2567,0.74
2021-07-23,0.25,0.45,0.56,0.79,0.98,1.21,1.78,,1.2575,1.2575,0.76
2021-07-26,0.25,0.46,0.56,0.8,0.99,1.22,1.79,,1.2549,1.2549,0.76
2021-07-27,0.25,0.44,0.54,0.77,0.94,1.16,1.74,,1.2578,1.2578,0.72
2021-07-28,0.25,0.45,0.55,0.78,0.94,1.17,1.73,,1.2566,1.2566,0.72
2021-07-29,0.25,0.45,0.55,0.81,0.97,1.19,1.74,,1.245,1.245,0.74
2021-07-30,0.25,0.45,0.54,0.81,0.98,1.2,1.76,,1.2462,1.2462,0.75
2021-08-02,0.25,,,,,,,,,,
2021-08-03,0.25,0.42,0.5,0.75,0.9,1.12,1.69,,1.2545,1.2545,0.7000000000000002
2021-08-04,0.25,0.44,0.53,0.78,0.92,1.13,1.7,,1.2545,1.2545,0.69
2021-08-05,0.25,0.47,0.56,0.83,0.96,1.16,1.7,,1.2497,1.2497,0.69
2021-08-06,0.25,0.48,0.58,0.88,1.04,1.24,1.75,,1.255,1.255,0.76
2021-08-09,0.25,0.48,0.58,0.88,1.04,1.25,1.79,,1.2565,1.2565,0.77
2021-08-10,0.25,0.48,0.6,0.9,1.06,1.27,1.8,,1.254,1.254,0.79
2021-08-11,0.25,0.47,0.59,0.89,1.05,1.26,1.82,,1.2506,1.2506,0.79
2021-08-12,0.25,0.46,0.58,0.89,1.05,1.25,1.81,,1.252,1.252,0.79
2021-08-13,0.25,0.45,0.57,0.84,0.99,1.19,1.76,,1.2514,1.2514,0.74
2021-08-16,0.25,0.43,0.55,0.81,0.96,1.16,1.74,,1.2569,1.2569,0.73
2021-08-17,0.25,0.44,0.55,0.81,0.95,1.15,1.74,,1.2623,1.2623,0.71
2021-08-18,0.25,0.45,0.56,0.82,0.96,1.16,1.74,,1.263,1.263,0.71
2021-08-19,0.25,0.44,0.55,0.81,0.93,1.13,1.71,,1.2792,1.2792,0.69
2021-08-20,0.25,0.44,0.55,0.81,0.94,1.14,1.72,,1.2856,1.2856,0.7
2021-08-23,0.25,0.44,0.56,0.82,0.96,1.16,1.74,,1.2682,1.2682,0.72
2021-08-24,0.25,0.45,0.56,0.84,0.98,1.18,1.77,,1.2608,1.2608,0.73
2021-08-25,0.25,0.45,0.57,0.87,1.04,1.25,1.82,,1.2619,1.2619,0.8
2021-08-26,0.25,0.45,0.56,0.87,1.02,1.23,1.78,,1.2651,1.2651,0.78
2021-08-27,0.25,0.44,0.55,0.83,0.99,1.2,1.75,,1.2635,1.2635,0.76
2021-08-30,0.25,0.43,0.53,0.81,0.97,1.18,1.74,,1.2603,1.2603,0.75
2021-08-31,0.25,0.43,0.53,0.84,1.0,1.22,1.79,,1.2617,1.2617,0.79
2021-09-01,0.25,0.41,0.51,0.79,0.96,1.18,1.74,,1.2607,1.2607,0.77
2021-09-02,0.25,0.4,0.49,0.77,0.94,1.15,1.72,,1.2573,1.2573,0.7499999999999999
2021-09-03,0.25,0.39,0.49,0.78,0.96,1.19,1.75,,1.2518,1.2518,0.7999999999999999
2021-09-06,0.25,,,,,,,,,,
2021-09-07,0.25,0.4,0.5,0.81,1.01,1.23,1.79,,1.2621,1.2621,0.83
2021-09-08,0.25,0.39,0.49,0.8,0.98,1.2,1.77,,1.2676,1.2676,0.8099999999999999
2021-09-09,0.25,0.4,0.49,0.79,0.96,1.17,1.74,,1.2654,1.2654,0.7699999999999999
2021-09-10,0.25,0.41,0.51,0.83,1.01,1.23,1.8,,1.2631,1.2631,0.8200000000000001
2021-09-13,0.25,0.41,0.51,0.82,1.0,1.22,1.78,,1.2662,1.2662,0.81
2021-09-14,0.25,0.4,0.5,0.79,0.95,1.17,1.74,,1.2661,1.2661,0.7699999999999999
2021-09-15,0.25,0.42,0.52,0.83,1.0,1.22,1.77,,1.2651,1.2651,0.8
2021-09-16,0.25,0.44,0.54,0.86,1.02,1.23,1.77,,1.2674,1.2674,0.79
2021-09-17,0.25,0.46,0.55,0.9,1.07,1.29,1.82,,1.2721,1.2721,0.8300000000000001
2021-09-20,0.25,0.44,0.54,0.85,1.01,1.22,1.76,,1.2828,1.2828,0.78
2021-09-21,0.25,0.44,0.55,0.85,1.01,1.22,1.78,,1.2801,1.2801,0.78
2021-09-22,0.25,0.45,0.56,0.92,1.01,1.21,1.75,,1.2756,1.2756,0.76
2021-09-23,0.25,0.48,0.61,1.0,1.12,1.33,1.83,,1.2653,1.2653,0.8500000000000001
2021-09-24,0.25,0.5,0.64,1.03,1.16,1.38,1.9,,1.268,1.268,0.8799999999999999
2021-09-27,0.25,0.5,0.64,1.06,1.19,1.41,1.91,,1.2637,1.2637,0.9099999999999999
2021-09-28,0.25,0.5,0.64,1.09,1.22,1.5,1.97,,1.268,1.268,1.0
2021-09-29,0.25,0.53,0.67,1.11,1.24,1.51,1.98,,1.2741,1.2741,0.98
2021-10-01,0.25,0.51,0.65,1.07,1.2,1.47,1.96,,1.2654,1.2654,0.96
2021-10-04,0.25,0.51,0.65,1.08,1.22,1.49,1.97,,1.2583,1.2583,0.98
2021-10-05,0.25,0.52,0.67,1.1,1.25,1.53,2.01,,1.2575,1.2575,1.01
2021-10-06,0.25,0.6,0.66,1.09,1.23,1.5,1.99,,1.2613,1.2613,0.9
2021-10-07,0.25,0.63,0.7,1.13,1.28,1.56,2.04,,1.2558,1.2558,0.93
2021-10-08,0.25,0.68,0.76,1.2,1.35,1.62,2.08,,1.2482,1.2482,0.9400000000000001
2021-10-11,0.25,,,,,,,,,,
2021-10-12,0.25,0.74,0.82,1.24,1.37,1.62,2.05,,1.2461,1.2461,0.8800000000000001
2021-10-13,0.25,0.77,0.84,1.27,1.38,1.61,2.02,,1.2445,1.2445,0.8400000000000001
2021-10-14,0.25,0.72,0.78,1.18,1.3,1.53,1.97,,1.2372,1.2372,0.81
2021-10-15,0.25,0.76,0.82,1.23,1.35,1.58,1.99,,1.2379,1.2379,0.8200000000000001
2021-10-18,0.25,0.82,0.88,1.28,1.38,1.58,1.96,,1.2375,1.2375,0.7600000000000001
2021-10-19,0.25,0.83,0.9,1.31,1.42,1.63,2.0,,1.2357,1.2357,0.7999999999999999
2021-10-20,0.25,0.79,0.86,1.29,1.41,1.63,2.03,,1.2329,1.2329,0.8399999999999999
2021-10-21,0.25,0.86,0.93,1.35,1.47,1.68,2.08,,1.2351,1.2351,0.82
2021-10-22,0.25,0.87,0.95,1.34,1.45,1.65,2.05,,1.2357,1.2357,0.7799999999999999
2021-10-25,0.25,0.86,0.94,1.34,1.45,1.65,2.05,,1.2379,1.2379,0.7899999999999999
2021-10-26,0.25,0.86,0.94,1.33,1.44,1.63,2.01,,1.2376,1.2376,0.7699999999999999
2021-10-27,0.25,1.07,1.11,1.42,1.47,1.6,1.92,,1.2358,1.2358,0.53
2021-10-28,0.25,1.0,1.04,1.42,1.5,1.66,1.95,,1.2349,1.2349,0.6599999999999999
2021-10-29,0.25,1.08,1.14,1.5,1.57,1.72,2.02,,1.2384,1.2384,0.6399999999999999
2021-11-01,0.25,1.07,1.13,1.5,1.57,1.74,2.04,,1.2368,1.2368,0.6699999999999999
2021-11-02,0.25,1.04,1.11,1.47,1.55,1.72,2.05,,1.2404,1.2404,0.6799999999999999
2021-11-03,0.25,1.03,1.1,1.46,1.54,1.71,2.05,,1.2417,1.2417,0.6799999999999999
2021-11-04,0.25,0.98,1.06,1.39,1.46,1.64,2.01,,1.2449,1.2449,0.6599999999999999
2021-11-05,0.25,0.92,1.01,1.36,1.42,1.59,1.96,,1.2452,1.2452,0.67
2021-11-08,0.25,0.95,1.04,1.4,1.47,1.63,1.98,,1.2449,1.2449,0.6799999999999999
2021-11-09,0.25,0.92,1.01,1.37,1.43,1.59,1.95,,1.2448,1.2448,0.67
2021-11-10,0.25,1.0,1.1,1.47,1.53,1.68,2.01,,1.2452,1.2452,0.6799999999999999
2021-11-11,0.25,,,,,,,,,,
2021-11-12,0.25,0.98,1.08,1.45,1.52,1.67,2.03,,1.2565,1.2565,0.69
2021-11-15,0.25,1.0,1.1,1.48,1.56,1.72,2.07,,1.2517,1.2517,0.72
2021-11-16,0.25,1.05,1.15,1.56,1.64,1.77,2.11,,1.255,1.255,0.72
2021-11-17,0.25,1.0,1.13,1.48,1.56,1.7,2.05,,1.2595,1.2595,0.7
2021-11-18,0.25,0.98,1.12,1.47,1.54,1.69,2.05,,1.2615,1.2615,0.71
2021-11-19,0.25,0.97,1.09,1.45,1.51,1.66,2.0,,1.2639,1.2639,0.69
2021-11-22,0.25,1.04,1.18,1.56,1.62,1.76,2.09,,1.268,1.268,0.72
2021-11-23,0.25,1.04,1.17,1.58,1.64,1.81,2.14,,1.2707,1.2707,0.77
2021-11-24,0.25,1.05,1.17,1.56,1.62,1.77,2.07,,1.2677,1.2677,0.72
2021-11-25,0.25,1.05,1.16,1.56,1.62,1.77,2.07,,1.2654,1.2654,0.72
2021-11-26,0.25,0.93,1.02,1.39,1.43,1.59,2.01,,1.2771,1.2771,0.66
2021-11-29,0.25,0.95,1.04,1.41,1.46,1.61,1.94,,1.2765,1.2765,0.6600000000000001
2021-11-30,0.25,0.98,1.07,1.4,1.43,1.58,1.89,,1.2792,1.2792,0.6000000000000001
2021-12-01,0.25,0.95,1.03,1.35,1.37,1.5,1.82,,1.2776,1.2776,0.55
2021-12-02,0.25,0.96,1.05,1.35,1.37,1.49,1.79,,1.2815,1.2815,0.53
2021-12-03,0.25,1.01,1.09,1.34,1.35,1.45,1.74,,1.2812,1.2812,0.43999999999999995
2021-12-06,0.25,1.06,1.15,1.41,1.42,1.51,1.79,,1.278,1.278,0.44999999999999996
2021-12-07,0.25,1.14,1.23,1.48,1.49,1.58,1.83,,1.266,1.266,0.44000000000000017
2021-12-08,0.25,1.07,1.16,1.44,1.45,1.56,1.84,,1.2642,1.2642,0.49
2021-12-09,0.25,1.0,1.07,1.35,1.36,1.5,1.82,,1.27,1.27,0.5
2021-12-10,0.25,0.97,1.04,1.31,1.31,1.47,1.81,,1.2714,1.2714,0.5
2021-12-13,0.25,0.92,1.0,1.24,1.25,1.4,1.75,,1.2791,1.2791,0.47999999999999987
2021-12-14,0.25,0.95,1.02,1.29,1.29,1.43,1.79,,1.2845,1.2845,0.48
2021-12-15,0.25,0.95,1.02,1.26,1.27,1.41,1.74,,1.2893,1.2893,0.45999999999999996
2021-12-16,0.25,0.9,0.97,1.19,1.21,1.35,1.69,,1.2782,1.2782,0.45000000000000007
2021-12-17,0.25,0.91,0.98,1.18,1.2,1.32,1.66,,1.2846,1.2846,0.41000000000000003
2021-12-20,0.25,0.93,1.0,1.22,1.24,1.38,1.73,,1.2942,1.2942,0.44999999999999984
2021-12-21,0.25,0.98,1.05,1.29,1.31,1.44,1.76,,1.2927,1.2927,0.45999999999999996
2021-12-22,0.25,0.96,1.03,1.25,1.27,1.42,1.72,,1.2865,1.2865,0.45999999999999996
2021-12-23,0.25,0.98,1.04,1.26,1.28,1.44,1.75,,1.2816,1.2816,0.45999999999999996
2021-12-24,0.25,0.98,1.05,1.28,1.3,1.46,1.76,,1.2813,1.2813,0.48
2021-12-29,0.25,0.99,1.06,1.3,1.32,1.47,1.76,,1.2804,1.2804,0.48
2021-12-30,0.25,0.98,1.05,1.28,1.3,1.45,1.72,,1.2776,1.2776,0.47
2021-12-31,0.25,0.95,1.02,1.25,1.27,1.42,1.68,,1.2678,1.2678,0.47
2022-01-04,0.25,1.01,1.09,1.39,1.43,1.59,1.82,,1.2708,1.2708,0.5800000000000001
2022-01-05,0.25,1.04,1.12,1.42,1.47,1.63,1.85,,1.2717,1.2717,0.5899999999999999
2022-01-06,0.25,1.07,1.15,1.5,1.54,1.7,1.93,,1.2741,1.2741,0.6299999999999999
2022-01-07,0.25,1.07,1.16,1.5,1.55,1.72,1.97,,1.2666,1.2666,0.6499999999999999
2022-01-10,0.25,1.08,1.17,1.51,1.55,1.72,1.96,,1.2679,1.2679,0.6399999999999999
2022-01-11,0.25,1.07,1.17,1.5,1.55,1.71,1.95,,1.2606,1.2606,0.6399999999999999
2022-01-12,0.25,1.11,1.2,1.52,1.57,1.73,1.98,,1.251,1.251,0.6199999999999999
2022-01-13,0.25,1.11,1.21,1.5,1.55,1.7,1.96,,1.2484,1.2484,0.5899999999999999
2022-01-14,0.25,1.15,1.25,1.56,1.6,1.76,2.01,,1.2545,1.2545,0.6100000000000001
2022-01-17,0.25,1.22,1.32,1.61,1.66,1.8,2.04,,1.252,1.252,0.5800000000000001
2022-01-18,0.25,1.27,1.37,1.69,1.74,1.88,2.1,,1.2529,1.2529,0.6099999999999999
2022-01-19,0.25,1.27,1.36,1.68,1.73,1.86,2.08,,1.2492,1.2492,0.5900000000000001
2022-01-20,0.25,1.28,1.46,1.68,1.72,1.84,2.06,,1.2474,1.2474,0.56
2022-01-21,0.25,1.24,1.4,1.62,1.65,1.78,1.99,,1.2545,1.2545,0.54
2022-01-24,0.25,1.24,1.39,1.63,1.66,1.8,2.04,,1.2656,1.2656,0.56
2022-01-25,0.25,1.24,1.4,1.64,1.66,1.8,2.05,,1.2629,1.2629,0.56
2022-01-26,0.25,1.26,1.42,1.67,1.7,1.84,2.07,,1.2606,1.2606,0.5800000000000001
2022-01-27,0.25,1.27,1.42,1.65,1.66,1.78,2.0,,1.2712,1.2712,0.51
2022-01-28,0.25,1.25,1.4,1.63,1.65,1.76,2.0,,1.2772,1.2772,0.51
2022-01-31,0.25,1.28,1.42,1.64,1.65,1.78,2.05,,1.2719,1.2719,0.5
2022-02-01,0.25,1.28,1.43,1.65,1.67,1.81,2.08,,1.2694,1.2694,0.53
2022-02-02,0.25,1.24,1.39,1.61,1.62,1.76,2.04,,1.2677,1.2677,0.52
2022-02-03,0.25,1.29,1.39,1.64,1.65,1.79,2.07,,1.2679,1.2679,0.5
2022-02-04,0.25,1.36,1.45,1.71,1.72,1.85,2.1,,1.2758,1.2758,0.49
2022-02-07,0.25,1.34,1.43,1.68,1.69,1.83,2.09,,1.2688,1.2688,0.49
2022-02-08,0.25,1.35,1.44,1.69,1.71,1.86,2.14,,1.2709,1.2709,0.51
2022-02-09,0.25,1.36,1.45,1.68,1.7,1.85,2.14,,1.268,1.268,0.49
2022-02-10,0.25,1.5,1.6,1.81,1.83,1.95,2.2,,1.2682,1.2682,0.44999999999999996
2022-02-11,0.25,1.46,1.55,1.72,1.73,1.85,2.13,,1.2702,1.2702,0.3900000000000001
2022-02-14,0.25,1.51,1.59,1.78,1.79,1.91,2.19,,1.2738,1.2738,0.3999999999999999
2022-02-15,0.25,1.55,1.63,1.82,1.83,1.97,2.22,,1.2741,1.2741,0.41999999999999993
2022-02-16,0.25,1.53,1.61,1.8,1.81,1.95,2.21,,1.2686,1.2686,0.41999999999999993
2022-02-17,0.25,1.51,1.59,1.75,1.77,1.91,2.17,,1.2695,1.2695,0.3999999999999999
2022-02-18,0.25,1.49,1.57,1.72,1.73,1.88,2.15,,1.2734,1.2734,0.3899999999999999
2022-02-21,0.25,,,,,,,,,,
2022-02-22,0.25,1.53,1.61,1.74,1.76,1.91,2.18,,1.2743,1.2743,0.3799999999999999
2022-02-23,0.25,1.57,1.65,1.79,1.81,1.97,2.23,,1.2718,1.2718,0.3999999999999999
2022-02-24,0.25,1.52,1.6,1.74,1.76,1.92,2.2,,1.2832,1.2832,0.3999999999999999
2022-02-25,0.25,1.53,1.61,1.74,1.75,1.9,2.18,,1.2747,1.2747,0.3699999999999999
2022-02-28,0.25,1.45,1.52,1.64,1.67,1.84,2.12,,1.2698,1.2698,0.3900000000000001
2022-03-01,0.25,1.33,1.39,1.48,1.51,1.71,1.99,,1.2708,1.2708,0.3799999999999999
2022-03-02,0.25,1.47,1.52,1.61,1.64,1.81,2.05,,1.2668,1.2668,0.3400000000000001
2022-03-03,0.5,1.48,1.52,1.59,1.61,1.78,2.02,,1.2664,1.2664,0.30000000000000004
2022-03-04,0.5,1.38,1.4,1.46,1.48,1.66,1.96,,1.275,1.275,0.28
2022-03-07,0.5,1.41,1.44,1.51,1.54,1.72,2.02,,1.2773,1.2773,0.31000000000000005
2022-03-08,0.5,1.46,1.49,1.61,1.64,1.83,2.11,,1.2867,1.2867,0.3700000000000001
2022-03-09,0.5,1.5,1.53,1.65,1.69,1.89,2.19,,1.2821,1.2821,0.3899999999999999
2022-03-10,0.5,1.55,1.57,1.7,1.73,1.93,2.24,,1.2776,1.2776,0.3799999999999999
2022-03-11,0.5,1.66,1.68,1.8,1.82,2.0,2.29,,1.272,1.272,0.3400000000000001
2022-03-14,0.5,1.77,1.79,1.94,1.96,2.16,2.42,,1.2777,1.2777,0.3900000000000001
2022-03-15,0.5,1.8,1.82,1.97,1.99,2.18,2.49,,1.2803,1.2803,0.3800000000000001
2022-03-16,0.5,1.89,1.9,2.02,2.04,2.18,2.39,,1.2721,1.2721,0.29000000000000026
2022-03-17,0.5,1.89,1.9,2.02,2.04,2.19,2.4,,1.2651,1.2651,0.30000000000000004
2022-03-18,0.5,1.89,1.9,2.02,2.03,2.19,2.38,,1.2617,1.2617,0.30000000000000004
2022-03-21,0.5,2.03,2.05,2.18,2.2,2.33,2.47,,1.2593,1.2593,0.30000000000000027
2022-03-22,0.5,2.09,2.11,2.26,2.29,2.42,2.56,,1.2588,1.2588,0.33000000000000007
2022-03-23,0.5,2.06,2.08,2.2,2.21,2.32,2.42,,1.2571,1.2571,0.2599999999999998
2022-03-24,0.5,2.13,2.16,2.27,2.28,2.39,2.46,,1.2545,1.2545,0.26000000000000023
2022-03-25,0.5,2.34,2.36,2.49,2.49,2.54,2.55,,1.2502,1.2502,0.20000000000000018
2022-03-28,0.5,2.35,2.37,2.46,2.45,2.51,2.48,,1.2541,1.2541,0.1599999999999997
2022-03-29,0.5,2.34,2.34,2.45,2.44,2.47,2.46,,1.2509,1.2509,0.13000000000000034
2022-03-30,0.5,2.31,2.31,2.42,2.41,2.43,2.41,,1.247,1.247,0.1200000000000001
2022-03-31,0.5,2.27,2.28,2.39,2.37,2.4,2.37,,1.2496,1.2496,0.1299999999999999
2022-04-01,0.5,2.34,2.35,2.46,2.43,2.44,2.37,,1.2512,1.2512,0.10000000000000009
2022-04-04,0.5,2.31,2.32,2.44,2.41,2.44,2.37,,1.249,1.249,0.1299999999999999
2022-04-05,0.5,2.37,2.4,2.52,2.5,2.52,2.45,,1.2451,1.2451,0.1499999999999999
2022-04-06,0.5,2.37,2.4,2.51,2.49,2.54,2.45,,1.2509,1.2509,0.16999999999999993
2022-04-07,0.5,2.36,2.4,2.51,2.5,2.58,2.52,,1.2584,1.2584,0.2200000000000002
2022-04-08,0.5,2.43,2.47,2.59,2.57,2.63,2.58,,1.2589,1.2589,0.19999999999999973
2022-04-11,0.5,2.43,2.48,2.62,2.61,2.7,2.66,,1.2621,1.2621,0.27
2022-04-12,0.5,2.34,2.39,2.52,2.52,2.64,2.61,,1.2617,1.2617,0.30000000000000027
2022-04-13,0.5,2.34,2.39,2.51,2.51,2.64,2.61,,1.2607,1.2607,0.30000000000000027
2022-04-14,1.0,2.42,2.47,2.61,2.61,2.76,2.71,,1.2601,1.2601,0.33999999999999986
2022-04-15,1.0,,,,,,,,,,
2022-04-18,1.0,2.43,2.48,2.63,2.64,2.79,2.74,,1.2618,1.2618,0.3599999999999999
2022-04-19,1.0,2.52,2.57,2.7,2.7,2.83,2.78,,1.2624,1.2624,0.31000000000000005
2022-04-20,1.0,2.58,2.64,2.74,2.73,2.82,2.77,,1.2502,1.2502,0.23999999999999977
2022-04-21,1.0,2.63,2.7,2.8,2.79,2.88,2.82,,1.2529,1.2529,0.25
2022-04-22,1.0,2.65,2.71,2.79,2.77,2.87,2.82,,1.2702,1.2702,0.2200000000000002
2022-04-25,1.0,2.55,2.6,2.7,2.68,2.8,2.78,,1.2758,1.2758,0.25
2022-04-26,1.0,2.47,2.52,2.6,2.59,2.72,2.72,,1.2797,1.2797,0.25
2022-04-27,1.0,2.5,2.55,2.64,2.64,2.8,2.79,,1.2828,1.2828,0.2999999999999998
2022-04-28,1.0,2.53,2.58,2.66,2.66,2.8,2.75,,1.2829,1.2829,0.27
2022-04-29,1.0,2.63,2.67,2.75,2.75,2.88,2.81,,1.2792,1.2792,0.25
2022-05-02,1.0,2.66,2.7,2.81,2.81,2.95,2.87,,1.2895,1.2895,0.29000000000000004
2022-05-03,1.0,2.71,2.76,2.84,2.84,2.96,2.88,,1.2847,1.2847,0.25
2022-05-04,1.0,2.61,2.65,2.74,2.75,2.9,2.86,,1.281,1.281,0.29000000000000004
2022-05-05,1.0,2.69,2.74,2.84,2.87,3.03,2.95,,1.2822,1.2822,0.33999999999999986
2022-05-06,1.0,2.69,2.75,2.88,2.93,3.11,3.04,,1.2882,1.2882,0.41999999999999993
2022-05-09,1.0,2.6,2.66,2.76,2.83,3.01,2.97,,1.2964,1.2964,0.4099999999999997
2022-05-10,1.0,2.67,2.69,2.77,2.83,3.0,2.97,,1.3012,1.3012,0.33000000000000007
2022-05-11,1.0,2.73,2.74,2.8,2.85,2.99,2.95,,1.297,1.297,0.26000000000000023
2022-05-12,1.0,2.64,2.64,2.73,2.77,2.92,2.9,,1.3039,1.3039,0.2799999999999998
2022-05-13,1.0,2.66,2.68,2.75,2.79,2.95,2.93,,1.2953,1.2953,0.29000000000000004
2022-05-16,1.0,2.64,2.66,2.71,2.75,2.91,2.91,,1.2888,1.2888,0.27
2022-05-17,1.0,2.75,2.77,2.84,2.88,3.02,3.02,,1.2834,1.2834,0.27
2022-05-18,1.0,2.76,2.78,2.83,2.85,2.96,2.91,,1.2841,1.2841,0.20000000000000018
2022-05-19,1.0,2.7,2.71,2.75,2.77,2.88,2.86,,1.2809,1.2809,0.17999999999999972
2022-05-20,1.0,2.64,2.65,2.7,2.72,2.83,2.81,,1.2829,1.2829,0.18999999999999995
2022-05-23,1.0,,,,,,,,,,
2022-05-24,1.0,2.57,2.58,2.64,2.67,2.8,2.79,,1.2826,1.2826,0.22999999999999998
2022-05-25,1.0,2.53,2.54,2.6,2.63,2.76,2.76,,1.2837,1.2837,0.22999999999999998
2022-05-26,1.0,2.55,2.55,2.62,2.66,2.8,2.81,,1.2792,1.2792,0.25
2022-05-27,1.0,2.55,2.55,2.61,2.65,2.78,2.78,,1.2738,1.2738,0.22999999999999998
2022-05-30,1.0,2.6,2.6,2.66,2.7,2.83,2.8,,1.2662,1.2662,0.22999999999999998
2022-05-31,1.0,2.67,2.67,2.72,2.77,2.9,2.85,,1.2648,1.2648,0.22999999999999998
2022-06-01,1.0,2.79,2.79,2.86,2.9,2.98,2.88,,1.2639,1.2639,0.18999999999999995
2022-06-02,1.5,2.84,2.84,2.89,2.93,3.0,2.9,,1.2597,1.2597,0.16000000000000014
2022-06-03,1.5,2.91,2.91,2.96,3.0,3.07,2.95,,1.2579,1.2579,0.1599999999999997
2022-06-06,1.5,3.02,3.02,3.09,3.13,3.18,3.1,,1.2564,1.2564,0.16000000000000014
2022-06-07,1.5,3.04,3.03,3.1,3.14,3.19,3.11,,1.2555,1.2555,0.1499999999999999
2022-06-08,1.5,3.1,3.1,3.18,3.21,3.27,3.18,,1.254,1.254,0.16999999999999993
2022-06-09,1.5,3.07,3.07,3.15,3.18,3.23,3.14,,1.2644,1.2644,0.16000000000000014
2022-06-10,1.5,3.25,3.24,3.32,3.35,3.35,3.19,,1.2777,1.2777,0.10000000000000009
2022-06-13,1.5,3.39,3.39,3.48,3.5,3.51,3.31,,1.2859,1.2859,0.11999999999999966
2022-06-14,1.5,3.46,3.46,3.56,3.58,3.62,3.4,,1.294,1.294,0.16000000000000014
2022-06-15,1.5,3.28,3.28,3.38,3.42,3.48,3.35,,1.2948,1.2948,0.20000000000000018
2022-06-16,1.5,3.24,3.24,3.31,3.34,3.41,3.29,,1.2928,1.2928,0.16999999999999993
2022-06-17,1.5,3.24,3.24,3.32,3.34,3.41,3.3,,1.3035,1.3035,0.16999999999999993
2022-06-20,1.5,3.3,3.3,3.37,3.39,3.46,3.31,,1.2994,1.2994,0.16000000000000014
2022-06-21,1.5,3.35,3.34,3.4,3.43,3.51,3.4,,1.2929,1.2929,0.1599999999999997
2022-06-22,1.5,3.25,3.29,3.31,3.33,3.41,3.33,,1.2942,1.2942,0.16000000000000014
2022-06-23,1.5,3.1,3.14,3.16,3.18,3.29,3.27,,1.2982,1.2982,0.18999999999999995
2022-06-24,1.5,3.12,3.16,3.19,3.25,3.32,3.3,,1.2933,1.2933,0.19999999999999973
2022-06-27,1.5,3.17,3.21,3.24,3.3,3.38,3.35,,1.2887,1.2887,0.20999999999999996
2022-06-28,1.5,3.16,3.2,3.22,3.28,3.35,3.3,,1.2864,1.2864,0.18999999999999995
2022-06-29,1.5,3.14,3.18,3.17,3.22,3.29,3.21,,1.2878,1.2878,0.1499999999999999
2022-06-30,1.5,3.1,3.14,3.1,3.15,3.23,3.14,,1.2886,1.2886,0.1299999999999999
2022-07-01,1.5,,,,,,,,,,
2022-07-04,1.5,3.06,3.08,3.04,3.09,3.17,3.09,,1.2867,1.2867,0.10999999999999988
2022-07-05,1.5,3.0,3.0,2.94,2.99,3.08,3.03,,1.3038,1.3038,0.08000000000000007
2022-07-06,1.5,3.12,3.12,3.06,3.1,3.18,3.1,,1.3047,1.3047,0.06000000000000005
2022-07-07,1.5,3.19,3.18,3.12,3.14,3.22,3.14,,1.2986,1.2986,0.03000000000000025
2022-07-08,1.5,3.27,3.26,3.21,3.22,3.29,3.17,,1.2968,1.2968,0.020000000000000018
2022-07-11,1.5,3.25,3.23,3.16,3.17,3.24,3.14,,1.3,1.3,-0.009999999999999787
2022-07-12,1.5,3.19,3.17,3.1,3.11,3.18,3.09,,1.3015,1.3015,-0.009999999999999787
2022-07-13,1.5,3.3,3.25,3.13,3.11,3.14,3.03,,1.2976,1.2976,-0.1599999999999997
2022-07-14,2.5,3.27,3.23,3.14,3.11,3.14,3.04,,1.3138,1.3138,-0.1299999999999999
2022-07-15,2.5,3.2,3.17,3.08,3.04,3.07,3.01,,1.3038,1.3038,-0.13000000000000034
2022-07-18,2.5,3.22,3.18,3.07,3.05,3.07,3.04,,1.2948,1.2948,-0.15000000000000036
2022-07-19,2.5,3.29,3.26,3.13,3.08,3.08,3.03,,1.2904,1.2904,-0.20999999999999996
2022-07-20,2.5,3.3,3.26,3.15,3.1,3.11,3.04,,1.2884,1.2884,-0.18999999999999995
2022-07-21,2.5,3.19,3.15,3.0,2.95,2.96,2.9,,1.2895,1.2895,-0.22999999999999998
2022-07-22,2.5,3.06,3.01,2.86,2.8,2.83,2.82,,1.2876,1.2876,-0.22999999999999998
2022-07-25,2.5,3.11,3.06,2.9,2.83,2.86,2.85,,1.2852,1.2852,-0.25
2022-07-26,2.5,3.11,3.05,2.87,2.79,2.82,2.82,,1.2883,1.2883,-0.29000000000000004
2022-07-27,2.5,3.08,3.0,2.83,2.74,2.77,2.83,,1.2872,1.2872,-0.31000000000000005
2022-07-28,2.5,2.92,2.85,2.65,2.57,2.61,2.75,,1.2835,1.2835,-0.31000000000000005
2022-07-29,2.5,2.96,2.87,2.66,2.57,2.61,2.77,,1.2824,1.2824,-0.3500000000000001
2022-08-01,2.5,,,,,,,,,,
2022-08-02,,3.1,3.0,2.8,2.7,2.71,2.83,,1.2856,1.2856,-0.3900000000000001
2022-08-03,2.5,3.18,3.08,2.85,2.7,2.71,2.77,,1.2853,1.2853,-0.4700000000000002
2022-08-04,2.5,3.14,3.04,2.79,2.64,2.66,2.76,,1.2854,1.2854,-0.48
2022-08-05,2.5,3.25,3.14,2.9,2.73,2.74,2.81,,1.2934,1.2934,-0.5099999999999998
2022-08-08,2.5,3.23,3.12,2.87,2.69,2.68,2.76,,1.2857,1.2857,-0.5499999999999998
2022-08-09,2.5,3.28,3.16,2.91,2.72,2.71,2.78,,1.288,1.288,-0.5699999999999998
2022-08-10,2.5,3.18,3.08,2.85,2.68,2.67,2.76,,1.2789,1.2789,-0.5100000000000002
2022-08-11,2.5,3.25,3.15,2.94,2.77,2.78,2.88,,1.2753,1.2753,-0.4700000000000002
2022-08-12,2.5,3.24,3.14,2.91,2.73,2.74,2.85,,1.2783,1.2783,-0.5
2022-08-15,2.5,3.21,3.11,2.88,2.69,2.7,2.84,,1.2908,1.2908,-0.5099999999999998
2022-08-16,2.5,3.32,3.22,2.95,2.76,2.75,2.84,,1.2867,1.2867,-0.5699999999999998
2022-08-17,2.5,3.4,3.3,3.05,2.86,2.85,2.89,,1.2912,1.2912,-0.5499999999999998
2022-08-18,2.5,3.38,3.28,3.06,2.86,2.84,2.89,,1.2928,1.2928,-0.54
2022-08-19,2.5,3.42,3.33,3.13,2.95,2.94,2.93,,1.2991,1.2991,-0.48
2022-08-22,2.5,3.48,3.39,3.19,3.01,3.0,3.0,,1.3035,1.3035,-0.48
2022-08-23,2.5,3.48,3.4,3.21,3.04,3.04,3.02,,1.2972,1.2972,-0.43999999999999995
2022-08-24,2.5,3.51,3.44,3.27,3.09,3.1,3.06,,1.2983,1.2983,-0.4099999999999997
2022-08-25,2.5,3.5,3.44,3.23,3.03,3.01,3.0,,1.2937,1.2937,-0.4900000000000002
2022-08-26,2.5,3.54,3.48,3.25,3.04,3.02,2.98,,1.2989,1.2989,-0.52
2022-08-29,2.5,3.59,3.53,3.31,3.1,3.08,3.01,,1.3009,1.3009,-0.5099999999999998
2022-08-30,2.5,3.63,3.57,3.32,3.09,3.06,2.98,,1.3076,1.3076,-0.5699999999999998
2022-08-31,2.5,3.64,3.59,3.34,3.14,3.11,3.02,,1.3111,1.3111,-0.5300000000000002
2022-09-01,2.5,3.66,3.61,3.37,3.17,3.18,3.09,,1.3166,1.3166,-0.48
2022-09-02,2.5,3.58,3.53,3.28,3.09,3.1,3.04,,1.3121,1.3121,-0.48
2022-09-05,2.5,,,,,,,,,,
2022-09-06,2.5,3.6,3.56,3.33,3.16,3.18,3.15,,1.3139,1.3139,-0.41999999999999993
2022-09-07,2.5,3.6,3.55,3.3,3.12,3.13,3.13,,1.3164,1.3164,-0.4700000000000002
2022-09-08,3.25,3.66,3.61,3.37,3.19,3.19,3.2,,1.3116,1.3116,-0.4700000000000002
2022-09-09,3.25,3.61,3.56,3.31,3.12,3.13,3.15,,1.3035,1.3035,-0.48
2022-09-12,3.25,3.61,3.55,3.3,3.1,3.14,3.16,,1.298,1.298,-0.46999999999999975
2022-09-13,3.25,3.72,3.66,3.38,3.19,3.2,3.16,,1.311,1.311,-0.52
2022-09-14,3.25,3.75,3.69,3.39,3.18,3.16,3.1,,1.3166,1.3166,-0.5899999999999999
2022-09-15,3.25,3.82,3.75,3.43,3.2,3.16,3.05,,1.32,1.32,-0.6599999999999997
2022-09-16,3.25,3.79,3.71,3.41,3.17,3.14,3.06,,1.3285,1.3285,-0.6499999999999999
2022-09-19,3.25,3.8,3.73,3.42,3.17,3.13,3.04,,1.3288,1.3288,-0.6699999999999999
2022-09-20,3.25,3.76,3.7,3.39,3.14,3.1,3.02,,1.3345,1.3345,-0.6599999999999997
2022-09-21,3.25,3.77,3.69,3.35,3.08,3.03,2.94,,1.3397,1.3397,-0.7400000000000002
2022-09-22,3.25,3.78,3.71,3.4,3.15,3.11,3.0,,1.348,1.348,-0.6699999999999999
2022-09-23,3.25,3.77,3.7,3.4,3.13,3.07,2.96,,1.357,1.357,-0.7000000000000002
2022-09-26,3.25,3.83,3.76,3.5,3.23,3.2,3.03,,1.3716,1.3716,-0.6299999999999999
2022-09-27,3.25,3.89,3.82,3.45,3.35,3.32,3.18,,1.3726,1.3726,-0.5700000000000003
2022-09-28,3.25,3.75,3.68,3.24,3.12,3.08,2.97,,1.366,1.366,-0.6699999999999999
2022-09-29,3.25,3.79,3.72,3.32,3.19,3.16,3.09,,1.3707,1.3707,-0.6299999999999999
2022-10-03,3.25,3.76,3.69,3.28,3.17,3.14,3.13,,1.3662,1.3662,-0.6199999999999997
2022-10-04,3.25,3.74,3.68,3.27,3.14,3.12,3.12,,1.3574,1.3574,-0.6200000000000001
2022-10-05,3.25,3.85,3.8,3.42,3.28,3.27,3.22,,1.3641,1.3641,-0.5800000000000001
2022-10-06,3.25,3.99,3.92,3.49,3.35,3.32,3.22,,1.3719,1.3719,-0.6700000000000004
2022-10-07,3.25,4.05,3.98,3.55,3.41,3.38,3.25,,1.3712,1.3712,-0.6699999999999999
2022-10-10,3.25,,,,,,,,,,
2022-10-11,3.25,4.1,4.03,3.62,3.48,3.48,3.34,,1.3775,1.3775,-0.6199999999999997
2022-10-12,3.25,4.04,3.97,3.57,3.44,3.43,3.37,,1.3802,1.3802,-0.6099999999999999
2022-10-13,3.25,4.11,4.03,3.59,3.44,3.41,3.33,,1.3806,1.3806,-0.7000000000000002
2022-10-14,3.25,4.14,4.08,3.64,3.5,3.47,3.4,,1.3856,1.3856,-0.6699999999999995
2022-10-17,3.25,4.11,4.06,3.6,3.45,3.42,3.41,,1.373,1.373,-0.6900000000000004
2022-10-18,3.25,4.02,3.97,3.51,3.35,3.34,3.35,,1.3756,1.3756,-0.6799999999999997
2022-10-19,3.25,4.18,4.14,3.71,3.56,3.55,3.53,,1.3779,1.3779,-0.6299999999999999
2022-10-20,3.25,4.28,4.23,3.84,3.69,3.66,3.67,,1.3729,1.3729,-0.6200000000000001
2022-10-21,3.25,4.16,4.11,3.73,3.59,3.6,3.68,,1.3713,1.3713,-0.56
2022-10-24,3.25,4.15,4.11,3.71,3.58,3.57,3.65,,1.3722,1.3722,-0.5800000000000005
2022-10-25,3.25,4.15,4.1,3.66,3.5,3.48,3.58,,1.3638,1.3638,-0.6700000000000004
2022-10-26,3.25,3.87,3.82,3.41,3.27,3.28,3.42,,1.3565,1.3565,-0.5900000000000003
2022-10-27,3.75,3.82,3.77,3.33,3.19,3.19,3.32,,1.3547,1.3547,-0.6299999999999999
2022-10-28,3.75,3.84,3.79,3.38,3.24,3.23,3.3,,1.3615,1.3615,-0.6099999999999999
2022-10-31,3.75,3.92,3.88,3.43,3.27,3.27,3.32,,1.3649,1.3649,-0.6499999999999999
2022-11-01,3.75,3.91,3.87,3.43,3.26,3.25,3.26,,1.3614,1.3614,-0.6600000000000001
2022-11-02,3.75,3.94,3.89,3.48,3.32,3.32,3.33,,1.363,1.363,-0.6200000000000001
2022-11-03,3.75,4.05,4.01,3.59,3.43,3.41,3.39,,1.3749,1.3749,-0.6399999999999997
2022-11-04,3.75,4.13,4.08,3.67,3.51,3.51,3.5,,1.3517,1.3517,-0.6200000000000001
2022-11-07,3.75,4.18,4.14,3.77,3.61,3.61,3.62,,1.3493,1.3493,-0.5699999999999998
2022-11-08,3.75,4.15,4.1,3.67,3.5,3.48,3.52,,1.3441,1.3441,-0.6700000000000004
2022-11-09,3.75,4.1,4.05,3.6,3.42,3.4,3.47,,1.348,1.348,-0.6999999999999997
2022-11-10,3.75,3.83,3.78,3.31,3.13,3.14,3.26,,1.3378,1.3378,-0.69
2022-11-11,3.75,,,,,,,,,,
2022-11-14,3.75,3.87,3.83,3.33,3.16,3.16,3.27,,1.3288,1.3288,-0.71
2022-11-15,3.75,3.86,3.8,3.32,3.14,3.13,3.23,,1.329,1.329,-0.73
2022-11-16,3.75,3.84,3.78,3.26,3.06,3.04,3.14,,1.3311,1.3311,-0.7999999999999998
2022-11-17,3.75,3.93,3.86,3.33,3.12,3.1,3.18,,1.335,1.335,-0.8300000000000001
2022-11-18,3.75,3.97,3.77,3.35,3.11,3.12,3.21,,1.3385,1.3385,-0.8500000000000001
2022-11-21,3.75,3.93,3.72,3.32,3.08,3.08,3.14,,1.3452,1.3452,-0.8500000000000001
2022-11-22,3.75,3.93,3.71,3.26,3.03,3.03,3.08,,1.3396,1.3396,-0.9000000000000004
2022-11-23,3.75,3.92,3.7,3.22,2.98,2.98,2.97,,1.3392,1.3392,-0.94
2022-11-24,3.75,3.88,3.64,3.16,2.91,2.92,2.95,,1.3338,1.3338,-0.96
2022-11-25,3.75,3.88,3.64,3.15,2.9,2.91,2.94,,1.3377,1.3377,-0.9699999999999998
2022-11-28,3.75,3.91,3.67,3.18,2.92,2.95,2.96,,1.3453,1.3453,-0.96
2022-11-29,3.75,3.95,3.71,3.24,2.98,2.99,3.01,,1.3578,1.3578,-0.96
2022-11-30,3.75,3.89,3.64,3.18,2.92,2.96,3.01,,1.3508,1.3508,-0.9300000000000002
2022-12-01,3.75,3.79,3.52,3.05,2.8,2.83,2.87,,1.3433,1.3433,-0.96
2022-12-02,3.75,3.76,3.48,3.0,2.75,2.77,2.79,,1.3468,1.3468,-0.9899999999999998
2022-12-05,3.75,3.81,3.54,3.06,2.81,2.83,2.83,,1.3532,1.3532,-0.98
2022-12-06,3.75,3.78,3.5,3.0,2.74,2.77,2.77,,1.3649,1.3649,-1.0099999999999998
2022-12-07,3.75,3.78,3.48,2.96,2.72,2.75,2.74,,1.364,1.364,-1.0299999999999998
2022-12-08,4.25,3.81,3.52,3.01,2.77,2.8,2.74,,1.3582,1.3582,-1.0100000000000002
2022-12-09,4.25,3.85,3.56,3.07,2.83,2.87,2.81,,1.363,1.363,-0.98
2022-12-12,4.25,3.87,3.6,3.11,2.88,2.92,2.87,,1.3658,1.3658,-0.9500000000000002
2022-12-13,4.25,3.76,3.48,3.0,2.78,2.85,2.84,,1.3547,1.3547,-0.9099999999999997
2022-12-14,4.25,3.72,3.44,2.94,2.76,2.81,2.85,,1.3561,1.3561,-0.9100000000000001
2022-12-15,4.25,3.68,3.4,2.9,2.71,2.78,2.81,,1.364,1.364,-0.9000000000000004
2022-12-16,4.25,3.66,3.39,2.91,2.73,2.81,2.87,,1.3687,1.3687,-0.8500000000000001
2022-12-19,4.25,3.67,3.42,2.97,2.81,2.9,2.97,,1.3653,1.3653,-0.77
2022-12-20,4.25,3.71,3.48,3.07,2.92,3.01,3.04,,1.3621,1.3621,-0.7000000000000002
2022-12-21,4.25,3.72,3.48,3.07,2.92,3.02,3.04,,1.3612,1.3612,-0.7000000000000002
2022-12-22,4.25,3.82,3.57,3.15,3.0,3.08,3.09,,1.3656,1.3656,-0.7399999999999998
2022-12-23,4.25,3.93,3.68,3.25,3.1,3.17,3.16,,1.3603,1.3603,-0.7600000000000002
2022-12-26,4.25,,,,,,,,,,
2022-12-28,4.25,4.02,3.77,3.37,3.23,3.29,3.28,,1.3565,1.3565,-0.7299999999999995
2022-12-29,4.25,4.01,3.77,3.37,3.22,3.27,3.24,,1.3557,1.3557,-0.7399999999999998
2022-12-30,4.25,4.06,3.82,3.41,3.27,3.3,3.28,,1.3544,1.3544,-0.7599999999999998
2023-01-03,4.25,4.02,3.78,3.34,3.18,3.21,3.21,,1.3658,1.3658,-0.8099999999999996
2023-01-04,4.25,3.99,3.73,3.28,3.12,3.14,3.14,,1.3508,1.3508,-0.8500000000000001
2023-01-05,4.25,4.03,3.77,3.32,3.16,3.17,3.15,,1.3564,1.3564,-0.8600000000000003
2023-01-06,4.25,3.97,3.69,3.24,3.06,3.09,3.09,,1.3486,1.3486,-0.8800000000000003
2023-01-09,4.25,3.93,3.66,3.22,3.05,3.08,3.1,,1.3376,1.3376,-0.8500000000000001
2023-01-10,4.25,3.93,3.67,3.23,3.06,3.11,3.13,,1.3421,1.3421,-0.8200000000000003
2023-01-11,4.25,3.87,3.6,3.13,2.96,3.01,3.03,,1.3425,1.3425,-0.8600000000000003
2023-01-12,4.25,3.79,3.51,3.02,2.85,2.89,2.93,,1.3378,1.3378,-0.8999999999999999
2023-01-13,4.25,3.67,3.49,3.0,2.84,2.89,2.92,,1.3406,1.3406,-0.7799999999999998
2023-01-16,4.25,3.57,3.41,2.95,2.79,2.85,2.91,,1.3397,1.3397,-0.7199999999999998
2023-01-17,4.25,3.56,3.38,2.93,2.78,2.85,2.92,,1.339,1.339,-0.71
2023-01-18,4.25,3.47,3.24,2.8,2.65,2.72,2.84,,1.3439,1.3439,-0.75
2023-01-19,4.25,3.51,3.26,2.82,2.68,2.75,2.85,,1.3472,1.3472,-0.7599999999999998
2023-01-20,4.25,3.59,3.35,2.92,2.77,2.84,2.93,,1.3421,1.3421,-0.75
2023-01-23,4.25,3.66,3.41,2.97,2.82,2.88,2.99,,1.3382,1.3382,-0.7800000000000002
2023-01-24,4.25,3.64,3.37,2.93,2.78,2.84,2.97,,1.337,1.337,-0.8000000000000003
2023-01-25,4.25,3.56,3.3,2.88,2.73,2.79,2.91,,1.3393,1.3393,-0.77
2023-01-26,4.5,3.62,3.35,2.95,2.81,2.85,2.93,,1.3349,1.3349,-0.77
2023-01-27,4.5,3.68,3.42,3.01,2.86,2.89,2.95,,1.3314,1.3314,-0.79
2023-01-30,4.5,3.74,3.47,3.04,2.89,2.92,2.96,,1.3356,1.3356,-0.8200000000000003
2023-01-31,4.5,3.76,3.49,3.04,2.88,2.92,2.98,,1.335,1.335,-0.8399999999999999
2023-02-01,4.5,3.66,3.38,2.93,2.78,2.85,2.93,,1.3321,1.3321,-0.81
2023-02-02,4.5,3.66,3.38,2.92,2.77,2.83,2.93,,1.3312,1.3312,-0.8300000000000001
2023-02-03,4.5,3.81,3.54,3.05,2.89,2.93,3.0,,1.3391,1.3391,-0.8799999999999999
2023-02-06,4.5,3.94,3.64,3.17,3.01,3.04,3.08,,1.3442,1.3442,-0.8999999999999999
2023-02-07,4.5,3.96,3.65,3.2,3.04,3.08,3.12,,1.3435,1.3435,-0.8799999999999999
2023-02-08,4.5,3.92,3.61,3.16,2.99,3.02,3.07,,1.3429,1.3429,-0.8999999999999999
2023-02-09,4.5,3.98,3.67,3.2,3.04,3.06,3.1,,1.3427,1.3427,-0.9199999999999999
2023-02-10,4.5,4.09,3.76,3.31,3.14,3.15,3.17,,1.3362,1.3362,-0.94
2023-02-13,4.5,4.07,3.75,3.27,3.1,3.1,3.11,,1.3343,1.3343,-0.9700000000000002
2023-02-14,4.5,4.19,3.87,3.39,3.21,3.19,3.17,,1.3345,1.3345,-1.0000000000000004
2023-02-15,4.5,4.17,3.87,3.43,3.25,3.27,3.26,,1.3411,1.3411,-0.8999999999999999
2023-02-16,4.5,4.14,3.87,3.45,3.28,3.29,3.28,,1.3439,1.3439,-0.8499999999999996
2023-02-17,4.5,4.15,3.87,3.45,3.28,3.29,3.25,,1.3487,1.3487,-0.8600000000000003
2023-02-20,4.5,,,,,,,,,,
2023-02-21,4.5,4.23,3.96,3.58,3.42,3.43,3.33,,1.3516,1.3516,-0.8000000000000003
2023-02-22,4.5,4.2,3.94,3.54,3.37,3.37,3.3,,1.3542,1.3542,-0.8300000000000001
2023-02-23,4.5,4.2,3.94,3.5,3.33,3.32,3.25,,1.3549,1.3549,-0.8800000000000003
2023-02-24,4.5,4.28,4.02,3.59,3.4,3.39,3.28,,1.3622,1.3622,-0.8900000000000001
2023-02-27,4.5,4.26,3.99,3.57,3.39,3.37,3.26,,1.3573,1.3573,-0.8899999999999997
2023-02-28,4.5,4.21,3.94,3.52,3.34,3.33,3.2,,1.3609,1.3609,-0.8799999999999999
2023-03-01,4.5,4.27,4.01,3.59,3.44,3.41,3.25,,1.3612,1.3612,-0.8599999999999994
2023-03-02,4.5,4.3,4.04,3.66,3.49,3.48,3.33,,1.3614,1.3614,-0.8199999999999998
2023-03-03,4.5,4.22,3.97,3.55,3.35,3.34,3.19,,1.361,1.361,-0.8799999999999999
2023-03-06,4.5,4.25,4.0,3.58,3.38,3.36,3.22,,1.3615,1.3615,-0.8900000000000001
2023-03-07,4.5,4.32,4.06,3.57,3.35,3.32,3.17,,1.3717,1.3717,-1.0000000000000004
2023-03-08,4.5,4.29,4.02,3.5,3.29,3.25,3.11,,1.3785,1.3785,-1.04
2023-03-09,4.5,4.15,3.88,3.37,3.19,3.17,3.05,,1.379,1.379,-0.9800000000000004
2023-03-10,4.5,3.97,3.69,3.19,3.0,2.99,2.77,,1.3807,1.3807,-0.98
2023-03-13,4.5,3.54,3.31,2.9,2.73,2.76,2.8,,1.373,1.373,-0.7800000000000002
2023-03-14,4.5,3.72,3.48,3.01,2.85,2.87,2.79,,1.3677,1.3677,-0.8500000000000001
2023-03-15,4.5,3.5,3.28,2.85,2.73,2.77,2.88,,1.3778,1.3778,-0.73
2023-03-16,4.5,3.73,3.51,3.05,2.88,2.9,2.96,,1.3744,1.3744,-0.8300000000000001
2023-03-17,4.5,3.54,3.32,2.89,2.74,2.77,2.9,,1.3734,1.3734,-0.77
2023-03-20,4.5,3.62,3.39,2.96,2.78,2.81,2.93,,1.3674,1.3674,-0.81
2023-03-21,4.5,3.7,3.46,2.97,2.85,2.88,2.99,,1.3706,1.3706,-0.8200000000000003
2023-03-22,4.5,3.49,3.25,2.77,2.65,2.7,2.93,,1.3712,1.3712,-0.79
2023-03-23,4.5,3.43,3.22,2.75,2.67,2.74,2.93,,1.3671,1.3671,-0.69
2023-03-24,4.5,3.42,3.22,2.77,2.67,2.74,2.89,,1.3763,1.3763,-0.6799999999999997
2023-03-27,4.5,3.61,3.4,2.96,2.84,2.9,3.03,,1.3682,1.3682,-0.71
2023-03-28,4.5,3.69,3.48,3.0,2.88,2.93,3.04,,1.3626,1.3626,-0.7599999999999998
2023-03-29,4.5,3.75,3.53,3.05,2.9,2.93,3.04,,1.3576,1.3576,-0.8199999999999998
2023-03-30,4.5,3.76,3.53,3.06,2.9,2.93,3.03,,1.3533,1.3533,-0.8299999999999996
2023-03-31,4.5,3.74,3.51,3.02,2.86,2.9,3.02,,1.3533,1.3533,-0.8400000000000003
2023-04-03,4.5,3.65,3.42,2.94,2.79,2.84,2.96,,1.3438,1.3438,-0.81
2023-04-04,4.5,3.55,3.33,2.85,2.71,2.77,2.93,,1.3447,1.3447,-0.7799999999999998
2023-04-05,4.5,3.54,3.32,2.87,2.72,2.78,2.95,,1.3457,1.3457,-0.7600000000000002
2023-04-06,4.5,3.61,3.39,2.9,2.73,2.79,2.94,,1.3478,1.3478,-0.8199999999999998
2023-04-07,4.5,,,,,,,,,,
2023-04-10,4.5,3.76,3.53,3.04,2.84,2.89,2.99,,1.3527,1.3527,-0.8699999999999997
2023-04-11,4.5,3.78,3.56,3.06,2.87,2.91,2.99,,1.3483,1.3483,-0.8699999999999997
2023-04-12,4.5,3.78,3.55,3.04,2.85,2.88,3.0,,1.3447,1.3447,-0.8999999999999999
2023-04-13,4.5,3.81,3.59,3.11,2.93,2.96,3.07,,1.3359,1.3359,-0.8500000000000001
2023-04-14,4.5,3.81,3.69,3.21,3.0,3.03,3.13,,1.3362,1.3362,-0.7800000000000002
2023-04-17,4.5,3.88,3.75,3.26,3.06,3.08,3.16,,1.3398,1.3398,-0.7999999999999998
2023-04-18,4.5,3.86,3.73,3.23,3.03,3.05,3.14,,1.3387,1.3387,-0.81
2023-04-19,4.5,3.88,3.74,3.24,3.03,3.05,3.13,,1.3445,1.3445,-0.8300000000000001
2023-04-20,4.5,3.79,3.66,3.15,2.95,2.97,3.07,,1.3469,1.3469,-0.8199999999999998
2023-04-21,4.5,3.73,3.6,3.1,2.9,2.93,3.03,,1.3539,1.3539,-0.7999999999999998
2023-04-24,4.5,3.73,3.6,3.08,2.89,2.92,3.01,,1.3542,1.3542,-0.81
2023-04-25,4.5,3.57,3.44,2.92,2.75,2.79,2.92,,1.3623,1.3623,-0.7799999999999998
2023-04-26,4.5,3.62,3.48,2.98,2.81,2.85,2.97,,1.3625,1.3625,-0.77
2023-04-27,4.5,3.73,3.6,3.09,2.92,2.95,3.05,,1.3612,1.3612,-0.7799999999999998
2023-04-28,4.5,3.65,3.51,2.97,2.81,2.84,2.96,,1.3578,1.3578,-0.81
2023-05-01,4.5,3.78,3.63,3.1,2.95,2.98,3.07,,1.3546,1.3546,-0.7999999999999998
2023-05-02,4.5,3.63,3.48,2.95,2.78,2.82,2.96,,1.3618,1.3618,-0.81
2023-05-03,4.5,3.56,3.41,2.87,2.71,2.76,2.93,,1.3616,1.3616,-0.8000000000000003
2023-05-04,4.5,3.55,3.4,2.88,2.74,2.79,2.97,,1.3566,1.3566,-0.7599999999999998
2023-05-05,4.5,3.7,3.55,3.02,2.87,2.9,3.05,,1.3427,1.3427,-0.8000000000000003
2023-05-08,4.5,3.76,3.61,3.08,2.93,2.96,3.11,,1.3354,1.3354,-0.7999999999999998
2023-05-09,4.5,3.77,3.62,3.08,2.92,2.95,3.08,,1.339,1.339,-0.8199999999999998
2023-05-10,4.5,3.68,3.54,2.99,2.86,2.89,3.04,,1.3375,1.3375,-0.79
2023-05-11,4.5,3.65,3.5,2.94,2.79,2.82,2.97,,1.3477,1.3477,-0.8300000000000001
2023-05-12,4.5,3.73,3.57,3.0,2.86,2.87,2.97,,1.3534,1.3534,-0.8599999999999999
2023-05-15,4.5,3.8,3.64,3.08,2.94,2.95,3.03,,1.3487,1.3487,-0.8499999999999996
2023-05-16,4.5,3.95,3.79,3.21,3.05,3.05,3.09,,1.3456,1.3456,-0.9000000000000004
2023-05-17,4.5,4.04,3.86,3.29,3.11,3.09,3.1,,1.3463,1.3463,-0.9500000000000002
2023-05-18,4.5,4.08,3.73,3.36,3.19,3.18,3.16,,1.35,1.35,-0.8999999999999999
2023-05-19,4.5,3.99,3.64,3.29,3.11,3.11,3.15,,1.3503,1.3503,-0.8800000000000003
2023-05-22,4.5,,,,,,,,,,
2023-05-23,4.5,4.11,3.76,3.41,3.22,3.23,3.23,,1.3504,1.3504,-0.8800000000000003
2023-05-24,4.5,4.16,3.81,3.46,3.27,3.26,3.27,,1.3582,1.3582,-0.9000000000000004
2023-05-25,4.5,4.23,3.87,3.52,3.32,3.3,3.3,,1.3628,1.3628,-0.9300000000000006
2023-05-26,4.5,4.3,3.94,3.57,3.35,3.33,3.29,,1.3623,1.3623,-0.9699999999999998
2023-05-29,4.5,4.32,3.96,3.59,3.35,3.33,3.26,,1.3593,1.3593,-0.9900000000000002
2023-05-30,4.5,4.24,3.87,3.5,3.28,3.25,3.22,,1.3598,1.3598,-0.9900000000000002
2023-05-31,4.5,4.22,3.84,3.44,3.22,3.18,3.14,,1.3603,1.3603,-1.0399999999999996
2023-06-01,4.5,4.2,3.82,3.41,3.2,3.16,3.09,,1.3482,1.3482,-1.04
2023-06-02,4.5,4.29,3.9,3.49,3.27,3.23,3.16,,1.3435,1.3435,-1.06
2023-06-05,4.5,4.33,3.93,3.52,3.3,3.26,3.2,,1.3434,1.3434,-1.0700000000000003
2023-06-06,4.5,4.38,3.98,3.55,3.32,3.28,3.18,,1.3419,1.3419,-1.1
2023-06-07,4.5,4.6,4.18,3.73,3.5,3.44,3.28,,1.3376,1.3376,-1.1599999999999997
2023-06-08,4.75,4.53,4.12,3.7,3.46,3.4,3.27,,1.3358,1.3358,-1.1300000000000003
2023-06-09,4.75,4.49,4.08,3.68,3.43,3.38,3.25,,1.3341,1.3341,-1.1100000000000003
2023-06-12,4.75,4.45,4.05,3.64,3.4,3.34,3.23,,1.3366,1.3366,-1.1100000000000003
2023-06-13,4.75,4.56,4.17,3.76,3.52,3.47,3.33,,1.331,1.331,-1.0899999999999994
2023-06-14,4.75,4.55,4.15,3.72,3.46,3.41,3.27,,1.3297,1.3297,-1.1399999999999997
2023-06-15,4.75,4.49,4.08,3.64,3.39,3.33,3.21,,1.3252,1.3252,-1.1600000000000001
2023-06-16,4.75,4.56,4.14,3.68,3.43,3.35,3.19,,1.3198,1.3198,-1.2099999999999995
2023-06-19,4.75,4.62,4.2,3.75,3.49,3.41,3.25,,1.3206,1.3206,-1.21
2023-06-20,4.75,4.58,4.16,3.69,3.42,3.34,3.19,,1.3241,1.3241,-1.2400000000000002
2023-06-21,4.75,4.63,4.22,3.74,3.47,3.38,3.22,,1.3183,1.3183,-1.25
2023-06-22,4.75,4.74,4.33,3.84,3.55,3.45,3.29,,1.316,1.316,-1.29
2023-06-23,4.75,4.66,4.25,3.76,3.46,3.36,3.2,,1.3199,1.3199,-1.3000000000000003
2023-06-26,4.75,4.61,4.2,3.7,3.4,3.3,3.16,,1.3151,1.3151,-1.3100000000000005
2023-06-27,4.75,4.59,4.19,3.69,3.4,3.31,3.17,,1.3175,1.3175,-1.2799999999999998
2023-06-28,4.75,4.52,4.13,3.61,3.31,3.22,3.11,,1.3254,1.3254,-1.2999999999999994
2023-06-29,4.75,4.66,4.28,3.78,3.48,3.36,3.18,,1.3255,1.3255,-1.3000000000000003
2023-06-30,4.75,4.58,4.21,3.68,3.38,3.26,3.09,,1.324,1.324,-1.3200000000000003
2023-07-03,4.75,,,,,,,,,,
2023-07-04,4.75,4.63,4.26,3.74,3.44,3.32,3.12,,1.3219,1.3219,-1.31
2023-07-05,4.75,4.68,4.31,3.82,3.53,3.41,3.21,,1.3273,1.3273,-1.2699999999999996
2023-07-06,4.75,4.75,4.4,3.91,3.62,3.49,3.25,,1.3348,1.3348,-1.2599999999999998
2023-07-07,4.75,4.79,4.45,3.98,3.69,3.56,3.33,,1.3293,1.3293,-1.23
2023-07-10,4.75,4.74,4.41,3.91,3.64,3.51,3.31,,1.3284,1.3284,-1.2300000000000004
2023-07-11,4.75,4.8,4.46,3.95,3.66,3.53,3.33,,1.326,1.326,-1.27
2023-07-12,4.75,4.66,4.33,3.81,3.53,3.42,3.26,,1.3188,1.3188,-1.2400000000000002
2023-07-13,5.0,4.57,4.23,3.71,3.44,3.34,3.22,,1.3128,1.3128,-1.2300000000000004
2023-07-14,5.0,4.64,4.3,3.76,3.48,3.37,3.23,,1.3183,1.3183,-1.2699999999999996
2023-07-17,5.0,4.67,4.33,3.8,3.51,3.4,3.27,,1.3187,1.3187,-1.27
2023-07-18,5.0,4.64,4.29,3.76,3.48,3.38,3.26,,1.319,1.319,-1.2599999999999998
2023-07-19,5.0,4.63,4.27,3.74,3.46,3.35,3.2,,1.317,1.317,-1.2799999999999998
2023-07-20,5.0,4.62,4.39,3.86,3.58,3.48,3.32,,1.3171,1.3171,-1.1400000000000001
2023-07-21,5.0,4.58,4.33,3.81,3.52,3.41,3.26,,1.3212,1.3212,-1.17
2023-07-24,5.0,4.68,4.42,3.9,3.6,3.49,3.33,,1.3172,1.3172,-1.1899999999999995
2023-07-25,5.0,4.72,4.46,3.93,3.64,3.52,3.34,,1.3184,1.3184,-1.1999999999999997
2023-07-26,5.0,4.65,4.38,3.85,3.56,3.45,3.29,,1.322,1.322,-1.2000000000000002
2023-07-27,5.0,4.77,4.51,4.0,3.72,3.61,3.42,,1.3201,1.3201,-1.1599999999999997
2023-07-28,5.0,4.68,4.43,3.92,3.63,3.51,3.33,,1.3232,1.3232,-1.17
2023-07-31,5.0,4.67,4.41,3.9,3.61,3.49,3.29,,1.3177,1.3177,-1.1799999999999997
2023-08-01,5.0,4.72,4.46,3.98,3.71,3.6,3.41,,1.3291,1.3291,-1.1199999999999997
2023-08-02,5.0,4.69,4.43,3.97,3.71,3.61,3.44,,1.3335,1.3335,-1.0800000000000005
2023-08-03,5.0,4.72,4.47,4.04,3.8,3.71,3.58,,1.3351,1.3351,-1.0099999999999998
2023-08-04,5.0,4.57,4.33,3.87,3.63,3.55,3.45,,1.3355,1.3355,-1.0200000000000005
2023-08-07,5.0,,,,,,,,,,
2023-08-08,5.0,4.53,4.28,3.83,3.59,3.51,3.42,,1.3456,1.3456,-1.0200000000000005
2023-08-09,5.0,4.59,4.33,3.86,3.6,3.51,3.41,,1.3431,1.3431,-1.08
2023-08-10,5.0,4.63,4.37,3.93,3.68,3.59,3.47,,1.3409,1.3409,-1.04
2023-08-11,5.0,4.67,4.42,3.99,3.74,3.65,3.48,,1.3443,1.3443,-1.02
2023-08-14,5.0,4.72,4.47,4.03,3.77,3.68,3.52,,1.3461,1.3461,-1.0399999999999996
2023-08-15,5.0,4.78,4.53,4.1,3.84,3.74,3.58,,1.3482,1.3482,-1.04
2023-08-16,5.0,4.8,4.55,4.12,3.86,3.77,3.61,,1.3518,1.3518,-1.0299999999999998
2023-08-17,5.0,4.78,4.54,4.13,3.87,3.78,3.59,,1.3524,1.3524,-1.0000000000000004
2023-08-18,5.0,4.76,4.51,4.08,3.81,3.71,3.53,,1.3552,1.3552,-1.0499999999999998
2023-08-21,5.0,4.79,4.54,4.14,3.87,3.77,3.59,,1.3543,1.3543,-1.02
2023-08-22,5.0,4.83,4.58,4.18,3.91,3.81,3.61,,1.3549,1.3549,-1.02
2023-08-23,5.0,4.7,4.45,4.02,3.74,3.63,3.47,,1.3552,1.3552,-1.0700000000000003
2023-08-24,5.0,4.76,4.51,4.08,3.8,3.69,3.51,,1.3565,1.3565,-1.0699999999999998
2023-08-25,5.0,4.78,4.53,4.04,3.82,3.7,3.5,,1.3606,1.3606,-1.08
2023-08-28,5.0,4.78,4.53,4.02,3.79,3.67,3.48,,1.3596,1.3596,-1.1100000000000003
2023-08-29,5.0,4.68,4.43,3.92,3.7,3.58,3.41,,1.3593,1.3593,-1.0999999999999996
2023-08-30,5.0,4.65,4.4,3.9,3.68,3.57,3.41,,1.3535,1.3535,-1.0800000000000005
2023-08-31,5.0,4.64,4.4,3.89,3.67,3.56,3.38,,1.3531,1.3531,-1.0799999999999996
2023-09-01,5.0,4.55,4.31,3.83,3.64,3.56,3.41,,1.358,1.358,-0.9899999999999998
2023-09-04,5.0,,,,,,,,,,
2023-09-05,5.0,4.66,4.42,3.94,3.75,3.69,3.52,,1.3627,1.3627,-0.9700000000000002
2023-09-06,5.0,4.68,4.44,3.97,3.77,3.68,3.5,,1.3654,1.3654,-0.9999999999999996
2023-09-07,5.0,4.62,4.36,3.92,3.74,3.65,3.48,,1.3674,1.3674,-0.9700000000000002
2023-09-08,5.0,4.66,4.41,3.96,3.77,3.67,3.48,,1.3632,1.3632,-0.9900000000000002
2023-09-11,5.0,4.67,4.42,3.96,3.78,3.69,3.51,,1.3581,1.3581,-0.98
2023-09-12,5.0,4.7,4.44,3.97,3.78,3.69,3.51,,1.356,1.356,-1.0100000000000002
2023-09-13,5.0,4.69,4.43,3.96,3.77,3.68,3.52,,1.3551,1.3551,-1.0100000000000002
2023-09-14,5.0,4.69,4.43,3.96,3.78,3.69,3.53,,1.3515,1.3515,-1.0000000000000004
2023-09-15,5.0,4.73,4.47,4.02,3.83,3.74,3.56,,1.3526,1.3526,-0.9900000000000002
2023-09-18,5.0,4.77,4.51,4.04,3.85,3.75,3.56,,1.3491,1.3491,-1.0199999999999996
2023-09-19,5.0,4.91,4.65,4.18,3.98,3.86,3.63,,1.3426,1.3426,-1.0500000000000003
2023-09-20,5.0,4.95,4.68,4.2,4.0,3.88,3.63,,1.3423,1.3423,-1.0700000000000003
2023-09-21,5.0,4.95,4.7,4.25,4.06,3.95,3.72,,1.3486,1.3486,-1.0
2023-09-22,5.0,4.92,4.66,4.21,4.02,3.91,3.69,,1.3464,1.3464,-1.0099999999999998
2023-09-25,5.0,4.94,4.69,4.28,4.12,4.02,3.8,,1.3471,1.3471,-0.9200000000000008
2023-09-26,5.0,4.93,4.68,4.28,4.12,4.03,3.81,,1.3509,1.3509,-0.8999999999999995
2023-09-27,5.0,4.96,4.72,4.33,4.18,4.09,3.87,,1.3515,1.3515,-0.8700000000000001
2023-09-28,5.0,4.91,4.68,4.3,4.15,4.06,3.86,,1.3493,1.3493,-0.8500000000000005
2023-09-29,5.0,4.87,4.64,4.25,4.11,4.03,3.81,,1.352,1.352,-0.8399999999999999
2023-10-02,5.0,,,,,,,,,,
2023-10-03,5.0,4.97,4.76,4.42,4.32,4.26,3.99,,1.3711,1.3711,-0.71
2023-10-04,5.0,4.9,4.69,4.33,4.21,4.14,3.91,,1.3743,1.3743,-0.7600000000000007
2023-10-05,5.0,4.79,4.65,4.29,4.18,4.13,3.9,,1.3733,1.3733,-0.6600000000000001
2023-10-06,5.0,4.85,4.71,4.31,4.2,4.15,3.9,,1.3683,1.3683,-0.6999999999999993
2023-10-09,5.0,,,,,,,,,,
2023-10-10,5.0,4.72,4.58,4.17,4.06,3.99,3.76,,1.3591,1.3591,-0.7299999999999995
2023-10-11,5.0,4.75,4.6,4.15,4.02,3.93,3.68,,1.3603,1.3603,-0.8199999999999998
2023-10-12,5.0,4.82,4.68,4.24,4.12,4.04,3.79,,1.3657,1.3657,-0.7800000000000002
2023-10-13,5.0,4.85,4.7,4.21,4.07,3.97,3.7,,1.3661,1.3661,-0.8799999999999994
2023-10-16,5.0,4.89,4.74,4.27,4.14,4.03,3.74,,1.3619,1.3619,-0.8599999999999994
2023-10-17,5.0,4.89,4.75,4.3,4.16,4.07,3.76,,1.3647,1.3647,-0.8199999999999994
2023-10-18,5.0,4.9,4.77,4.32,4.19,4.1,3.79,,1.3685,1.3685,-0.8000000000000007
2023-10-19,5.0,4.88,4.75,4.34,4.24,4.18,3.93,,1.3715,1.3715,-0.7000000000000002
2023-10-20,5.0,4.79,4.66,4.25,4.16,4.08,3.87,,1.3695,1.3695,-0.71
2023-10-23,5.0,4.72,4.59,4.18,4.1,4.01,3.77,,1.3693,1.3693,-0.71
2023-10-24,5.0,4.7,4.57,4.17,4.09,4.01,3.75,,1.3731,1.3731,-0.6900000000000004
2023-10-25,5.0,4.73,4.6,4.23,4.16,4.11,3.88,,1.3782,1.3782,-0.6200000000000001
2023-10-26,5.0,4.64,4.51,4.12,4.06,4.0,3.76,,1.3825,1.3825,-0.6399999999999997
2023-10-27,5.0,4.58,4.45,4.05,4.01,3.97,3.73,,1.3857,1.3857,-0.6099999999999999
2023-10-30,5.0,4.65,4.52,4.11,4.06,4.02,3.81,,1.3833,1.3833,-0.6300000000000008
2023-10-31,5.0,4.63,4.5,4.12,4.06,4.05,3.85,,1.3871,1.3871,-0.5800000000000001
2023-11-01,5.0,4.53,4.39,3.98,3.93,3.92,3.74,,1.3875,1.3875,-0.6100000000000003
2023-11-02,5.0,4.55,4.41,3.94,3.89,3.85,3.64,,1.3778,1.3778,-0.6999999999999997
2023-11-03,5.0,4.38,4.23,3.78,3.75,3.74,3.56,,1.3683,1.3683,-0.6399999999999997
2023-11-06,5.0,4.45,4.3,3.87,3.84,3.81,3.61,,1.3676,1.3676,-0.6400000000000001
2023-11-07,5.0,4.44,4.28,3.83,3.78,3.76,3.56,,1.376,1.376,-0.6800000000000006
2023-11-08,5.0,4.47,4.3,3.81,3.76,3.71,3.5,,1.3797,1.3797,-0.7599999999999998
2023-11-09,5.0,4.57,4.41,3.94,3.88,3.85,3.64,,1.3781,1.3781,-0.7200000000000002
2023-11-10,5.0,4.56,4.4,3.94,3.88,3.83,3.61,,1.3819,1.3819,-0.7299999999999995
2023-11-13,5.0,,,,,,,,,,
2023-11-14,5.0,4.39,4.22,3.76,3.71,3.67,3.5,,1.3725,1.3725,-0.7199999999999998
2023-11-15,5.0,4.51,4.35,3.88,3.82,3.75,3.55,,1.3675,1.3675,-0.7599999999999998
2023-11-16,5.0,4.45,4.28,3.81,3.74,3.69,3.51,,1.375,1.375,-0.7600000000000002
2023-11-17,5.0,4.47,4.3,3.82,3.75,3.68,3.49,,1.3722,1.3722,-0.7899999999999996
2023-11-20,5.0,4.41,4.25,3.78,3.7,3.65,3.47,,1.3726,1.3726,-0.7600000000000002
2023-11-21,5.0,4.39,4.22,3.75,3.68,3.65,3.46,,1.3698,1.3698,-0.7399999999999998
2023-11-22,5.0,4.4,4.23,3.76,3.69,3.65,3.47,,1.3723,1.3723,-0.7500000000000004
2023-11-23,5.0,4.43,4.26,3.82,3.74,3.71,3.52,,1.3699,1.3699,-0.7199999999999998
2023-11-24,5.0,4.45,4.28,3.83,3.75,3.72,3.5,,1.3623,1.3623,-0.73
2023-11-27,5.0,4.4,4.23,3.76,3.68,3.64,3.41,,1.3635,1.3635,-0.7600000000000002
2023-11-28,5.0,4.29,4.12,3.67,3.6,3.58,3.38,,1.3581,1.3581,-0.71
2023-11-29,5.0,4.17,4.0,3.6,3.53,3.51,3.34,,1.359,1.359,-0.6600000000000001
2023-11-30,5.0,4.2,4.03,3.64,3.57,3.56,3.36,,1.3582,1.3582,-0.6400000000000001
2023-12-01,5.0,4.07,3.9,3.5,3.45,3.43,3.23,,1.3507,1.3507,-0.6400000000000001
2023-12-04,5.0,4.12,3.95,3.54,3.48,3.46,3.26,,1.3541,1.3541,-0.6600000000000001
2023-12-05,5.0,4.07,3.89,3.44,3.38,3.34,3.16,,1.3579,1.3579,-0.7300000000000004
2023-12-06,5.0,4.07,3.89,3.4,3.33,3.3,3.11,,1.3574,1.3574,-0.7700000000000005
2023-12-07,5.0,4.05,3.88,3.39,3.32,3.3,3.13,,1.3597,1.3597,-0.75
2023-12-08,5.0,4.15,3.97,3.49,3.41,3.37,3.18,,1.3588,1.3588,-0.7800000000000002
2023-12-11,5.0,4.19,4.02,3.53,3.45,3.41,3.21,,1.357,1.357,-0.7800000000000002
2023-12-12,5.0,4.22,4.04,3.53,3.44,3.4,3.2,,1.3599,1.3599,-0.8199999999999998
2023-12-13,5.0,3.97,3.79,3.33,3.25,3.24,3.09,,1.3561,1.3561,-0.73
2023-12-14,5.0,3.91,3.73,3.24,3.17,3.14,2.97,,1.3419,1.3419,-0.77
2023-12-15,5.0,3.94,3.76,3.24,3.16,3.11,2.91,,1.3378,1.3378,-0.8300000000000001
2023-12-18,5.0,3.99,3.8,3.29,3.21,3.17,2.97,,1.3387,1.3387,-0.8200000000000003
2023-12-19,5.0,3.99,3.8,3.26,3.18,3.13,2.94,,1.3344,1.3344,-0.8600000000000003
2023-12-20,5.0,3.91,3.71,3.18,3.1,3.06,2.9,,1.3331,1.3331,-0.8500000000000001
2023-12-21,5.0,3.94,3.73,3.23,3.14,3.11,2.97,,1.3311,1.3311,-0.8300000000000001
2023-12-22,5.0,3.99,3.78,3.3,3.22,3.21,3.06,,1.3258,1.3258,-0.7800000000000002
2023-12-25,5.0,,,,,,,,,,
2023-12-26,5.0,,,,,,,,,,
2023-12-27,5.0,3.91,3.7,3.18,3.1,3.06,2.96,,1.3205,1.3205,-0.8500000000000001
2023-12-28,5.0,3.92,3.71,3.2,3.12,3.11,3.01,,1.3212,1.3212,-0.81
2023-12-29,5.0,3.88,3.67,3.17,3.09,3.1,3.02,,1.3226,1.3226,-0.7799999999999998
2024-01-01,5.0,,,,,,,,,,
2024-01-02,5.0,3.96,3.74,3.25,3.18,3.18,3.1,,1.3316,1.3316,-0.7799999999999998
2024-01-03,5.0,3.96,3.75,3.24,3.16,3.14,3.07,,1.3356,1.3356,-0.8199999999999998
2024-01-04,5.0,4.04,3.82,3.33,3.25,3.23,3.14,,1.3354,1.3354,-0.81
2024-01-05,5.0,4.06,3.83,3.36,3.28,3.26,3.19,,1.3347,1.3347,-0.7999999999999998
2024-01-08,5.0,4.03,3.8,3.33,3.24,3.22,3.14,,1.3372,1.3372,-0.81
2024-01-09,5.0,4.01,3.79,3.32,3.24,3.22,3.13,,1.3391,1.3391,-0.7899999999999996
2024-01-10,5.0,4.04,3.81,3.36,3.28,3.27,3.18,,1.3382,1.3382,-0.77
2024-01-11,5.0,3.99,3.76,3.31,3.23,3.25,3.18,,1.3409,1.3409,-0.7400000000000002
2024-01-12,5.0,3.79,3.57,3.28,3.21,3.22,3.19,,1.3387,1.3387,-0.5699999999999998
2024-01-15,5.0,3.79,3.57,3.27,3.2,3.22,3.18,,1.3436,1.3436,-0.5699999999999998
2024-01-16,5.0,3.91,3.69,3.4,3.32,3.36,3.31,,1.3483,1.3483,-0.5500000000000003
2024-01-17,5.0,4.04,3.82,3.51,3.42,3.44,3.37,,1.3522,1.3522,-0.6000000000000001
2024-01-18,5.0,4.05,3.83,3.54,3.46,3.49,3.42,,1.3505,1.3505,-0.5599999999999996
2024-01-19,5.0,4.09,3.86,3.57,3.48,3.5,3.43,,1.3462,1.3462,-0.5899999999999999
2024-01-22,5.0,4.07,3.84,3.52,3.43,3.45,3.39,,1.3454,1.3454,-0.6200000000000001
2024-01-23,5.0,4.06,3.83,3.53,3.44,3.47,3.41,,1.3478,1.3478,-0.5899999999999994
2024-01-24,5.0,4.02,3.8,3.55,3.46,3.49,3.46,,1.3484,1.3484,-0.5299999999999994
2024-01-25,5.0,4.01,3.79,3.52,3.44,3.48,3.45,,1.3496,1.3496,-0.5299999999999998
2024-01-26,5.0,4.06,3.84,3.58,3.48,3.52,3.48,,1.3449,1.3449,-0.5399999999999996
2024-01-29,5.0,4.02,3.8,3.51,3.42,3.45,3.39,,1.3442,1.3442,-0.5699999999999994
2024-01-30,5.0,4.04,3.82,3.49,3.38,3.41,3.32,,1.3417,1.3417,-0.6299999999999999
2024-01-31,5.0,4.0,3.77,3.43,3.32,3.35,3.27,,1.3397,1.3397,-0.6499999999999999
2024-02-01,5.0,3.93,3.7,3.34,3.23,3.25,3.2,,1.3404,1.3404,-0.6800000000000002
2024-02-02,5.0,4.06,3.84,3.48,3.36,3.38,3.29,,1.3454,1.3454,-0.6799999999999997
2024-02-05,5.0,4.15,3.93,3.6,3.48,3.5,3.38,,1.3527,1.3527,-0.6500000000000004
2024-02-06,5.0,4.07,3.85,3.52,3.4,3.42,3.32,,1.3506,1.3506,-0.6500000000000004
2024-02-07,5.0,4.12,3.9,3.57,3.45,3.47,3.37,,1.3469,1.3469,-0.6499999999999999
2024-02-08,5.0,4.19,3.97,3.66,3.54,3.56,3.44,,1.3467,1.3467,-0.6300000000000003
2024-02-09,5.0,4.2,3.99,3.65,3.53,3.54,3.41,,1.3458,1.3458,-0.6600000000000001
2024-02-12,5.0,4.24,4.01,3.69,3.57,3.57,3.43,,1.345,1.345,-0.6700000000000004
2024-02-13,5.0,4.35,4.13,3.8,3.66,3.65,3.47,,1.3556,1.3556,-0.6999999999999997
2024-02-14,5.0,4.25,4.02,3.69,3.55,3.55,3.42,,1.355,1.355,-0.7000000000000002
2024-02-15,5.0,4.24,4.01,3.67,3.54,3.54,3.41,,1.3493,1.3493,-0.7000000000000002
2024-02-16,5.0,4.29,4.05,3.67,3.59,3.58,3.43,,1.3484,1.3484,-0.71
2024-02-19,5.0,,,,,,,,,,
2024-02-20,5.0,4.16,3.92,3.58,3.5,3.5,3.38,,1.3518,1.3518,-0.6600000000000001
2024-02-21,5.0,4.18,3.95,3.61,3.53,3.54,3.42,,1.3512,1.3512,-0.6399999999999997
2024-02-22,5.0,4.22,3.97,3.61,3.53,3.53,3.4,,1.3494,1.3494,-0.69
2024-02-23,5.0,4.17,3.93,3.55,3.46,3.46,3.32,,1.3494,1.3494,-0.71
2024-02-26,5.0,4.2,3.96,3.57,3.49,3.49,3.34,,1.3515,1.3515,-0.71
2024-02-27,5.0,4.23,3.98,3.63,3.55,3.55,3.41,,1.3521,1.3521,-0.6800000000000006
2024-02-28,5.0,4.19,3.95,3.6,3.52,3.52,3.4,,1.3574,1.3574,-0.6700000000000004
2024-02-29,5.0,4.18,3.93,3.57,3.49,3.48,3.35,,1.357,1.357,-0.6999999999999997
2024-03-01,5.0,4.1,3.85,3.5,3.42,3.43,3.32,,1.3564,1.3564,-0.6699999999999995
2024-03-04,5.0,4.13,3.88,3.52,3.45,3.45,3.34,,1.3572,1.3572,-0.6799999999999997
2024-03-05,5.0,4.04,3.8,3.43,3.35,3.36,3.25,,1.3582,1.3582,-0.6800000000000002
2024-03-06,5.0,4.07,3.82,3.43,3.35,3.34,3.23,,1.3528,1.3528,-0.7300000000000004
2024-03-07,5.0,4.08,3.83,3.44,3.36,3.35,3.25,,1.3474,1.3474,-0.73
2024-03-08,5.0,4.03,3.79,3.4,3.32,3.33,3.24,,1.3471,1.3471,-0.7000000000000002
2024-03-11,5.0,4.06,3.81,3.42,3.34,3.34,3.27,,1.3491,1.3491,-0.7199999999999998
2024-03-12,5.0,4.11,3.87,3.47,3.38,3.39,3.3,,1.3499,1.3499,-0.7200000000000002
2024-03-13,5.0,4.14,3.89,3.5,3.41,3.42,3.33,,1.3472,1.3472,-0.7199999999999998
2024-03-14,5.0,4.22,3.97,3.6,3.51,3.52,3.4,,1.3512,1.3512,-0.6999999999999997
2024-03-15,5.0,4.25,4.0,3.62,3.53,3.54,3.4,,1.3533,1.3533,-0.71
2024-03-18,5.0,4.29,4.04,3.67,3.58,3.6,3.46,,1.3541,1.3541,-0.69
2024-03-19,5.0,4.18,3.92,3.57,3.49,3.52,3.42,,1.3581,1.3581,-0.6599999999999997
2024-03-20,5.0,4.12,3.86,3.52,3.44,3.48,3.4,,1.3559,1.3559,-0.6400000000000001
2024-03-21,5.0,4.15,3.9,3.55,3.47,3.51,3.43,,1.3525,1.3525,-0.6400000000000006
2024-03-22,5.0,4.1,3.85,3.48,3.4,3.44,3.37,,1.3593,1.3593,-0.6599999999999997
2024-03-25,5.0,4.13,3.87,3.51,3.44,3.48,3.4,,1.3583,1.3583,-0.6499999999999999
2024-03-26,5.0,4.16,3.9,3.53,3.45,3.49,3.4,,1.3572,1.3572,-0.6699999999999999
2024-03-27,5.0,4.13,3.87,3.5,3.41,3.44,3.35,,1.3587,1.3587,-0.69
2024-03-28,5.0,4.17,3.91,3.51,3.45,3.45,3.34,,1.355,1.355,-0.7199999999999998
2024-03-29,5.0,,,,,,,,,,
2024-04-01,5.0,4.27,4.0,3.64,3.59,3.59,3.48,,1.3574,1.3574,-0.6799999999999997
2024-04-02,5.0,4.24,3.98,3.64,3.6,3.61,3.5,,1.3572,1.3572,-0.6300000000000003
2024-04-03,5.0,4.22,3.97,3.62,3.58,3.59,3.5,,1.3537,1.3537,-0.6299999999999999
2024-04-04,5.0,4.19,3.93,3.58,3.53,3.54,3.46,,1.3504,1.3504,-0.6500000000000004
2024-04-05,5.0,4.21,3.97,3.62,3.57,3.58,3.5,,1.3598,1.3598,-0.6299999999999999
2024-04-08,5.0,4.23,3.99,3.65,3.6,3.61,3.53,,1.3582,1.3582,-0.6200000000000006
2024-04-09,5.0,4.2,3.96,3.59,3.54,3.55,3.47,,1.3578,1.3578,-0.6500000000000004
2024-04-10,5.0,4.35,4.11,3.74,3.68,3.69,3.57,,1.3671,1.3671,-0.6599999999999997
2024-04-11,5.0,4.24,4.11,3.77,3.71,3.72,3.6,,1.3692,1.3692,-0.52
2024-04-12,5.0,4.17,4.03,3.69,3.62,3.64,3.54,,1.3766,1.3766,-0.5299999999999998
2024-04-15,5.0,4.23,4.11,3.77,3.72,3.74,3.63,,1.3764,1.3764,-0.4900000000000002
2024-04-16,5.0,4.21,4.09,3.76,3.7,3.73,3.65,,1.3821,1.3821,-0.48
2024-04-17,5.0,4.19,4.07,3.73,3.67,3.69,3.61,,1.3794,1.3794,-0.5000000000000004
2024-04-18,5.0,4.24,4.12,3.79,3.72,3.75,3.66,,1.3764,1.3764,-0.4900000000000002
2024-04-19,5.0,4.24,4.11,3.77,3.71,3.73,3.64,,1.3748,1.3748,-0.5100000000000002
2024-04-22,5.0,4.25,4.13,3.79,3.73,3.75,3.66,,1.3715,1.3715,-0.5
2024-04-23,5.0,4.26,4.14,3.79,3.74,3.76,3.66,,1.3673,1.3673,-0.5
2024-04-24,5.0,4.27,4.16,3.82,3.77,3.79,3.7,,1.3709,1.3709,-0.47999999999999954
2024-04-25,5.0,4.34,4.22,3.89,3.84,3.85,3.73,,1.3689,1.3689,-0.48999999999999977
2024-04-26,5.0,4.33,4.21,3.86,3.81,3.82,3.7,,1.3668,1.3668,-0.5100000000000002
2024-04-29,5.0,4.3,4.18,3.81,3.74,3.76,3.63,,1.3658,1.3658,-0.54
2024-04-30,5.0,4.34,4.23,3.87,3.81,3.82,3.68,,1.3746,1.3746,-0.52
2024-05-01,5.0,4.3,4.18,3.81,3.76,3.76,3.63,,1.3759,1.3759,-0.54
2024-05-02,5.0,4.24,4.12,3.76,3.71,3.72,3.62,,1.3698,1.3698,-0.52
2024-05-03,5.0,4.16,4.04,3.67,3.63,3.65,3.55,,1.3672,1.3672,-0.5100000000000002
2024-05-06,5.0,4.15,4.03,3.65,3.6,3.61,3.5,,1.3661,1.3661,-0.5400000000000005
2024-05-07,5.0,4.15,4.03,3.63,3.57,3.57,3.46,,1.3705,1.3705,-0.5800000000000005
2024-05-08,5.0,4.19,4.06,3.68,3.62,3.63,3.51,,1.3734,1.3734,-0.5600000000000005
2024-05-09,5.0,4.2,4.07,3.68,3.62,3.62,3.5,,1.3692,1.3692,-0.5800000000000001
2024-05-10,5.0,4.29,4.16,3.77,3.7,3.69,3.55,,1.3665,1.3665,-0.6000000000000001
2024-05-13,5.0,4.29,4.16,3.76,3.69,3.68,3.53,,1.3672,1.3672,-0.6099999999999999
2024-05-14,5.0,4.27,4.13,3.76,3.7,3.68,3.53,,1.3653,1.3653,-0.5899999999999994
2024-05-15,5.0,4.18,4.03,3.64,3.58,3.57,3.44,,1.3615,1.3615,-0.6099999999999999
2024-05-16,5.0,4.19,4.05,3.64,3.58,3.56,3.43,,1.362,1.362,-0.6300000000000003
2024-05-17,5.0,4.23,4.09,3.69,3.63,3.62,3.48,,1.3615,1.3615,-0.6100000000000003
2024-05-20,5.0,,,,,,,,,,
2024-05-21,5.0,4.16,4.02,3.63,3.58,3.57,3.45,,1.3649,1.3649,-0.5900000000000003
2024-05-22,5.0,4.19,4.05,3.66,3.6,3.59,3.46,,1.3674,1.3674,-0.6000000000000005
2024-05-23,5.0,4.21,4.07,3.68,3.63,3.62,3.49,,1.3702,1.3702,-0.5899999999999999
2024-05-24,5.0,4.24,4.1,3.68,3.63,3.6,3.47,,1.3673,1.3673,-0.6400000000000001
2024-05-27,5.0,4.26,4.12,3.71,3.65,3.62,3.48,,1.3636,1.3636,-0.6399999999999997
2024-05-28,5.0,4.28,4.15,3.76,3.72,3.69,3.55,,1.3638,1.3638,-0.5900000000000003
2024-05-29,5.0,4.31,4.18,3.81,3.77,3.75,3.61,,1.37,1.37,-0.5599999999999996
2024-05-30,5.0,4.26,4.13,3.76,3.72,3.7,3.54,,1.3678,1.3678,-0.5599999999999996
2024-05-31,5.0,4.17,4.04,3.67,3.63,3.62,3.47,,1.3637,1.3637,-0.5499999999999998
2024-06-03,5.0,4.11,3.98,3.58,3.53,3.52,3.35,,1.3635,1.3635,-0.5900000000000003
2024-06-04,5.0,4.05,3.91,3.5,3.44,3.44,3.31,,1.3681,1.3681,-0.6099999999999999
2024-06-05,5.0,3.93,3.79,3.41,3.37,3.38,3.28,,1.3696,1.3696,-0.5500000000000003
2024-06-06,4.75,3.93,3.8,3.43,3.38,3.39,3.31,,1.3686,1.3686,-0.54
2024-06-07,4.75,3.99,3.86,3.5,3.45,3.46,3.38,,1.374,1.374,-0.5300000000000002
2024-06-10,4.75,3.99,3.86,3.52,3.48,3.5,3.42,,1.3765,1.3765,-0.4900000000000002
2024-06-11,4.75,3.97,3.84,3.49,3.45,3.47,3.4,,1.3767,1.3767,-0.5
2024-06-12,4.75,3.91,3.77,3.41,3.36,3.39,3.34,,1.37,1.37,-0.52
2024-06-13,4.75,3.86,3.71,3.34,3.29,3.32,3.26,,1.3746,1.3746,-0.54
2024-06-14,4.75,3.83,3.69,3.31,3.25,3.28,3.21,,1.3751,1.3751,-0.5500000000000003
2024-06-17,4.75,3.87,3.73,3.34,3.28,3.31,3.23,,1.3743,1.3743,-0.56
2024-06-18,4.75,3.82,3.67,3.28,3.23,3.26,3.19,,1.3723,1.3723,-0.56
2024-06-19,4.75,3.85,3.7,3.31,3.26,3.29,3.21,,1.3709,1.3709,-0.56
2024-06-20,4.75,3.89,3.74,3.36,3.32,3.33,3.25,,1.3698,1.3698,-0.56
2024-06-21,4.75,3.9,3.75,3.36,3.32,3.34,3.26,,1.3702,1.3702,-0.56
2024-06-24,4.75,3.91,3.77,3.37,3.33,3.34,3.26,,1.3663,1.3663,-0.5700000000000003
2024-06-25,4.75,3.97,3.82,3.41,3.37,3.37,3.26,,1.3659,1.3659,-0.6000000000000001
2024-06-26,4.75,4.04,3.88,3.51,3.48,3.47,3.35,,1.3696,1.3696,-0.5699999999999998
2024-06-27,4.75,4.02,3.86,3.51,3.47,3.47,3.36,,1.369,1.369,-0.5499999999999994
2024-06-28,4.75,3.99,3.83,3.51,3.49,3.5,3.39,,1.3687,1.3687,-0.4900000000000002
2024-07-01,4.75,,,,,,,,,,
2024-07-02,4.75,4.05,3.9,3.6,3.59,3.61,3.5,,1.3697,1.3697,-0.43999999999999995
2024-07-03,4.75,4.03,3.87,3.57,3.55,3.57,3.47,,1.3637,1.3637,-0.4600000000000004
2024-07-04,4.75,4.04,3.88,3.6,3.59,3.6,3.5,,1.3613,1.3613,-0.43999999999999995
2024-07-05,4.75,3.94,3.78,3.49,3.47,3.5,3.43,,1.3633,1.3633,-0.43999999999999995
2024-07-08,4.75,3.93,3.77,3.46,3.44,3.47,3.4,,1.3634,1.3634,-0.45999999999999996
2024-07-09,4.75,3.93,3.76,3.47,3.46,3.49,3.42,,1.3638,1.3638,-0.43999999999999995
2024-07-10,4.75,3.92,3.75,3.46,3.44,3.47,3.4,,1.362,1.362,-0.44999999999999973
2024-07-11,4.75,3.85,3.68,3.4,3.39,3.43,3.38,,1.3624,1.3624,-0.41999999999999993
2024-07-12,4.75,3.82,3.65,3.37,3.36,3.4,3.36,,1.3628,1.3628,-0.41999999999999993
2024-07-15,4.75,3.8,3.62,3.36,3.35,3.41,3.4,,1.3664,1.3664,-0.3899999999999997
2024-07-16,4.75,3.77,3.6,3.32,3.31,3.35,3.34,,1.3686,1.3686,-0.41999999999999993
2024-07-17,4.75,3.79,3.61,3.31,3.3,3.34,3.32,,1.3685,1.3685,-0.4500000000000002
2024-07-18,4.75,3.7,3.62,3.34,3.33,3.37,3.34,,1.3696,1.3696,-0.33000000000000007
2024-07-19,4.75,3.72,3.64,3.35,3.35,3.39,3.38,,1.3727,1.3727,-0.33000000000000007
2024-07-22,4.75,3.74,3.67,3.37,3.36,3.41,3.4,,1.3755,1.3755,-0.33000000000000007
2024-07-23,4.75,3.7,3.62,3.33,3.34,3.39,3.39,,1.3768,1.3768,-0.31000000000000005
2024-07-24,4.75,3.63,3.56,3.3,3.32,3.39,3.42,,1.3794,1.3794,-0.23999999999999977
2024-07-25,4.5,3.63,3.54,3.29,3.3,3.37,3.41,,1.3819,1.3819,-0.2599999999999998
2024-07-26,4.5,3.6,3.5,3.23,3.25,3.32,3.37,,1.383,1.383,-0.28000000000000025
2024-07-29,4.5,3.57,3.46,3.2,3.21,3.28,3.33,,1.3852,1.3852,-0.29000000000000004
2024-07-30,4.5,3.5,3.4,3.16,3.17,3.23,3.28,,1.3851,1.3851,-0.27
2024-07-31,4.5,3.46,3.35,3.09,3.11,3.18,3.22,,1.3809,1.3809,-0.2799999999999998
2024-08-01,4.5,3.36,3.26,3.02,3.04,3.11,3.17,,1.3846,1.3846,-0.25
2024-08-02,4.5,3.18,3.08,2.89,2.91,3.0,3.09,,1.3858,1.3858,-0.18000000000000016
2024-08-05,4.5,,,,,,,,,,
2024-08-06,4.5,3.27,3.17,3.0,3.03,3.12,3.19,,1.3794,1.3794,-0.1499999999999999
2024-08-07,4.5,3.31,3.2,3.03,3.06,3.15,3.23,,1.3739,1.3739,-0.16000000000000014
2024-08-08,4.5,3.35,3.25,3.07,3.1,3.18,3.24,,1.3743,1.3743,-0.16999999999999993
2024-08-09,4.5,3.33,3.23,3.02,3.04,3.11,3.18,,1.3732,1.3732,-0.2200000000000002
2024-08-12,4.5,3.3,3.2,2.98,3.01,3.08,3.16,,1.3738,1.3738,-0.21999999999999975
2024-08-13,4.5,3.24,3.13,2.92,2.95,3.03,3.13,,1.3723,1.3723,-0.2100000000000004
2024-08-14,4.5,3.23,3.13,2.91,2.94,3.01,3.1,,1.3711,1.3711,-0.2200000000000002
2024-08-15,4.5,3.31,3.21,2.98,3.0,3.07,3.15,,1.3715,1.3715,-0.2400000000000002
2024-08-16,4.5,3.31,3.21,2.98,2.99,3.06,3.14,,1.3707,1.3707,-0.25
2024-08-19,4.5,3.33,3.23,2.99,3.0,3.07,3.14,,1.3651,1.3651,-0.26000000000000023
2024-08-20,4.5,3.27,3.17,2.93,2.94,3.01,3.08,,1.3627,1.3627,-0.26000000000000023
2024-08-21,4.5,3.25,3.15,2.92,2.93,3.01,3.09,,1.3592,1.3592,-0.2400000000000002
2024-08-22,4.5,3.3,3.2,2.98,2.99,3.07,3.15,,1.3602,1.3602,-0.22999999999999998
2024-08-23,4.5,3.23,3.13,2.93,2.94,3.03,3.12,,1.3529,1.3529,-0.20000000000000018
2024-08-26,4.5,3.25,3.15,2.95,2.97,3.05,3.15,,1.3481,1.3481,-0.20000000000000018
2024-08-27,4.5,3.24,3.15,2.94,2.97,3.06,3.15,,1.346,1.346,-0.18000000000000016
2024-08-28,4.5,3.27,3.17,2.97,3.0,3.08,3.18,,1.3471,1.3471,-0.18999999999999995
2024-08-29,4.5,3.31,3.22,3.01,3.04,3.13,3.22,,1.3474,1.3474,-0.18000000000000016
2024-08-30,4.5,3.33,3.23,3.03,3.07,3.16,3.26,,1.3491,1.3491,-0.16999999999999993
2024-09-02,4.5,,,,,,,,,,
2024-09-03,4.5,3.25,3.16,2.94,2.97,3.06,3.18,,1.3548,1.3548,-0.18999999999999995
2024-09-04,4.5,3.15,3.05,2.86,2.89,2.99,3.13,,1.3525,1.3525,-0.1599999999999997
2024-09-05,4.25,3.13,3.04,2.83,2.87,2.97,3.11,,1.3514,1.3514,-0.1599999999999997
2024-09-06,4.25,3.05,2.97,2.8,2.85,2.96,3.11,,1.3545,1.3545,-0.08999999999999986
2024-09-09,4.25,3.02,2.95,2.77,2.82,2.93,3.08,,1.3561,1.3561,-0.08999999999999986
2024-09-10,4.25,2.98,2.91,2.73,2.78,2.9,3.06,,1.3599,1.3599,-0.08000000000000007
2024-09-11,4.25,3.02,2.95,2.75,2.81,2.91,3.08,,1.3589,1.3589,-0.10999999999999988
2024-09-12,4.25,3.0,2.92,2.74,2.79,2.91,3.08,,1.3591,1.3591,-0.08999999999999986
2024-09-13,4.25,2.94,2.87,2.72,2.78,2.9,3.09,,1.3586,1.3586,-0.040000000000000036
2024-09-16,4.25,2.88,2.81,2.68,2.74,2.86,3.06,,1.3593,1.3593,-0.020000000000000018
2024-09-17,4.25,2.92,2.85,2.72,2.78,2.9,3.08,,1.3596,1.3596,-0.020000000000000018
2024-09-18,4.25,2.93,2.86,2.74,2.8,2.93,3.13,,1.359,1.359,0.0
2024-09-19,4.25,2.9,2.83,2.72,2.79,2.93,3.14,,1.3563,1.3563,0.03000000000000025
2024-09-20,4.25,2.92,2.84,2.73,2.81,2.94,3.13,,1.3565,1.3565,0.020000000000000018
2024-09-23,4.25,2.91,2.84,2.74,2.81,2.94,3.14,,1.351,1.351,0.029999999999999805
2024-09-24,4.25,2.9,2.83,2.74,2.82,2.95,3.15,,1.3468,1.3468,0.050000000000000266
2024-09-25,4.25,2.95,2.88,2.79,2.88,3.01,3.2,,1.3462,1.3462,0.05999999999999961
2024-09-26,4.25,2.97,2.9,2.8,2.89,3.01,3.2,,1.3474,1.3474,0.03999999999999959
2024-09-27,4.25,2.91,2.84,2.73,2.81,2.95,3.13,,1.3499,1.3499,0.040000000000000036
2024-09-30,4.25,,,,,,,,,,
2024-10-01,4.25,2.93,2.85,2.74,2.82,2.94,3.12,,1.3504,1.3504,0.009999999999999787
2024-10-02,4.25,2.98,2.91,2.8,2.88,3.02,3.2,,1.3491,1.3491,0.040000000000000036
2024-10-03,4.25,3.05,2.98,2.88,2.96,3.09,3.26,,1.354,1.354,0.040000000000000036
2024-10-04,4.25,3.22,3.15,3.01,3.09,3.2,3.33,,1.3577,1.3577,-0.020000000000000018
2024-10-07,4.25,3.28,3.21,3.06,3.14,3.24,3.35,,1.3609,1.3609,-0.03999999999999959
2024-10-08,4.25,3.27,3.19,3.06,3.14,3.24,3.35,,1.3657,1.3657,-0.029999999999999805
2024-10-09,4.25,3.25,3.18,3.07,3.15,3.25,3.36,,1.369,1.369,0.0
2024-10-10,4.25,3.19,3.11,3.01,3.1,3.23,3.36,,1.3754,1.3754,0.040000000000000036
2024-10-11,4.25,3.07,3.08,2.98,3.08,3.21,3.35,,1.3761,1.3761,0.14000000000000012
2024-10-14,4.25,,,,,,,,,,
2024-10-15,4.25,3.01,3.01,2.91,3.01,3.13,3.28,,1.3805,1.3805,0.1200000000000001
2024-10-16,4.25,2.97,2.97,2.88,2.98,3.1,3.24,,1.3771,1.3771,0.1299999999999999
2024-10-17,4.25,3.01,2.99,2.93,3.03,3.15,3.31,,1.3789,1.3789,0.14000000000000012
2024-10-18,4.25,2.97,2.95,2.9,3.0,3.13,3.29,,1.3802,1.3802,0.1599999999999997
2024-10-21,4.25,3.03,3.01,2.98,3.09,3.22,3.38,,1.3835,1.3835,0.1900000000000004
2024-10-22,4.25,3.02,3.01,2.98,3.08,3.22,3.37,,1.3825,1.3825,0.20000000000000018
2024-10-23,4.25,3.05,3.03,3.01,3.12,3.25,3.41,,1.3843,1.3843,0.20000000000000018
2024-10-24,3.75,3.07,3.05,3.01,3.11,3.23,3.36,,1.3845,1.3845,0.16000000000000014
2024-10-25,3.75,3.09,3.07,3.03,3.13,3.26,3.39,,1.3872,1.3872,0.16999999999999993
2024-10-28,3.75,3.09,3.07,3.04,3.14,3.26,3.39,,1.3895,1.3895,0.16999999999999993
2024-10-29,3.75,3.08,3.06,3.04,3.14,3.26,3.37,,1.3911,1.3911,0.17999999999999972
2024-10-30,3.75,3.09,3.07,3.05,3.16,3.25,3.34,,1.3915,1.3915,0.16000000000000014
2024-10-31,3.75,3.07,3.03,3.02,3.13,3.22,3.28,,1.3916,1.3916,0.15000000000000036
2024-11-01,3.75,3.09,3.06,3.06,3.17,3.28,3.34,,1.3932,1.3932,0.18999999999999995
2024-11-04,3.75,3.09,3.06,3.04,3.15,3.24,3.28,,1.3894,1.3894,0.15000000000000036
2024-11-05,3.75,3.14,3.11,3.08,3.18,3.25,3.28,,1.3854,1.3854,0.10999999999999988
2024-11-06,3.75,3.16,3.13,3.12,3.23,3.31,3.34,,1.3935,1.3935,0.1499999999999999
2024-11-07,3.75,3.07,3.04,3.03,3.13,3.22,3.24,,1.3866,1.3866,0.15000000000000036
2024-11-08,3.75,3.08,3.05,3.02,3.11,3.18,3.2,,1.3913,1.3913,0.10000000000000009
2024-11-11,3.75,,,,,,,,,,
2024-11-12,3.75,3.17,3.13,3.11,3.2,3.26,3.24,,1.3944,1.3944,0.08999999999999986
2024-11-13,3.75,3.17,3.13,3.14,3.24,3.31,3.31,,1.398,1.398,0.14000000000000012
2024-11-14,3.75,3.18,3.14,3.12,3.21,3.28,3.28,,1.4027,1.4027,0.09999999999999964
2024-11-15,3.75,3.15,3.11,3.1,3.19,3.27,3.3,,1.4079,1.4079,0.1200000000000001
2024-11-18,3.75,3.16,3.13,3.1,3.19,3.27,3.32,,1.4042,1.4042,0.10999999999999988
2024-11-19,3.75,3.21,3.18,3.15,3.24,3.32,3.38,,1.3981,1.3981,0.10999999999999988
2024-11-20,3.75,3.27,3.24,3.21,3.3,3.38,3.43,,1.3993,1.3993,0.10999999999999988
2024-11-21,3.75,3.39,3.35,3.31,3.4,3.46,3.49,,1.396,1.396,0.06999999999999984
2024-11-22,3.75,3.37,3.32,3.29,3.38,3.44,3.44,,1.3979,1.3979,0.06999999999999984
2024-11-25,3.75,3.26,3.22,3.18,3.26,3.31,3.32,,1.398,1.398,0.050000000000000266
2024-11-26,3.75,3.23,3.19,3.13,3.21,3.27,3.28,,1.4082,1.4082,0.040000000000000036
2024-11-27,3.75,3.2,3.16,3.09,3.18,3.23,3.26,,1.4036,1.4036,0.029999999999999805
2024-11-28,3.75,3.18,3.14,3.08,3.17,3.22,3.24,,1.401,1.401,0.040000000000000036
2024-11-29,3.75,3.02,2.98,2.93,3.01,3.07,3.13,,1.401,1.401,0.04999999999999982
2024-12-02,3.75,3.04,3.0,2.94,3.01,3.06,3.1,,1.4056,1.4056,0.020000000000000018
2024-12-03,3.75,3.07,3.03,2.98,3.05,3.12,3.17,,1.4056,1.4056,0.050000000000000266
2024-12-04,3.75,3.01,2.97,2.91,2.99,3.07,3.14,,1.4066,1.4066,0.06000000000000005
2024-12-05,3.75,3.03,3.0,2.93,3.0,3.07,3.14,,1.4038,1.4038,0.040000000000000036
2024-12-06,3.75,2.89,2.85,2.81,2.89,2.98,3.1,,1.4136,1.4136,0.08999999999999986
2024-12-09,3.75,2.91,2.87,2.85,2.93,3.03,3.16,,1.413,1.413,0.11999999999999966
2024-12-10,3.75,2.89,2.85,2.83,2.92,3.02,3.16,,1.4167,1.4167,0.1299999999999999
2024-12-11,3.75,2.94,2.9,2.89,2.97,3.08,3.19,,1.4154,1.4154,0.14000000000000012
2024-12-12,3.25,2.98,2.94,2.94,3.03,3.14,3.24,,1.4188,1.4188,0.16000000000000014
2024-12-13,3.25,3.01,2.97,2.97,3.06,3.17,3.26,,1.4231,1.4231,0.16000000000000014
2024-12-16,3.25,3.01,2.96,2.96,3.06,3.18,3.27,,1.4239,1.4239,0.17000000000000037
2024-12-17,3.25,3.0,2.95,2.95,3.04,3.14,3.22,,1.4305,1.4305,0.14000000000000012
2024-12-18,3.25,3.05,3.0,3.04,3.13,3.22,3.26,,1.4343,1.4343,0.17000000000000037
2024-12-19,3.25,3.08,3.02,3.12,3.21,3.34,3.39,,1.437,1.437,0.2599999999999998
2024-12-20,3.25,3.05,2.99,3.05,3.15,3.27,3.34,,1.4365,1.4365,0.2200000000000002
2024-12-23,3.25,3.03,2.97,3.04,3.15,3.28,3.36,,1.4395,1.4395,0.25
2024-12-24,3.25,3.03,2.97,3.05,3.15,3.29,3.37,,1.4386,1.4386,0.26000000000000023
2024-12-25,3.25,,,,,,,,,,
2024-12-26,3.25,,,,,,,,,,
2024-12-27,3.25,3.0,2.95,3.04,3.14,3.3,3.4,,1.4416,1.4416,0.2999999999999998
2024-12-30,3.25,2.96,2.9,2.98,3.08,3.24,3.34,,1.4379,1.4379,0.28000000000000025
2024-12-31,3.25,2.93,2.87,2.96,3.07,3.23,3.33,,1.4389,1.4389,0.2999999999999998
2025-01-01,3.25,,,,,,,,,,
2025-01-02,3.25,2.93,2.87,2.96,3.06,3.22,3.33,,1.4418,1.4418,0.29000000000000004
2025-01-03,3.25,2.93,2.87,2.96,3.07,3.23,3.35,,1.4442,1.4442,0.2999999999999998
2025-01-06,3.25,2.91,2.85,2.96,3.08,3.23,3.35,,1.4348,1.4348,0.31999999999999984
2025-01-07,3.25,2.94,2.88,3.01,3.13,3.3,3.41,,1.434,1.434,0.3599999999999999
2025-01-08,3.25,2.94,2.88,3.02,3.15,3.32,3.43,,1.439,1.439,0.3799999999999999
2025-01-09,3.25,2.94,2.88,3.04,3.17,3.34,3.47,,1.4395,1.4395,0.3999999999999999
2025-01-10,3.25,3.07,3.02,3.17,3.29,3.44,3.54,,1.4422,1.4422,0.3700000000000001
2025-01-13,3.25,3.14,3.08,3.24,3.36,3.5,3.58,,1.4411,1.4411,0.3599999999999999
2025-01-14,3.25,3.15,3.09,3.28,3.41,3.54,3.62,,1.4371,1.4371,0.3900000000000001
2025-01-15,3.25,3.03,2.97,3.14,3.27,3.41,3.53,,1.4334,1.4334,0.38000000000000034
2025-01-16,3.25,2.95,2.94,3.05,3.21,3.34,3.45,,1.4388,1.4388,0.3899999999999997
2025-01-17,3.25,2.93,2.92,3.01,3.17,3.3,3.42,,1.4435,1.4435,0.36999999999999966
2025-01-20,3.25,2.92,2.91,2.99,3.15,3.28,3.4,,1.433,1.433,0.3599999999999999
2025-01-21,3.25,2.92,2.9,2.97,3.13,3.25,3.37,,1.4366,1.4366,0.33000000000000007
2025-01-22,3.25,2.96,2.94,3.02,3.18,3.3,3.43,,1.4369,1.4369,0.33999999999999986
2025-01-23,3.25,2.95,2.94,3.03,3.2,3.32,3.46,,1.4371,1.4371,0.36999999999999966
2025-01-24,3.25,2.91,2.89,2.98,3.15,3.28,3.42,,1.4336,1.4336,0.36999999999999966
2025-01-27,3.25,2.86,2.85,2.91,3.07,3.19,3.34,,1.4381,1.4381,0.33000000000000007
2025-01-28,3.25,2.83,2.82,2.89,3.06,3.2,3.35,,1.4394,1.4394,0.3700000000000001
2025-01-29,3.25,2.79,2.78,2.87,3.04,3.18,3.34,,1.4435,1.4435,0.3900000000000001
2025-01-30,3.0,2.73,2.72,2.79,2.96,3.11,3.28,,1.4414,1.4414,0.3799999999999999
2025-01-31,3.0,2.66,2.64,2.74,2.92,3.07,3.24,,1.4484,1.4484,0.4099999999999997
2025-02-03,3.0,2.56,2.55,2.62,2.81,2.96,3.16,,1.4603,1.4603,0.3999999999999999
2025-02-04,3.0,2.61,2.59,2.66,2.84,3.0,3.18,,1.4345,1.4345,0.3900000000000001
2025-02-05,3.0,2.59,2.57,2.63,2.8,2.95,3.14,,1.4295,1.4295,0.3600000000000003
2025-02-06,3.0,2.59,2.57,2.63,2.81,2.96,3.15,,1.4322,1.4322,0.3700000000000001
2025-02-07,3.0,2.69,2.68,2.75,2.93,3.07,3.26,,1.4298,1.4298,0.3799999999999999
2025-02-10,3.0,2.66,2.65,2.74,2.91,3.06,3.26,,1.4323,1.4323,0.3999999999999999
2025-02-11,3.0,2.7,2.7,2.78,2.95,3.1,3.29,,1.4307,1.4307,0.3999999999999999
2025-02-12,3.0,2.77,2.77,2.87,3.04,3.18,3.36,,1.4298,1.4298,0.41000000000000014
2025-02-13,3.0,2.73,2.72,2.8,2.97,3.1,3.29,,1.4242,1.4242,0.3700000000000001
2025-02-14,3.0,2.72,2.71,2.79,2.97,3.09,3.29,,1.4166,1.4166,0.36999999999999966
2025-02-17,3.0,,,,,,,,,,
2025-02-18,3.0,2.8,2.8,2.89,3.06,3.19,3.36,,1.4193,1.4193,0.3900000000000001
2025-02-19,3.0,2.8,2.79,2.88,3.04,3.18,3.36,,1.4223,1.4223,0.38000000000000034
2025-02-20,3.0,2.82,2.81,2.91,3.07,3.22,3.39,,1.4188,1.4188,0.40000000000000036
2025-02-21,3.0,2.73,2.71,2.8,2.96,3.1,3.29,,1.4207,1.4207,0.3700000000000001
2025-02-24,3.0,2.69,2.67,2.76,2.93,3.07,3.27,,1.4225,1.4225,0.3799999999999999
2025-02-25,3.0,2.64,2.62,2.69,2.85,2.99,3.19,,1.4287,1.4287,0.3500000000000001
2025-02-26,3.0,2.65,2.63,2.7,2.85,2.98,3.18,,1.4339,1.4339,0.33000000000000007
2025-02-27,3.0,2.63,2.61,2.67,2.83,2.97,3.18,,1.4422,1.4422,0.3400000000000003
2025-02-28,3.0,2.57,2.55,2.6,2.76,2.9,3.12,,1.4438,1.4438,0.33000000000000007
2025-03-03,3.0,2.46,2.45,2.5,2.66,2.81,3.05,,1.4428,1.4428,0.3500000000000001
2025-03-04,3.0,2.46,2.45,2.53,2.69,2.85,3.11,,1.4489,1.4489,0.3900000000000001
2025-03-05,3.0,2.54,2.53,2.62,2.79,2.95,3.19,,1.437,1.437,0.41000000000000014
2025-03-06,3.0,2.63,2.63,2.72,2.9,3.07,3.3,,1.4309,1.4309,0.43999999999999995
2025-03-07,3.0,2.59,2.59,2.69,2.86,3.03,3.27,,1.4371,1.4371,0.43999999999999995
2025-03-10,3.0,2.53,2.53,2.63,2.81,2.98,3.24,,1.4431,1.4431,0.4500000000000002
2025-03-11,3.0,2.53,2.53,2.64,2.83,3.01,3.26,,1.4451,1.4451,0.48
2025-03-12,3.0,2.58,2.59,2.71,2.89,3.07,3.32,,1.4391,1.4391,0.48999999999999977
2025-03-13,2.75,2.56,2.57,2.67,2.86,3.04,3.29,,1.4409,1.4409,0.48
2025-03-14,2.75,2.57,2.57,2.72,2.88,3.06,3.3,,1.4388,1.4388,0.4900000000000002
2025-03-17,2.75,2.55,2.55,2.69,2.84,3.02,3.26,,1.4304,1.4304,0.4700000000000002
2025-03-18,2.75,2.54,2.54,2.69,2.84,3.02,3.26,,1.4301,1.4301,0.48
2025-03-19,2.75,2.51,2.51,2.66,2.81,2.99,3.23,,1.4326,1.4326,0.4800000000000004
2025-03-20,2.75,2.53,2.53,2.66,2.82,3.0,3.24,,1.4347,1.4347,0.4700000000000002
2025-03-21,2.75,2.51,2.52,2.66,2.82,3.0,3.25,,1.4348,1.4348,0.4900000000000002
2025-03-24,2.75,2.54,2.55,2.7,2.86,3.06,3.29,,1.4318,1.4318,0.52
2025-03-25,2.75,2.56,2.57,2.72,2.88,3.06,3.3,,1.4296,1.4296,0.5
2025-03-26,2.75,2.61,2.61,2.76,2.93,3.12,3.36,,1.4268,1.4268,0.5100000000000002
2025-03-27,2.75,2.55,2.56,2.72,2.89,3.09,3.34,,1.4309,1.4309,0.54
2025-03-28,2.75,2.49,2.51,2.66,2.82,3.02,3.28,,1.4307,1.4307,0.5299999999999998
2025-03-31,2.75,2.46,2.47,2.61,2.78,2.97,3.23,,1.4376,1.4376,0.5100000000000002
2025-04-01,2.75,2.43,2.44,2.57,2.74,2.92,3.18,,1.4348,1.4348,0.48999999999999977
2025-04-02,2.75,2.44,2.45,2.58,2.75,2.94,3.2,,1.432,1.432,0.5
2025-04-03,2.75,2.4,2.42,2.55,2.72,2.94,3.24,,1.4069,1.4069,0.54
2025-04-04,2.75,2.37,2.39,2.52,2.69,2.89,3.19,,1.4216,1.4216,0.52
2025-04-07,2.75,2.46,2.48,2.64,2.83,3.04,3.35,,1.4226,1.4226,0.5800000000000001
2025-04-08,2.75,2.45,2.47,2.67,2.86,3.1,3.42,,1.4196,1.4196,0.6499999999999999
2025-04-09,2.75,2.62,2.63,2.8,2.97,3.18,3.45,,1.415,1.415,0.56
2025-04-10,2.75,2.62,2.64,2.81,3.0,3.22,3.53,,1.4015,1.4015,0.6000000000000001
2025-04-11,2.75,2.68,2.7,2.87,3.05,3.26,3.55,,1.389,1.389,0.5799999999999996
2025-04-14,2.75,2.58,2.6,2.74,2.92,3.12,3.55,,1.3881,1.3881,0.54
2025-04-15,2.75,2.53,2.55,2.72,2.91,3.11,3.43,,1.3934,1.3934,0.5800000000000001
2025-04-16,2.75,2.52,2.54,2.7,2.88,3.08,3.4,,1.389,1.389,0.56
2025-04-17,2.75,2.52,2.54,2.73,2.91,3.13,3.45,,1.3857,1.3857,0.6099999999999999
2025-04-18,2.75,,,,,,,,,,
2025-04-21,2.75,2.55,2.58,2.79,3.0,3.23,3.58,,1.382,1.382,0.6800000000000002
2025-04-22,2.75,2.54,2.58,2.76,2.96,3.19,3.53,,1.3827,1.3827,0.6499999999999999
2025-04-23,2.75,2.62,2.65,2.84,3.02,3.23,3.55,,1.3871,1.3871,0.6099999999999999
2025-04-24,2.75,2.59,2.61,2.79,2.98,3.18,3.51,,1.3872,1.3872,0.5900000000000003
2025-04-25,2.75,2.59,2.62,2.78,2.97,3.17,3.51,,1.3863,1.3863,0.5800000000000001
2025-04-28,2.75,2.56,2.59,2.76,2.94,3.16,3.5,,1.385,1.385,0.6000000000000001
2025-04-29,2.75,2.54,2.57,2.73,2.92,3.12,3.46,,1.3847,1.3847,0.5800000000000001
2025-04-30,2.75,2.47,2.5,2.67,2.85,3.07,3.42,,1.3812,1.3812,0.5999999999999996
2025-05-01,2.75,2.5,2.53,2.7,2.89,3.1,3.45,,1.3836,1.3836,0.6000000000000001
2025-05-02,2.75,2.54,2.56,2.77,2.96,3.18,3.5,,1.38,1.38,0.6400000000000001
2025-05-05,2.75,2.55,2.58,2.77,2.96,3.17,3.5,,1.3813,1.3813,0.6200000000000001
2025-05-06,2.75,2.53,2.55,2.75,2.94,3.15,3.48,,1.3783,1.3783,0.6200000000000001
2025-05-07,2.75,2.51,2.53,2.7,2.89,3.1,3.42,,1.3796,1.3796,0.5900000000000003
2025-05-08,2.75,2.58,2.61,2.81,2.99,3.2,3.5,,1.3907,1.3907,0.6200000000000001
2025-05-09,2.75,2.52,2.54,2.75,2.93,3.15,3.47,,1.3927,1.3927,0.6299999999999999
2025-05-12,2.75,2.59,2.61,2.8,2.98,3.2,3.5,,1.3998,1.3998,0.6100000000000003
2025-05-13,2.75,2.59,2.61,2.81,2.99,3.22,3.52,,1.3969,1.3969,0.6300000000000003
2025-05-14,2.75,2.59,2.61,2.84,3.03,3.25,3.56,,1.3964,1.3964,0.6600000000000001
2025-05-15,2.75,2.53,2.55,2.76,2.94,3.16,3.48,,1.3985,1.3985,0.6300000000000003
2025-05-16,2.75,2.53,2.55,2.77,2.95,3.17,3.48,,1.3979,1.3979,0.6400000000000001
2025-05-19,2.75,,,,,,,,,,
2025-05-20,2.75,2.63,2.66,2.88,3.06,3.29,3.6,,1.3935,1.3935,0.6600000000000001
2025-05-21,2.75,2.7,2.73,2.97,3.16,3.39,3.68,,1.3848,1.3848,0.69
2025-05-22,2.75,2.7,2.72,2.96,3.15,3.36,3.65,,1.387,1.387,0.6599999999999997
2025-05-23,2.75,2.69,2.72,2.93,3.12,3.34,3.63,,1.3756,1.3756,0.6499999999999999
2025-05-26,2.75,2.68,2.7,2.92,3.1,3.32,3.61,,1.3731,1.3731,0.6399999999999997
2025-05-27,2.75,2.64,2.66,2.87,3.05,3.25,3.54,,1.3775,1.3775,0.6099999999999999
2025-05-28,2.75,2.62,2.64,2.85,3.03,3.24,3.54,,1.3826,1.3826,0.6200000000000001
2025-05-29,2.75,2.6,2.62,2.82,3.0,3.21,3.5,,1.3806,1.3806,0.6099999999999999
2025-05-30,2.75,2.59,2.61,2.8,2.98,3.2,3.47,,1.3758,1.3758,0.6100000000000003
2025-06-02,2.75,2.58,2.6,2.82,3.0,3.23,3.5,,1.3707,1.3707,0.6499999999999999
2025-06-03,2.75,2.61,2.64,2.86,3.04,3.27,3.54,,1.3723,1.3723,0.6600000000000001
2025-06-04,2.75,2.59,2.62,2.84,3.01,3.23,3.51,,1.3677,1.3677,0.6400000000000001
2025-06-05,2.75,2.62,2.64,2.86,3.03,3.25,3.52,,1.3659,1.3659,0.6299999999999999
2025-06-06,2.75,2.69,2.72,2.96,3.13,3.34,3.59,,1.369,1.369,0.6499999999999999
2025-06-09,2.75,2.7,2.73,2.96,3.14,3.36,3.63,,1.3684,1.3684,0.6599999999999997
2025-06-10,2.75,2.69,2.72,2.94,3.12,3.34,3.61,,1.3684,1.3684,0.6499999999999999
2025-06-11,2.75,2.67,2.71,2.93,3.11,3.34,3.63,,1.3665,1.3665,0.6699999999999999
2025-06-12,2.75,2.68,2.71,2.92,3.1,3.33,3.62,,1.3612,1.3612,0.6499999999999999
2025-06-13,2.75,2.71,2.74,2.96,3.14,3.37,3.65,,1.3598,1.3598,0.6600000000000001
2025-06-16,2.75,2.72,2.75,2.99,3.17,3.4,3.69,,1.3558,1.3558,0.6799999999999997
2025-06-17,2.75,2.7,2.73,2.96,3.14,3.37,3.67,,1.3603,1.3603,0.6699999999999999
2025-06-18,2.75,2.68,2.71,2.93,3.11,3.33,3.63,,1.3673,1.3673,0.6499999999999999
2025-06-19,2.75,2.68,2.71,2.92,3.11,3.33,3.62,,1.3724,1.3724,0.6499999999999999
2025-06-20,2.75,2.64,2.67,2.89,3.07,3.3,3.59,,1.3728,1.3728,0.6599999999999997
2025-06-23,2.75,2.61,2.64,2.85,3.04,3.27,3.57,,1.3755,1.3755,0.6600000000000001
2025-06-24,2.75,2.61,2.64,2.85,3.03,3.26,3.57,,1.3712,1.3712,0.6499999999999999
2025-06-25,2.75,2.65,2.67,2.9,3.08,3.32,3.63,,1.3737,1.3737,0.6699999999999999
2025-06-26,2.75,2.62,2.64,2.87,3.05,3.33,3.61,,1.364,1.364,0.71
2025-06-27,2.75,2.6,2.63,2.86,3.04,3.31,3.6,,1.3676,1.3676,0.71
2025-06-30,2.75,2.59,2.62,2.83,3.01,3.28,3.56,,1.3643,1.3643,0.69
2025-07-01,2.75,,,,,,,,,,
2025-07-02,2.75,2.66,2.69,2.91,3.09,3.36,3.64,,1.3622,1.3622,0.6999999999999997
2025-07-03,2.75,2.69,2.71,2.94,3.12,3.38,3.67,,1.3575,1.3575,0.69
2025-07-04,2.75,2.67,2.69,2.91,3.09,3.35,3.64,,1.3605,1.3605,0.6800000000000002
2025-07-07,2.75,2.69,2.71,2.94,3.13,3.4,3.7,,1.3656,1.3656,0.71
2025-07-08,2.75,2.7,2.72,2.96,3.15,3.43,3.72,,1.3677,1.3677,0.73
2025-07-09,2.75,2.66,2.68,2.92,3.1,3.37,3.68,,1.3693,1.3693,0.71
2025-07-10,2.75,2.69,2.71,2.95,3.14,3.4,3.71,,1.3683,1.3683,0.71
2025-07-11,2.75,2.74,2.76,3.03,3.22,3.5,3.81,,1.3684,1.3684,0.7599999999999998
2025-07-14,2.75,2.76,2.77,3.04,3.24,3.51,3.83,,1.3693,1.3693,0.75
2025-07-15,2.75,2.83,2.84,3.13,3.33,3.6,3.9,,1.371,1.371,0.77
2025-07-16,2.75,2.81,2.82,3.1,3.3,3.57,3.88,,1.3712,1.3712,0.7599999999999998
2025-07-17,2.75,2.81,2.82,3.1,3.3,3.57,3.88,,1.3753,1.3753,0.7599999999999998
2025-07-18,2.75,2.82,2.83,3.1,3.3,3.57,3.88,,1.372,1.372,0.75
2025-07-21,2.75,2.79,2.81,3.06,3.25,3.51,3.83,,1.3693,1.3693,0.7199999999999998
2025-07-22,2.75,2.78,2.79,3.04,3.23,3.5,3.81,,1.3635,1.3635,0.7200000000000002
2025-07-23,2.75,2.82,2.83,3.1,3.29,3.56,3.87,,1.3609,1.3609,0.7400000000000002
2025-07-24,2.75,2.83,2.84,3.1,3.3,3.55,3.86,,1.363,1.363,0.7199999999999998
2025-07-25,2.75,2.81,2.81,3.07,3.27,3.52,3.83,,1.3704,1.3704,0.71
2025-07-28,2.75,2.81,2.81,3.07,3.27,3.52,3.84,,1.3723,1.3723,0.71
2025-07-29,2.75,2.77,2.78,3.03,3.22,3.47,3.79,,1.3771,1.3771,0.7000000000000002
2025-07-30,2.75,2.79,2.79,3.05,3.24,3.48,3.8,,1.3811,1.3811,0.69
2025-07-31,2.75,2.76,2.77,3.01,3.2,3.45,3.75,,1.3844,1.3844,0.6900000000000004
2025-08-01,2.75,2.69,2.7,2.94,3.13,3.38,3.7,,1.3797,1.3797,0.69
2025-08-04,2.75,,,,,,,,,,
2025-08-05,2.75,2.69,2.69,2.94,3.13,3.38,3.71,,1.3785,1.3785,0.69
2025-08-06,2.75,2.69,2.7,2.94,3.13,3.39,3.74,,1.3746,1.3746,0.7000000000000002
2025-08-07,2.75,2.69,2.69,2.94,3.13,3.39,3.74,,1.3753,1.3753,0.7000000000000002
2025-08-08,2.75,2.66,2.67,2.92,3.11,3.38,3.75,,1.3751,1.3751,0.7199999999999998
2025-08-11,2.75,2.68,2.68,2.93,3.12,3.39,3.76,,1.3785,1.3785,0.71
2025-08-12,2.75,2.7,2.71,2.96,3.16,3.43,3.81,,1.3775,1.3775,0.73
2025-08-13,2.75,2.68,2.69,2.93,3.12,3.39,3.77,,1.3767,1.3767,0.71
2025-08-14,2.75,2.69,2.69,2.94,3.14,3.41,3.8,,1.3806,1.3806,0.7200000000000002
2025-08-15,2.75,2.72,2.72,2.98,3.17,3.46,3.86,,1.3806,1.3806,0.7399999999999998
2025-08-18,2.75,2.74,2.74,3.01,3.21,3.49,3.9,,1.3809,1.3809,0.75
2025-08-19,2.75,2.7,2.7,2.96,3.16,3.44,3.85,,1.3852,1.3852,0.7399999999999998
2025-08-20,2.75,2.69,2.7,2.96,3.15,3.44,3.85,,1.3866,1.3866,0.75
2025-08-21,2.75,2.73,2.74,2.99,3.19,3.48,3.88,,1.3897,1.3897,0.75
2025-08-22,2.75,2.69,2.69,2.94,3.15,3.43,3.84,,1.3854,1.3854,0.7400000000000002
2025-08-25,2.75,2.72,2.72,2.98,3.18,3.47,3.88,,1.3835,1.3835,0.75
2025-08-26,2.75,2.69,2.69,2.95,3.15,3.45,3.87,,1.3837,1.3837,0.7600000000000002
2025-08-27,2.75,2.69,2.7,2.95,3.15,3.45,3.88,,1.3821,1.3821,0.7600000000000002
2025-08-28,2.75,2.69,2.69,2.94,3.13,3.42,3.85,,1.3756,1.3756,0.73
2025-08-29,2.75,2.64,2.64,2.88,3.08,3.38,3.82,,1.3742,1.3742,0.7399999999999998
2025-09-01,2.75,,,,,,,,,,
2025-09-02,2.75,2.66,2.66,2.92,3.12,3.44,3.89,,1.3789,1.3789,0.7799999999999998
2025-09-03,2.75,2.62,2.62,2.87,3.07,3.39,3.84,,1.3794,1.3794,0.77
2025-09-04,2.75,2.62,2.62,2.9,3.04,3.35,3.81,,1.3829,1.3829,0.73
2025-09-05,2.75,2.54,2.55,2.82,2.96,3.27,3.74,,1.3829,1.3829,0.73
2025-09-08,2.75,2.5,2.51,2.77,2.91,3.21,3.66,,1.3816,1.3816,0.71
2025-09-09,2.75,2.52,2.52,2.79,2.92,3.22,3.67,,1.3833,1.3833,0.7000000000000002
2025-09-10,2.75,2.5,2.5,2.75,2.89,3.17,3.62,,1.3854,1.3854,0.6699999999999999
2025-09-11,2.75,2.5,2.51,2.74,2.88,3.16,3.6,,1.3844,1.3844,0.6600000000000001
2025-09-12,2.75,2.5,2.5,2.75,2.89,3.18,3.61,,1.3848,1.3848,0.6800000000000002
2025-09-15,2.75,2.49,2.5,2.73,2.87,3.17,3.6,,1.3804,1.3804,0.6799999999999997
2025-09-16,2.75,2.46,2.47,2.71,2.86,3.16,3.59,,1.3748,1.3748,0.7000000000000002
2025-09-17,2.75,2.49,2.5,2.75,2.89,3.18,3.61,,1.376,1.376,0.69
2025-09-18,2.5,2.48,2.48,2.74,2.88,3.19,3.63,,1.3797,1.3797,0.71
2025-09-19,2.5,2.46,2.47,2.74,2.89,3.2,3.64,,1.3788,1.3788,0.7400000000000002
2025-09-22,2.5,2.45,2.46,2.73,2.88,3.19,3.66,,1.3816,1.3816,0.7399999999999998
2025-09-23,2.5,2.45,2.45,2.73,2.87,3.19,3.66,,1.3832,1.3832,0.7399999999999998
2025-09-24,2.5,2.45,2.46,2.73,2.88,3.2,3.67,,1.3893,1.3893,0.75
2025-09-25,2.5,2.49,2.49,2.77,2.91,3.22,3.67,,1.3927,1.3927,0.73
2025-09-26,2.5,2.5,2.51,2.78,2.93,3.23,3.67,,1.3941,1.3941,0.73
2025-09-29,2.5,2.47,2.47,2.74,2.87,3.17,3.61,,1.3921,1.3921,0.6999999999999997
2025-09-30,2.5,,,,,,,,,,
2025-10-01,2.5,2.46,2.47,2.73,2.88,3.19,3.67,,1.394,1.394,0.73
2025-10-02,2.5,2.45,2.46,2.72,2.87,3.18,3.66,,1.3963,1.3963,0.73
2025-10-03,2.5,2.45,2.45,2.73,2.88,3.19,3.67,,1.3953,1.3953,0.7399999999999998
2025-10-06,2.5,2.47,2.47,2.75,2.91,3.21,3.71,,1.3955,1.3955,0.7399999999999998
2025-10-07,2.5,2.45,2.46,2.73,2.88,3.19,3.7,,1.3951,1.3951,0.7399999999999998
2025-10-08,2.5,2.46,2.47,2.74,2.89,3.19,3.72,,1.3952,1.3952,0.73
2025-10-09,2.5,2.47,2.48,2.76,2.9,3.2,3.72,,1.4,1.4,0.73
2025-10-10,2.5,2.47,2.48,2.74,2.89,3.18,3.68,,1.4,1.4,0.71
2025-10-14,2.5,2.43,2.44,2.71,2.85,3.14,3.63,,1.4046,1.4046,0.71
2025-10-15,2.5,2.42,2.42,2.69,2.83,3.12,3.62,,1.4045,1.4045,0.7000000000000002
2025-10-16,2.5,2.38,2.39,2.65,2.79,3.08,3.59,,1.4048,1.4048,0.7000000000000002
2025-10-17,2.5,2.37,2.38,2.65,2.79,3.09,3.58,,1.4035,1.4035,0.7199999999999998
2025-10-20,2.5,2.36,2.36,2.62,2.76,3.05,3.56,,1.4036,1.4036,0.69
2025-10-21,2.5,2.39,2.4,2.65,2.8,3.08,3.56,,1.4022,1.4022,0.69
2025-10-22,2.5,2.38,2.39,2.64,2.78,3.07,3.56,,1.3996,1.3996,0.69
2025-10-23,2.5,2.39,2.4,2.66,2.81,3.09,3.58,,1.3993,1.3993,0.6999999999999997
2025-10-24,2.5,2.37,2.38,2.65,2.8,3.08,3.58,,1.4014,1.4014,0.71
2025-10-27,2.5,2.36,2.36,2.62,2.77,3.05,3.53,,1.3995,1.3995,0.69
2025-10-28,2.5,2.36,2.36,2.62,2.76,3.04,3.51,,1.3959,1.3959,0.6800000000000002
2025-10-29,2.5,2.43,2.44,2.73,2.88,3.15,3.59,,1.3916,1.3916,0.7199999999999998
2025-10-30,2.25,2.42,2.43,2.71,2.86,3.13,3.58,,1.3987,1.3987,0.71
2025-10-31,2.25,2.4,2.4,2.7,2.84,3.12,3.58,,1.4018,1.4018,0.7200000000000002
2025-11-03,2.25,2.42,2.42,2.72,2.86,3.15,3.61,,1.4057,1.4057,0.73
2025-11-04,2.25,2.43,2.43,2.73,2.87,3.15,3.61,,1.409,1.409,0.7199999999999998
2025-11-05,2.25,2.42,2.42,2.73,2.87,3.16,3.61,,1.412,1.412,0.7400000000000002
2025-11-06,2.25,2.39,2.39,2.67,2.82,3.1,3.56,,1.4116,1.4116,0.71
2025-11-07,2.25,2.44,2.44,2.74,2.89,3.17,3.61,,1.4063,1.4063,0.73
2025-11-10,2.25,2.45,2.45,2.75,2.89,3.17,3.62,,1.402,1.402,0.7199999999999998
2025-11-11,2.25,,,,,,,,,,
2025-11-12,2.25,2.45,2.44,2.74,2.87,3.14,3.58,,1.4005,1.4005,0.69
2025-11-13,2.25,2.47,2.47,2.77,2.9,3.18,3.62,,1.4018,1.4018,0.71
2025-11-14,2.25,2.48,2.48,2.8,2.93,3.22,3.65,,1.4025,1.4025,0.7400000000000002
2025-11-17,2.25,2.49,2.49,2.81,2.94,3.23,3.67,,1.4035,1.4035,0.7399999999999998
2025-11-18,2.25,2.49,2.48,2.82,2.96,3.25,3.7,,1.3997,1.3997,0.7599999999999998
2025-11-19,2.25,2.49,2.49,2.82,2.96,3.25,3.7,,1.404,1.404,0.7599999999999998
2025-11-20,2.25,2.47,2.47,2.8,2.94,3.22,3.67,,1.408,1.408,0.75
2025-11-21,2.25,2.44,2.44,2.77,2.91,3.2,3.66,,1.41,1.41,0.7600000000000002
2025-11-24,2.25,2.43,2.42,2.76,2.9,3.18,3.64,,1.4108,1.4108,0.75
2025-11-25,2.25,2.4,2.4,2.73,2.87,3.15,3.61,,1.4104,1.4104,0.75
2025-11-26,2.25,2.4,2.39,2.72,2.85,3.13,3.59,,1.4059,1.4059,0.73
2025-11-27,2.25,2.4,2.39,2.71,2.84,3.12,3.58,,1.4034,1.4034,0.7200000000000002
2025-11-28,2.25,2.41,2.4,2.72,2.86,3.14,3.59,,1.3979,1.3979,0.73
2025-12-01,2.25,2.48,2.47,2.81,2.95,3.24,3.69,,1.3979,1.3979,0.7600000000000002
2025-12-02,2.25,2.46,2.45,2.81,2.95,3.24,3.7,,1.3986,1.3986,0.7800000000000002
2025-12-03,2.25,2.43,2.43,2.77,2.92,3.22,3.7,,1.3949,1.3949,0.79
2025-12-04,2.25,2.46,2.45,2.81,2.96,3.26,3.74,,1.3952,1.3952,0.7999999999999998
2025-12-05,2.25,2.64,2.63,3.01,3.15,3.42,3.85,,1.386,1.386,0.7799999999999998
2025-12-08,2.25,2.64,2.63,3.01,3.15,3.42,3.84,,1.3837,1.3837,0.7799999999999998
2025-12-09,2.25,2.69,2.68,3.07,3.2,3.46,3.87,,1.3844,1.3844,0.77
2025-12-10,2.25,2.63,2.62,3.01,3.15,3.42,3.85,,1.3835,1.3835,0.79
2025-12-11,2.25,2.62,2.61,3.0,3.14,3.42,3.85,,1.3774,1.3774,0.7999999999999998
2025-12-12,2.25,2.62,2.61,3.01,3.15,3.44,3.88,,1.3769,1.3769,0.8199999999999998
2025-12-15,2.25,2.58,2.58,2.98,3.12,3.41,3.85,,1.377,1.377,0.8300000000000001
2025-12-16,2.25,2.58,2.57,2.96,3.1,3.4,3.84,,1.3748,1.3748,0.8199999999999998
2025-12-17,2.25,2.6,2.59,2.98,3.12,3.42,3.87,,1.3782,1.3782,0.8199999999999998
2025-12-18,2.25,2.59,2.57,2.96,3.11,3.4,3.86,,1.3774,1.3774,0.81
2025-12-19,2.25,2.61,2.6,2.99,3.13,3.47,3.89,,1.3781,1.3781,0.8600000000000003
2025-12-22,2.25,2.6,2.59,2.98,3.13,3.46,3.88,,1.3748,1.3748,0.8599999999999999
2025-12-23,2.25,2.57,2.56,2.94,3.09,3.42,3.83,,1.3705,1.3705,0.8500000000000001
2025-12-24,2.25,2.57,2.56,2.93,3.07,3.4,3.81,,1.3674,1.3674,0.8300000000000001
2025-12-29,2.25,2.56,2.55,2.92,3.06,3.39,3.81,,1.3686,1.3686,0.8300000000000001
2025-12-30,2.25,2.58,2.57,2.95,3.09,3.41,3.84,,1.3693,1.3693,0.8300000000000001
2025-12-31,2.25,2.58,2.57,2.96,3.11,3.42,3.85,,1.3706,1.3706,0.8399999999999999
2026-01-01,2.25,,,,,,,,,,
2026-01-02,2.25,2.61,2.6,3.0,3.14,3.47,3.92,,1.3737,1.3737,0.8600000000000003
2026-01-05,2.25,2.57,2.56,2.94,3.08,3.42,3.88,,1.3768,1.3768,0.8500000000000001
2026-01-06,2.25,2.59,2.57,2.96,3.1,3.43,3.89,,1.3789,1.3789,0.8400000000000003
2026-01-07,2.25,2.56,2.54,2.93,3.07,3.39,3.84,,1.3823,1.3823,0.8300000000000001
2026-01-08,2.25,2.57,2.55,2.94,3.08,3.4,3.85,,1.3866,1.3866,0.8300000000000001
2026-01-09,2.25,2.55,2.53,2.92,3.07,3.38,3.82,,1.3896,1.3896,0.8300000000000001
2026-01-12,2.25,2.56,2.54,2.93,3.08,3.4,3.84,,1.3875,1.3875,0.8399999999999999
2026-01-13,2.25,2.55,2.53,2.93,3.07,3.41,3.86,,1.3886,1.3886,0.8600000000000003
2026-01-14,2.25,2.53,2.5,2.9,3.04,3.36,3.81,,1.3877,1.3877,0.8300000000000001
2026-01-15,2.25,2.53,2.5,2.89,3.03,3.35,3.79,,1.3899,1.3899,0.8200000000000003
2026-01-16,2.25,2.54,2.52,2.92,3.06,3.37,3.8,,1.3913,1.3913,0.8300000000000001
2026-01-19,2.25,2.54,2.51,2.91,3.05,3.39,3.82,,1.387,1.387,0.8500000000000001
2026-01-20,2.25,2.55,2.53,2.94,3.09,3.42,3.87,,1.3829,1.3829,0.8700000000000001
2026-01-21,2.25,2.56,2.54,2.95,3.09,3.42,3.85,,1.3814,1.3814,0.8599999999999999
2026-01-22,2.25,2.56,2.52,2.94,3.08,3.4,3.83,,1.3798,1.3798,0.8399999999999999
2026-01-23,2.25,2.6,2.51,2.95,3.09,3.41,3.84,,1.3732,1.3732,0.81
2026-01-26,2.25,2.57,2.47,2.91,3.05,3.37,3.8,,1.3702,1.3702,0.8000000000000003
2026-01-27,2.25,2.58,2.5,2.94,3.08,3.41,3.85,,1.362,1.362,0.8300000000000001
2026-01-28,2.25,2.58,2.5,2.94,3.08,3.42,3.86,,1.3571,1.3571,0.8399999999999999
2026-01-29,2.25,2.57,2.48,2.93,3.08,3.41,3.86,,1.3515,1.3515,0.8400000000000003
2026-01-30,2.25,2.56,2.47,2.93,3.07,3.42,3.88,,1.3562,1.3562,0.8599999999999999
2026-02-02,2.25,2.57,2.48,2.94,3.08,3.43,3.88,,1.3676,1.3676,0.8600000000000003
2026-02-03,2.25,2.58,2.49,2.95,3.09,3.44,3.88,,1.3652,1.3652,0.8599999999999999
2026-02-04,2.25,2.58,2.49,2.94,3.08,3.43,3.88,,1.3668,1.3668,0.8500000000000001
2026-02-05,2.25,2.55,2.47,2.91,3.06,3.4,3.86,,1.3676,1.3676,0.8500000000000001
2026-02-06,2.25,2.55,2.47,2.91,3.06,3.4,3.85,,1.3648,1.3648,0.8500000000000001
2026-02-09,2.25,2.54,2.46,2.9,3.05,3.39,3.85,,1.3576,1.3576,0.8500000000000001
2026-02-10,2.25,2.53,2.46,2.89,3.03,3.36,3.81,,1.3544,1.3544,0.8300000000000001
2026-02-11,2.25,2.52,2.45,2.87,3.01,3.34,3.79,,1.3574,1.3574,0.8199999999999998
2026-02-12,2.25,2.49,2.41,2.82,2.96,3.28,3.74,,1.3605,1.3605,0.7899999999999996
2026-02-13,2.25,2.47,2.4,2.79,2.93,3.25,3.72,,1.3614,1.3614,0.7799999999999998
2026-02-16,2.25,,,,,,,,,,
2026-02-17,2.25,2.45,2.38,2.76,2.9,3.23,3.71,,1.3656,1.3656,0.7799999999999998
2026-02-18,2.25,2.44,2.37,2.76,2.9,3.23,3.71,,1.3678,1.3678,0.79
2026-02-19,2.25,2.44,2.37,2.75,2.89,3.22,3.71,,1.3696,1.3696,0.7800000000000002
2026-02-20,2.25,2.44,2.37,2.74,2.88,3.22,3.7,,1.3689,1.3689,0.7800000000000002
2026-02-23,2.25,2.43,2.37,2.72,2.86,3.18,3.68,,1.3689,1.3689,0.75
2026-02-24,2.25,2.44,2.38,2.72,2.86,3.18,3.68,,1.3708,1.3708,0.7400000000000002
2026-02-25,2.25,2.46,2.39,2.74,2.87,3.2,3.69,,1.3685,1.3685,0.7400000000000002
2026-02-26,2.25,2.43,2.37,2.71,2.84,3.17,3.66,,1.3688,1.3688,0.7399999999999998
2026-02-27,2.25,2.39,2.34,2.67,2.8,3.13,3.63,,1.3642,1.3642,0.7399999999999998
2026-03-02,2.25,2.49,2.43,2.76,2.89,3.22,3.7,,1.3688,1.3688,0.73
2026-03-03,2.25,2.51,2.45,2.79,2.92,3.24,3.72,,1.3684,1.3684,0.7300000000000004
2026-03-04,2.25,2.52,2.58,2.81,3.03,3.26,3.74,,1.3664,1.3664,0.7399999999999998
2026-03-05,2.25,2.58,2.65,2.89,3.11,3.34,3.79,,1.3677,1.3677,0.7599999999999998
2026-03-06,2.25,2.63,2.7,2.95,3.17,3.4,3.86,,1.3613,1.3613,0.77
2026-03-09,2.25,2.63,2.69,2.91,3.14,3.36,3.81,,1.3574,1.3574,0.73
2026-03-10,2.25,2.65,2.71,2.95,3.17,3.39,3.85,,1.3567,1.3567,0.7400000000000002
2026-03-11,2.25,2.72,2.79,3.03,3.25,3.48,3.93,,1.3587,1.3587,0.7599999999999998
2026-03-12,2.25,2.82,2.88,3.09,3.31,3.52,3.96,,1.3617,1.3617,0.7000000000000002
2026-03-13,2.25,2.79,2.86,3.07,3.29,3.51,3.94,,1.3716,1.3716,0.7199999999999998
2026-03-16,2.25,2.71,2.78,2.99,3.21,3.43,3.88,,1.3675,1.3675,0.7200000000000002
2026-03-17,2.25,2.67,2.74,2.95,3.17,3.39,3.85,,1.3699,1.3699,0.7200000000000002
2026-03-18,2.25,2.75,2.81,3.01,3.23,3.45,3.89,,1.3706,1.3706,0.7000000000000002
2026-03-19,2.25,2.84,2.89,3.05,3.23,3.44,3.85,,1.3728,1.3728,0.6000000000000001
2026-03-20,2.25,3.07,3.11,3.23,3.38,3.56,3.95,,1.3718,1.3718,0.4900000000000002
2026-03-23,2.25,2.95,3.0,3.17,3.33,3.53,3.92,,1.3717,1.3717,0.5799999999999996
2026-03-24,2.25,2.99,3.05,3.23,3.39,3.59,3.97,,1.3761,1.3761,0.5999999999999996
2026-03-25,2.25,2.89,2.95,3.12,3.27,3.47,3.88,,1.3801,1.3801,0.5800000000000001
2026-03-26,2.25,2.98,3.03,3.22,3.37,3.57,3.92,,1.3844,1.3844,0.5899999999999999
2026-03-27,2.25,2.95,3.01,3.21,3.36,3.58,3.94,,1.3875,1.3875,0.6299999999999999
2026-03-30,2.25,2.88,2.94,3.14,3.29,3.51,3.9,,1.3926,1.3926,0.6299999999999999
2026-03-31,2.25,2.82,2.87,3.09,3.24,3.46,3.88,,1.3939,1.3939,0.6400000000000001
2026-04-01,2.25,2.82,2.94,3.11,3.27,3.5,3.93,,1.3888,1.3888,0.6800000000000002
2026-04-02,2.25,2.82,2.93,3.1,3.26,3.49,3.92,,1.3918,1.3918,0.6700000000000004
2026-04-03,2.25,,,,,,,,,,
2026-04-06,2.25,2.83,2.94,3.09,3.25,3.47,3.88,,1.3916,1.3916,0.6400000000000001
2026-04-07,2.25,2.86,2.98,3.12,3.28,3.49,3.91,,1.3907,1.3907,0.6300000000000003
2026-04-08,2.25,2.79,2.91,3.06,3.22,3.44,3.88,,1.3851,1.3851,0.6499999999999999
2026-04-09,2.25,2.79,2.92,3.07,3.23,3.46,3.89,,1.3821,1.3821,0.6699999999999999
2026-04-10,2.25,2.78,2.91,3.08,3.24,3.47,3.91,,1.3825,1.3825,0.6900000000000004
2026-04-13,2.25,2.79,2.91,3.07,3.24,3.46,3.9,,1.3812,1.3812,0.6699999999999999
2026-04-14,2.25,2.76,2.88,3.04,3.2,3.43,3.87,,1.3757,1.3757,0.6700000000000004
2026-04-15,2.25,2.79,2.91,3.08,3.25,3.47,3.9,,1.3746,1.3746,0.6800000000000002
2026-04-16,2.25,2.8,2.92,3.1,3.26,3.5,3.93,,1.371,1.371,0.7000000000000002
2026-04-17,2.25,2.77,2.86,3.04,3.2,3.44,3.88,,1.3671,1.3671,0.6699999999999999
2026-04-20,2.25,2.76,2.85,3.04,3.2,3.44,3.88,,1.366,1.366,0.6800000000000002
2026-04-21,2.25,2.84,2.92,3.1,3.27,3.5,3.91,,1.3653,1.3653,0.6600000000000001
2026-04-22,2.25,2.83,2.91,3.1,3.26,3.48,3.9,,1.3662,1.3662,0.6499999999999999
2026-04-23,,2.85,2.93,3.11,3.27,3.48,3.9,,1.3688,1.3688,0.6299999999999999
2026-04-24,2.25,2.82,2.9,3.07,3.23,3.46,3.87,,1.3678,1.3678,0.6400000000000001
2026-04-27,2.25,2.83,2.92,3.11,3.27,3.5,3.91,,1.3615,1.3615,0.6699999999999999
2026-04-28,2.25,2.88,2.96,3.14,3.29,3.51,3.91,,1.3678,1.3678,0.6299999999999999
2026-04-29,2.25,3.03,3.11,3.26,3.4,3.6,3.96,,1.3682,1.3682,0.5700000000000003
2026-04-30,2.25,2.96,3.04,3.2,3.35,3.56,3.93,,1.3624,1.3624,0.6000000000000001
2026-05-01,2.25,2.94,3.02,3.18,3.33,3.53,3.9,,1.3576,1.3576,0.5899999999999999
2026-05-04,2.25,3.05,3.13,3.27,3.41,3.62,3.96,,1.3611,1.3611,0.5700000000000003
2026-05-05,2.25,3.01,3.09,3.26,3.4,3.6,3.95,,1.3617,1.3617,0.5900000000000003
2026-05-06,2.25,2.91,2.99,3.15,3.3,3.51,3.89,,1.3625,1.3625,0.5999999999999996
2026-05-07,2.25,2.94,3.02,3.18,3.33,3.53,3.9,,1.3635,1.3635,0.5899999999999999
2026-05-08,2.25,2.86,2.94,3.12,3.26,3.47,3.85,,1.3686,1.3686,0.6100000000000003
2026-05-11,2.25,2.93,3.01,3.19,3.33,3.54,3.9,,1.3667,1.3667,0.6099999999999999
2026-05-12,2.25,2.97,3.05,3.24,3.39,3.59,3.94,,1.371,1.371,0.6199999999999997
2026-05-13,2.25,2.96,3.05,3.23,3.37,3.58,3.93,,1.3703,1.3703,0.6200000000000001
2026-05-14,2.25,2.96,3.04,3.22,3.36,3.56,3.91,,1.3725,1.3725,0.6000000000000001
2026-05-15,2.25,3.07,3.15,3.36,3.49,3.7,4.02,,1.3752,1.3752,0.6300000000000003
2026-05-18,2.25,,,,,,,,,,
2026-05-19,2.25,3.04,3.14,3.35,3.5,3.7,4.04,,1.3757,1.3757,0.6600000000000001
2026-05-20,2.25,2.93,3.03,3.23,3.37,3.58,3.94,,1.3751,1.3751,0.6499999999999999
2026-05-21,2.25,2.91,3.0,3.19,3.33,3.54,3.91,,1.3783,1.3783,0.6299999999999999
2026-05-22,2.25,2.92,3.01,3.2,3.34,3.53,3.9,,1.3809,1.3809,0.6099999999999999
2026-05-25,2.25,2.84,2.93,3.11,3.25,3.46,3.84,,1.3804,1.3804,0.6200000000000001
2026-05-26,2.25,2.84,2.93,3.12,3.26,3.47,3.84,,1.3812,1.3812,0.6300000000000003
2026-05-27,2.25,2.86,2.95,3.14,3.27,3.47,3.83,,1.3831,1.3831,0.6100000000000003
2026-05-28,2.25,2.84,2.93,3.1,3.24,3.44,3.8,,1.3809,1.3809,0.6000000000000001
2026-05-29,2.25,2.77,2.86,3.05,3.19,3.41,3.79,,1.3798,1.3798,0.6400000000000001
2026-06-01,2.25,2.81,2.9,3.08,3.22,3.43,3.81,,1.3837,1.3837,0.6200000000000001
2026-06-02,2.25,2.8,2.89,3.07,3.21,3.41,3.79,,1.3834,1.3834,0.6100000000000003
2026-06-03,2.25,2.81,2.91,3.08,3.23,3.43,3.8,,1.3884,1.3884,0.6200000000000001
2026-06-04,2.25,2.8,2.89,3.08,3.22,3.43,3.8,,1.3896,1.3896,0.6300000000000003
2026-06-05,2.25,2.87,2.96,3.14,3.28,3.48,3.83,,1.3924,1.3924,0.6099999999999999
2026-06-08,2.25,2.87,2.97,3.18,3.32,3.53,3.92,,1.3947,1.3947,0.6599999999999997
2026-06-09,2.25,2.85,2.95,3.15,3.28,3.49,3.88,,1.3947,1.3947,0.6400000000000001
2026-06-10,2.25,2.83,2.94,3.13,3.27,3.49,3.88,,1.393,1.393,0.6600000000000001
2026-06-11,2.25,2.77,2.87,3.05,3.19,3.41,3.81,,1.3993,1.3993,0.6400000000000001
2026-06-12,2.25,2.76,2.86,3.04,3.18,3.4,3.82,,1.3977,1.3977,0.6400000000000001
2026-06-15,2.25,2.76,2.86,3.04,3.18,3.41,3.84,,1.3982,1.3982,0.6500000000000004
2026-06-16,2.25,2.75,2.85,3.03,3.17,3.38,3.81,,1.3996,1.3996,0.6299999999999999
2026-06-17,2.25,2.82,2.92,3.08,3.22,3.42,3.82,,1.4034,1.4034,0.6000000000000001
2026-06-18,2.25,2.78,2.88,3.04,3.17,3.38,3.8,,1.4131,1.4131,0.6000000000000001
2026-06-19,2.25,2.78,2.88,3.04,3.18,3.39,3.81,,1.4171,1.4171,0.6100000000000003
2026-06-22,2.25,2.81,2.91,3.09,3.22,3.43,3.85,,1.4162,1.4162,0.6200000000000001
2026-06-23,2.25,2.78,2.88,3.06,3.19,3.44,3.83,,1.42,1.42,0.6600000000000001
2026-06-24,2.25,2.73,2.83,2.99,3.13,3.36,3.76,,1.4234,1.4234,0.6299999999999999
2026-06-25,2.25,2.75,2.85,3.02,3.16,3.39,3.79,,1.4204,1.4204,0.6400000000000001
2026-06-26,2.25,2.75,2.85,3.02,3.15,3.39,3.8,,1.4186,1.4186,0.6400000000000001
2026-06-29,2.25,2.73,2.83,3.0,3.13,3.37,3.77,,1.4206,1.4206,0.6400000000000001
2026-06-30,2.25,2.74,2.84,3.01,3.14,3.38,3.77,,1.421,1.421,0.6399999999999997
