origin_date,horizon,actual,naive,arima_aic,arima_bic
2012-01-19,1,1.02,0.98,0.9760096843541789,0.9777304775211991
2012-01-19,5,1.01,0.98,0.969676919370275,0.9686523876059957
2012-01-19,20,0.9599999999999996,0.98,0.9411343250670291,0.9346095504239829
2012-01-26,1,0.99,1.01,1.0112472426685588,1.0078124719275046
2012-01-26,5,0.95,1.01,1.0035228518398511,0.9990623596375223
2012-01-26,20,0.9599999999999996,1.01,0.975351376281028,0.9662494385500892
2012-02-02,1,0.9699999999999998,0.95,0.9508060760598999,0.9477160284929501
2012-02-02,5,0.9999999999999998,0.95,0.9483405969160519,0.9385801424647507
2012-02-02,20,0.8999999999999999,0.95,0.9315789305352841,0.9043205698590033
2012-02-09,1,0.9799999999999998,0.9999999999999998,1.0029492178614166,0.9978354141065218
2012-02-09,5,0.9599999999999996,0.9999999999999998,0.9962452155050286,0.9891770705326097
2012-02-09,20,0.8399999999999999,0.9999999999999998,0.9727372903121075,0.9567082821304397
2012-02-16,1,0.9599999999999996,0.9599999999999996,0.9551065332843548,0.9577791981909898
2012-02-16,5,0.9599999999999996,0.9599999999999996,0.9517397751286089,0.9488959909549506
2012-02-16,20,0.94,0.9599999999999996,0.9325642326674588,0.9155839638198033
2012-02-23,1,0.95,0.9599999999999996,0.9630369795465094,0.9578003426364843
2012-02-23,5,0.8999999999999999,0.9599999999999996,0.9567343404606812,0.9490017131824229
2012-02-23,20,0.9600000000000002,0.9599999999999996,0.9345123906300451,0.9160068527296924
2012-03-01,1,0.8599999999999999,0.8999999999999999,0.8989297699119976,0.8977076638529727
2012-03-01,5,0.8399999999999999,0.8999999999999999,0.8953575849621935,0.8885383192648642
2012-03-01,20,0.9000000000000001,0.8999999999999999,0.8782523138692494,0.854153277059457
2012-03-08,1,0.8399999999999999,0.8399999999999999,0.837056512850023,0.8376167189611049
2012-03-08,5,0.94,0.8399999999999999,0.8334140217654733,0.8280835948055248
2012-03-08,20,0.8799999999999999,0.8399999999999999,0.8128359913434123,0.7923343792220999
2012-03-15,1,0.9600000000000002,0.94,0.9392318255552474,0.9378243111691944
2012-03-15,5,0.9600000000000002,0.94,0.9339747341246222,0.929121555845972
2012-03-15,20,0.8199999999999998,0.94,0.9131538528342322,0.8964862233838883
2012-03-22,1,0.9500000000000002,0.9600000000000002,0.958109808624884,0.9578810052420947
2012-03-22,5,0.9000000000000001,0.9600000000000002,0.9500425373799927,0.9494050262104732
2012-03-22,20,0.71,0.9600000000000002,0.9198267775087727,0.9176201048418924
2012-03-29,1,0.91,0.9000000000000001,0.89450252039322,0.897790965313156
2012-03-29,5,0.8799999999999999,0.9000000000000001,0.8883457835987192,0.8889548265657796
2012-03-29,20,0.6799999999999997,0.9000000000000001,0.8632581319521334,0.8558193062631181
2012-04-05,1,0.8799999999999999,0.8799999999999999,0.8798482524896093,0.8777747061152691
2012-04-05,5,0.8199999999999998,0.8799999999999999,0.8742034233711309,0.8688735305763456
2012-04-05,20,0.7,0.8799999999999999,0.852825836021849,0.8354941223053827
2012-04-12,1,0.79,0.8199999999999998,0.8186433751432336,0.817687330343701
2012-04-12,5,0.71,0.8199999999999998,0.8149892064078913,0.8084366517185058
2012-04-12,20,0.75,0.8199999999999998,0.7978139616797656,0.7737466068740235
2012-04-19,1,0.71,0.71,0.7090164078090169,0.7075127189328327
2012-04-19,5,0.6799999999999997,0.71,0.7118737496878248,0.6975635946641641
2012-04-19,20,0.6599999999999999,0.71,0.7076876326208076,0.6602543786566563
2012-04-26,1,0.6599999999999999,0.6799999999999997,0.6804770879894736,0.6774818121221843
2012-04-26,5,0.7,0.6799999999999997,0.6776885319740978,0.6674090606109223
2012-04-26,20,0.7200000000000002,0.6799999999999997,0.6631740849533452,0.6296362424436899
2012-05-03,1,0.77,0.7,0.6977019194938874,0.6975385343002916
2012-05-03,5,0.75,0.7,0.6948587722768755,0.6876926715014577
2012-05-03,20,0.6799999999999999,0.7,0.6774342944470397,0.6507706860058312
2012-05-10,1,0.6699999999999999,0.75,0.7514566330242982,0.7476460251152423
2012-05-10,5,0.6599999999999999,0.75,0.7546384742331521,0.7382301255762113
2012-05-10,20,0.76,0.75,0.7591518454868995,0.7029205023048452
2012-05-17,1,0.6699999999999999,0.6599999999999999,0.6575791752018137,0.6575121185838886
2012-05-17,5,0.7200000000000002,0.6599999999999999,0.6636230081210289,0.6475605929194433
2012-05-17,20,0.75,0.6599999999999999,0.6743642450338291,0.6102423716777735
2012-05-24,1,0.73,0.7200000000000002,0.7210096291365159,0.7176350636212734
2012-05-24,5,0.6799999999999999,0.7200000000000002,0.7147896230457551,0.7081753181063659
2012-05-24,20,0.7,0.7200000000000002,0.6917091241913551,0.6727012724254628
2012-05-31,1,0.7400000000000001,0.6799999999999999,0.6774995652644732,0.6775875888840199
2012-05-31,5,0.76,0.6799999999999999,0.672156587572027,0.6679379444200998
2012-05-31,20,0.72,0.6799999999999999,0.6488938851392265,0.6317517776803994
2012-06-07,1,0.77,0.76,0.7625328673708011,0.7577412409917966
2012-06-07,5,0.75,0.76,0.7561814430092724,0.7487062049589832
2012-06-07,20,0.7,0.76,0.7355286629322489,0.7148248198359328
2012-06-14,1,0.76,0.75,0.7518185984772799,0.7477433419775358
2012-06-14,5,0.7,0.75,0.7425450455335061,0.738716709887679
2012-06-14,20,0.6599999999999999,0.75,0.7129631430070947,0.704866839550716
2012-06-21,1,0.74,0.7,0.7025605314306024,0.6976797270225525
2012-06-21,5,0.72,0.7,0.6986786561231499,0.688398635112763
2012-06-21,20,0.6699999999999999,0.7,0.6848091596513352,0.6535945404510523
2012-06-28,1,0.71,0.72,0.7175774648591153,0.7177311527738088
2012-06-28,5,0.7,0.72,0.7068768092748494,0.7086557638690444
2012-06-28,20,0.6299999999999999,0.72,0.6702695603264255,0.6746230554761774
2012-07-05,1,0.71,0.7,0.6986390302782955,0.697717129335058
2012-07-05,5,0.6599999999999999,0.7,0.6886945563255544,0.6885856466752901
2012-07-05,20,0.6099999999999999,0.7,0.6538718893650602,0.6543425867011605
2012-07-12,1,0.6499999999999999,0.6599999999999999,0.6592832346066576,0.6576712793532793
2012-07-12,5,0.6699999999999999,0.6599999999999999,0.6610193311887983,0.6483563967663969
2012-07-12,20,0.6500000000000001,0.6599999999999999,0.6595773401411351,0.6134255870655876
2012-07-19,1,0.6600000000000001,0.6699999999999999,0.6708255968348479,0.6677056495709166
2012-07-19,5,0.6299999999999999,0.6699999999999999,0.6687619681824171,0.6585282478545833
2012-07-19,20,0.72,0.6699999999999999,0.6585788864945752,0.6241129914183332
2012-07-26,1,0.6399999999999999,0.6299999999999999,0.6299299674868404,0.627660613341882
2012-07-26,5,0.6099999999999999,0.6299999999999999,0.6296347946108184,0.61830306670941
2012-07-26,20,0.6900000000000002,0.6299999999999999,0.6233036730523336,0.5832122668376405
2012-08-02,1,0.6499999999999999,0.6099999999999999,0.6104033528762861,0.6076475808211421
2012-08-02,5,0.6500000000000001,0.6099999999999999,0.6105604088655154,0.5982379041057112
2012-08-02,20,0.6400000000000001,0.6099999999999999,0.6064163016817684,0.5629516164228452
2012-08-09,1,0.6500000000000001,0.6500000000000001,0.6516630204387424,0.6477279182318113
2012-08-09,5,0.72,0.6500000000000001,0.6625429262468793,0.6386395911590562
2012-08-09,20,0.6800000000000002,0.6500000000000001,0.6784288995743936,0.6045583646362245
2012-08-16,1,0.74,0.72,0.7162129265356248,0.7178532426700499
2012-08-16,5,0.6900000000000002,0.72,0.7038628564507563,0.7092662133502496
2012-08-16,20,0.71,0.72,0.6622428097941755,0.6770648534009989
2012-08-23,1,0.6800000000000002,0.6900000000000002,0.6869480802670278,0.6878237455353545
2012-08-23,5,0.6400000000000001,0.6900000000000002,0.6785935073167046,0.6791187276767722
2012-08-23,20,0.7100000000000002,0.6900000000000002,0.6460359077517738,0.6464749107070883
2012-08-30,1,0.6200000000000001,0.6400000000000001,0.6379611064762798,0.6377643467835206
2012-08-30,5,0.6800000000000002,0.6400000000000001,0.633534552882036,0.6288217339176023
2012-08-30,20,0.6499999999999999,0.6400000000000001,0.6135216243600519,0.595286935670409
2012-09-06,1,0.6700000000000002,0.6800000000000002,0.6788261640351482,0.6778413844306356
2012-09-06,5,0.71,0.6800000000000002,0.667496682286613,0.6692069221531775
2012-09-06,20,0.6699999999999999,0.6800000000000002,0.6282977602495459,0.6368276886127093
2012-09-13,1,0.77,0.71,0.707098048155921,0.7079023230819674
2012-09-13,5,0.7100000000000002,0.71,0.6975064781999701,0.6995116154098372
2012-09-13,20,0.6600000000000001,0.71,0.6622389191021072,0.6680464616393491
2012-09-20,1,0.7100000000000002,0.7100000000000002,0.7081192876882549,0.7079178458659234
2012-09-20,5,0.6499999999999999,0.7100000000000002,0.6957596061002397,0.6995892293296164
2012-09-20,20,0.7699999999999998,0.7100000000000002,0.6536494523527493,0.6683569173184654
2012-09-27,1,0.6599999999999999,0.6499999999999999,0.6475045195060215,0.6478447762321464
2012-09-27,5,0.6699999999999999,0.6499999999999999,0.6380178340846147,0.6392238811607327
2012-09-27,20,0.75,0.6499999999999999,0.6035515565853902,0.6068955246429312
2012-10-04,1,0.6700000000000002,0.6699999999999999,0.6689814424843099,0.6678897341165814
2012-10-04,5,0.6600000000000001,0.6699999999999999,0.6585299536199104,0.6594486705829071
2012-10-04,20,0.71,0.6699999999999999,0.6219444108043461,0.6277946823316289
2012-10-11,1,0.6600000000000001,0.6600000000000001,0.6577288549200011,0.6578904982300305
2012-10-11,5,0.7699999999999998,0.6600000000000001,0.6475123767303754,0.6494524911501519
2012-10-11,20,0.6499999999999999,0.6600000000000001,0.6108531796009449,0.6178099646006074
2012-10-18,1,0.75,0.7699999999999998,0.7637623451236417,0.7680641618655458
2012-10-18,5,0.75,0.7699999999999998,0.749812898166826,0.7603208093277299
2012-10-18,20,0.6499999999999999,0.7699999999999998,0.6997097265872783,0.7312832373109203
2012-10-25,1,0.72,0.75,0.7432715365017892,0.7480493596652527
2012-10-25,5,0.71,0.75,0.7229524948238245,0.7402467983262633
2012-10-25,20,0.6599999999999999,0.75,0.6661234295336793,0.7109871933050529
2012-11-01,1,0.71,0.71,0.7057440819038692,0.7080063598498447
2012-11-01,5,0.6499999999999999,0.71,0.6896137506478034,0.7000317992492235
2012-11-01,20,0.6199999999999999,0.71,0.6393233620903678,0.6701271969968944
2012-11-08,1,0.6299999999999999,0.6499999999999999,0.6475881201331942,0.6479357577475433
2012-11-08,5,0.6499999999999999,0.6499999999999999,0.6359807117464318,0.6396787887377168
2012-11-08,20,0.6499999999999999,0.6499999999999999,0.5968023430032556,0.6087151549508675
2012-11-15,1,0.6199999999999999,0.6499999999999999,0.6466258612488271,0.6479501780699155
2012-11-15,5,0.6599999999999999,0.6499999999999999,0.6342002844507836,0.6397508903495779
2012-11-15,20,0.6799999999999999,0.6499999999999999,0.5939613801900389,0.6090035613983119
2012-11-22,1,0.6699999999999999,0.6599999999999999,0.6572581479843498,0.6579783059280123
2012-11-22,5,0.6199999999999999,0.6599999999999999,0.6440560043933411,0.649891529640062
2012-11-22,20,0.7100000000000002,0.6599999999999999,0.6007795314637803,0.6195661185602482
2012-11-29,1,0.6299999999999999,0.6199999999999999,0.6169420242352501,0.6179369803817925
2012-11-29,5,0.6499999999999999,0.6199999999999999,0.6068057348044871,0.6096849019089629
2012-11-29,20,0.6500000000000001,0.6199999999999999,0.5711547122927247,0.578739607635852
2012-12-06,1,0.6499999999999999,0.6499999999999999,0.647151969535483,0.6479922479311512
2012-12-06,5,0.6799999999999999,0.6499999999999999,0.6334903006107004,0.6399612396557562
2012-12-06,20,0.73,0.6499999999999999,0.5905888803809699,0.609844958623025
2012-12-13,1,0.6699999999999999,0.6799999999999999,0.6754970376220373,0.6780467625144097
2012-12-13,5,0.7100000000000002,0.6799999999999999,0.6575156205518524,0.6702338125720487
2012-12-13,20,0.77,0.6799999999999999,0.6055238652402067,0.6409352502881949
2012-12-20,1,0.6799999999999999,0.7100000000000002,0.705215659577821,0.7081005393367363
2012-12-20,5,0.6500000000000001,0.7100000000000002,0.6871855903378798,0.700502696683681
2012-12-20,20,0.75,0.7100000000000002,0.6349459825689321,0.6720107867347236
2012-12-27,1,0.6400000000000001,0.6500000000000001,0.6427697490008163,0.6480325992944395
2012-12-27,5,0.73,0.6500000000000001,0.6314574963059537,0.6401629964721967
2012-12-27,20,0.7699999999999998,0.6500000000000001,0.5878598501278404,0.6106519858887863
2013-01-03,1,0.73,0.73,0.7232225136798969,0.7281524568493518
2013-01-03,5,0.77,0.73,0.697546144473614,0.7207622842467589
2013-01-03,20,0.8300000000000001,0.73,0.6525481950601204,0.693049136987036
2013-01-10,1,0.75,0.77,0.7660977640836197,0.7682177268499446
2013-01-10,5,0.75,0.77,0.7446047148431185,0.7610886342497232
2013-01-10,20,0.8400000000000001,0.77,0.6804405262724426,0.7343545369988926
2013-01-17,1,0.74,0.75,0.7461136124979855,0.7482030959689305
2013-01-17,5,0.7699999999999998,0.75,0.7273919369883407,0.7410154798446524
2013-01-17,20,0.8700000000000001,0.75,0.6667635906291863,0.71406191937861
2013-01-24,1,0.81,0.7699999999999998,0.7653495098795136,0.7682410011388231
2013-01-24,5,0.8300000000000001,0.7699999999999998,0.7457254049810789,0.7612050056941165
2013-01-24,20,0.8699999999999999,0.7699999999999998,0.6807244047712879,0.734820022776467
2013-01-31,1,0.8500000000000001,0.8300000000000001,0.8252078691163799,0.8283304265334335
2013-01-31,5,0.8400000000000001,0.8300000000000001,0.8019875556008498,0.821652132667167
2013-01-31,20,0.8800000000000001,0.8300000000000001,0.7267711744907482,0.7966085306686679
2013-02-07,1,0.8599999999999999,0.8400000000000001,0.8300563926885575,0.8383541544533466
2013-02-07,5,0.8700000000000001,0.8400000000000001,0.7831212681222482,0.8317707722667327
2013-02-07,20,0.92,0.8400000000000001,0.666181015039119,0.8070830890669304
2013-02-14,1,0.8799999999999999,0.8700000000000001,0.8650962322651408,0.8684032044620154
2013-02-14,5,0.8699999999999999,0.8700000000000001,0.8453001257073433,0.8620160223100762
2013-02-14,20,0.95,0.8700000000000001,0.7804129077023589,0.8380640892403046
2013-02-21,1,0.8699999999999999,0.8699999999999999,0.863440999845152,0.8684133616994281
2013-02-21,5,0.8800000000000001,0.8699999999999999,0.8440381434142797,0.8620668084971408
2013-02-21,20,0.8400000000000001,0.8699999999999999,0.7770137540710311,0.8382672339885634
2013-02-28,1,0.8600000000000001,0.8800000000000001,0.8698865505811765,0.8784360590043377
2013-02-28,5,0.92,0.8800000000000001,0.8251421174500276,0.872180295021688
2013-02-28,20,0.76,0.8800000000000001,0.7157388146583342,0.8487211800867519
2013-03-07,1,0.95,0.92,0.9115909821311892,0.9184962537366808
2013-03-07,5,0.95,0.92,0.8911372124566053,0.9124812686834035
2013-03-07,20,0.8,0.92,0.8186137651855264,0.8899250747336138
2013-03-14,1,0.8999999999999999,0.95,0.945797154960359,0.9485431794758434
2013-03-14,5,0.8400000000000001,0.95,0.9282638928317444,0.9427158973792176
2013-03-14,20,0.8,0.95,0.8686666334675868,0.9208635895168703
2013-03-21,1,0.8300000000000001,0.8400000000000001,0.8312716521416045,0.8384153881076655
2013-03-21,5,0.76,0.8400000000000001,0.8148864172751804,0.8320769405383271
2013-03-21,20,0.76,0.8400000000000001,0.7547818872652752,0.8083077621533085
2013-03-28,1,0.76,0.76,0.7658277897462257,0.7583262628234424
2013-03-28,5,0.8,0.76,0.7720520014102814,0.7516313141172118
2013-03-28,20,0.79,0.76,0.7598182214548763,0.7265252564688474
2013-04-04,1,0.77,0.8,0.7934812039642954,0.7983856418994589
2013-04-04,5,0.8,0.8,0.7804298329888169,0.7919282094972947
2013-04-04,20,0.7599999999999999,0.8,0.7336013664842658,0.7677128379891787
2013-04-11,1,0.79,0.8,0.7940229842039029,0.7983954672605735
2013-04-11,5,0.76,0.8,0.7861361779250711,0.7919773363028674
2013-04-11,20,0.8300000000000001,0.8,0.7555825356440831,0.7679093452114695
2013-04-18,1,0.77,0.76,0.7576912640110779,0.7583566302223026
2013-04-18,5,0.79,0.76,0.7485993560784135,0.7517831511115132
2013-04-18,20,0.8699999999999999,0.76,0.7172129553412512,0.7271326044460529
2013-04-25,1,0.7699999999999999,0.79,0.7885641263168878,0.7884027006225158
2013-04-25,5,0.7599999999999999,0.79,0.778262197479194,0.7820135031125792
2013-04-25,20,0.92,0.79,0.7458404670123667,0.7580540124503167
2013-05-02,1,0.81,0.7599999999999999,0.7570374187863577,0.7583762783587148
2013-05-02,5,0.8300000000000001,0.7599999999999999,0.7493762812419367,0.7518813917935746
2013-05-02,20,0.9899999999999998,0.7599999999999999,0.7175005719250135,0.7275255671742987
2013-05-09,1,0.8799999999999999,0.8300000000000001,0.8238384796890125,0.8284693739248021
2013-05-09,5,0.8699999999999999,0.8300000000000001,0.807939470445426,0.8223468696240104
2013-05-09,20,0.99,0.8300000000000001,0.7813696887299888,0.7993874784960412
2013-05-16,1,0.91,0.8699999999999999,0.8673799482122619,0.8685258043194686
2013-05-16,5,0.92,0.8699999999999999,0.8537009178554672,0.8626290215973432
2013-05-16,20,1.02,0.8699999999999999,0.8105500387494026,0.8405160863893735
2013-05-23,1,0.92,0.92,0.9144404710560664,0.9185933536364204
2013-05-23,5,0.9899999999999998,0.92,0.9005790884854596,0.9129667681821017
2013-05-23,20,1.14,0.92,0.8564934505001057,0.8918670727284066
2013-05-30,1,0.98,0.9899999999999998,0.9854932744889657,0.988683519845088
2013-05-30,5,0.99,0.9899999999999998,0.9671757693564114,0.9834175992254409
2013-05-30,20,1.22,0.9899999999999998,0.9202800006430966,0.9636703969017643
2013-06-06,1,1.02,0.99,0.9871546097050137,0.9886911580164722
2013-06-06,5,1.02,0.99,0.9732636714600953,0.983455790082361
2013-06-06,20,1.2300000000000002,0.99,0.9285533728700035,0.9638231603294438
2013-06-13,1,1.02,1.02,1.0123347674497811,1.0187334012557299
2013-06-13,5,1.14,1.02,1.0006005801293472,1.0136670062786488
2013-06-13,20,1.31,1.02,0.9590215142422874,0.9946680251145953
2013-06-20,1,1.2200000000000002,1.14,1.1373084849572106,1.1388787721996712
2013-06-20,5,1.22,1.14,1.1175332974087557,1.1343938609983564
2013-06-20,20,1.3099999999999998,1.14,1.0689036699062102,1.1175754439934253
2013-06-27,1,1.22,1.22,1.2120239478786752,1.2189766933359654
2013-06-27,5,1.2300000000000002,1.22,1.1940079478737262,1.2148834666798272
2013-06-27,20,1.31,1.22,1.1503134704570506,1.1995338667193085
2013-07-04,1,1.3199999999999998,1.2300000000000002,1.2258860668069445,1.2289938616708906
2013-07-04,5,1.31,1.2300000000000002,1.2155203104824508,1.2249693083544528
2013-07-04,20,1.36,1.2300000000000002,1.1969908476111757,1.2098772334178105
2013-07-11,1,1.2900000000000005,1.31,1.3009632425800253,1.309090022814415
2013-07-11,5,1.3099999999999998,1.31,1.2921546737008875,1.3054501140720758
2013-07-11,20,1.3500000000000003,1.31,1.274164972204223,1.2918004562883032
2013-07-18,1,1.2799999999999998,1.3099999999999998,1.3093335469615885,1.3090951106030917
2013-07-18,5,1.31,1.3099999999999998,1.2986278289168154,1.3054755530154587
2013-07-18,20,1.4700000000000002,1.3099999999999998,1.2799599226117087,1.2919022120618355
2013-07-25,1,1.3000000000000005,1.31,1.3041940212359573,1.309100142345993
2013-07-25,5,1.36,1.31,1.2957335780292243,1.3055007117299648
2013-07-25,20,1.5400000000000005,1.31,1.272808707830063,1.2920028469198588
2013-08-01,1,1.3300000000000003,1.36,1.3626680454999311,1.3591606602143627
2013-08-01,5,1.3500000000000003,1.36,1.3487106844420342,1.3558033010718125
2013-08-01,20,1.41,1.36,1.3314114578511846,1.343213204287249
2013-08-08,1,1.35,1.3500000000000003,1.347645805389324,1.3491542090712003
2013-08-08,5,1.4700000000000002,1.3500000000000003,1.3412705051888603,1.345771045356
2013-08-08,20,1.5099999999999998,1.3500000000000003,1.3270747973527557,1.3330841814239989
2013-08-15,1,1.5000000000000002,1.4700000000000002,1.4695118822982252,1.4692909632932256
2013-08-15,5,1.5400000000000005,1.4700000000000002,1.4518884788603394,1.4664548164661273
2013-08-15,20,1.4999999999999998,1.4700000000000002,1.4336234362967992,1.4558192658645082
2013-08-22,1,1.5,1.5400000000000005,1.5349256397186517,1.5393713691683963
2013-08-22,5,1.41,1.5400000000000005,1.5212946180229279,1.5368568458419798
2013-08-22,20,1.4800000000000002,1.5400000000000005,1.5011879119034246,1.5274273833679177
2013-08-29,1,1.42,1.41,1.4079257890489036,1.4092333049580184
2013-08-29,5,1.5099999999999998,1.41,1.4109318577364813,1.4061665247900925
2013-08-29,20,1.36,1.41,1.4028540484274625,1.39466609916037
2013-09-05,1,1.4699999999999998,1.5099999999999998,1.5091056039314952,1.5093456526023836
2013-09-05,5,1.4999999999999998,1.5099999999999998,1.4983608691993613,1.5067282630119192
2013-09-05,20,1.36,1.5099999999999998,1.4864169569588441,1.4969130520476779
2013-09-12,1,1.4799999999999998,1.4999999999999998,1.5009427071468073,1.4993383968323768
2013-09-12,5,1.4800000000000002,1.4999999999999998,1.4934918127264993,1.4966919841618846
2013-09-12,20,1.38,1.4999999999999998,1.4777630812589237,1.4867679366475393
2013-09-19,1,1.47,1.4800000000000002,1.4803190381514697,1.4793204699813776
2013-09-19,5,1.36,1.4800000000000002,1.4759706473849243,1.4766023499068865
2013-09-19,20,1.38,1.4800000000000002,1.4644503884237694,1.4664093996275454
2013-09-26,1,1.35,1.36,1.3629708672951972,1.3591962834787414
2013-09-26,5,1.36,1.36,1.3699557575790253,1.3559814173937073
2013-09-26,20,1.3299999999999998,1.36,1.367430044461745,1.3439256695748287
2013-10-03,1,1.39,1.36,1.3602463585894438,1.3592005140128787
2013-10-03,5,1.38,1.36,1.360336452282085,1.3560025700643927
2013-10-03,20,1.3199999999999998,1.36,1.3504312573344281,1.3440102802575704
2013-10-10,1,1.38,1.38,1.38045086991695,1.3792257796608103
2013-10-10,5,1.38,1.38,1.3766491457367793,1.376128898304052
2013-10-10,20,1.42,1.38,1.3649392462196734,1.3645155932162085
2013-10-17,1,1.35,1.38,1.3773546999721447,1.3792298093957258
2013-10-17,5,1.3299999999999998,1.38,1.3757908286734777,1.37614904697863
2013-10-17,20,1.46,1.38,1.3650915372741101,1.3645961879145199
2013-10-24,1,1.33,1.3299999999999998,1.3308627736836014,1.329181662225814
2013-10-24,5,1.3199999999999998,1.3299999999999998,1.3305797609083512,1.3259083111290701
2013-10-24,20,1.5499999999999998,1.3299999999999998,1.3202211079343376,1.3136332445162813
2013-10-31,1,1.38,1.3199999999999998,1.3190496466107509,1.319175507260881
2013-10-31,5,1.42,1.3199999999999998,1.3184202776527518,1.3158775363044057
2013-10-31,20,1.45,1.3199999999999998,1.3089460903373649,1.3035101452176239
2013-11-07,1,1.4700000000000002,1.42,1.4172497984514856,1.4192829093705968
2013-11-07,5,1.46,1.42,1.4064746669584554,1.4164145468529838
2013-11-07,20,1.59,1.42,1.3912811176527986,1.4056581874119356
2013-11-14,1,1.44,1.46,1.458077964618324,1.4593276418243444
2013-11-14,5,1.5499999999999998,1.46,1.4499199820534687,1.4566382091217225
2013-11-14,20,1.56,1.46,1.4341774076231597,1.4465528364868896
2013-11-21,1,1.5,1.5499999999999998,1.5479192605516836,1.5494229988417079
2013-11-21,5,1.45,1.5499999999999998,1.5322981019839113,1.5471149942085403
2013-11-21,20,1.5600000000000005,1.5499999999999998,1.5122289047860091,1.5384599768341616
2013-11-28,1,1.4499999999999995,1.45,1.4498706014435683,1.4493242362868497
2013-11-28,5,1.59,1.45,1.447815443759897,1.4466211814342482
2013-11-28,20,1.5900000000000003,1.45,1.4386231959772657,1.4364847257369933
2013-12-05,1,1.6,1.59,1.583726346694963,1.589469226429522
2013-12-05,5,1.56,1.59,1.567843236263344,1.5873461321476094
2013-12-05,20,1.6100000000000003,1.59,1.5524279567630368,1.5793845285904378
2013-12-12,1,1.56,1.56,1.5562193861716764,1.5594416916695362
2013-12-12,5,1.5600000000000005,1.56,1.5503138993337409,1.5572084583476808
2013-12-12,20,1.58,1.56,1.5381321022500631,1.5488338333907228
2013-12-19,1,1.5599999999999998,1.5600000000000005,1.5555364955644733,1.5594444502247937
2013-12-19,5,1.5900000000000003,1.5600000000000005,1.5509235890015294,1.5572222511239662
2013-12-19,20,1.48,1.5600000000000005,1.5389514220626257,1.5488890044958632
2013-12-26,1,1.64,1.5900000000000003,1.5884852675073726,1.5894770781041676
2013-12-26,5,1.6100000000000003,1.5900000000000003,1.5818303227267825,1.5873853905208368
2013-12-26,20,1.4400000000000002,1.5900000000000003,1.5711512004637562,1.579541562083346
2014-01-02,1,1.61,1.6100000000000003,1.6073636496956973,1.6094994574626496
2014-01-02,5,1.58,1.6100000000000003,1.6042399267228682,1.607497287313246
2014-01-02,20,1.4,1.6100000000000003,1.5960391954664364,1.5999891492529832
2014-01-09,1,1.54,1.58,1.5754822179186898,1.5794723377715443
2014-01-09,5,1.48,1.58,1.5767075471391263,1.5773616888577209
2014-01-09,20,1.4500000000000002,1.58,1.5704050044627917,1.569446755430883
2014-01-16,1,1.48,1.48,1.4812407139443446,1.4793767502809283
2014-01-16,5,1.4400000000000002,1.48,1.4852148381279524,1.476883751404642
2014-01-16,20,1.4300000000000002,1.48,1.4843049814945948,1.4675350056185683
2014-01-23,1,1.43,1.4400000000000002,1.4397203549610111,1.439340704149533
2014-01-23,5,1.4,1.4400000000000002,1.4451761386131,1.436703520747664
2014-01-23,20,1.44,1.4400000000000002,1.440182584774998,1.4268140829906548
2014-01-30,1,1.39,1.4,1.4032169263195862,1.3993050256942765
2014-01-30,5,1.4500000000000002,1.4,1.4063841457270043,1.3965251284713827
2014-01-30,20,1.4200000000000002,1.4,1.404591472392511,1.386100513885531
2014-02-06,1,1.41,1.4500000000000002,1.4519627428736468,1.4493567695785692
2014-02-06,5,1.4300000000000002,1.4500000000000002,1.443998750169079,1.4467838478928454
2014-02-06,20,1.45,1.4500000000000002,1.4315946091671803,1.4371353915713814
2014-02-13,1,1.45,1.4300000000000002,1.4267082294248168,1.4293405406170459
2014-02-13,5,1.44,1.4300000000000002,1.4255524640437074,1.4267027030852288
2014-02-13,20,1.37,1.4300000000000002,1.4168003151590334,1.4168108123409147
2014-02-20,1,1.4,1.44,1.439464262409173,1.4393532526747925
2014-02-20,5,1.4200000000000002,1.44,1.436349977135029,1.4367662633739628
2014-02-20,20,1.43,1.44,1.426368892142957,1.427065053495851
2014-02-27,1,1.42,1.4200000000000002,1.4203531039499124,1.4193372264705306
2014-02-27,5,1.45,1.4200000000000002,1.4181580182080633,1.4166861323526525
2014-02-27,20,1.37,1.4200000000000002,1.4088833289207494,1.4067445294106098
2014-03-06,1,1.47,1.45,1.4509687444287298,1.4493687999918616
2014-03-06,5,1.37,1.45,1.4443585821269413,1.4468439999593081
2014-03-06,20,1.44,1.45,1.4328360919299676,1.4373759998372326
2014-03-13,1,1.38,1.37,1.3690377483366565,1.3692962276207643
2014-03-13,5,1.43,1.37,1.3750750883091356,1.366481138103821
2014-03-13,20,1.38,1.37,1.3696487263259425,1.3559245524152839
2014-03-20,1,1.41,1.43,1.4288672699300788,1.429355898249843
2014-03-20,5,1.37,1.43,1.4248713490649576,1.4267794912492155
2014-03-20,20,1.38,1.43,1.413852787649134,1.4171179649968624
2014-03-27,1,1.37,1.37,1.36990038005521,1.3693027652199994
2014-03-27,5,1.44,1.37,1.37138090868753,1.3665138260999963
2014-03-27,20,1.35,1.37,1.363523707927432,1.3560553043999848
2014-04-03,1,1.4,1.44,1.4365764115162252,1.439371157977197
2014-04-03,5,1.38,1.44,1.4299473136652108,1.4368557898859855
2014-04-03,20,1.3099999999999998,1.44,1.4181837706267,1.4274231595439426
2014-04-10,1,1.35,1.38,1.377654114332006,1.3793184243983614
2014-04-10,5,1.38,1.38,1.3781355588741153,1.3765921219918074
2014-04-10,20,1.3,1.38,1.3696748546826258,1.3663684879672295
2014-04-17,1,1.38,1.38,1.3817807114991971,1.379321729767529
2014-04-17,5,1.35,1.38,1.376601721999487,1.3766086488376454
2014-04-17,20,1.2299999999999998,1.38,1.3654040288757074,1.3664345953505819
2014-04-24,1,1.35,1.35,1.3499834745380677,1.349297178148547
2014-04-24,5,1.3099999999999998,1.35,1.349646470260669,1.346485890742735
2014-04-24,20,1.2699999999999998,1.35,1.3422422449565503,1.3359435629709404
2014-05-01,1,1.28,1.3099999999999998,1.3084880949577256,1.309263704428715
2014-05-01,5,1.3,1.3099999999999998,1.3125088043635464,1.306318522143576
2014-05-01,20,1.2,1.3099999999999998,1.3052454239100078,1.2952740885743044
2014-05-08,1,1.2999999999999998,1.3,1.2998612142325792,1.2992579437831744
2014-05-08,5,1.2299999999999998,1.3,1.2994917811176598,1.2962897189158715
2014-05-08,20,1.27,1.3,1.290237149208828,1.2851588756634857
2014-05-15,1,1.2199999999999998,1.2299999999999998,1.23232413665618,1.2291978768808607
2014-05-15,5,1.2699999999999998,1.2299999999999998,1.237681112186577,1.2259893844043042
2014-05-15,20,1.2299999999999998,1.2299999999999998,1.2305976999188275,1.2139575376172176
2014-05-22,1,1.2499999999999998,1.2699999999999998,1.2700525685392994,1.2692375401700793
2014-05-22,5,1.2,1.2699999999999998,1.266407688753127,1.2661877008503968
2014-05-22,20,1.2,1.2699999999999998,1.254599164688258,1.254750803401588
2014-05-29,1,1.1900000000000002,1.2,1.2050083268292235,1.1991781066429406
2014-05-29,5,1.27,1.2,1.2059967489562782,1.195890533214703
2014-05-29,20,1.13,1.2,1.199451268783052,1.1835621328588117
2014-06-05,1,1.2599999999999998,1.27,1.265224313169084,1.269244327879794
2014-06-05,5,1.2299999999999998,1.27,1.259025188646631,1.2662216393989705
2014-06-05,20,1.19,1.27,1.2458000938641665,1.2548865575958816
2014-06-12,1,1.22,1.2299999999999998,1.2263327847856609,1.229212079939248
2014-06-12,5,1.2,1.2299999999999998,1.2279717943033048,1.2260603996962418
2014-06-12,20,1.11,1.2299999999999998,1.2197258996011937,1.2142415987849682
2014-06-19,1,1.16,1.2,1.2049738443776115,1.1991889642435345
2014-06-19,5,1.13,1.2,1.2020558820312377,1.1959448212176724
2014-06-19,20,1.07,1.2,1.1906099931072147,1.18377928487069
2014-06-26,1,1.13,1.13,1.1297367178298516,1.1291307834778137
2014-06-26,5,1.19,1.13,1.1338540652867464,1.1256539173890692
2014-06-26,20,1.06,1.13,1.1244391801545874,1.1126156695562772
2014-07-03,1,1.2000000000000002,1.19,1.186101288388274,1.1891872448839775
2014-07-03,5,1.11,1.19,1.1794719117161145,1.185936224419888
2014-07-03,20,1.06,1.19,1.1650919587270427,1.1737448976795528
2014-07-10,1,1.11,1.11,1.1108779290129227,1.1091208417667267
2014-07-10,5,1.07,1.11,1.1125403249347787,1.105604208833633
2014-07-10,20,0.9999999999999998,1.11,1.1026176362250644,1.0924168353345325
2014-07-17,1,1.08,1.07,1.068355147930959,1.0690898304284535
2014-07-17,5,1.06,1.07,1.0733862427330654,1.0654491521422673
2014-07-17,20,0.9899999999999998,1.07,1.0640760196234902,1.051796608569069
2014-07-24,1,1.0299999999999998,1.06,1.0621187362152777,1.0590850483017467
2014-07-24,5,1.06,1.06,1.0602179165904793,1.0554252415087333
2014-07-24,20,0.99,1.06,1.04761770713297,1.0417009660349328
2014-07-31,1,1.05,1.06,1.0574792740777683,1.0590890274311047
2014-07-31,5,0.9999999999999998,1.06,1.0524379034658273,1.0554451371555227
2014-07-31,20,0.8999999999999999,1.06,1.0381498746865603,1.041780548622091
2014-08-07,1,1.01,0.9999999999999998,0.9989538186097049,0.9990413723766415
2014-08-07,5,0.9899999999999998,0.9999999999999998,1.001288475510376,0.9952068618832085
2014-08-07,20,1.0,0.9999999999999998,0.9878900694619437,0.9808274475328345
2014-08-14,1,0.97,0.9899999999999998,0.9903238567416712,0.9890368966362686
2014-08-14,5,0.99,0.9899999999999998,0.9902861482378957,0.9851844831813441
2014-08-14,20,1.0600000000000005,0.9899999999999998,0.9771394526168926,0.9707379327253773
2014-08-21,1,0.9799999999999998,0.99,0.9876727348673056,0.9890409769735528
2014-08-21,5,0.8999999999999999,0.99,0.9857159959143701,0.9852048848677637
2014-08-21,20,1.11,0.99,0.9722690058061958,0.9708195394710548
2014-08-28,1,0.8899999999999999,0.8999999999999999,0.9031467177662185,0.8989686966769939
2014-08-28,5,1.0,0.8999999999999999,0.9075118040833949,0.8948434833849699
2014-08-28,20,1.0299999999999998,0.8999999999999999,0.8958028848665247,0.8793739335398796
2014-09-04,1,0.9999999999999998,1.0,0.9982655203272478,0.9990574797466429
2014-09-04,5,1.0600000000000005,1.0,0.9851433123219444,0.9952873987332148
2014-09-04,20,1.0,1.0,0.9668435399587769,0.9811495949328591
2014-09-11,1,1.0800000000000003,1.0600000000000005,1.0562164171367925,1.0591118846375103
2014-09-11,5,1.11,1.0600000000000005,1.0426132614382488,1.0555594231875491
2014-09-11,20,0.9699999999999998,1.0600000000000005,1.0229135601468053,1.0422376927501955
2014-09-18,1,1.08,1.11,1.1065585438591574,1.1091574586983655
2014-09-18,5,1.0299999999999998,1.11,1.0947595787754691,1.1057872934918267
2014-09-18,20,1.0099999999999998,1.11,1.078286608082923,1.0931491739673063
2014-09-25,1,1.0300000000000002,1.0299999999999998,1.0272008528166416,1.0290942287100298
2014-09-25,5,1.0,1.0299999999999998,1.026093516887072,1.0254711435501496
2014-09-25,20,1.0,1.0299999999999998,1.0146587530082236,1.0118845742005989
2014-10-02,1,0.9700000000000002,1.0,1.0023874662476868,0.9990730520649275
2014-10-02,5,0.9699999999999998,1.0,1.0021347980403708,0.9953652603246376
2014-10-02,20,1.0099999999999998,1.0,0.9896697968829551,0.9814610412985503
2014-10-09,1,0.9599999999999996,0.9699999999999998,0.9711370888079129,0.9690520506955055
2014-10-09,5,1.0099999999999998,0.9699999999999998,0.9701141644619137,0.9652602534775284
2014-10-09,20,1.06,0.9699999999999998,0.9579527392270228,0.9510410139101143
2014-10-16,1,0.98,1.0099999999999998,1.0081216954088579,1.0090888831133265
2014-10-16,5,1.0,1.0099999999999998,0.99892557724705,1.0054444155666329
2014-10-16,20,1.03,1.0099999999999998,0.9831984419449843,0.9917776622665321
2014-10-23,1,1.0099999999999998,1.0,1.0001029463931213,0.9990843962801191
2014-10-23,5,1.0099999999999998,1.0,0.9928970254299677,0.9954219814005955
2014-10-23,20,1.01,1.0,0.9775903320754046,0.9816879256023817
2014-10-30,1,1.0299999999999998,1.0099999999999998,1.0081820503498835,1.009096285962054
2014-10-30,5,1.06,1.0099999999999998,1.002330251865117,1.0054814298102708
2014-10-30,20,0.91,1.0099999999999998,0.9880222620923567,0.9919257192410839
2014-11-06,1,1.0099999999999998,1.06,1.058585082368439,1.0591406280792448
2014-11-06,5,1.03,1.06,1.0494278990020118,1.0557031403962236
2014-11-06,20,0.8999999999999999,1.06,1.0343074105675478,1.0428125615848942
2014-11-13,1,1.0199999999999998,1.03,1.0280036935948211,1.0291198108859803
2014-11-13,5,1.01,1.03,1.023433706889409,1.0255990544299014
2014-11-13,20,0.81,1.03,1.0097691444889147,1.012396217719606
2014-11-20,1,0.97,1.01,1.0094113069725548,1.009107194122277
2014-11-20,5,0.91,1.01,1.0062108541464438,1.005535970611384
2014-11-20,20,0.8400000000000001,1.01,0.9932716769622357,0.9921438824455359
2014-11-27,1,0.9000000000000001,0.91,0.9112292087574964,0.90903033656741
2014-11-27,5,0.8999999999999999,0.91,0.9159417857034273,0.9051516828370497
2014-11-27,20,0.8399999999999999,0.91,0.9052701091107987,0.8906067313481989
2014-12-04,1,0.92,0.8999999999999999,0.89956046879842,0.8990261922850744
2014-12-04,5,0.81,0.8999999999999999,0.9013473453860682,0.8951309614253725
2014-12-04,20,0.78,0.8999999999999999,0.8896209210632554,0.8805238457014901
2014-12-11,1,0.79,0.81,0.8117629262778635,0.8089582842630222
2014-12-11,5,0.8400000000000001,0.81,0.8190297008504421,0.8047914213151107
2014-12-11,20,0.73,0.81,0.8103813409140519,0.789165685260443
2014-12-18,1,0.81,0.8400000000000001,0.8415327087073063,0.8389862288100185
2014-12-18,5,0.8399999999999999,0.8400000000000001,0.8366423588214945,0.8349311440500922
2014-12-18,20,0.6699999999999999,0.8400000000000001,0.8209876949514195,0.8197245762003684
2014-12-25,1,0.8399999999999999,0.8399999999999999,0.8381018113697248,0.838990251698978
2014-12-25,5,0.78,0.8399999999999999,0.8323405120059079,0.8349512584948905
2014-12-25,20,0.8699999999999999,0.8399999999999999,0.816281986432897,0.8198050339795623
2015-01-01,1,0.74,0.78,0.7807780898416219,0.7789469289622828
2015-01-01,5,0.73,0.78,0.7804679509414078,0.774734644811414
2015-01-01,20,0.9200000000000002,0.78,0.766304024088509,0.7589385792456557
2015-01-08,1,0.71,0.73,0.7342304788840547,0.7289118799344301
2015-01-08,5,0.6699999999999999,0.73,0.730543369885845,0.7245593996721503
2015-01-08,20,0.9200000000000002,0.73,0.7143546260339695,0.7082375986886015
2015-01-15,1,0.66,0.6699999999999999,0.6697067996757682,0.6688690453706749
2015-01-15,5,0.8699999999999999,0.6699999999999999,0.6714196379527456,0.6643452268533749
2015-01-15,20,0.97,0.6699999999999999,0.6590115382740962,0.6473809074135001
2015-01-22,1,0.91,0.8699999999999999,0.8609427176967919,0.8690292502856791
2015-01-22,5,0.9200000000000002,0.8699999999999999,0.8326509589735699,0.8651462514283961
2015-01-22,20,1.03,0.8699999999999999,0.8077740042024858,0.8505850057135845
2015-01-29,1,0.87,0.9200000000000002,0.9153987297010026,0.919071799806125
2015-01-29,5,0.9200000000000002,0.9200000000000002,0.8993729478022064,0.915358999030624
2015-01-29,20,0.8600000000000001,0.9200000000000002,0.8763240432502991,0.9014359961224956
2015-02-05,1,0.95,0.9200000000000002,0.9185755627686397,0.9190753699281419
2015-02-05,5,0.97,0.9200000000000002,0.9050538242123435,0.9153768496407085
2015-02-05,20,0.9,0.9200000000000002,0.8825044267996561,0.9015073985628338
2015-02-12,1,1.0,0.97,0.9637399333560721,0.9691174017912562
2015-02-12,5,1.03,0.97,0.9523286007382622,0.9655870089562807
2015-02-12,20,0.92,0.97,0.9311596900590517,0.9523480358251231
2015-02-19,1,1.02,1.03,1.0252008093408358,1.0291667771745905
2015-02-19,5,0.8600000000000001,1.03,1.0139782617036515,1.0258338858729523
2015-02-19,20,0.8400000000000001,1.03,0.9935276498091616,1.013335543491809
2015-02-26,1,0.8300000000000001,0.8600000000000001,0.8635465939133313,0.8590399383584968
2015-02-26,5,0.9,0.8600000000000001,0.8692113291378791,0.8551996917924836
2015-02-26,20,0.85,0.8600000000000001,0.8623197571530161,0.8407987671699342
2015-03-05,1,0.98,0.9,0.9003504217981669,0.8990741574275994
2015-03-05,5,0.92,0.9,0.8972868789819723,0.8953707871379972
2015-03-05,20,0.8200000000000001,0.9,0.883852280463744,0.8814831485519891
2015-03-12,1,0.93,0.92,0.9204298933130749,0.919092808890002
2015-03-12,5,0.8400000000000001,0.92,0.917368198130903,0.9154640444500098
2015-03-12,20,0.8600000000000001,0.92,0.9041487550407125,0.9018561778000391
2015-03-19,1,0.8400000000000001,0.8400000000000001,0.841619409989222,0.8390358080044089
2015-03-19,5,0.85,0.8400000000000001,0.8438290470311353,0.835179040022044
2015-03-19,20,0.7900000000000001,0.8400000000000001,0.836718494595748,0.8207161600881758
2015-03-26,1,0.8500000000000001,0.85,0.8506679602214562,0.8490469456492764
2015-03-26,5,0.8200000000000001,0.85,0.848165311490661,0.8452347282463819
2015-03-26,20,0.82,0.85,0.8350068398716024,0.8309389129855278
2015-04-02,1,0.8200000000000001,0.8200000000000001,0.8205963982360103,0.8190280130902725
2015-04-02,5,0.8600000000000001,0.8200000000000001,0.8203528799367961,0.8151400654513623
2015-04-02,20,0.91,0.8200000000000001,0.8077206453716321,0.8005602618054488
2015-04-09,1,0.8500000000000001,0.8600000000000001,0.8607471913631178,0.859061496309104
2015-04-09,5,0.7900000000000001,0.8600000000000001,0.8551581402993996,0.8553074815455196
2015-04-09,20,1.06,0.8600000000000001,0.8394974971362732,0.8412299261820784
2015-04-16,1,0.7899999999999999,0.7900000000000001,0.7910413772067708,0.7890128857177818
2015-04-16,5,0.82,0.7900000000000001,0.7908340002235148,0.7850644285889086
2015-04-16,20,1.13,0.7900000000000001,0.7815600304021647,0.770257714355634
2015-04-23,1,0.7999999999999999,0.82,0.8182027213168762,0.8190387649068324
2015-04-23,5,0.91,0.82,0.8144754223391087,0.8151938245341621
2015-04-23,20,1.08,0.82,0.8001986025980617,0.8007752981366487
2015-04-30,1,0.95,0.91,0.904896209301004,0.9091087239948379
2015-04-30,5,1.06,0.91,0.8906985519427381,0.9055436199741893
2015-04-30,20,1.04,0.91,0.8723360778720501,0.892174479896757
2015-05-07,1,1.04,1.06,1.0489332717843485,1.0592223742208189
2015-05-07,5,1.13,1.06,1.0355555708711066,1.0561118711040942
2015-05-07,20,1.16,1.06,1.0042843050812038,1.0444474844163767
2015-05-14,1,1.0699999999999998,1.13,1.1249256565599557,1.1292765266886378
2015-05-14,5,1.08,1.13,1.1114311908184165,1.1263826334431888
2015-05-14,20,1.15,1.13,1.0826961391231862,1.115530533772755
2015-05-21,1,1.09,1.08,1.079424808233749,1.0792426407502094
2015-05-21,5,1.04,1.08,1.075829603259878,1.0762132037510461
2015-05-21,20,1.17,1.08,1.0620186693835243,1.064852815004184
2015-05-28,1,1.0500000000000005,1.04,1.0401060556673705,1.0392162682987764
2015-05-28,5,1.16,1.04,1.0395603492854018,1.0360813414938825
2015-05-28,20,1.2000000000000002,1.04,1.0299347434871773,1.0243253659755303
2015-06-04,1,1.1800000000000002,1.16,1.15344009862995,1.159306099615636
2015-06-04,5,1.15,1.16,1.1431104999475343,1.1565304980781803
2015-06-04,20,1.26,1.16,1.1269688986664546,1.146121992312722
2015-06-11,1,1.16,1.15,1.146898843976641,1.1493013644165322
2015-06-11,5,1.17,1.15,1.14424082991604,1.1465068220826609
2015-06-11,20,1.13,1.15,1.129990726050948,1.1360272883306435
2015-06-18,1,1.12,1.17,1.1692824995149498,1.1693182620857585
2015-06-18,5,1.2000000000000002,1.17,1.1614972850294547,1.1665913104287933
2015-06-18,20,1.15,1.17,1.1410887938810734,1.1563652417151735
2015-06-25,1,1.2400000000000002,1.2000000000000002,1.1997026235407164,1.199342208146704
2015-06-25,5,1.26,1.2000000000000002,1.1919406828529684,1.1967110407335193
2015-06-25,20,1.08,1.2000000000000002,1.1727195724318416,1.1868441629340765
2015-07-02,1,1.21,1.26,1.2623514536752267,1.2593873789299697
2015-07-02,5,1.13,1.26,1.2516302438857303,1.256936894649848
2015-07-02,20,1.04,1.26,1.2303295370533627,1.2477475785993917
2015-07-09,1,1.18,1.13,1.1276051066009256,1.1292969577837666
2015-07-09,5,1.15,1.13,1.124479154567906,1.1264847889188336
2015-07-09,20,1.0,1.13,1.1114880335942547,1.1159391556753344
2015-07-16,1,1.14,1.15,1.146049208235137,1.1493136657089191
2015-07-16,5,1.08,1.15,1.1441148222684396,1.146568328544596
2015-07-16,20,0.99,1.15,1.133003052295548,1.1362733141783845
2015-07-23,1,1.05,1.08,1.0790539382502038,1.0792665704460929
2015-07-23,5,1.04,1.08,1.077761690898973,1.0763328522304636
2015-07-23,20,0.94,1.08,1.0697689741055,1.0653314089218544
2015-07-30,1,1.03,1.04,1.03965122156714,1.0392409566519545
2015-07-30,5,1.0,1.04,1.0404990480547516,1.0362047832597718
2015-07-30,20,1.0499999999999998,1.04,1.037095966909127,1.0248191330390872
2015-08-06,1,0.98,1.0,0.9979758533263988,0.9992155141947329
2015-08-06,5,0.99,1.0,0.9993109013074385,0.9960775709736643
2015-08-06,20,1.03,1.0,0.9953323974126179,0.9843102838946571
2015-08-13,1,0.98,0.99,0.9899985843760359,0.9892112439651567
2015-08-13,5,0.94,0.99,0.9898858695944406,0.9860562198257834
2015-08-13,20,1.03,0.99,0.9846670920657694,0.9742248793031337
2015-08-20,1,0.94,0.94,0.9436364570831433,0.939179107512056
2015-08-20,5,1.0499999999999998,0.94,0.9448236611432108,0.9358955375602805
2015-08-20,20,1.05,0.94,0.9416199630200331,0.9235821502411221
2015-08-27,1,1.02,1.0499999999999998,1.0434271283777314,1.049258383414837
2015-08-27,5,1.03,1.0499999999999998,1.0337026835496474,1.0462919170741862
2015-08-27,20,0.95,1.0499999999999998,1.0176094281122436,1.0351676682967457
2015-09-03,1,1.0,1.03,1.027202077252032,1.029247077649408
2015-09-03,5,1.03,1.03,1.023033756931573,1.0262353882470403
2015-09-03,20,0.91,1.03,1.009556753263178,1.0149415529881611
2015-09-10,1,1.01,1.03,1.0292302420163921,1.029249819807072
2015-09-10,5,1.05,1.03,1.0240054893633637,1.0262490990353608
2015-09-10,20,0.96,1.03,1.0114122727071984,1.0149963961414425
2015-09-17,1,1.0,1.05,1.0494048638988085,1.0492659869822119
2015-09-17,5,0.95,1.05,1.0446934560972916,1.0463299349110593
2015-09-17,20,0.91,1.05,1.030389961272514,1.035319739644237
2015-09-24,1,0.99,0.95,0.948257680124733,0.9491999454105002
2015-09-24,5,0.91,0.95,0.9497654307810082,0.9459997270525013
2015-09-24,20,0.93,0.95,0.9468113135191933,0.9339989082100055
2015-10-01,1,0.8899999999999999,0.91,0.9111419414911817,0.9091753390607318
2015-10-01,5,0.96,0.91,0.9124030595543361,0.9058766953036588
2015-10-01,20,0.98,0.91,0.9087478164413874,0.893506781214635
2015-10-08,1,0.96,0.96,0.9607006388172358,0.9592121617296802
2015-10-08,5,0.91,0.96,0.9566192216634875,0.956060808648401
2015-10-08,20,1.02,0.96,0.9445581361951002,0.9442432345936043
2015-10-15,1,0.93,0.91,0.911635592949244,0.9091809104234486
2015-10-15,5,0.93,0.91,0.9103664820128202,0.905904552117243
2015-10-15,20,1.0499999999999998,0.91,0.9038085662266836,0.8936182084689718
2015-10-22,1,0.97,0.93,0.9322067938606537,0.9291971908137351
2015-10-22,5,0.98,0.93,0.9287120555388019,0.925985954068675
2015-10-22,20,1.0,0.93,0.917657134914686,0.9139438162747001
2015-10-29,1,0.97,0.98,0.9812535648123489,0.9792335884582628
2015-10-29,5,1.02,0.98,0.97101195381101,0.9761679422913143
2015-10-29,20,0.95,0.98,0.9532310606201035,0.9646717691652571
2015-11-05,1,1.0499999999999998,1.02,1.0181107832890817,1.0192630137561707
2015-11-05,5,1.0499999999999998,1.02,1.0090662234957488,1.0163150687808538
2015-11-05,20,0.97,1.02,0.9938726117830678,1.0052602751234145
2015-11-12,1,1.04,1.0499999999999998,1.0480711285590125,1.0492855421442882
2015-11-12,5,1.0,1.0499999999999998,1.039693302383359,1.0464277107214413
2015-11-12,20,0.94,1.0499999999999998,1.022231993456748,1.035710842885766
2015-11-19,1,1.0100000000000002,1.0,0.9997888829835908,0.9992545566039565
2015-11-19,5,0.95,1.0,0.9968742046270574,0.9962727830197821
2015-11-19,20,0.91,1.0,0.9860670665907113,0.9850911320791281
2015-11-26,1,0.93,0.95,0.951576891558273,0.949223746271804
2015-11-26,5,0.97,0.95,0.9534844558326673,0.9461187313590198
2015-11-26,20,0.8800000000000001,0.95,0.9455869778093136,0.9344749254360794
2015-12-03,1,0.95,0.97,0.9739882860368233,0.9692395607879978
2015-12-03,5,0.94,0.97,0.967391399907384,0.966197803939989
2015-12-03,20,0.91,0.97,0.9541639615484433,0.954791215759956
2015-12-10,1,0.93,0.94,0.9393023466345823,0.9392222728070483
2015-12-10,5,0.91,0.94,0.9372084127553961,0.9361113640352419
2015-12-10,20,0.91,0.94,0.9266979887576291,0.9244454561409674
2015-12-17,1,0.8899999999999999,0.91,0.9074909548578114,0.9092050128330443
2015-12-17,5,0.8800000000000001,0.91,0.9096792860945615,0.9060250641652213
2015-12-17,20,0.91,0.91,0.900976583549664,0.8941002566608852
2015-12-24,1,0.8800000000000001,0.8800000000000001,0.8780952885540155,0.879187919471313
2015-12-24,5,0.91,0.8800000000000001,0.8796747028502245,0.8759395973565646
2015-12-24,20,0.81,0.8800000000000001,0.8726858307204917,0.8637583894262579
2015-12-31,1,0.91,0.91,0.9078758526491209,0.9092101781173931
2015-12-31,5,0.91,0.91,0.9042966699752876,0.9060508905869655
2015-12-31,20,0.81,0.91,0.8918691166946002,0.8942035623478621
2016-01-07,1,0.8700000000000001,0.91,0.9089909870963908,0.9092127354573275
2016-01-07,5,0.91,0.91,0.9062621621554545,0.9060636772866376
2016-01-07,20,0.7699999999999999,0.91,0.8949656131542593,0.8942547091465505
2016-01-14,1,0.8599999999999999,0.91,0.9085353953333287,0.9092152730028196
2016-01-14,5,0.81,0.91,0.9063797275400223,0.9060763650140978
2016-01-14,20,0.64,0.91,0.8967769812984275,0.8943054600563911
2016-01-21,1,0.8600000000000001,0.81,0.8174901159109956,0.8091530281101786
2016-01-21,5,0.81,0.81,0.81720850860909,0.8057651405508932
2016-01-21,20,0.6800000000000002,0.81,0.812684661167926,0.7930605622035725
2016-01-28,1,0.8,0.81,0.8114725714232222,0.8091557478726572
2016-01-28,5,0.7699999999999999,0.81,0.8118830444644022,0.8057787393632857
2016-01-28,20,0.6399999999999999,0.81,0.8024299290360852,0.7931149574531426
2016-02-04,1,0.7599999999999999,0.7699999999999999,0.7693625565452207,0.7691327146235293
2016-02-04,5,0.64,0.7699999999999999,0.7701562418699022,0.765663573117647
2016-02-04,20,0.71,0.7699999999999999,0.7606857294863935,0.752654292470588
2016-02-11,1,0.69,0.64,0.6440402559764998,0.639052096073309
2016-02-11,5,0.6800000000000002,0.64,0.6507979581699883,0.6352604803665454
2016-02-11,20,0.74,0.64,0.6474757224525569,0.6210419214661815
2016-02-18,1,0.6700000000000002,0.6800000000000002,0.680984139877117,0.6790806760143276
2016-02-18,5,0.6399999999999999,0.6800000000000002,0.6810274418615936,0.6754033800716374
2016-02-18,20,0.76,0.6800000000000002,0.6710559529083686,0.661613520286549
2016-02-25,1,0.6799999999999999,0.6399999999999999,0.6401109029105273,0.6390580792280227
2016-02-25,5,0.71,0.6399999999999999,0.6415575161674993,0.6352903961401142
2016-02-25,20,0.71,0.6399999999999999,0.632133173317858,0.6211615845604572
2016-03-03,1,0.73,0.71,0.7090581213222991,0.7091055462285618
2016-03-03,5,0.74,0.71,0.702860698663364,0.7055277311428093
2016-03-03,20,0.69,0.71,0.6873265728038411,0.6921109245712375
2016-03-10,1,0.7800000000000001,0.74,0.7345174214934792,0.739127317514027
2016-03-10,5,0.76,0.74,0.728098419130518,0.7356365875701355
2016-03-10,20,0.6299999999999999,0.74,0.7125851636175,0.7225463502805421
2016-03-17,1,0.75,0.76,0.7577851163391913,0.7591427127733147
2016-03-17,5,0.71,0.76,0.7512132208509539,0.7557135638665732
2016-03-17,20,0.6900000000000001,0.76,0.7351732225270915,0.7428542554662928
2016-03-24,1,0.71,0.71,0.7140298520732242,0.7091139693344151
2016-03-24,5,0.69,0.71,0.7099683403835221,0.7055698466720757
2016-03-24,20,0.83,0.71,0.6978042212739216,0.6922793866883028
2016-03-31,1,0.7,0.69,0.6884500799403456,0.6891041855751832
2016-03-31,5,0.6299999999999999,0.69,0.6868340098188378,0.6855209278759162
2016-03-31,20,0.8099999999999999,0.69,0.6749279376411615,0.6720837115036649
2016-04-07,1,0.6699999999999999,0.6299999999999999,0.6283900726594062,0.6290694469451772
2016-04-07,5,0.6900000000000001,0.6299999999999999,0.6309094839076201,0.6253472347258863
2016-04-07,20,0.7800000000000001,0.6299999999999999,0.6218284139528554,0.6113889389035456
2016-04-14,1,0.67,0.6900000000000001,0.691096946083317,0.6891097597529194
2016-04-14,5,0.83,0.6900000000000001,0.6853584099408279,0.6855487987645972
2016-04-14,20,0.76,0.6900000000000001,0.6709135799158893,0.6721951950583887
2016-04-21,1,0.84,0.83,0.8296106484697378,0.8291994561978014
2016-04-21,5,0.8099999999999999,0.83,0.8099841333385408,0.8259972809890075
2016-04-21,20,0.7200000000000001,0.83,0.7866521844561187,0.8139891239560301
2016-04-28,1,0.82,0.8099999999999999,0.8085200258729869,0.8091895281530335
2016-04-28,5,0.7800000000000001,0.8099999999999999,0.8006580852022656,0.8059476407651677
2016-04-28,20,0.7100000000000001,0.8099999999999999,0.7852319315629035,0.7937905630606706
2016-05-05,1,0.79,0.7800000000000001,0.7774637638527059,0.7791734804713935
2016-05-05,5,0.76,0.7800000000000001,0.777286734517226,0.7758674023569665
2016-05-05,20,0.68,0.7800000000000001,0.7664137982031209,0.7634696094278655
2016-05-12,1,0.72,0.76,0.7608724932095494,0.7591636948932035
2016-05-12,5,0.7200000000000001,0.76,0.7598963525180734,0.7558184744660175
2016-05-12,20,0.6699999999999999,0.76,0.749121273481226,0.7432738978640697
2016-05-19,1,0.7300000000000001,0.7200000000000001,0.7188284418398472,0.7191417162909363
2016-05-19,5,0.7100000000000001,0.7200000000000001,0.7192974151188984,0.715708581454681
2016-05-19,20,0.5900000000000001,0.7200000000000001,0.7085452982101034,0.7028343258187235
2016-05-26,1,0.7000000000000001,0.7100000000000001,0.7084862008204268,0.70913820753029
2016-05-26,5,0.68,0.7100000000000001,0.708927627825687,0.7056910376514498
2016-05-26,20,0.68,0.7100000000000001,0.6980613710184463,0.6927641506057992
2016-06-02,1,0.6799999999999999,0.68,0.6789793964099315,0.6791225280229894
2016-06-02,5,0.6699999999999999,0.68,0.679822858596078,0.6756126401149473
2016-06-02,20,0.54,0.68,0.669209882245968,0.6624505604597887
2016-06-09,1,0.6300000000000001,0.6699999999999999,0.6703200302995678,0.6691191005036082
2016-06-09,5,0.5900000000000001,0.6699999999999999,0.6695599135819598,0.6655955025180414
2016-06-09,20,0.51,0.6699999999999999,0.6584008545949566,0.6523820100721661
2016-06-16,1,0.6000000000000001,0.5900000000000001,0.5915696810831075,0.5890732433154262
2016-06-16,5,0.68,0.5900000000000001,0.5937281319905607,0.5853662165771305
2016-06-16,20,0.51,0.5900000000000001,0.5835650232553351,0.5714648663085219
2016-06-23,1,0.6299999999999999,0.68,0.6802922296887962,0.6791304427343386
2016-06-23,5,0.54,0.68,0.6707928669404926,0.6756522136716929
2016-06-23,20,0.5300000000000001,0.68,0.6543833407633237,0.6626088546867716
2016-06-30,1,0.54,0.54,0.5399818353532384,0.5390486509762414
2016-06-30,5,0.51,0.54,0.5442711266405683,0.5352432548812073
2016-06-30,20,0.4800000000000001,0.54,0.5346549281672611,0.5209730195248291
2016-07-07,1,0.49,0.51,0.5109151023769596,0.5090334694554055
2016-07-07,5,0.51,0.51,0.5106519470648474,0.5051673472770275
2016-07-07,20,0.51,0.51,0.4982295862016783,0.4906693891081099
2016-07-14,1,0.5400000000000001,0.51,0.5126515643019937,0.5090363496523116
2016-07-14,5,0.5300000000000001,0.51,0.5094777998700899,0.5051817482615579
2016-07-14,20,0.5,0.51,0.4961964000333394,0.49072699304623163
2016-07-21,1,0.53,0.5300000000000001,0.528659527705163,0.5290511552201727
2016-07-21,5,0.4800000000000001,0.5300000000000001,0.5233967032030793,0.5252557761008625
2016-07-21,20,0.4700000000000001,0.5300000000000001,0.5086514375723036,0.5110231044034493
2016-07-28,1,0.49,0.4800000000000001,0.4810490611928992,0.47902418768248967
2016-07-28,5,0.51,0.4800000000000001,0.48009927631312954,0.475120938412448
2016-07-28,20,0.4800000000000001,0.4800000000000001,0.4668034698710611,0.4604837536497918
2016-08-04,1,0.55,0.51,0.5076149634293718,0.5090448690006708
2016-08-04,5,0.5,0.51,0.5042185836642998,0.5052243450033539
2016-08-04,20,0.4399999999999999,0.51,0.48994019113406423,0.4908973800134155
2016-08-11,1,0.49,0.5,0.49964612599075414,0.4990417721847221
2016-08-11,5,0.4700000000000001,0.5,0.4966336593632129,0.49520886092361066
2016-08-11,20,0.5200000000000001,0.5,0.4829794901963284,0.48083544369444264
2016-08-18,1,0.5100000000000001,0.4700000000000001,0.46943551464038163,0.46902687572220125
2016-08-18,5,0.4800000000000001,0.4700000000000001,0.4684723222761147,0.46513437861100587
2016-08-18,20,0.63,0.4700000000000001,0.45488802086079316,0.4505375144440233
2016-08-25,1,0.4800000000000001,0.4800000000000001,0.48108409413854625,0.479035597195224
2016-08-25,5,0.4399999999999999,0.4800000000000001,0.47638313840896807,0.47517798597611965
2016-08-25,20,0.5300000000000001,0.4800000000000001,0.46187508706208225,0.4607119439044784
2016-09-01,1,0.4700000000000001,0.4399999999999999,0.43986513110582254,0.43901495119208483
2016-09-01,5,0.5200000000000001,0.4399999999999999,0.43769564080909457,0.4350747559604245
2016-09-01,20,0.4599999999999999,0.4399999999999999,0.4242838924813514,0.42029902384169837
2016-09-08,1,0.57,0.5200000000000001,0.5190416815742889,0.5190646170614227
2016-09-08,5,0.63,0.5200000000000001,0.5075944724989707,0.515323085307113
2016-09-08,20,0.57,0.5200000000000001,0.4910064103470741,0.5012923412284517
2016-09-15,1,0.61,0.63,0.628000786736179,0.6291315223876534
2016-09-15,5,0.5300000000000001,0.63,0.6137595506085987,0.6256576119382665
2016-09-15,20,0.58,0.63,0.5938064712765094,0.6126304477530662
2016-09-22,1,0.52,0.5300000000000001,0.5278385893250628,0.5290758614867013
2016-09-22,5,0.4599999999999999,0.5300000000000001,0.5287485296295709,0.5253793074335056
2016-09-22,20,0.6199999999999999,0.5300000000000001,0.5177067072032928,0.5115172297340218
2016-09-29,1,0.48,0.4599999999999999,0.46113391455952873,0.45903792347788513
2016-09-29,5,0.57,0.4599999999999999,0.4631889467520531,0.45518961738942615
2016-09-29,20,0.65,0.4599999999999999,0.45326824807167954,0.4407584695577048
2016-10-06,1,0.58,0.57,0.569306015816327,0.5691043218791972
2016-10-06,5,0.58,0.57,0.558291963397096,0.5655216093959865
2016-10-06,20,0.6599999999999999,0.57,0.5398307244253729,0.5520864375839463
2016-10-13,1,0.63,0.58,0.5771870268421204,0.5791126536888249
2016-10-13,5,0.6199999999999999,0.58,0.5706515672799256,0.5755632684441245
2016-10-13,20,0.8099999999999999,0.58,0.554910245492697,0.5622530737764984
2016-10-20,1,0.6099999999999999,0.6199999999999999,0.6165571067719896,0.6191381920677256
2016-10-20,5,0.65,0.6199999999999999,0.6101285705942867,0.6156909603386286
2016-10-20,20,0.88,0.6199999999999999,0.5947023417546256,0.6027638413545144
2016-10-27,1,0.66,0.65,0.6501794496721037,0.649157869088228
2016-10-27,5,0.6599999999999999,0.65,0.6417167331260474,0.6457893454411403
2016-10-27,20,0.91,0.65,0.6281650178926025,0.6331573817645612
2016-11-03,1,0.6399999999999999,0.6599999999999999,0.6592460138657397,0.6591659796373889
2016-11-03,5,0.8099999999999999,0.6599999999999999,0.651844086519201,0.6558298981869446
2016-11-03,20,0.91,0.6599999999999999,0.636883613301127,0.6433195927477785
2016-11-10,1,0.8099999999999999,0.8099999999999999,0.8015434131676459,0.809253802241063
2016-11-10,5,0.88,0.8099999999999999,0.7852564628863965,0.8062690112053155
2016-11-10,20,0.93,0.8099999999999999,0.7647871096024373,0.7950760448212623
2016-11-17,1,0.9,0.88,0.8781950130871224,0.8792957420721748
2016-11-17,5,0.91,0.88,0.8652430595316676,0.8764787103608739
2016-11-17,20,1.02,0.88,0.8478616232458808,0.8659148414434955
2016-11-24,1,0.9,0.91,0.9081039132626764,0.909314730098075
2016-11-24,5,0.91,0.91,0.8992783159633115,0.9065736504903746
2016-11-24,20,0.99,0.91,0.8848836865608029,0.8962946019614986
2016-12-01,1,0.8999999999999999,0.91,0.9076454640405215,0.9093166536936622
2016-12-01,5,0.93,0.91,0.9023827615921074,0.9065832684683107
2016-12-01,20,0.96,0.91,0.891689840545714,0.8963330738732426
2016-12-08,1,0.99,0.93,0.9308914617197193,0.9293298390531529
2016-12-08,5,1.02,0.93,0.924789110919075,0.9266491952657642
2016-12-08,20,0.95,0.93,0.914378383397046,0.9165967810630566
2016-12-15,1,1.0100000000000002,1.02,1.018151476816488,1.0193822940113348
2016-12-15,5,0.99,1.02,1.0083868245279128,1.016911470056674
2016-12-15,20,0.8799999999999999,1.02,0.9943942929824978,1.007645880226696
2016-12-22,1,1.0,0.99,0.9897219364654278,0.9893671918624946
2016-12-22,5,0.96,0.99,0.9850100410301734,0.9868359593124728
2016-12-22,20,0.96,0.99,0.9742923175629186,0.9773438372498912
2016-12-29,1,0.98,0.96,0.9623097440125851,0.9593521554695512
2016-12-29,5,0.95,0.96,0.9597952227778368,0.9567607773477563
2016-12-29,20,1.0,0.96,0.9502252664113852,0.9470431093910253
2017-01-05,1,0.97,0.95,0.9497531215314822,0.9493483455599061
2017-01-05,5,0.8799999999999999,0.95,0.9482311560166675,0.9467417277995306
2017-01-05,20,0.99,0.95,0.9386468221446599,0.9369669111981225
2017-01-12,1,0.92,0.8799999999999999,0.8807639581710113,0.8793112691479964
2017-01-12,5,0.96,0.8799999999999999,0.8841240496034736,0.8765563457399826
2017-01-12,20,0.93,0.8799999999999999,0.8778054806251565,0.8662253829599307
2017-01-19,1,0.97,0.96,0.9566285645118133,0.9593575043319713
2017-01-19,5,1.0,0.96,0.9517951745559176,0.9567875216598568
2017-01-19,20,0.95,0.96,0.9417618956965569,0.9471500866394275
2017-01-26,1,0.98,1.0,0.9983398091082226,0.9993813856035056
2017-01-26,5,0.99,1.0,0.9914693366683637,0.9969069280175283
2017-01-26,20,0.91,1.0,0.9792459034744883,0.9876277120701134
2017-02-02,1,1.0,0.99,0.9876659827533987,0.9893775644899493
2017-02-02,5,0.93,0.99,0.9836400145699028,0.9868878224497466
2017-02-02,20,0.92,0.99,0.9725627789981979,0.9775512897989863
2017-02-09,1,0.92,0.93,0.9335444290451071,0.929346269053518
2017-02-09,5,0.95,0.93,0.9315936394393454,0.9267313452675902
2017-02-09,20,0.99,0.93,0.9230489601190086,0.9169253810703604
2017-02-16,1,0.93,0.95,0.9480389110308169,0.9493590343745523
2017-02-16,5,0.91,0.95,0.9461861380739321,0.9467951718727613
2017-02-16,20,0.98,0.95,0.9365477479491858,0.9371806874910453
2017-02-23,1,0.8500000000000001,0.91,0.9101610693293667,0.9093389032279805
2017-02-23,5,0.92,0.91,0.910019151778904,0.9066945161399025
2017-02-23,20,0.92,0.91,0.9018215938003888,0.89677806455961
2017-03-02,1,0.94,0.92,0.9168440589778379,0.9193461452071615
2017-03-02,5,0.99,0.92,0.9133159019686663,0.9167307260358075
2017-03-02,20,0.8899999999999999,0.92,0.9032010607260929,0.90692290414323
2017-03-09,1,0.97,0.99,0.9881301957806298,0.9893859731217592
2017-03-09,5,0.98,0.99,0.9817130241882822,0.9869298656087961
2017-03-09,20,0.8300000000000001,0.99,0.9716635208968429,0.9777194624351846
2017-03-16,1,0.96,0.98,0.9798185024672614,0.9793821987788237
2017-03-16,5,0.92,0.98,0.9761819606771075,0.9769109938941188
2017-03-16,20,0.76,0.98,0.9667392124613049,0.9676439755764754
2017-03-23,1,0.8899999999999999,0.92,0.9203917988963917,0.9193514069553951
2017-03-23,5,0.8899999999999999,0.92,0.9194083543738784,0.9167570347769751
2017-03-23,20,0.74,0.92,0.9109366961699915,0.9070281391079005
2017-03-30,1,0.8799999999999999,0.8899999999999999,0.8910165061909737,0.889336960892473
2017-03-30,5,0.8300000000000001,0.8899999999999999,0.8890303909732734,0.8866848044623654
2017-03-30,20,0.8400000000000001,0.8899999999999999,0.8798691489598753,0.8767392178494617
2017-04-06,1,0.8300000000000001,0.8300000000000001,0.8300741214375534,0.8293064645772921
2017-04-06,5,0.76,0.8300000000000001,0.8296956000604074,0.8265323228864601
2017-04-06,20,0.85,0.8300000000000001,0.8213978985168936,0.8161292915458402
2017-04-13,1,0.76,0.76,0.7606925043327223,0.7592707529560461
2017-04-13,5,0.74,0.76,0.7614759841370202,0.7563537647802303
2017-04-13,20,0.9000000000000001,0.76,0.7512067350871868,0.745415059120921
2017-04-20,1,0.75,0.74,0.7391647662976052,0.7392619873935741
2017-04-20,5,0.8400000000000001,0.74,0.7407757941564067,0.7363099369678705
2017-04-20,20,0.7699999999999999,0.74,0.7325159452709011,0.7252397478714818
2017-04-27,1,0.8200000000000001,0.8400000000000001,0.8412968233110157,0.8393173016259705
2017-04-27,5,0.85,0.8400000000000001,0.8302025050205173,0.836586508129852
2017-04-27,20,0.74,0.8400000000000001,0.815206383715196,0.826346032519408
2017-05-04,1,0.86,0.85,0.8474589714976264,0.849324420279439
2017-05-04,5,0.9000000000000001,0.85,0.8408178139322262,0.846622101397195
2017-05-04,20,0.73,0.85,0.8270913628679901,0.8364884055887798
2017-05-11,1,0.89,0.9000000000000001,0.897467585954291,0.8993527353093795
2017-05-11,5,0.7699999999999999,0.9000000000000001,0.8946882796171716,0.8967636765468971
2017-05-11,20,0.71,0.9000000000000001,0.8848784910970665,0.8870547061875884
2017-05-18,1,0.7899999999999999,0.7699999999999999,0.7731338780680378,0.7692856157803931
2017-05-18,5,0.74,0.7699999999999999,0.7743540657271891,0.7664280789019658
2017-05-18,20,0.62,0.7699999999999999,0.7644190903409618,0.7557123156078638
2017-05-25,1,0.73,0.74,0.7419015590429169,0.7392716563534861
2017-05-25,5,0.73,0.74,0.7414062734904613,0.7363582817674305
2017-05-25,20,0.57,0.74,0.7309419804364731,0.7254331270697216
2017-06-01,1,0.71,0.73,0.7304524966259021,0.7292682949414336
2017-06-01,5,0.71,0.73,0.7293158016341862,0.7263414747071684
2017-06-01,20,0.6199999999999999,0.73,0.7197855532718146,0.7153658988286734
2017-06-08,1,0.6799999999999999,0.71,0.7090419453895465,0.7092596991100981
2017-06-08,5,0.62,0.71,0.7071193252275548,0.7062984955504905
2017-06-08,20,0.7000000000000002,0.71,0.6967304149786405,0.695193982201962
2017-06-15,1,0.63,0.62,0.6216190804520112,0.6192144405120271
2017-06-15,5,0.57,0.62,0.6188849362167199,0.6160722025601354
2017-06-15,20,0.7,0.62,0.6072407446722187,0.6042888102405414
2017-06-22,1,0.58,0.57,0.5700226211308953,0.5691903568884429
2017-06-22,5,0.6199999999999999,0.57,0.5678334055543439,0.5659517844422145
2017-06-22,20,0.6399999999999999,0.57,0.5558050890413175,0.553807137768858
2017-06-29,1,0.6599999999999999,0.6199999999999999,0.6212936713828949,0.6192185401193602
2017-06-29,5,0.7000000000000002,0.6199999999999999,0.614989711780343,0.6160927005968015
2017-06-29,20,0.7,0.6199999999999999,0.6030192621842718,0.6043708023872065
2017-07-06,1,0.72,0.7000000000000002,0.7003672560265551,0.6992621486115203
2017-07-06,5,0.7,0.7000000000000002,0.6949365366185342,0.6963107430576008
2017-07-06,20,0.6499999999999999,0.7000000000000002,0.6836348378053683,0.6852429722304025
2017-07-13,1,0.71,0.7,0.7012052352350545,0.6992640505213074
2017-07-13,5,0.6399999999999999,0.7,0.697826960728177,0.6963202526065371
2017-07-13,20,0.6300000000000001,0.7,0.6868210671725159,0.6852810104261483
2017-07-20,1,0.6299999999999999,0.6399999999999999,0.6393645577199982,0.6392349054898315
2017-07-20,5,0.7,0.6399999999999999,0.6398298394557815,0.6361745274491578
2017-07-20,20,0.6200000000000001,0.6399999999999999,0.6308283380565027,0.6246981097966317
2017-07-27,1,0.6999999999999997,0.7,0.7000260626710111,0.6992678200233138
2017-07-27,5,0.6499999999999999,0.7,0.6938081164353014,0.6963391001165691
2017-07-27,20,0.6199999999999999,0.7,0.6802908368745127,0.6853564004662763
2017-08-03,1,0.6799999999999999,0.6499999999999999,0.6483006763143131,0.6492439704711471
2017-08-03,5,0.6300000000000001,0.6499999999999999,0.649951949349485,0.6462198523557362
2017-08-03,20,0.5800000000000001,0.6499999999999999,0.6430598339515329,0.634879409422945
2017-08-10,1,0.6400000000000001,0.6300000000000001,0.6302259444667107,0.6292356362716016
2017-08-10,5,0.6200000000000001,0.6300000000000001,0.6300487422506623,0.6261781813580074
2017-08-10,20,0.47,0.6300000000000001,0.6190576069230952,0.6147127254320293
2017-08-17,1,0.6300000000000001,0.6200000000000001,0.6200463972486833,0.6192324562116779
2017-08-17,5,0.6199999999999999,0.6200000000000001,0.6188550321314173,0.6161622810583889
2017-08-17,20,0.4899999999999997,0.6200000000000001,0.6077406285222353,0.6046491242335554
2017-08-24,1,0.6100000000000001,0.6199999999999999,0.6205101156051762,0.6192344076916886
2017-08-24,5,0.5800000000000001,0.6199999999999999,0.6179638229744708,0.6161720384584431
2017-08-24,20,0.53,0.6199999999999999,0.6066892570114217,0.6046881538337731
2017-08-31,1,0.5699999999999998,0.5800000000000001,0.5790421872870967,0.5792159748682827
2017-08-31,5,0.47,0.5800000000000001,0.5776519670602277,0.5760798743414132
2017-08-31,20,0.5800000000000001,0.5800000000000001,0.5662041587209333,0.5643194973656526
2017-09-07,1,0.47,0.47,0.4710910106240855,0.4691620736280889
2017-09-07,5,0.4899999999999997,0.47,0.47558770199034905,0.4658103681404448
2017-09-07,20,0.5800000000000001,0.47,0.4685477156941323,0.45324147256177927
2017-09-14,1,0.4899999999999997,0.4899999999999997,0.4891678361536385,0.48917431511768394
2017-09-14,5,0.53,0.4899999999999997,0.4866231341153723,0.48587157558842087
2017-09-14,20,0.52,0.4899999999999997,0.4743628466365557,0.47348630235368444
2017-09-21,1,0.5099999999999998,0.53,0.5296495683801571,0.5291966008775555
2017-09-21,5,0.5800000000000001,0.53,0.525090473123418,0.5259830043877776
2017-09-21,20,0.53,0.53,0.5128347079641387,0.5139320175511103
2017-09-28,1,0.5800000000000001,0.5800000000000001,0.577408821012037,0.5792238146042797
2017-09-28,5,0.5800000000000001,0.5800000000000001,0.5709858393320987,0.5761190730213986
2017-09-28,20,0.5799999999999998,0.5800000000000001,0.5587760103562673,0.5644762920855945
2017-10-05,1,0.5799999999999998,0.5800000000000001,0.578633022295432,0.5792257532097249
2017-10-05,5,0.52,0.5800000000000001,0.5757380210184421,0.5761287660486243
2017-10-05,20,0.55,0.5800000000000001,0.5641421572171662,0.5645150641944969
2017-10-12,1,0.4899999999999997,0.52,0.5200979606386743,0.5191976021576751
2017-10-12,5,0.53,0.52,0.5196164338962095,0.5159880107883751
2017-10-12,20,0.48,0.52,0.508045295840822,0.5039520431535002
2017-10-19,1,0.5599999999999998,0.53,0.5288302193358516,0.5292045642798533
2017-10-19,5,0.5799999999999998,0.53,0.525568353896677,0.5260228213992665
2017-10-19,20,0.49,0.53,0.513651602466401,0.514091285597066
2017-10-26,1,0.56,0.5799999999999998,0.5785532571224188,0.5792315128125585
2017-10-26,5,0.55,0.5799999999999998,0.5742696733294544,0.5761575640627932
2017-10-26,20,0.4599999999999999,0.5799999999999998,0.5625352923082035,0.564630256251173
2017-11-02,1,0.51,0.55,0.5491372362032193,0.5492184518272777
2017-11-02,5,0.48,0.55,0.5466676508138824,0.5460922591363885
2017-11-02,20,0.4599999999999999,0.55,0.5350654072012591,0.5343690365455537
2017-11-09,1,0.5,0.48,0.4795768693396789,0.4791864140022017
2017-11-09,5,0.49,0.48,0.4778281795886052,0.47593207001100857
2017-11-09,20,0.3600000000000001,0.48,0.4658961696129834,0.4637282800440344
2017-11-16,1,0.49,0.49,0.49016499550875847,0.48919260522110036
2017-11-16,5,0.4599999999999999,0.49,0.4862212665608458,0.4859630261055019
2017-11-16,20,0.29,0.49,0.47404846923347616,0.4738521044220077
2017-11-23,1,0.4499999999999999,0.4599999999999999,0.4598114472864772,0.4591797756583404
2017-11-23,5,0.4599999999999999,0.4599999999999999,0.4581935389416931,0.4558988782917022
2017-11-23,20,0.3499999999999998,0.4599999999999999,0.44723186614125454,0.44359551316680923
2017-11-30,1,0.3799999999999999,0.4599999999999999,0.45830031802166443,0.459181715616204
2017-11-30,5,0.3600000000000001,0.4599999999999999,0.45399596511602514,0.4559085780810205
2017-11-30,20,0.3399999999999998,0.4599999999999999,0.4414500177096464,0.4436343123240821
2017-12-07,1,0.3500000000000001,0.3600000000000001,0.3600793928891384,0.3591348028079644
2017-12-07,5,0.29,0.3600000000000001,0.35769242045097904,0.35567401403982146
2017-12-07,20,0.3800000000000001,0.3600000000000001,0.34498594853831344,0.3426960561592855
2017-12-14,1,0.28,0.29,0.2891678321090219,0.2891023657577562
2017-12-14,5,0.3499999999999998,0.29,0.2895416555232154,0.28551182878878106
2017-12-14,20,0.4099999999999999,0.29,0.27680814508139145,0.27204731515512437
2017-12-21,1,0.3600000000000001,0.3499999999999998,0.3481102562001753,0.34913410481723306
2017-12-21,5,0.3399999999999998,0.3499999999999998,0.34295201262964264,0.34567052408616616
2017-12-21,20,0.4199999999999999,0.3499999999999998,0.3295626889497282,0.3326820963446653
2017-12-28,1,0.3600000000000001,0.3399999999999998,0.34069920794694836,0.3391311506645925
2017-12-28,5,0.3800000000000001,0.3399999999999998,0.3365383973906371,0.33565575332296316
2017-12-28,20,0.4400000000000001,0.3399999999999998,0.3234693304655956,0.3226230132918532
2018-01-04,1,0.3799999999999999,0.3800000000000001,0.37918263145603254,0.37915272762037566
2018-01-04,5,0.4099999999999999,0.3800000000000001,0.37414970279218007,0.37576363810187785
2018-01-04,20,0.51,0.3800000000000001,0.3610635321806518,0.3630545524075111
2018-01-11,1,0.4200000000000001,0.4099999999999999,0.4077130277874332,0.40916934995139254
2018-01-11,5,0.4199999999999999,0.4099999999999999,0.4038097333555897,0.40584674975696294
2018-01-11,20,0.5299999999999998,0.4099999999999999,0.39114848847815364,0.39338699902785196
2018-01-18,1,0.4299999999999999,0.4199999999999999,0.4182144519261076,0.41917619500821574
2018-01-18,5,0.4400000000000001,0.4199999999999999,0.41447158624593433,0.4158809750410791
2018-01-18,20,0.53,0.4199999999999999,0.40197583842456897,0.40352390016431694
2018-01-25,1,0.4499999999999997,0.4400000000000001,0.43796739635100973,0.4391878402477416
2018-01-25,5,0.51,0.4400000000000001,0.4345311488245852,0.43593920123870755
2018-01-25,20,0.4999999999999998,0.4400000000000001,0.4222560794086081,0.4237568049548298
2018-02-01,1,0.5099999999999998,0.51,0.5098413408915481,0.5092235511050888
2018-02-01,5,0.5299999999999998,0.51,0.5024060253483266,0.506117755525444
2018-02-01,20,0.4099999999999999,0.51,0.4900441565166876,0.49447102210177624
2018-02-08,1,0.5700000000000001,0.5299999999999998,0.5287640932883264,0.5292350263436469
2018-02-08,5,0.53,0.5299999999999998,0.5247551536523702,0.5261751317182356
2018-02-08,20,0.4499999999999999,0.5299999999999998,0.5131555442229356,0.5147005268729428
2018-02-15,1,0.49,0.53,0.5287463510527127,0.5292368495529015
2018-02-15,5,0.4999999999999998,0.53,0.5267585623069962,0.5261842477645073
2018-02-15,20,0.3900000000000001,0.53,0.5154391788858376,0.5147369910580294
2018-02-22,1,0.47,0.4999999999999998,0.49933968255327527,0.49922430349203667
2018-02-22,5,0.4099999999999999,0.4999999999999998,0.49629344211341253,0.4961215174601842
2018-02-22,20,0.3499999999999998,0.4999999999999998,0.4846876463140117,0.4844860698407375
2018-03-01,1,0.4300000000000001,0.4099999999999999,0.41114627647749546,0.4091831646967845
2018-03-01,5,0.4499999999999999,0.4099999999999999,0.41318957951878627,0.4059158234839228
2018-03-01,20,0.3199999999999998,0.4099999999999999,0.40307082061862315,0.3936632939356914
2018-03-08,1,0.4399999999999999,0.4499999999999999,0.4495278786652742,0.44920415550260695
2018-03-08,5,0.3900000000000001,0.4499999999999999,0.44676160363267603,0.44602077751303515
2018-03-08,20,0.3700000000000001,0.4499999999999999,0.435214544984072,0.43408311005214084
2018-03-15,1,0.3800000000000001,0.3900000000000001,0.39124958411483096,0.38917751537353407
2018-03-15,5,0.3499999999999998,0.3900000000000001,0.39047761567182626,0.38588757686766983
2018-03-15,20,0.3900000000000001,0.3900000000000001,0.38105302044185957,0.373550307470679
2018-03-22,1,0.3399999999999998,0.3499999999999998,0.34887895179740896,0.34916048699641833
2018-03-22,5,0.3199999999999998,0.3499999999999998,0.35019377991443656,0.3458024349820924
2018-03-22,20,0.4099999999999999,0.3499999999999998,0.3407140615186154,0.3332097399283703
2018-03-29,1,0.3199999999999998,0.3199999999999998,0.31919186917040826,0.3191482696131612
2018-03-29,5,0.3700000000000001,0.3199999999999998,0.31602552432905523,0.3157413480658068
2018-03-29,20,0.4400000000000001,0.3199999999999998,0.30323678298784756,0.30296539226322783
2018-04-05,1,0.3500000000000001,0.3700000000000001,0.3678982658730342,0.36917386360671
2018-04-05,5,0.3900000000000001,0.3700000000000001,0.36327389691250483,0.3658693180335496
2018-04-05,20,0.4099999999999999,0.3700000000000001,0.35066237432510045,0.35347727213419816
2018-04-12,1,0.3699999999999999,0.3900000000000001,0.3895050377025053,0.38918521288114627
2018-04-12,5,0.4099999999999999,0.3900000000000001,0.38364760372598583,0.3859260644057309
2018-04-12,20,0.4299999999999999,0.3900000000000001,0.37108095725758017,0.37370425762292325
2018-04-19,1,0.4000000000000001,0.4099999999999999,0.4062363818771242,0.4091965105237187
2018-04-19,5,0.4400000000000001,0.4099999999999999,0.4005188574606575,0.40598255261859384
2018-04-19,20,0.4599999999999999,0.4099999999999999,0.38634171386659855,0.3939302104743756
2018-04-26,1,0.4299999999999999,0.4400000000000001,0.4377172963242051,0.4392124390010487
2018-04-26,5,0.4099999999999999,0.4400000000000001,0.43159302090621465,0.4360621950052432
2018-04-26,20,0.4200000000000001,0.4400000000000001,0.41726178794012814,0.42424878002097244
2018-05-03,1,0.4200000000000001,0.4099999999999999,0.4092731843871534,0.4092002477591736
2018-05-03,5,0.4299999999999999,0.4099999999999999,0.4059368287604499,0.40600123879586814
2018-05-03,20,0.33,0.4099999999999999,0.3939072366192225,0.3940049551834728
2018-05-10,1,0.4199999999999999,0.4299999999999999,0.42841705488274884,0.4292114249151798
2018-05-10,5,0.4599999999999999,0.4299999999999999,0.42426804523367506,0.4260571245758994
2018-05-10,20,0.3700000000000001,0.4299999999999999,0.4116665323252684,0.41422849830359787
2018-05-17,1,0.4500000000000002,0.4599999999999999,0.4582974230041392,0.4592272011808375
2018-05-17,5,0.4200000000000001,0.4599999999999999,0.452637115608075,0.4561360059041877
2018-05-17,20,0.3400000000000001,0.4599999999999999,0.439181310740951,0.4445440236167511
2018-05-24,1,0.3900000000000001,0.4200000000000001,0.4192767674154886,0.41921030799875114
2018-05-24,5,0.33,0.4200000000000001,0.4171045445011526,0.41605153999375544
2018-05-24,20,0.32,0.4200000000000001,0.40589789830834144,0.4042061599750216
2018-05-31,1,0.3200000000000003,0.33,0.33101293491783884,0.3291704925994586
2018-05-31,5,0.3700000000000001,0.33,0.33183306359022685,0.3258524629972927
2018-05-31,20,0.2799999999999998,0.33,0.3226374868207553,0.31340985198917076
2018-06-07,1,0.3900000000000001,0.3700000000000001,0.36774126662921997,0.3691909159270836
2018-06-07,5,0.3400000000000001,0.3700000000000001,0.3635953577110463,0.3659545796354176
2018-06-07,20,0.2300000000000002,0.3700000000000001,0.35129418943022567,0.3538183185416702
2018-06-14,1,0.3300000000000003,0.3400000000000001,0.3395965814696628,0.339178961878241
2018-06-14,5,0.32,0.3400000000000001,0.33872493839036455,0.3358948093912046
2018-06-14,20,0.2200000000000002,0.3400000000000001,0.3268193158168719,0.323579237564818
2018-06-21,1,0.33,0.32,0.31854793734339465,0.319171639076522
2018-06-21,5,0.2799999999999998,0.32,0.3160172468346654,0.31585819538261006
2018-06-21,20,0.1799999999999999,0.32,0.3036455710701998,0.3034327815304401
2018-06-28,1,0.26,0.2799999999999998,0.2797335691565119,0.27915517148505975
2018-06-28,5,0.2300000000000002,0.2799999999999998,0.2775380299333322,0.2757758574252995
2018-06-28,20,0.2299999999999999,0.2799999999999998,0.265063393681674,0.26310342970119843
2018-07-05,1,0.2199999999999999,0.2300000000000002,0.2292335800022327,0.22913420062028408
2018-07-05,5,0.2200000000000002,0.2300000000000002,0.22722495532477974,0.2256710031014196
2018-07-05,20,0.2799999999999998,0.2300000000000002,0.21440435478305708,0.2126840124056778
2018-07-12,1,0.2200000000000002,0.2200000000000002,0.22040975117652686,0.21913159892646758
2018-07-12,5,0.1799999999999999,0.2200000000000002,0.2158751636674177,0.21565799463233712
2018-07-12,20,0.2200000000000002,0.2200000000000002,0.20276223253548414,0.2026319785293479
2018-07-19,1,0.2100000000000002,0.1799999999999999,0.178734986722172,0.1791153356106246
2018-07-19,5,0.2299999999999999,0.1799999999999999,0.17672702635881526,0.17557667805312333
2018-07-19,20,0.1699999999999999,0.1799999999999999,0.16360678564126307,0.1623067122124936
2018-07-26,1,0.2299999999999999,0.2299999999999999,0.2285286394271786,0.22914006343694107
2018-07-26,5,0.2799999999999998,0.2299999999999999,0.22484248415094263,0.22570031718470576
2018-07-26,20,0.1299999999999999,0.2299999999999999,0.21188917740416907,0.21280126873882338
2018-08-02,1,0.2600000000000002,0.2799999999999998,0.2773216236249972,0.2791646918975113
2018-08-02,5,0.2200000000000002,0.2799999999999998,0.27350756905713414,0.27582345948755743
2018-08-02,20,0.1699999999999999,0.2799999999999998,0.26085294223175287,0.26329383795023037
2018-08-09,1,0.1899999999999999,0.2200000000000002,0.21947412761787455,0.2191394190571125
2018-08-09,5,0.1699999999999999,0.2200000000000002,0.21689872014817366,0.21569709528556175
2018-08-09,20,0.1699999999999999,0.2200000000000002,0.20408166201812517,0.2027883811422464
2018-08-16,1,0.1499999999999999,0.1699999999999999,0.1695570320127592,0.1691187677081035
2018-08-16,5,0.1299999999999999,0.1699999999999999,0.16672607139191017,0.16559383854051793
2018-08-16,20,0.1799999999999997,0.1699999999999999,0.1536028898485944,0.152375354162072
2018-08-23,1,0.1299999999999999,0.1299999999999999,0.1299339843986367,0.12910268036828795
2018-08-23,5,0.1699999999999999,0.1299999999999999,0.1269116959299025,0.12551340184144025
2018-08-23,20,0.2399999999999997,0.1299999999999999,0.11353151252130056,0.11205360736576127
2018-08-30,1,0.1600000000000001,0.1699999999999999,0.16851024416096166,0.1691227095652731
2018-08-30,5,0.1699999999999999,0.1699999999999999,0.16453784386007783,0.16561354782636578
2018-08-30,20,0.2200000000000002,0.1699999999999999,0.15099162325435633,0.15245419130546337
2018-09-06,1,0.1800000000000001,0.1699999999999999,0.16872899288492677,0.16912466454950895
2018-09-06,5,0.1799999999999997,0.1699999999999999,0.16575772368898695,0.1656233227475451
2018-09-06,20,0.25,0.1699999999999999,0.15269902594471513,0.15249329099018066
2018-09-13,1,0.2099999999999999,0.1799999999999997,0.17924582772554373,0.17913108110015125
2018-09-13,5,0.2399999999999997,0.1799999999999997,0.17587010466656083,0.17565540550075748
2018-09-13,20,0.2200000000000002,0.1799999999999997,0.1628377060306021,0.16262162200303085
2018-09-20,1,0.25,0.2399999999999997,0.2383537295381576,0.23915980908264406
2018-09-20,5,0.2200000000000002,0.2399999999999997,0.23473903791357295,0.23579904541322147
2018-09-20,20,0.1800000000000001,0.2399999999999997,0.2221033940349007,0.22319618165288674
2018-09-27,1,0.2099999999999999,0.2200000000000002,0.21978990095485748,0.21915275815345608
2018-09-27,5,0.25,0.2200000000000002,0.21624970649758646,0.2157637907672796
2018-09-27,20,0.1400000000000001,0.2200000000000002,0.20356646923864036,0.2030551630691179
2018-10-04,1,0.2800000000000002,0.25,0.24743527882166227,0.24916797059631188
2018-10-04,5,0.2200000000000002,0.25,0.24307536677145056,0.2458398529815594
2018-10-04,20,0.1600000000000001,0.25,0.23045292020714478,0.23335941192623755
2018-10-11,1,0.2200000000000002,0.2200000000000002,0.21900407497536253,0.21915649573735885
2018-10-11,5,0.1800000000000001,0.2200000000000002,0.21776882024961383,0.2157824786867934
2018-10-11,20,0.1800000000000001,0.2200000000000002,0.20542370381838848,0.203129914747173
2018-10-18,1,0.2000000000000001,0.1800000000000001,0.17913237136625165,0.17914064480065564
2018-10-18,5,0.1400000000000001,0.1800000000000001,0.17702945570306794,0.17570322400327784
2018-10-18,20,0.1399999999999996,0.1800000000000001,0.16427827556896193,0.162812896013111
2018-10-25,1,0.1300000000000003,0.1400000000000001,0.14120034540550583,0.13912486828200218
2018-10-25,5,0.1600000000000001,0.1400000000000001,0.13825342135527297,0.1356243414100106
2018-10-25,20,0.1199999999999996,0.1400000000000001,0.12525797202185726,0.12249736564004203
2018-11-01,1,0.1799999999999997,0.1600000000000001,0.15837019171705816,0.15913560127465068
2018-11-01,5,0.1800000000000001,0.1600000000000001,0.15443715437469102,0.15567800637325308
2018-11-01,20,0.1099999999999998,0.1600000000000001,0.14137102380356384,0.1427120254930121
2018-11-08,1,0.1699999999999999,0.1800000000000001,0.1793680771836051,0.1791462861183259
2018-11-08,5,0.1399999999999996,0.1800000000000001,0.17529872126019141,0.17573143059162902
2018-11-08,20,0.09,0.1800000000000001,0.16241553533747502,0.16292572236651576
2018-11-15,1,0.1399999999999996,0.1399999999999996,0.13902672832195748,0.1391305967277543
2018-11-15,5,0.1199999999999996,0.1399999999999996,0.13708307087448868,0.13565298363877304
2018-11-15,20,0.0899999999999998,0.1399999999999996,0.12505006548753994,0.12261193455509342
2018-11-22,1,0.1099999999999998,0.1199999999999996,0.11954484863550559,0.119123732523229
2018-11-22,5,0.1099999999999998,0.1199999999999996,0.11639314506337702,0.11561866261614663
2018-11-22,20,0.08,0.1199999999999996,0.10332147964786517,0.10247465046458774
2018-11-29,1,0.1099999999999998,0.1099999999999998,0.1087709471246103,0.1091212670528667
2018-11-29,5,0.09,0.1099999999999998,0.10563673384511321,0.10560633526433433
2018-11-29,20,0.09,0.1099999999999998,0.09253970337990802,0.09242534105733792
2018-12-06,1,0.0699999999999998,0.09,0.08909366813126302,0.08911445345147499
2018-12-06,5,0.0899999999999998,0.09,0.0848731282070837,0.08557226725737499
2018-12-06,20,0.06,0.09,0.0715353430743167,0.07228906902949997
2018-12-13,1,0.08,0.0899999999999998,0.08896770728339162,0.08911636902734861
2018-12-13,5,0.08,0.0899999999999998,0.08374650428446322,0.08558184513674384
2018-12-13,20,0.07,0.0899999999999998,0.06892930754748611,0.07232738054697595
2018-12-20,1,0.08,0.08,0.07920401392563674,0.07911393557384416
2018-12-20,5,0.09,0.08,0.0755640291767255,0.07556967786922084
2018-12-20,20,0.09,0.08,0.06226335065565957,0.06227871147688337
2018-12-27,1,0.0899999999999998,0.09,0.08917110754031303,0.08912017444139611
2018-12-27,5,0.06,0.09,0.08445611792674243,0.08560087220698054
2018-12-27,20,0.0699999999999998,0.09,0.0710688312139328,0.07240348882792219
2019-01-03,1,0.0799999999999998,0.06,0.06041129403400293,0.05910910035098737
2019-01-03,5,0.07,0.06,0.05747753630175796,0.055545501754936846
2019-01-03,20,0.1099999999999998,0.06,0.04428748810213648,0.042182007019747406
2019-01-10,1,0.06,0.07,0.06917206464826116,0.0691153226843843
2019-01-10,5,0.09,0.07,0.06556546266681314,0.0655766134219215
2019-01-10,20,0.1100000000000001,0.07,0.05229220569408466,0.05230645368768597
2019-01-17,1,0.0899999999999998,0.09,0.08921943126563782,0.08912582118414863
2019-01-17,5,0.0699999999999998,0.09,0.08454697208716959,0.08562910592074316
2019-01-17,20,0.1099999999999998,0.09,0.07127603039858176,0.07251642368297267
2019-01-24,1,0.09,0.0699999999999998,0.06905344562537004,0.06911913181184241
2019-01-24,5,0.1099999999999998,0.0699999999999998,0.06577111522172024,0.06559565905921287
2019-01-24,20,0.1199999999999998,0.0699999999999998,0.052582977751539126,0.052382636236852076
2019-01-31,1,0.1299999999999999,0.1099999999999998,0.10861085000897097,0.10913810604673792
2019-01-31,5,0.1100000000000001,0.1099999999999998,0.10405072533662858,0.10569053023369038
2019-01-31,20,0.1599999999999999,0.1099999999999998,0.09090898438659167,0.0927621209347621
2019-02-07,1,0.1099999999999998,0.1100000000000001,0.1090901584099664,0.10913993808679015
2019-02-07,5,0.1099999999999998,0.1100000000000001,0.1055779214432592,0.10569969043395037
2019-02-07,20,0.1399999999999999,0.1100000000000001,0.09270325508645491,0.09279876173580119
2019-02-14,1,0.1099999999999998,0.1099999999999998,0.10896183708589016,0.10914176214474947
2019-02-14,5,0.1199999999999998,0.1099999999999998,0.10589676350404315,0.10570881072374808
2019-02-14,20,0.1,0.1099999999999998,0.09310338337468993,0.0928352428949929
2019-02-21,1,0.1099999999999998,0.1199999999999998,0.11907290495027917,0.11914783738051243
2019-02-21,5,0.1599999999999999,0.1199999999999998,0.1153327687630289,0.11573918690256298
2019-02-21,20,0.0699999999999998,0.1199999999999998,0.102496872835209,0.10295674761025249
2019-02-28,1,0.1699999999999999,0.1599999999999999,0.15791564243408088,0.15916663278121174
2019-02-28,5,0.1399999999999999,0.1599999999999999,0.15265170459406507,0.1558331639060591
2019-02-28,20,0.06,0.1599999999999999,0.1398266188939637,0.1433326556242368
2019-03-07,1,0.1100000000000001,0.1399999999999999,0.13921086648847245,0.13915991079575837
2019-03-07,5,0.1,0.1399999999999999,0.13587582603971282,0.1357995539787922
2019-03-07,20,0.1099999999999998,0.1399999999999999,0.12326668897410285,0.12319821591516912
2019-03-14,1,0.0899999999999998,0.1,0.09915413705583881,0.09914475732190031
2019-03-14,5,0.0699999999999998,0.1,0.0956098007604018,0.09572378660950151
2019-03-14,20,0.1299999999999999,0.1,0.08278279975872647,0.08289514643800602
2019-03-21,1,0.06,0.0699999999999998,0.06966225973269519,0.06913388837411145
2019-03-21,5,0.06,0.0699999999999998,0.06659207766412446,0.06566944187055808
2019-03-21,20,0.1499999999999999,0.0699999999999998,0.05370155507696586,0.052677767482232914
2019-03-28,1,0.07,0.06,0.058674679013084534,0.059131489812415755
2019-03-28,5,0.1099999999999998,0.06,0.05677711565164088,0.0556574490620788
2019-03-28,20,0.1499999999999999,0.06,0.044746249696976034,0.0426297962483152
2019-04-04,1,0.1099999999999998,0.1099999999999998,0.10808969141854902,0.10915435927685324
2019-04-04,5,0.1299999999999999,0.1099999999999998,0.10319182714769018,0.10577179638426695
2019-04-04,20,0.1399999999999999,0.1099999999999998,0.08989389460790058,0.09308718553706842
2019-04-11,1,0.1500000000000001,0.1299999999999999,0.12961964271453347,0.1291645271289537
2019-04-11,5,0.1499999999999999,0.1299999999999999,0.12449061853128945,0.12582263564476892
2019-04-11,20,0.0999999999999998,0.1299999999999999,0.1116990921496624,0.11329054257907598
2019-04-18,1,0.1499999999999999,0.1499999999999999,0.1492485660635792,0.14917460149250011
2019-04-18,5,0.1499999999999999,0.1499999999999999,0.14503823316287517,0.1458730074625009
2019-04-18,20,0.0899999999999998,0.1499999999999999,0.1325134458358335,0.13349202985000388
2019-04-25,1,0.1399999999999999,0.1499999999999999,0.14897000041346115,0.1491763398783801
2019-04-25,5,0.1399999999999999,0.1499999999999999,0.14506426596794386,0.14588169939190093
2019-04-25,20,0.0599999999999998,0.1499999999999999,0.13231065113035573,0.13352679756760402
2019-05-02,1,0.1300000000000001,0.1399999999999999,0.13978449236403467,0.13917384901466434
2019-05-02,5,0.0999999999999998,0.1399999999999999,0.13645149634831621,0.13586924507332207
2019-05-02,20,0.03,0.1399999999999999,0.12413595354194815,0.12347698029328857
2019-05-09,1,0.09,0.0999999999999998,0.09924297832460902,0.0991589060627237
2019-05-09,5,0.0899999999999998,0.0999999999999998,0.09760510538499943,0.09579453031361937
2019-05-09,20,0.08,0.0999999999999998,0.08619957140296244,0.08317812125447807
2019-05-16,1,0.0899999999999998,0.0899999999999998,0.08972455567751886,0.08915649082127074
2019-05-16,5,0.0599999999999998,0.0899999999999998,0.0859638818534444,0.08578245410635446
2019-05-16,20,0.05,0.0899999999999998,0.07330058858280189,0.07312981642541844
2019-05-23,1,0.05,0.0599999999999998,0.05993153506634752,0.05914579960519985
2019-05-23,5,0.03,0.0599999999999998,0.05719357662063342,0.05572899802600005
2019-05-23,20,0.05,0.0599999999999998,0.044591693846568345,0.0429159921040008
2019-05-30,1,0.06,0.03,0.02933119859933847,0.029135153124414687
2019-05-30,5,0.08,0.03,0.026734273169509472,0.025675765622073438
2019-05-30,20,0.03,0.03,0.013973844094672803,0.012703062488293757
2019-06-06,1,0.06,0.08,0.07858505050794723,0.0791575539979248
2019-06-06,5,0.05,0.08,0.07496359536708007,0.07578776998962401
2019-06-06,20,-0.05,0.08,0.062299202696385905,0.06315107995849605
2019-06-13,1,0.05,0.05,0.04874034979832112,0.04914692698554443
2019-06-13,5,0.05,0.05,0.04611852704382618,0.045734634927722145
2019-06-13,20,0.02,0.05,0.033494735675574525,0.03293853971088857
2019-06-20,1,0.05,0.05,0.048602963953321913,0.049148666865647
2019-06-20,5,0.03,0.05,0.04463933497566954,0.04574333432823498
2019-06-20,20,0.05,0.05,0.03178948509616842,0.0329733373129399
2019-06-27,1,-0.01,0.03,0.02901799061493445,0.029142194835700245
2019-06-27,5,-0.05,0.03,0.026403286226024704,0.025710974178501236
2019-06-27,20,0.02,0.03,0.013700765246822035,0.01284389671400495
2019-07-04,1,-0.05,-0.05,-0.04943640920990932,-0.050888793604507196
2019-07-04,5,0.02,-0.05,-0.05126658700376892,-0.054443968022535975
2019-07-04,20,-0.08,-0.05,-0.06425131672926115,-0.0677758720901439
2019-07-11,1,0.02,0.02,0.017205489059200673,0.019141596427461088
2019-07-11,5,0.05,0.02,0.010968094135171282,0.01570798213730544
2019-07-11,20,-0.1200000000000001,0.02,-0.002404910129992315,0.0028319285492217523
2019-07-18,1,0.04,0.05,0.049127986083243716,0.04915555562795336
2019-07-18,5,0.02,0.05,0.04187688771468072,0.04577777813976678
2019-07-18,20,-0.1999999999999999,0.05,0.026069029855322428,0.033111112559067096
2019-07-25,1,-0.01,0.02,0.019642034200061116,0.019145066266572433
2019-07-25,5,-0.08,0.02,0.016559612046284047,0.015725331332862164
2019-07-25,20,-0.1799999999999999,0.02,0.0038291238030195747,0.0029013253314486495
2019-08-01,1,-0.0899999999999998,-0.08,-0.0796604816529409,-0.08089379172985947
2019-08-01,5,-0.1200000000000001,-0.08,-0.08113095531059968,-0.08446895864929736
2019-08-01,20,-0.1900000000000001,-0.08,-0.09418229056091504,-0.09787583459718945
2019-08-08,1,-0.1099999999999998,-0.1200000000000001,-0.12043313533933424,-0.12090819267688441
2019-08-08,5,-0.1999999999999999,-0.1200000000000001,-0.12314245662045524,-0.12454096338442158
2019-08-08,20,-0.1899999999999999,-0.1200000000000001,-0.13660748845727586,-0.13816385353768604
2019-08-15,1,-0.1900000000000001,-0.1999999999999999,-0.1988314370570574,-0.2009387045367623
2019-08-15,5,-0.1799999999999999,-0.1999999999999999,-0.20153744354656766,-0.20469352268381186
2019-08-15,20,-0.1500000000000001,-0.1999999999999999,-0.21538893992053737,-0.21877409073524773
2019-08-22,1,-0.2000000000000001,-0.1799999999999999,-0.18073438885386336,-0.18092875358299462
2019-08-22,5,-0.1900000000000001,-0.1799999999999999,-0.18475819871514243,-0.18464376791497353
2019-08-22,20,-0.1700000000000001,-0.1799999999999999,-0.1986929663284011,-0.19857507165989435
2019-08-29,1,-0.1900000000000001,-0.1900000000000001,-0.19185497157378362,-0.19093092260378125
2019-08-29,5,-0.1899999999999999,-0.1900000000000001,-0.19583882449248238,-0.19465461301890583
2019-08-29,20,-0.2099999999999999,-0.1900000000000001,-0.209864657383522,-0.20861845207562293
2019-09-05,1,-0.2099999999999999,-0.1899999999999999,-0.19062871616676394,-0.19092906253956807
2019-09-05,5,-0.1500000000000001,-0.1899999999999999,-0.19481738809864305,-0.19464531269784072
2019-09-05,20,-0.1699999999999999,-0.1899999999999999,-0.20877728385078054,-0.20858125079136322
2019-09-12,1,-0.1299999999999999,-0.1500000000000001,-0.15138943053438378,-0.1509111735722123
2019-09-12,5,-0.1700000000000001,-0.1500000000000001,-0.15641840380088842,-0.15455586786106099
2019-09-12,20,-0.1300000000000001,-0.1500000000000001,-0.1702515818035571,-0.1682234714442436
2019-09-19,1,-0.1800000000000001,-0.1700000000000001,-0.17059154429094978,-0.17091736326678253
2019-09-19,5,-0.2099999999999999,-0.1700000000000001,-0.17398799087132313,-0.17458681633391232
2019-09-19,20,-0.0899999999999998,-0.1700000000000001,-0.1876692342892529,-0.18834726533564897
2019-09-26,1,-0.2099999999999999,-0.2099999999999999,-0.21185585266247922,-0.21093152360756892
2019-09-26,5,-0.1699999999999999,-0.2099999999999999,-0.21438158869341248,-0.21465761803784497
2019-09-26,20,-0.1099999999999998,-0.2099999999999999,-0.22820896188414574,-0.2286304721513802
2019-10-03,1,-0.1799999999999999,-0.1699999999999999,-0.171366234424187,-0.17091374381234659
2019-10-03,5,-0.1300000000000001,-0.1699999999999999,-0.17590264299745825,-0.1745687190617333
2019-10-03,20,-0.1,-0.1699999999999999,-0.18976917415541394,-0.18827487624693354
2019-10-10,1,-0.1399999999999999,-0.1300000000000001,-0.13121476045212327,-0.13089599025952667
2019-10-10,5,-0.0899999999999998,-0.1300000000000001,-0.1365893695153844,-0.13447995129763296
2019-10-10,20,-0.0199999999999997,-0.1300000000000001,-0.15028043566180213,-0.14791980519053155
2019-10-17,1,-0.0999999999999998,-0.0899999999999998,-0.09141496985513689,-0.09087839190441158
2019-10-17,5,-0.1099999999999998,-0.0899999999999998,-0.09688540128625707,-0.09439195952205866
2019-10-17,20,-0.06,-0.0899999999999998,-0.11033380832782726,-0.10756783808823522
2019-10-24,1,-0.1199999999999998,-0.1099999999999998,-0.11113086096913535,-0.11088457527519381
2019-10-24,5,-0.1,-0.1099999999999998,-0.11424535987088998,-0.11442287637596982
2019-10-24,20,-0.08,-0.1099999999999998,-0.12748726606914934,-0.12769150550387984
2019-10-31,1,-0.1100000000000001,-0.1,-0.10082891926065854,-0.10087888709662192
2019-10-31,5,-0.0199999999999997,-0.1,-0.10474362649665399,-0.10439443548310956
2019-10-31,20,-0.1300000000000001,-0.1,-0.11797533368360738,-0.1175777419324382
2019-11-07,1,0.0,-0.0199999999999997,-0.020589799353862525,-0.02084558121493783
2019-11-07,5,-0.06,-0.0199999999999997,-0.02598605097984,-0.02422790607469035
2019-11-07,20,-0.0799999999999998,-0.0199999999999997,-0.03889854514028261,-0.03691162429876231
2019-11-14,1,-0.06,-0.06,-0.0608381661802821,-0.060859677526527274
2019-11-14,5,-0.08,-0.06,-0.06348333979144026,-0.06429838763263637
2019-11-14,20,-0.04,-0.06,-0.07576024327223714,-0.07719355053054548
2019-11-21,1,-0.1100000000000001,-0.08,-0.08025189353506265,-0.0808658539389223
2019-11-21,5,-0.1300000000000001,-0.08,-0.08271354950704624,-0.08432926969461148
2019-11-21,20,-0.04,-0.08,-0.09453939079121919,-0.09731707877844592
2019-11-28,1,-0.1200000000000001,-0.1300000000000001,-0.13084496140591853,-0.13088378063839762
2019-11-28,5,-0.0799999999999998,-0.1300000000000001,-0.13411057358707587,-0.13441890319198768
2019-11-28,20,-0.0599999999999998,-0.1300000000000001,-0.14725665764588544,-0.14767561276795044
2019-12-05,1,-0.0699999999999998,-0.0799999999999998,-0.08168219803472915,-0.08086248286517565
2019-12-05,5,-0.04,-0.0799999999999998,-0.08565550678269823,-0.08431241432587912
2019-12-05,20,-0.0399999999999998,-0.0799999999999998,-0.09865244044563234,-0.09724965730351709
2019-12-12,1,-0.0799999999999998,-0.04,-0.04046608769084253,-0.040845206630916196
2019-12-12,5,-0.04,-0.04,-0.0456674603333613,-0.04422603315458097
2019-12-12,20,-0.0299999999999998,-0.04,-0.058494776447749544,-0.0569041326183239
2019-12-19,1,-0.0399999999999998,-0.04,-0.04219926460499385,-0.040843558114638
2019-12-19,5,-0.0599999999999998,-0.04,-0.04589214619409179,-0.044217790573190016
2019-12-19,20,-0.0899999999999998,-0.04,-0.05861414111864306,-0.056871162292760076
2019-12-26,1,-0.0699999999999998,-0.0599999999999998,-0.06081131895277778,-0.06084970605204541
2019-12-26,5,-0.0399999999999998,-0.0599999999999998,-0.06412931959398019,-0.06424853026022788
2019-12-26,20,-0.09,-0.0599999999999998,-0.07685496715916153,-0.07699412104091213
2020-01-02,1,-0.08,-0.0399999999999998,-0.04123450042706228,-0.040840284886370204
2020-01-02,5,-0.0299999999999998,-0.0399999999999998,-0.04324176313840386,-0.044201424431851835
2020-01-02,20,-0.1499999999999999,-0.0399999999999998,-0.05569110473416941,-0.05680569772740794
2020-01-09,1,-0.0599999999999998,-0.0299999999999998,-0.031927170743227436,-0.030834787741964916
2020-01-09,5,-0.0899999999999998,-0.0299999999999998,-0.03652796038781991,-0.03417393870982537
2020-01-09,20,-0.1199999999999998,-0.0299999999999998,-0.05021539633113669,-0.04669575483930209
2020-01-16,1,-0.0699999999999998,-0.0899999999999998,-0.09018915500786454,-0.09085640175426832
2020-01-16,5,-0.09,-0.0899999999999998,-0.09320412917956775,-0.09428200877134238
2020-01-16,20,-0.1200000000000001,-0.0899999999999998,-0.1059544453314601,-0.10712803508537012
2020-01-23,1,-0.1299999999999999,-0.09,-0.09138338663768543,-0.09085475736138861
2020-01-23,5,-0.1499999999999999,-0.09,-0.09479602948985406,-0.09427378680694307
2020-01-23,20,-0.1499999999999999,-0.09,-0.10764605073629818,-0.10709514722777225
2020-01-30,1,-0.1599999999999999,-0.1499999999999999,-0.14893534769901848,-0.15087624958589993
2020-01-30,5,-0.1199999999999998,-0.1499999999999999,-0.15251741089420612,-0.15438124792950006
2020-01-30,20,-0.09,-0.1499999999999999,-0.16560342906516917,-0.16752499171800045
2020-02-06,1,-0.1399999999999999,-0.1199999999999998,-0.12191076329055199,-0.12086303051354631
2020-02-06,5,-0.1200000000000001,-0.1199999999999998,-0.1256891436948774,-0.12431515256773233
2020-02-06,20,0.0499999999999999,-0.1199999999999998,-0.13870324708957185,-0.1372606102709299
2020-02-13,1,-0.1299999999999999,-0.1200000000000001,-0.121010663753783,-0.12086138293444051
2020-02-13,5,-0.1499999999999999,-0.1200000000000001,-0.12470921422118761,-0.12430691467220216
2020-02-13,20,0.17,-0.1200000000000001,-0.1376536244384022,-0.13722765868880835
2020-02-20,1,-0.1399999999999999,-0.1499999999999999,-0.15082041917769767,-0.15087124033132757
2020-02-20,5,-0.09,-0.1499999999999999,-0.15330738424770526,-0.15435620165663816
2020-02-20,20,0.37,-0.1499999999999999,-0.16626236141972467,-0.1674248066265529
2020-02-27,1,-0.0199999999999997,-0.09,-0.09163489654505926,-0.0908466300547604
2020-02-27,5,0.0499999999999999,-0.09,-0.09675933271068757,-0.09423315027380205
2020-02-27,20,0.25,-0.09,-0.10966699234233471,-0.10693260109520822
2020-03-05,1,0.02,0.0499999999999999,0.04763700315190954,0.04920841862235684
2020-03-05,5,0.17,0.0499999999999999,0.04385449744012887,0.04604209311178463
2020-03-05,20,0.24,0.0499999999999999,0.031916360714449,0.034168372447138835
2020-03-12,1,0.3299999999999999,0.17,0.16712554061147578,0.16925566246808768
2020-03-12,5,0.37,0.17,0.16148534749739826,0.1662783123404384
2020-03-12,20,0.37,0.17,0.1499963370250733,0.15511324936175364
2020-03-19,1,0.3099999999999999,0.37,0.3667923300253603,0.3693331047484374
2020-03-19,5,0.25,0.37,0.36700507560321977,0.36666552374218686
2020-03-19,20,0.2799999999999999,0.37,0.35700276773673634,0.35666209496874746
2020-03-26,1,0.2799999999999999,0.25,0.24883800152301597,0.24928880323059135
2020-03-26,5,0.24,0.25,0.24582947357002857,0.24644401615295677
2020-03-26,20,0.2699999999999999,0.25,0.2351672369370321,0.23577606461182715
2020-04-02,1,0.3,0.24,0.2406719121117006,0.2392863521623142
2020-04-02,5,0.37,0.24,0.23625311188747614,0.23643176081157097
2020-04-02,20,0.24,0.24,0.22552447305554332,0.22572704324628384
2020-04-09,1,0.37,0.37,0.37071726827045254,0.36933686131189164
2020-04-09,5,0.2799999999999999,0.37,0.36854245103020855,0.3666843065594582
2020-04-09,20,0.27,0.37,0.35860211764186817,0.35673722623783294
2020-04-16,1,0.29,0.2799999999999999,0.28145168888286864,0.2793041778321465
2020-04-16,5,0.2699999999999999,0.2799999999999999,0.2773142476035784,0.27652088916073275
2020-04-16,20,0.26,0.2799999999999999,0.266880460002598,0.26608355664293126
2020-04-23,1,0.2499999999999999,0.2699999999999999,0.26738228591992197,0.2693017114775078
2020-04-23,5,0.24,0.2699999999999999,0.2653282654482727,0.26650855738753937
2020-04-23,20,0.25,0.2699999999999999,0.25484371785217624,0.25603422955015775
2020-04-30,1,0.22,0.24,0.23898213543238056,0.23929173289397931
2020-04-30,5,0.27,0.24,0.235902649643982,0.23645866446989663
2020-04-30,20,0.26,0.24,0.2252671170844297,0.22583465787958662
2020-05-07,1,0.3099999999999999,0.27,0.26707346888868505,0.2693043200923371
2020-05-07,5,0.26,0.27,0.26609077829973915,0.26652160046168555
2020-05-07,20,0.35,0.27,0.2556538428200125,0.25608640184674203
2020-05-14,1,0.26,0.26,0.25904779459456584,0.25930186326058685
2020-05-14,5,0.25,0.26,0.2559543182194982,0.2565093163029343
2020-05-14,20,0.25,0.26,0.24547148870974209,0.24603726521173713
2020-05-21,1,0.22,0.25,0.25128678256377,0.24929941996776686
2020-05-21,5,0.26,0.25,0.24759486783965642,0.24649709983883425
2020-05-21,20,0.22,0.25,0.23706387318962696,0.23598839935533703
2020-05-28,1,0.25,0.26,0.25990779556513116,0.2593044491042904
2020-05-28,5,0.35,0.26,0.2571297179530982,0.25652224552145203
2020-05-28,20,0.22,0.26,0.24671720290258156,0.24608898208580804
2020-06-04,1,0.38,0.35,0.34842209717001815,0.3493392674897416
2020-06-04,5,0.25,0.35,0.34699425271213014,0.346696337448708
2020-06-04,20,0.2700000000000001,0.35,0.3371534122963378,0.336785349794832
2020-06-11,1,0.25,0.25,0.25011542668487696,0.24930329800306764
2020-06-11,5,0.22,0.25,0.2465148497975716,0.24651649001533824
2020-06-11,20,0.25,0.25,0.23604212228732951,0.23606596006135291
2020-06-18,1,0.23,0.22,0.22046834973781593,0.21929346048289056
2020-06-18,5,0.22,0.22,0.2173217870355389,0.21646730241445272
2020-06-18,20,0.2299999999999999,0.22,0.2067131968851285,0.20586920965781094
2020-06-25,1,0.22,0.22,0.21918883928676702,0.2192947611053049
2020-06-25,5,0.2700000000000001,0.22,0.21654709583368414,0.2164738055265245
2020-06-25,20,0.2299999999999999,0.22,0.20596831147238673,0.20589522210609804
2020-07-02,1,0.26,0.2700000000000001,0.269859463536357,0.26931454649414016
2020-07-02,5,0.25,0.2700000000000001,0.26698972363525336,0.2665727324707004
2020-07-02,20,0.19,0.2700000000000001,0.2567130857366144,0.25629092988280144
2020-07-09,1,0.27,0.25,0.24738779014080242,0.24930843399875108
2020-07-09,5,0.2299999999999999,0.25,0.2457414731554109,0.2465421699937554
2020-07-09,20,0.2,0.25,0.23540164491736032,0.23616867997502156
2020-07-16,1,0.25,0.2299999999999999,0.22926524757780173,0.2293023289402129
2020-07-16,5,0.2299999999999999,0.2299999999999999,0.22662709431599337,0.2265116447010649
2020-07-16,20,0.33,0.2299999999999999,0.21614431796541336,0.21604657880425993
2020-07-23,1,0.2299999999999999,0.2299999999999999,0.22932863920592833,0.22930360201023342
2020-07-23,5,0.19,0.2299999999999999,0.22658595244806118,0.2265180100511675
2020-07-23,20,0.28,0.2299999999999999,0.21618555467659614,0.21607204020467038
2020-07-30,1,0.2,0.19,0.1880881260064666,0.18929017858674405
2020-07-30,5,0.2,0.19,0.18569177677731716,0.18645089293372027
2020-07-30,20,0.37,0.19,0.17502033839509465,0.17580357173488104
2020-08-06,1,0.2099999999999999,0.2,0.19780473295987072,0.199295117448379
2020-08-06,5,0.33,0.2,0.1960362337476254,0.1964755872418949
2020-08-06,20,0.28,0.2,0.18549014997199265,0.18590234896757957
2020-08-13,1,0.31,0.33,0.32975213727540187,0.32934394616782237
2020-08-13,5,0.28,0.33,0.32786324648794185,0.3267197308391117
2020-08-13,20,0.3,0.33,0.3180680026880707,0.31687892335644674
2020-08-20,1,0.26,0.28,0.2789191390846785,0.27932688528579985
2020-08-20,5,0.37,0.28,0.2764166695371915,0.27663442642899916
2020-08-20,20,0.3099999999999999,0.28,0.2663621127582416,0.26653770571599655
2020-08-27,1,0.36,0.37,0.36938862980182174,0.3693608958731512
2020-08-27,5,0.28,0.37,0.3667527024204356,0.366804479365756
2020-08-27,20,0.3,0.37,0.3572413097021418,0.35721791746302406
2020-09-03,1,0.3199999999999999,0.28,0.2793861193267825,0.27932930968434866
2020-09-03,5,0.3,0.28,0.2766530243654748,0.2766465484217432
2020-09-03,20,0.31,0.28,0.2665877499980119,0.2665861936869726
2020-09-10,1,0.29,0.3,0.298642405626765,0.2993377798736635
2020-09-10,5,0.3099999999999999,0.3,0.29643137848004447,0.29668889936831744
2020-09-10,20,0.3399999999999999,0.3,0.286360297153827,0.28675559747326984
2020-09-17,1,0.3199999999999999,0.3099999999999999,0.30884504852924277,0.30934259537981
2020-09-17,5,0.3,0.3099999999999999,0.30642389307205126,0.3067129768990506
2020-09-17,20,0.3399999999999999,0.3099999999999999,0.29658813378212867,0.2968519075962026
2020-09-24,1,0.29,0.3,0.2994114336029187,0.29934015760894095
2020-09-24,5,0.31,0.3,0.29658639970261946,0.29670078804470473
2020-09-24,20,0.41,0.3,0.2866899473968097,0.286803152178819
2020-10-01,1,0.32,0.31,0.3088172307485513,0.3093449514208784
2020-10-01,5,0.3399999999999999,0.31,0.3065503639603173,0.3067247571043921
2020-10-01,20,0.38,0.31,0.29675246612741746,0.2968990284175685
2020-10-08,1,0.37,0.3399999999999999,0.33801781565212685,0.3393569372771337
2020-10-08,5,0.3399999999999999,0.3399999999999999,0.3365957663446826,0.33678468638566883
2020-10-08,20,0.36,0.3399999999999999,0.32696736136946986,0.3271387455426755
2020-10-15,1,0.3399999999999999,0.3399999999999999,0.33915359369134335,0.33935808521793204
2020-10-15,5,0.41,0.3399999999999999,0.3365808789366699,0.33679042608966053
2020-10-15,20,0.4599999999999999,0.3399999999999999,0.3269479330497195,0.32716170435864234
2020-10-22,1,0.4,0.41,0.40958632195762873,0.40938437272951234
2020-10-22,5,0.38,0.41,0.4068080862606083,0.4069218636475617
2020-10-22,20,0.41,0.41,0.3975935174581049,0.3976874545902469
2020-10-29,1,0.4,0.38,0.3794377330857195,0.37937471086049646
2020-10-29,5,0.36,0.38,0.37639506531324,0.3768735543024822
2020-10-29,20,0.4299999999999999,0.38,0.36701298050304565,0.36749421720992886
2020-11-05,1,0.38,0.36,0.3607941346141515,0.35936866270651063
2020-11-05,5,0.4599999999999999,0.36,0.3577004118918066,0.35684331353255316
2020-11-05,20,0.48,0.36,0.34823312813268426,0.3473732541302128
2020-11-12,1,0.4599999999999999,0.4599999999999999,0.45931009325651584,0.4594055090786746
2020-11-12,5,0.41,0.4599999999999999,0.45762694486316646,0.4570275453933734
2020-11-12,20,0.48,0.4599999999999999,0.4487179207434003,0.44811018157349397
2020-11-19,1,0.39,0.41,0.4093395404629353,0.40938872872571863
2020-11-19,5,0.4299999999999999,0.41,0.40749695108026096,0.4069436436285932
2020-11-19,20,0.49,0.41,0.39834939994819507,0.39777457451437276
2020-11-26,1,0.42,0.4299999999999999,0.42965354923500587,0.4293969280013323
2020-11-26,5,0.48,0.4299999999999999,0.4267557640170586,0.4269846400066619
2020-11-26,20,0.5,0.4299999999999999,0.4173883299764885,0.41793856002664803
2020-12-03,1,0.52,0.48,0.4793394869819046,0.4794157600329278
2020-12-03,5,0.48,0.48,0.4770357467937521,0.47707880016463916
2020-12-03,20,0.47,0.48,0.46826869296074425,0.4683152006585567
2020-12-10,1,0.4599999999999999,0.48,0.47921861987980013,0.4794167873456744
2020-12-10,5,0.49,0.48,0.476910188765024,0.4770839367283721
2020-12-10,20,0.6100000000000001,0.48,0.4681554592057136,0.4683357469134885
2020-12-17,1,0.5,0.49,0.48942991888764226,0.4894213522041499
2020-12-17,5,0.5,0.49,0.4869317467771259,0.4871067610207496
2020-12-17,20,0.7,0.49,0.4782466090190617,0.4784270440829986
2020-12-24,1,0.5,0.5,0.4989270058089338,0.4994259064449561
2020-12-24,5,0.47,0.5,0.49674246362042035,0.4971295322247804
2020-12-24,20,0.7,0.5,0.4881308528091059,0.48851812889912155
2020-12-31,1,0.47,0.47,0.4694413808984132,0.46941632479111234
2020-12-31,5,0.6100000000000001,0.47,0.4676190433672135,0.46708162395556174
2020-12-31,20,0.6599999999999999,0.47,0.4588683719047225,0.45832649582224694
2021-01-07,1,0.6200000000000001,0.6100000000000001,0.6083977397267256,0.609466652375171
2021-01-07,5,0.7,0.6100000000000001,0.6059393869007771,0.6073332618758545
2021-01-07,20,0.77,0.6100000000000001,0.5979389397798258,0.5993330475034175
2021-01-14,1,0.66,0.7,0.7000567314718462,0.6994992446119715
2021-01-14,5,0.7,0.7,0.6979297638033436,0.697496223059858
2021-01-14,20,0.8,0.7,0.6904375502765367,0.6899848922394324
2021-01-21,1,0.6599999999999999,0.7,0.6991122064772846,0.6995001221987753
2021-01-21,5,0.6599999999999999,0.7,0.6970839588446393,0.6975006109938768
2021-01-21,20,0.92,0.7,0.6895874223138365,0.6900024439755077
2021-01-28,1,0.69,0.6599999999999999,0.6598627016184722,0.659486959598293
2021-01-28,5,0.77,0.6599999999999999,0.6574274895593852,0.6574347979914649
2021-01-28,20,1.14,0.6599999999999999,0.6497309944518251,0.6497391919658598
2021-02-04,1,0.8,0.77,0.7693509770785218,0.7695263246993458
2021-02-04,5,0.8,0.77,0.7677533255704244,0.7676316234967289
2021-02-04,20,1.21,0.77,0.7606543130542803,0.7605264939869154
2021-02-11,1,0.8400000000000001,0.8,0.7994697830114944,0.7995376126358589
2021-02-11,5,0.92,0.8,0.7976344696745624,0.7976880631792941
2021-02-11,20,1.18,0.8,0.790699178665985,0.7907522527171761
2021-02-18,1,0.98,0.92,0.9207350798329239,0.9195802263543755
2021-02-18,5,1.14,0.92,0.9191624538533653,0.9179011317718774
2021-02-18,20,1.34,0.92,0.912913307307664,0.9116045270875095
2021-02-25,1,1.05,1.14,1.1406517629356017,1.1396574977561826
2021-02-25,5,1.21,1.14,1.1423019027374768,1.1382874887809136
2021-02-25,20,1.23,1.14,1.1371207316718748,1.1331499551236541
2021-03-04,1,1.21,1.21,1.209833607279583,1.2096823483103305
2021-03-04,5,1.18,1.21,1.2118752182382138,1.2084117415516522
2021-03-04,20,1.29,1.21,1.2071626487499334,1.2036469662066092
2021-03-11,1,1.27,1.18,1.1767373706507906,1.1796724872633304
2021-03-11,5,1.34,1.18,1.1765664460803515,1.1783624363166527
2021-03-11,20,1.24,1.18,1.1722388767205754,1.1734497452666106
2021-03-18,1,1.33,1.34,1.3398632733748175,1.339728470845616
2021-03-18,5,1.23,1.34,1.3412754493574528,1.3386423542280799
2021-03-18,20,1.21,1.34,1.3369107977008843,1.3345694169123195
2021-03-25,1,1.26,1.23,1.2284849277688603,1.2296909186130616
2021-03-25,5,1.29,1.23,1.227075601199383,1.2284545930653081
2021-03-25,20,1.21,1.23,1.2224376587614618,1.2238183722612328
2021-04-01,1,1.29,1.29,1.2896644878769854,1.2897121297127996
2021-04-01,5,1.24,1.29,1.2882640252160893,1.2885606485639982
2021-04-01,20,1.25,1.29,1.283988800357703,1.2842425942559927
2021-04-08,1,1.26,1.24,1.2385503783477905,1.2396954076590998
2021-04-08,5,1.21,1.24,1.2367978808458358,1.2384770382954988
2021-04-08,20,1.2,1.24,1.2321571254866452,1.2339081531819949
2021-04-15,1,1.24,1.21,1.2096750042666058,1.2096855665419195
2021-04-15,5,1.21,1.21,1.2075773189068297,1.2084278327095976
2021-04-15,20,1.24,1.21,1.2028765311732783,1.2037113308383904
2021-04-22,1,1.19,1.21,1.2094819869954803,1.20968613269157
2021-04-22,5,1.25,1.21,1.2082423799125115,1.2084306634578499
2021-04-22,20,1.21,1.21,1.2035338550624255,1.2037226538313996
2021-04-29,1,1.24,1.25,1.2502839370039247,1.2497003280969656
2021-04-29,5,1.2,1.25,1.2495673305679906,1.2485016404848281
2021-04-29,20,1.17,1.25,1.24508585629633,1.2440065619393128
2021-05-06,1,1.2,1.2,1.2006904875785476,1.1996837674659304
2021-05-06,5,1.24,1.2,1.1984710463195207,1.1984188373296518
2021-05-06,20,1.2,1.2,1.1937536424986235,1.1936753493186076
2021-05-13,1,1.23,1.24,1.240115618007885,1.2396979625558353
2021-05-13,5,1.21,1.24,1.2389611601348864,1.2384898127791766
2021-05-13,20,1.0699999999999998,1.24,1.2344215935641194,1.233959251116706
2021-05-20,1,1.21,1.21,1.2098142614597103,1.2096882435348737
2021-05-20,5,1.17,1.21,1.2080533970480816,1.2084412176743686
2021-05-20,20,1.02,1.21,1.2033746484885115,1.2037648706974746
2021-05-27,1,1.17,1.17,1.1670457315491554,1.1696751549353137
2021-05-27,5,1.2,1.17,1.1667602957572238,1.1683757746765686
2021-05-27,20,0.99,1.17,1.1616737708604596,1.163503098706275
2021-06-03,1,1.15,1.2,1.1998306140538544,1.1996858882436603
2021-06-03,5,1.0699999999999998,1.2,1.198936661173083,1.198429441218302
2021-06-03,20,0.94,1.2,1.1942201000180246,1.193717764873209
2021-06-10,1,1.0699999999999998,1.0699999999999998,1.0694010733484436,1.0696423291795594
2021-06-10,5,1.02,1.0699999999999998,1.0667178297002833,1.0682116458977977
2021-06-10,20,0.78,1.0699999999999998,1.061364462434625,1.062846583591191
2021-06-17,1,0.9200000000000002,1.02,1.0193453550447729,1.019625999551956
2021-06-17,5,0.99,1.02,1.0175161198520035,1.0181299977597806
2021-06-17,20,0.8200000000000001,1.02,1.0115320365247422,1.0125199910391225
2021-06-24,1,1.01,0.99,0.9889425425259445,0.989616483392303
2021-06-24,5,0.94,0.99,0.9879820553308702,0.9880824169615149
2021-06-24,20,0.74,0.99,0.9837895387277893,0.9823296678460597
2021-07-01,1,0.9200000000000002,0.94,0.9396484957665623,0.9396002525477106
2021-07-01,5,0.78,0.94,0.9373303967586312,0.9380012627385534
2021-07-01,20,0.74,0.94,0.931337945153021,0.9320050509542139
2021-07-08,1,0.8400000000000001,0.78,0.7776479458965929,0.7795469885544505
2021-07-08,5,0.8200000000000001,0.78,0.7741015729030154,0.7777349427722525
2021-07-08,20,0.69,0.78,0.7672585494699441,0.7709397710890099
2021-07-15,1,0.81,0.8200000000000001,0.8197553530554699,0.8195612303759017
2021-07-15,5,0.74,0.8200000000000001,0.8172671768137151,0.8178061518795083
2021-07-15,20,0.79,0.8200000000000001,0.810690926328888,0.811224607518033
2021-07-22,1,0.76,0.74,0.7397987574850831,0.7395351198104213
2021-07-22,5,0.74,0.74,0.7388517804288702,0.7376755990521068
2021-07-22,20,0.69,0.74,0.7318929055025948,0.7307023962084271
2021-07-29,1,0.75,0.74,0.7374170689297737,0.7395358961340156
2021-07-29,5,0.69,0.74,0.7367984771443445,0.7376794806700783
2021-07-29,20,0.78,0.74,0.730156268505123,0.7307179226803129
2021-08-05,1,0.76,0.69,0.6885454707769589,0.6895199364760641
2021-08-05,5,0.79,0.69,0.6864369276973439,0.687599682380321
2021-08-05,20,0.7499999999999999,0.69,0.6792390374826593,0.6803987295212839
2021-08-12,1,0.74,0.79,0.7897533605949598,0.7895541749269714
2021-08-12,5,0.69,0.79,0.7879180047235512,0.7877708746348573
2021-08-12,20,0.7699999999999999,0.79,0.7812377843436424,0.7810834985394293
2021-08-19,1,0.7,0.69,0.6893677739126014,0.6895215184676329
2021-08-19,5,0.78,0.69,0.6872025957436925,0.6876075923381644
2021-08-19,20,0.79,0.69,0.680033823647844,0.6804303693526577
2021-08-26,1,0.76,0.78,0.7798474629719694,0.7795522675838471
2021-08-26,5,0.7499999999999999,0.78,0.7786563690592645,0.7777613379192355
2021-08-26,20,0.8500000000000001,0.78,0.7719569626704991,0.7710453516769421
2021-09-02,1,0.7999999999999999,0.7499999999999999,0.7501109298484941,0.7495430325902036
2021-09-02,5,0.7699999999999999,0.7499999999999999,0.7478623820601783,0.7477151629510186
2021-09-02,20,0.98,0.7499999999999999,0.7410031251159396,0.7408606518040748
2021-09-09,1,0.8200000000000001,0.7699999999999999,0.7700805645106448,0.7695504124561608
2021-09-09,5,0.79,0.7699999999999999,0.7676154079395086,0.7677520622808046
2021-09-09,20,0.93,0.7699999999999999,0.7608677635166075,0.7610082491232187
2021-09-16,1,0.8300000000000001,0.79,0.7888757975630035,0.7895577699613439
2021-09-16,5,0.8500000000000001,0.79,0.7873831705052188,0.7877888498067191
2021-09-16,20,0.81,0.79,0.78073173264012,0.7811553992268766
2021-09-23,1,0.8799999999999999,0.8500000000000001,0.8488451221352747,0.8495783465966193
2021-09-23,5,0.98,0.8500000000000001,0.8473508997753195,0.8478917329830964
2021-09-23,20,0.82,0.8500000000000001,0.8410422419869461,0.8415669319323854
2021-09-30,1,0.96,0.98,0.9807834471831665,0.9796219634386486
2021-09-30,5,0.93,0.98,0.9790573597651737,0.9781098171932429
2021-09-30,20,0.6599999999999999,0.98,0.9733845839247888,0.9724392687729713
2021-10-07,1,0.94,0.93,0.9303223174124052,0.9296060791016295
2021-10-07,5,0.81,0.93,0.92779742183207,0.9280303955081471
2021-10-07,20,0.6599999999999999,0.93,0.9218884757378395,0.9221215820325885
2021-10-14,1,0.8200000000000001,0.81,0.8095847023566739,0.8095672309557705
2021-10-14,5,0.82,0.81,0.8072482588940763,0.8078361547788526
2021-10-14,20,0.6799999999999999,0.81,0.80077449623488,0.8013446191154103
2021-10-21,1,0.7799999999999999,0.82,0.8196250285152846,0.8195712139398112
2021-10-21,5,0.6599999999999999,0.82,0.8183394720283885,0.8178560696990567
2021-10-21,20,0.71,0.82,0.811938145743508,0.811424278796227
2021-10-28,1,0.6399999999999999,0.6599999999999999,0.6571972759224844,0.659519450584876
2021-10-28,5,0.6599999999999999,0.6599999999999999,0.6531200576672805,0.6575972529243808
2021-10-28,20,0.72,0.6599999999999999,0.6457723827962553,0.6503890116975232
2021-11-04,1,0.67,0.6599999999999999,0.6600337902620107,0.6595202288422425
2021-11-04,5,0.6799999999999999,0.6599999999999999,0.6577413066635371,0.6576011442112125
2021-11-04,20,0.53,0.6599999999999999,0.6505655839036992,0.6504045768448503
2021-11-11,1,0.69,0.6799999999999999,0.6794936877561271,0.6795275430278156
2021-11-11,5,0.71,0.6799999999999999,0.6777047478646536,0.6776377151390781
2021-11-11,20,0.5,0.6799999999999999,0.6706143897603692,0.6705508605563127
2021-11-18,1,0.69,0.71,0.7093066576135673,0.7095380971053034
2021-11-18,5,0.72,0.71,0.7073131718617485,0.7076904855265168
2021-11-18,20,0.45,0.71,0.7003572797463818,0.7007619421060675
2021-11-25,1,0.66,0.72,0.7201535404056946,0.7195420867595573
2021-11-25,5,0.53,0.72,0.7176888307354309,0.717710433797787
2021-11-25,20,0.4599999999999999,0.72,0.7108267122271898,0.7108417351911479
2021-12-02,1,0.4399999999999999,0.53,0.5284671908760735,0.5294810007398009
2021-12-02,5,0.5,0.53,0.5258752875859721,0.5274050036990041
2021-12-02,20,0.47,0.53,0.5181448052511316,0.5196200147960165
2021-12-09,1,0.5,0.5,0.49995350944258843,0.49947210221596855
2021-12-09,5,0.45,0.5,0.4988212280321658,0.4973605110798428
2021-12-09,20,0.6299999999999999,0.5,0.4909108792708554,0.4894420443193713
2021-12-16,1,0.41,0.45,0.44936511192477513,0.4494567377959989
2021-12-16,5,0.4599999999999999,0.45,0.446789210074738,0.44728368897999427
2021-12-16,20,0.5899999999999999,0.45,0.43862588282653064,0.43913475591997714
2021-12-23,1,0.48,0.4599999999999999,0.4597772861225393,0.45946084653757563
2021-12-23,5,0.47,0.4599999999999999,0.457506354340195,0.45730423268787845
2021-12-23,20,0.56,0.4599999999999999,0.449417487862094,0.44921693075151414
2021-12-30,1,0.47,0.47,0.46962554816136326,0.46946494187198506
2021-12-30,5,0.6299999999999999,0.47,0.46723262127482085,0.46732470935992554
2021-12-30,20,0.51,0.47,0.45920278794659314,0.4592988374397023
2022-01-06,1,0.6499999999999999,0.6299999999999999,0.6314310805528378,0.6295174577547145
2022-01-06,5,0.5899999999999999,0.6299999999999999,0.6290377702222943,0.6275872887735725
2022-01-06,20,0.5,0.6299999999999999,0.621637550176333,0.6203491550942904
2022-01-13,1,0.6100000000000001,0.5899999999999999,0.589684623909074,0.589505314365855
2022-01-13,5,0.56,0.5899999999999999,0.5867165155633083,0.5875265718292756
2022-01-13,20,0.4499999999999999,0.5899999999999999,0.5792827475221586,0.5801062873171026
2022-01-20,1,0.54,0.56,0.5601121623026102,0.559496006025189
2022-01-20,5,0.51,0.56,0.5571718200336617,0.557480030125945
2022-01-20,20,0.3999999999999999,0.56,0.5496426675738388,0.54992012050378
2022-01-27,1,0.51,0.51,0.5113231478958238,0.5094812171576643
2022-01-27,5,0.5,0.51,0.5075198913101392,0.5074060857883214
2022-01-27,20,0.3999999999999999,0.51,0.4997732388975646,0.49962434315328524
2022-02-03,1,0.49,0.5,0.500166781249482,0.4994788159179189
2022-02-03,5,0.4499999999999999,0.5,0.49741356683389476,0.4973940795895943
2022-02-03,20,0.3,0.5,0.48959831318555275,0.4895763183583771
2022-02-10,1,0.3900000000000001,0.4499999999999999,0.45026884886433977,0.4494636351220878
2022-02-10,5,0.3999999999999999,0.4499999999999999,0.4469768840716114,0.4473181756104396
2022-02-10,20,0.3799999999999999,0.4499999999999999,0.43893579095567126,0.43927270244175853
2022-02-17,1,0.3899999999999999,0.3999999999999999,0.40019099031131816,0.39944850340774574
2022-02-17,5,0.3999999999999999,0.3999999999999999,0.39750727980536477,0.39724251703872915
2022-02-17,20,0.3,0.3999999999999999,0.3892450587621572,0.3889700681549169
2022-02-24,1,0.3699999999999999,0.3999999999999999,0.39967057624903557,0.3994493737401403
2022-02-24,5,0.3,0.3999999999999999,0.3976439461215511,0.39724686870070164
2022-02-24,20,0.2600000000000002,0.3999999999999999,0.38939804834662983,0.3889874748028069
2022-03-03,1,0.28,0.3,0.29962729246061337,0.29941838435066165
2022-03-03,5,0.3799999999999999,0.3,0.2960939371098806,0.2970919217533082
2022-03-03,20,0.1299999999999999,0.3,0.287364063497663,0.2883676870132328
2022-03-10,1,0.3400000000000001,0.3799999999999999,0.38022937688150676,0.3794447404975214
2022-03-10,5,0.3,0.3799999999999999,0.3777889195068661,0.3772237024876075
2022-03-10,20,0.2200000000000002,0.3799999999999999,0.36947360930164524,0.36889480995043045
2022-03-17,1,0.3,0.3,0.29889591774757157,0.2994202238810164
2022-03-17,5,0.2600000000000002,0.3,0.29624280776741946,0.29710111940508205
2022-03-17,20,0.3399999999999998,0.3,0.2875386798912868,0.28840447762032834
2022-03-24,1,0.2000000000000001,0.2600000000000002,0.25944194885443916,0.25940844467061075
2022-03-24,5,0.1299999999999999,0.2600000000000002,0.25672113472918684,0.25704222335305316
2022-03-24,20,0.25,0.2600000000000002,0.24784513726440452,0.24816889341221218
2022-03-31,1,0.1,0.1299999999999999,0.12889164293731645,0.12936822224660582
2022-03-31,5,0.2200000000000002,0.1299999999999999,0.12652409356494068,0.12684111123302952
2022-03-31,20,0.27,0.1299999999999999,0.11702953043324414,0.11736444493211837
2022-04-07,1,0.1999999999999997,0.2200000000000002,0.2188810271780924,0.21939765923912447
2022-04-07,5,0.3399999999999998,0.2200000000000002,0.21737415253896814,0.21698829619562152
2022-04-07,20,0.3399999999999998,0.2200000000000002,0.20830193273851658,0.2079531847824855
2022-04-14,1,0.3399999999999998,0.3399999999999998,0.3393351657309768,0.3394364742265292
2022-04-14,5,0.25,0.3399999999999998,0.33794074490437503,0.33718237113264654
2022-04-14,20,0.2799999999999998,0.3399999999999998,0.3294679935892915,0.32872948453058687
2022-04-21,1,0.2200000000000002,0.25,0.24850017201934707,0.24940899914279366
2022-04-21,5,0.27,0.25,0.24548795077318963,0.24704499571396824
2022-04-21,20,0.1799999999999997,0.25,0.23664204355669186,0.23817998285587288
2022-04-28,1,0.25,0.27,0.2704291854635905,0.26941620873261407
2022-04-28,5,0.3399999999999998,0.27,0.26793705017902053,0.2670810436630703
2022-04-28,20,0.25,0.27,0.25916696191531585,0.25832417465228114
2022-05-05,1,0.4199999999999999,0.3399999999999998,0.33856159862161245,0.33943910372242425
2022-05-05,5,0.2799999999999998,0.3399999999999998,0.3376772208454482,0.33719551861212216
2022-05-05,20,0.1600000000000001,0.3399999999999998,0.3292508528515291,0.3287820744484891
2022-05-12,1,0.29,0.2799999999999998,0.27909532225754596,0.27942116152220003
2022-05-12,5,0.1799999999999997,0.2799999999999998,0.27712163209943724,0.27710580761100106
2022-05-12,20,0.1600000000000001,0.2799999999999998,0.2684795857023684,0.2684232304440048
2022-05-19,1,0.1899999999999999,0.1799999999999997,0.17940133026576752,0.17939074590180637
2022-05-19,5,0.25,0.1799999999999997,0.1767869032502781,0.17695372950903315
2022-05-19,20,0.1699999999999999,0.1799999999999997,0.16764624873424877,0.16781491803613352
2022-05-26,1,0.2299999999999999,0.25,0.24911549624142648,0.24941356907323184
2022-05-26,5,0.1600000000000001,0.25,0.2468000175747972,0.24706784536615914
2022-05-26,20,0.1899999999999999,0.25,0.2379884142840341,0.23827138146463658
2022-06-02,1,0.1599999999999997,0.1600000000000001,0.15968669236975994,0.1593863871765721
2022-06-02,5,0.1600000000000001,0.1600000000000001,0.15726078007976496,0.1569319358828602
2022-06-02,20,0.1299999999999999,0.1600000000000001,0.14806741850996832,0.14772774353144053
2022-06-09,1,0.1,0.1600000000000001,0.15958415981103605,0.15938733545038902
2022-06-09,5,0.1699999999999999,0.1600000000000001,0.1571013135078656,0.15693667725194474
2022-06-09,20,0.0300000000000002,0.1600000000000001,0.14793268278171665,0.1477467090077787
2022-06-16,1,0.1699999999999999,0.1699999999999999,0.1696680529035115,0.16939138924998484
2022-06-16,5,0.1899999999999999,0.1699999999999999,0.1671475676984004,0.16695694624992455
2022-06-16,20,-0.1299999999999999,0.1699999999999999,0.15801840938667003,0.15782778499969846
2022-06-23,1,0.1999999999999997,0.1899999999999999,0.18899116106435823,0.18939854887817084
2022-06-23,5,0.1299999999999999,0.1899999999999999,0.18652600746464887,0.18699274439085464
2022-06-23,20,-0.2299999999999999,0.1899999999999999,0.17751965293166888,0.1779709775634189
2022-06-30,1,0.1299999999999999,0.1299999999999999,0.1296178483100706,0.1293808593418524
2022-06-30,5,0.0300000000000002,0.1299999999999999,0.12744552632699188,0.12690429670926237
2022-06-30,20,-0.31,0.1299999999999999,0.11817677988724913,0.1176171868370498
2022-07-07,1,0.02,0.0300000000000002,0.029693350136858157,0.02935084130166546
2022-07-07,5,-0.1299999999999999,0.0300000000000002,0.027117059486528747,0.02675420650832649
2022-07-07,20,-0.48,0.0300000000000002,0.01740167464347169,0.017016826033305364
2022-07-14,1,-0.1300000000000003,-0.1299999999999999,-0.13253366243006653,-0.13069763071903057
2022-07-14,5,-0.2299999999999999,-0.1299999999999999,-0.13522091326503827,-0.13348815359515323
2022-07-14,20,-0.4700000000000002,-0.1299999999999999,-0.14567433119460613,-0.14395261438061327
2022-07-21,1,-0.2299999999999999,-0.2299999999999999,-0.230506157454815,-0.23072744216588628
2022-07-21,5,-0.31,-0.2299999999999999,-0.2338481441419322,-0.23363721082943179
2022-07-21,20,-0.54,-0.2299999999999999,-0.2447879587997136,-0.24454884331772747
2022-07-28,1,-0.3500000000000001,-0.31,-0.31149177067016437,-0.3107509874862643
2022-07-28,5,-0.48,-0.31,-0.314345243029907,-0.3137549374313213
2022-07-28,20,-0.4900000000000002,-0.31,-0.3256137624279953,-0.32501974972528525
2022-08-04,1,-0.5099999999999998,-0.48,-0.48268315243236043,-0.4808022159193428
2022-08-04,5,-0.4700000000000002,-0.48,-0.48641979609955144,-0.48401107959671397
2022-08-04,20,-0.48,-0.48,-0.4986103202552093,-0.496044318386856
2022-08-11,1,-0.5,-0.4700000000000002,-0.4702421228094545,-0.4707978700504423
2022-08-11,5,-0.54,-0.4700000000000002,-0.47156946608866196,-0.47398935025221073
2022-08-11,20,-0.4700000000000002,-0.4700000000000002,-0.4833518559500549,-0.48595740100884227
2022-08-18,1,-0.48,-0.54,-0.5411201487151284,-0.540818112735976
2022-08-18,5,-0.4900000000000002,-0.54,-0.5434767747452217,-0.54409056367988
2022-08-18,20,-0.6599999999999997,-0.54,-0.5556445772862645,-0.5563622547195198
2022-08-25,1,-0.52,-0.4900000000000002,-0.4891479582060991,-0.49080155713493423
2022-08-25,5,-0.48,-0.4900000000000002,-0.49420112236623576,-0.4940077856746704
2022-08-25,20,-0.6699999999999999,-0.4900000000000002,-0.5063179590396898,-0.506031142698681
2022-09-01,1,-0.48,-0.48,-0.4810266506368565,-0.48079729165921287
2022-09-01,5,-0.4700000000000002,-0.48,-0.48249283264303716,-0.48398645829606446
2022-09-01,20,-0.6299999999999999,-0.48,-0.49430051621388443,-0.4959458331842578
2022-09-08,1,-0.48,-0.4700000000000002,-0.47094961141509045,-0.4707930321675959
2022-09-08,5,-0.6599999999999997,-0.4700000000000002,-0.4746868122113497,-0.47396516083797874
2022-09-08,20,-0.6700000000000004,-0.4700000000000002,-0.48668993051832615,-0.4858606433519144
2022-09-15,1,-0.6499999999999999,-0.6599999999999997,-0.6625595293888953,-0.6608497709753375
2022-09-15,5,-0.6699999999999999,-0.6599999999999997,-0.6674693163032314,-0.6642488548766884
2022-09-15,20,-0.7000000000000002,-0.6599999999999997,-0.6804638790175682,-0.6769954195067546
2022-09-22,1,-0.7000000000000002,-0.6699999999999999,-0.6735702011965712,-0.6708515309169115
2022-09-22,5,-0.6299999999999999,-0.6699999999999999,-0.6754505812492977,-0.6742576545845578
2022-09-22,20,-0.6200000000000001,-0.6699999999999999,-0.6882772667104798,-0.6870306183382312
2022-09-29,1,-0.6299999999999999,-0.6299999999999999,-0.6330532900509486,-0.630838067478236
2022-09-29,5,-0.6700000000000004,-0.6299999999999999,-0.6364775207219061,-0.6341903373911802
2022-09-29,20,-0.6299999999999999,-0.6299999999999999,-0.6492167472607504,-0.6467613495647213
2022-10-06,1,-0.6699999999999999,-0.6700000000000004,-0.6697491938922527,-0.6708489445496179
2022-10-06,5,-0.7000000000000002,-0.6700000000000004,-0.6733027332867979,-0.6742447227480876
2022-10-06,20,-0.6399999999999997,-0.6700000000000004,-0.6866323116086125,-0.6869788909923491
2022-10-13,1,-0.6699999999999995,-0.7000000000000002,-0.6984855451357324,-0.7008567654956843
2022-10-13,5,-0.6200000000000001,-0.7000000000000002,-0.7045471593324536,-0.7042838274784209
2022-10-13,20,-0.69,-0.7000000000000002,-0.7176113952032738,-0.7171353099136832
2022-10-20,1,-0.56,-0.6200000000000001,-0.6198240251275443,-0.6208312554075068
2022-10-20,5,-0.6299999999999999,-0.6200000000000001,-0.6229640566333077,-0.6241562770375336
2022-10-20,20,-0.8300000000000001,-0.6200000000000001,-0.635323482725198,-0.6366251081501344
2022-10-27,1,-0.6099999999999999,-0.6299999999999999,-0.6299324314620917,-0.6308330498432689
2022-10-27,5,-0.6399999999999997,-0.6299999999999999,-0.6329833969117019,-0.6341652492163451
2022-10-27,20,-0.96,-0.6299999999999999,-0.6453942113768327,-0.6466609968653806
2022-11-03,1,-0.6200000000000001,-0.6399999999999997,-0.6398011930006973,-0.6408348140504713
2022-11-03,5,-0.69,-0.6399999999999997,-0.6431394012146028,-0.6441740702523575
2022-11-03,20,-0.96,-0.6399999999999997,-0.6555861618296291,-0.6566962810094308
2022-11-10,1,-0.69,-0.69,-0.6932443725174889,-0.690848604078805
2022-11-10,5,-0.8300000000000001,-0.69,-0.6963679786203572,-0.6942430203940252
2022-11-10,20,-1.0100000000000002,-0.69,-0.7091020429267832,-0.7069720815761007
2022-11-17,1,-0.8500000000000001,-0.8300000000000001,-0.8319532516227541,-0.8308894469830271
2022-11-17,5,-0.96,-0.8300000000000001,-0.8367065714394796,-0.8344472349151355
2022-11-17,20,-0.9000000000000004,-0.8300000000000001,-0.8501729265379451,-0.8477889396605419
2022-11-24,1,-0.9699999999999998,-0.96,-0.9628855941506906,-0.960927171534831
2022-11-24,5,-0.96,-0.96,-0.9666286024784704,-0.9646358576741548
2022-11-24,20,-0.7399999999999998,-0.96,-0.9805406265569171,-0.9785434306966196
2022-12-01,1,-0.9899999999999998,-0.96,-0.9598248349734511,-0.9609257872271771
2022-12-01,5,-1.0100000000000002,-0.96,-0.9641193206376573,-0.9646289361358857
2022-12-01,20,-0.7399999999999998,-0.96,-0.9780683842377763,-0.9785157445435432
2022-12-08,1,-0.98,-1.0100000000000002,-1.0121307412567495,-1.0109393972324867
2022-12-08,5,-0.9000000000000004,-1.0100000000000002,-1.015419538729362,-1.0146969861624324
2022-12-08,20,-0.8600000000000003,-1.0100000000000002,-1.0294569424087106,-1.028787944649729
2022-12-15,1,-0.8500000000000001,-0.9000000000000004,-0.9006961825421507,-0.9009051081735288
2022-12-15,5,-0.7399999999999998,-0.9000000000000004,-0.9043610818307516,-0.9045255408676426
2022-12-15,20,-0.8999999999999999,-0.9000000000000004,-0.9179583763436217,-0.9181021634705693
2022-12-22,1,-0.7600000000000002,-0.7399999999999998,-0.7402365486769863,-0.7408559833742241
2022-12-22,5,-0.7399999999999998,-0.7399999999999998,-0.7451981881121985,-0.7442799168711213
2022-12-22,20,-0.7599999999999998,-0.7399999999999998,-0.7582654150411642,-0.7571196674844859
2022-12-29,1,-0.7599999999999998,-0.7399999999999998,-0.7409264220800879,-0.7408547482295673
2022-12-29,5,-0.8600000000000003,-0.7399999999999998,-0.7441020280124505,-0.7442737411478373
2022-12-29,20,-0.77,-0.7399999999999998,-0.7577115842957607,-0.7570949645913498
2023-01-05,1,-0.8800000000000003,-0.8600000000000003,-0.8626996798594265,-0.8608891905030839
2023-01-05,5,-0.8999999999999999,-0.8600000000000003,-0.8664227615678469,-0.8644459525154183
2023-01-05,20,-0.8300000000000001,-0.8600000000000003,-0.8797852266585483,-0.8777838100616725
2023-01-12,1,-0.7799999999999998,-0.8999999999999999,-0.90091345919635,-0.9008997681913368
2023-01-12,5,-0.7599999999999998,-0.8999999999999999,-0.90647466035092,-0.9044988409566843
2023-01-12,20,-0.92,-0.8999999999999999,-0.9203461924308728,-0.9179953638267375
2023-01-19,1,-0.75,-0.7599999999999998,-0.7626961919208762,-0.7608568850755739
2023-01-19,5,-0.77,-0.7599999999999998,-0.7667121499028058,-0.7642844253778706
2023-01-19,20,-0.8499999999999996,-0.7599999999999998,-0.7796705769674257,-0.7771377015114828
2023-01-26,1,-0.79,-0.77,-0.7709382670933382,-0.7708585872634548
2023-01-26,5,-0.8300000000000001,-0.77,-0.7736400841741973,-0.7742929363172737
2023-01-26,20,-0.8800000000000003,-0.77,-0.7864197339005502,-0.7871717452690945
2023-02-02,1,-0.8799999999999999,-0.8300000000000001,-0.8303051307532978,-0.8308750896831457
2023-02-02,5,-0.92,-0.8300000000000001,-0.833718329148206,-0.8343754484157282
2023-02-02,20,-0.8199999999999998,-0.8300000000000001,-0.8468525928146861,-0.8475017936629126
2023-02-09,1,-0.94,-0.92,-0.9200415724829087,-0.9209003999147726
2023-02-09,5,-0.8499999999999996,-0.92,-0.9245496557590397,-0.9245019995738626
2023-02-09,20,-0.9800000000000004,-0.92,-0.9381370764937321,-0.9380079982954502
2023-02-16,1,-0.8600000000000003,-0.8499999999999996,-0.8505139475852819,-0.8508784190445666
2023-02-16,5,-0.8800000000000003,-0.8499999999999996,-0.8513117136815144,-0.8543920952228343
2023-02-16,20,-0.8300000000000001,-0.8499999999999996,-0.8642430852964311,-0.8675683808913384
2023-02-23,1,-0.8900000000000001,-0.8800000000000003,-0.8793593748678131,-0.8808859569472596
2023-02-23,5,-0.8199999999999998,-0.8800000000000003,-0.8845896967357116,-0.8844297847362966
2023-02-23,20,-0.69,-0.8800000000000003,-0.8979420708235321,-0.8977191389451857
2023-03-02,1,-0.8799999999999999,-0.8199999999999998,-0.8207859582475358,-0.820867007477509
2023-03-02,5,-0.9800000000000004,-0.8199999999999998,-0.8232096240429768,-0.8243350373875452
2023-03-02,20,-0.8299999999999996,-0.8199999999999998,-0.8361250600318113,-0.8373401495501815
2023-03-09,1,-0.98,-0.9800000000000004,-0.9832938231588717,-0.9809127688375234
2023-03-09,5,-0.8300000000000001,-0.9800000000000004,-0.9856476620833624,-0.9845638441876157
2023-03-09,20,-0.8199999999999998,-0.9800000000000004,-0.9992985453638165,-0.9982553767504613
2023-03-16,1,-0.77,-0.8300000000000001,-0.82808851887003,-0.8308674421718941
2023-03-16,5,-0.69,-0.8300000000000001,-0.8322479566396407,-0.8343372108594704
2023-03-16,20,-0.8500000000000001,-0.8300000000000001,-0.845954112423341,-0.8473488434378814
2023-03-23,1,-0.6799999999999997,-0.69,-0.6933367370726154,-0.690825193271616
2023-03-23,5,-0.8299999999999996,-0.69,-0.698222295295343,-0.6941259663580798
2023-03-23,20,-0.8199999999999998,-0.69,-0.7093337633298272,-0.7065038654323195
2023-03-30,1,-0.8400000000000003,-0.8299999999999996,-0.8306066867897409,-0.8308649412612932
2023-03-30,5,-0.8199999999999998,-0.8299999999999996,-0.8310146083970213,-0.8343247063064676
2023-03-30,20,-0.7799999999999998,-0.8299999999999996,-0.8440815556860567,-0.8472988252258716
2023-04-06,1,-0.8199999999999998,-0.8199999999999998,-0.8210541035881371,-0.8208607832129593
2023-04-06,5,-0.8500000000000001,-0.8199999999999998,-0.8229623206444046,-0.8243039160647969
2023-04-06,20,-0.7599999999999998,-0.8199999999999998,-0.837431005728598,-0.837215664259188
2023-04-13,1,-0.7800000000000002,-0.8500000000000001,-0.8517852229747355,-0.8508682651987047
2023-04-13,5,-0.8199999999999998,-0.8500000000000001,-0.8565974046602781,-0.8543413259935232
2023-04-13,20,-0.8300000000000001,-0.8500000000000001,-0.8687824991594344,-0.8673653039740924
2023-04-20,1,-0.7999999999999998,-0.8199999999999998,-0.824409376545242,-0.8208582729236867
2023-04-20,5,-0.7799999999999998,-0.8199999999999998,-0.8195403625818403,-0.8242913646184346
2023-04-20,20,-0.8999999999999999,-0.8199999999999998,-0.8351457105122747,-0.8371654584737386
2023-04-27,1,-0.81,-0.7799999999999998,-0.7820013691753923,-0.7808454012969577
2023-04-27,5,-0.7599999999999998,-0.7799999999999998,-0.7892200171056505,-0.7842270064847889
2023-04-27,20,-0.9300000000000006,-0.7799999999999998,-0.8008553662636224,-0.7969080259391564
2023-05-04,1,-0.8000000000000003,-0.7599999999999998,-0.759340736674536,-0.760838374612825
2023-05-04,5,-0.8300000000000001,-0.7599999999999998,-0.7669236636359821,-0.764191873064126
2023-05-04,20,-1.04,-0.7599999999999998,-0.7766908964804347,-0.7767674922565044
2023-05-11,1,-0.8599999999999999,-0.8300000000000001,-0.8281496292314989,-0.8308574636369012
2023-05-11,5,-0.8999999999999999,-0.8300000000000001,-0.8323686030243409,-0.8342873181845053
2023-05-11,20,-1.1300000000000003,-0.8300000000000001,-0.8447486789599012,-0.8471492727380208
2023-05-18,1,-0.8800000000000003,-0.8999999999999999,-0.9020845118899181,-0.9008765025044554
2023-05-18,5,-0.9300000000000006,-0.8999999999999999,-0.903095564387551,-0.9043825125222772
2023-05-18,20,-1.16,-0.8999999999999999,-0.9168744641463294,-0.9175300500891093
2023-05-25,1,-0.9699999999999998,-0.9300000000000006,-0.9326430704045491,-0.9308839161766941
2023-05-25,5,-1.04,-0.9300000000000006,-0.9310354579034761,-0.9344195808834679
2023-05-25,20,-1.29,-0.9300000000000006,-0.946141826520958,-0.9476783235338698
2023-06-01,1,-1.06,-1.04,-1.0420736927603444,-1.0409144039513358
2023-06-01,5,-1.1300000000000003,-1.04,-1.0448574668895332,-1.044572019756679
2023-06-01,20,-1.3000000000000005,-1.04,-1.0592874101357617,-1.0582880790267157
2023-06-08,1,-1.1100000000000003,-1.1300000000000003,-1.1317661702375137,-1.1309389880056857
2023-06-08,5,-1.16,-1.1300000000000003,-1.1305169357291005,-1.1346949400284274
2023-06-08,20,-1.2599999999999998,-1.1300000000000003,-1.1460633148092656,-1.1487797601137082
2023-06-15,1,-1.2099999999999995,-1.16,-1.1638659954617558,-1.1609462793281375
2023-06-15,5,-1.29,-1.16,-1.1628580677482785,-1.1647313966406878
2023-06-15,20,-1.2300000000000004,-1.16,-1.1787895459215547,-1.1789255865627513
2023-06-22,1,-1.3000000000000005,-1.29,-1.2879319303574803,-1.2909823029434613
2023-06-22,5,-1.3000000000000005,-1.29,-1.2931596552333402,-1.2949115147173058
2023-06-22,20,-1.14,-1.29,-1.307493306797699,-1.3096460588692231
2023-06-29,1,-1.3200000000000005,-1.3000000000000005,-1.3005521852403938,-1.300983770941846
2023-06-29,5,-1.2599999999999998,-1.3000000000000005,-1.3061603055325155,-1.3049188547092274
2023-06-29,20,-1.1599999999999997,-1.3000000000000005,-1.3229940940956852,-1.3196754188369084
2023-07-06,1,-1.23,-1.2599999999999998,-1.2589586174700524,-1.2609709057184835
2023-07-06,5,-1.2300000000000004,-1.2599999999999998,-1.2655183690449276,-1.2648545285924182
2023-07-06,20,-1.0099999999999998,-1.2599999999999998,-1.278904918618967,-1.279418114369674
2023-07-13,1,-1.2699999999999996,-1.2300000000000004,-1.2301604473386683,-1.2309609390620295
2023-07-13,5,-1.14,-1.2300000000000004,-1.2340450079868355,-1.2348046953101461
2023-07-13,20,-1.04,-1.2300000000000004,-1.247621252083476,-1.2492187812405833
2023-07-20,1,-1.17,-1.14,-1.1435052686144334,-1.1409338236081485
2023-07-20,5,-1.1599999999999997,-1.14,-1.1493325834805572,-1.1446691180407433
2023-07-20,20,-1.0000000000000004,-1.14,-1.1608919789122256,-1.1586764721629732
2023-07-27,1,-1.17,-1.1599999999999997,-1.159628698206925,-1.1609381974584183
2023-07-27,5,-1.0099999999999998,-1.1599999999999997,-1.1642883303782383,-1.1646909872920923
2023-07-27,20,-1.0699999999999998,-1.1599999999999997,-1.1771787381165177,-1.1787639491683701
2023-08-03,1,-1.0200000000000005,-1.0099999999999998,-1.0110377486104112,-1.010894146784982
2023-08-03,5,-1.04,-1.0099999999999998,-1.0182963936223912,-1.0144707339249106
2023-08-03,20,-1.0799999999999996,-1.0099999999999998,-1.030625316410022,-1.027882935699643
2023-08-10,1,-1.02,-1.04,-1.042429072029051,-1.0409014249832569
2023-08-10,5,-1.0000000000000004,-1.04,-1.0447893129421881,-1.0445071249162845
2023-08-10,20,-0.9700000000000002,-1.04,-1.0578546163271874,-1.0580284996651375
2023-08-17,1,-1.0499999999999998,-1.0000000000000004,-1.0009398350127114,-1.0008887787881144
2023-08-17,5,-1.0699999999999998,-1.0000000000000004,-1.0047414505259182,-1.0044438939405702
2023-08-17,20,-1.0000000000000004,-1.0000000000000004,-1.0174623383784698,-1.0177755757622797
2023-08-24,1,-1.08,-1.0699999999999998,-1.0721958677308694,-1.0709073939520117
2023-08-24,5,-1.0799999999999996,-1.0699999999999998,-1.074122123005736,-1.074536969760059
2023-08-24,20,-1.0,-1.0699999999999998,-1.0881870944221184,-1.088147879040237
2023-08-31,1,-0.9899999999999998,-1.0799999999999996,-1.0804140161243716,-1.0809089485007561
2023-08-31,5,-0.9700000000000002,-1.0799999999999996,-1.0849555771935238,-1.084544742503782
2023-08-31,20,-0.8500000000000005,-1.0799999999999996,-1.0984213873170174,-1.0981789700151285
2023-09-07,1,-0.9900000000000002,-0.9700000000000002,-0.9731042893974509,-0.9708765430879547
2023-09-07,5,-1.0000000000000004,-0.9700000000000002,-0.97502264606388,-0.9743827154397728
2023-09-07,20,-0.6600000000000001,-0.9700000000000002,-0.9882645146404835,-0.987530861759091
2023-09-14,1,-0.9900000000000002,-1.0000000000000004,-1.0010593160752104,-1.000883784552067
2023-09-14,5,-1.0,-1.0000000000000004,-1.0040551455483726,-1.004418922760334
2023-09-14,20,-0.7800000000000002,-1.0000000000000004,-1.0172003636735345,-1.0176756910413345
2023-09-21,1,-1.0099999999999998,-1.0,-1.002586398902721,-1.00088254931607
2023-09-21,5,-0.8500000000000005,-1.0,-1.0058458612516448,-1.00441274658035
2023-09-21,20,-0.7000000000000002,-1.0,-1.0179934072745416,-1.0176509863214007
2023-09-28,1,-0.8399999999999999,-0.8500000000000005,-0.8538454652296691,-0.850839040053458
2023-09-28,5,-0.6600000000000001,-0.8500000000000005,-0.8601838185896028,-0.8541952002672879
2023-09-28,20,-0.6399999999999997,-0.8500000000000005,-0.8723446406933728,-0.8667808010691499
2023-10-05,1,-0.6999999999999993,-0.6600000000000001,-0.6643892498173146,-0.6607844050448378
2023-10-05,5,-0.7800000000000002,-0.6600000000000001,-0.6675231995695686,-0.6639220252241886
2023-10-05,20,-0.6999999999999997,-0.6600000000000001,-0.6790767596227264,-0.675688100896754
2023-10-12,1,-0.8799999999999994,-0.7800000000000002,-0.7829985782945366,-0.7808170258129532
2023-10-12,5,-0.7000000000000002,-0.7800000000000002,-0.7843908028612436,-0.7840851290647649
2023-10-12,20,-0.7200000000000002,-0.7800000000000002,-0.7962960023491213,-0.7963405162590588
2023-10-19,1,-0.71,-0.7000000000000002,-0.7031143422206032,-0.7007934414646559
2023-10-19,5,-0.6399999999999997,-0.7000000000000002,-0.7102455012230668,-0.7039672073232789
2023-10-19,20,-0.7600000000000002,-0.7000000000000002,-0.7208664248218241,-0.7158688292931149
2023-10-26,1,-0.6099999999999999,-0.6399999999999997,-0.6365114401181035,-0.6407755254623309
2023-10-26,5,-0.6999999999999997,-0.6399999999999997,-0.6430482158272203,-0.6438776273116557
2023-10-26,20,-0.7199999999999998,-0.6399999999999997,-0.653745272436407,-0.6555105092466236
2023-11-02,1,-0.6399999999999997,-0.6999999999999997,-0.6982504212438597,-0.7007912354241437
2023-11-02,5,-0.7200000000000002,-0.6999999999999997,-0.7005099588772766,-0.7039561771207193
2023-11-02,20,-0.6400000000000001,-0.6999999999999997,-0.7139043977105328,-0.7158247084828783
2023-11-09,1,-0.7299999999999995,-0.7200000000000002,-0.7252692364933465,-0.7207957263990141
2023-11-09,5,-0.7600000000000002,-0.7200000000000002,-0.7229272049317373,-0.72397863199507
2023-11-09,20,-0.75,-0.7200000000000002,-0.73584503956286,-0.7359145279802791
2023-11-16,1,-0.7899999999999996,-0.7600000000000002,-0.7632657355369319,-0.7608057868749557
2023-11-16,5,-0.7199999999999998,-0.7600000000000002,-0.7642333107055646,-0.7640289343747775
2023-11-16,20,-0.77,-0.7600000000000002,-0.7771691813670496,-0.776115737499109
2023-11-23,1,-0.73,-0.7199999999999998,-0.7232701962842114,-0.7207935260098459
2023-11-23,5,-0.6400000000000001,-0.7199999999999998,-0.7268537157876568,-0.7239676300492308
2023-11-23,20,-0.8300000000000001,-0.7199999999999998,-0.7388655952549287,-0.7358705201969239
2023-11-30,1,-0.6400000000000001,-0.6400000000000001,-0.6391039623841931,-0.6407701323120505
2023-11-30,5,-0.75,-0.6400000000000001,-0.6461025836703658,-0.6438506615602522
2023-11-30,20,-0.81,-0.6400000000000001,-0.6566805451150677,-0.6554026462410085
2023-12-07,1,-0.7800000000000002,-0.75,-0.7503004494125509,-0.7507996619418211
2023-12-07,5,-0.77,-0.75,-0.751859777800422,-0.7539983097091059
2023-12-07,20,-0.81,-0.75,-0.7630116418719137,-0.7659932388364236
2023-12-14,1,-0.8300000000000001,-0.77,-0.7671016291656806,-0.7708041238257187
2023-12-14,5,-0.8300000000000001,-0.77,-0.7715263438208851,-0.7740206191285933
2023-12-14,20,-0.7400000000000002,-0.77,-0.7830225597652866,-0.7860824765143735
2023-12-21,1,-0.7800000000000002,-0.8300000000000001,-0.8297224549862787,-0.8308196456851644
2023-12-21,5,-0.81,-0.8300000000000001,-0.8338857456043386,-0.8340982284258216
2023-12-21,20,-0.5599999999999996,-0.8300000000000001,-0.8456128298047949,-0.846392913703286
2023-12-28,1,-0.7799999999999998,-0.81,-0.8145076023598972,-0.8108129848856048
2023-12-28,5,-0.81,-0.81,-0.8139959421346585,-0.8140649244280241
2023-12-28,20,-0.5299999999999998,-0.81,-0.8265053788348544,-0.8262596977120965
2024-01-04,1,-0.7999999999999998,-0.81,-0.8139494725337012,-0.8108118685727589
2024-01-04,5,-0.7400000000000002,-0.81,-0.81364393041981,-0.814059342863794
2024-01-04,20,-0.6800000000000002,-0.81,-0.8265009200021581,-0.8262373714551757
2024-01-11,1,-0.5699999999999998,-0.7400000000000002,-0.7422345126461682,-0.7407914396091945
2024-01-11,5,-0.5599999999999996,-0.7400000000000002,-0.7462773986621727,-0.7439571980459714
2024-01-11,20,-0.6300000000000003,-0.7400000000000002,-0.7577824167414122,-0.7558287921838851
2024-01-18,1,-0.5899999999999999,-0.5599999999999996,-0.5659988040993728,-0.5607407385770177
2024-01-18,5,-0.5299999999999998,-0.5599999999999996,-0.5642420064559416,-0.5637036928850899
2024-01-18,20,-0.7000000000000002,-0.5599999999999996,-0.576194229459143,-0.574814771540361
2024-01-25,1,-0.5399999999999996,-0.5299999999999998,-0.5296013444486501,-0.5307314714284814
2024-01-25,5,-0.6800000000000002,-0.5299999999999998,-0.5354956136753521,-0.533657357142408
2024-01-25,20,-0.69,-0.5299999999999998,-0.5457672356574861,-0.5446294285696327
2024-02-01,1,-0.6799999999999997,-0.6800000000000002,-0.6775215216425723,-0.680771690172901
2024-02-01,5,-0.6300000000000003,-0.6800000000000002,-0.6721522339557853,-0.6838584508645043
2024-02-01,20,-0.6999999999999997,-0.6800000000000002,-0.6858377478477106,-0.6954338034580166
2024-02-08,1,-0.6600000000000001,-0.6300000000000003,-0.6336856784899284,-0.6307569168454282
2024-02-08,5,-0.7000000000000002,-0.6300000000000003,-0.638912465378366,-0.6337845842271398
2024-02-08,20,-0.73,-0.6300000000000003,-0.6497579430207153,-0.6451383369085582
2024-02-15,1,-0.71,-0.7000000000000002,-0.7001751716700404,-0.700775065609071
2024-02-15,5,-0.69,-0.7000000000000002,-0.7031059525796458,-0.7038753280453542
2024-02-15,20,-0.6999999999999997,-0.7000000000000002,-0.7145606032764386,-0.7155013121814165
2024-02-22,1,-0.71,-0.69,-0.6897338738992264,-0.6907712740805854
2024-02-22,5,-0.6999999999999997,-0.69,-0.6954222749307649,-0.6938563704029271
2024-02-22,20,-0.6400000000000006,-0.69,-0.7064685833292605,-0.7054254816117087
2024-02-29,1,-0.6699999999999995,-0.6999999999999997,-0.6990814100079025,-0.700772959699575
2024-02-29,5,-0.73,-0.6999999999999997,-0.7046876228424548,-0.703864798497876
2024-02-29,20,-0.7199999999999998,-0.6999999999999997,-0.7161036130861791,-0.7154591939915048
2024-03-07,1,-0.7000000000000002,-0.73,-0.7321214165876785,-0.7307800621307622
2024-03-07,5,-0.6999999999999997,-0.73,-0.7300917972812423,-0.733900310653811
2024-03-07,20,-0.6500000000000004,-0.73,-0.7432094889838805,-0.7456012426152439
2024-03-14,1,-0.71,-0.6999999999999997,-0.7020245265530888,-0.7007708681579761
2024-03-14,5,-0.6400000000000006,-0.6999999999999997,-0.7061419443001166,-0.7038543407898814
2024-03-14,20,-0.52,-0.6999999999999997,-0.7174410552685192,-0.7154173631595264
2024-03-21,1,-0.6599999999999997,-0.6400000000000006,-0.6411381782164634,-0.640753494030346
2024-03-21,5,-0.7199999999999998,-0.6400000000000006,-0.6481603272883072,-0.6437674701517279
2024-03-21,20,-0.4900000000000002,-0.6400000000000006,-0.6584420301040564,-0.6550698806069095
2024-03-28,1,-0.7199999999999998,-0.7199999999999998,-0.7198781954182492,-0.7207741918860353
2024-03-28,5,-0.6500000000000004,-0.7199999999999998,-0.7219095577585943,-0.7238709594301777
2024-03-28,20,-0.4899999999999997,-0.7199999999999998,-0.7340916455870445,-0.7354838377207114
2024-04-04,1,-0.6299999999999999,-0.6500000000000004,-0.6517842554983161,-0.6507541659328365
2024-04-04,5,-0.52,-0.6500000000000004,-0.6562280088122456,-0.6537708296641813
2024-04-04,20,-0.52,-0.6500000000000004,-0.6680300774789265,-0.6650833186567242
2024-04-11,1,-0.5299999999999998,-0.52,-0.5238658243602238,-0.5207179274937714
2024-04-11,5,-0.4900000000000002,-0.52,-0.5290806627869897,-0.5235896374688572
2024-04-11,20,-0.5800000000000001,-0.52,-0.5377333954883217,-0.5343585498754286
2024-04-18,1,-0.5100000000000002,-0.4900000000000002,-0.49469910633343317,-0.49070884124680597
2024-04-18,5,-0.4899999999999997,-0.4900000000000002,-0.49352288768572794,-0.49354420623402895
2024-04-18,20,-0.6300000000000003,-0.4900000000000002,-0.5053426078680161,-0.5041768249361152
2024-04-25,1,-0.5100000000000002,-0.4899999999999997,-0.48986234102664244,-0.49070788986657427
2024-04-25,5,-0.52,-0.4899999999999997,-0.49595010502659553,-0.4935394493328725
2024-04-25,20,-0.5899999999999999,-0.4899999999999997,-0.5057303292278258,-0.504157797331491
2024-05-02,1,-0.5100000000000002,-0.52,-0.5198264371100606,-0.5207150404403551
2024-05-02,5,-0.5800000000000001,-0.52,-0.5230892990226746,-0.5235752022017757
2024-05-02,20,-0.5599999999999996,-0.52,-0.5335623414951811,-0.5343008088071027
2024-05-09,1,-0.6000000000000001,-0.5800000000000001,-0.5789488130603647,-0.5807302587133649
2024-05-09,5,-0.6300000000000003,-0.5800000000000001,-0.5781292798810795,-0.5836512935668243
2024-05-09,20,-0.54,-0.5800000000000001,-0.5901344832546919,-0.5946051742672969
2024-05-16,1,-0.6100000000000003,-0.6300000000000003,-0.6306891946390796,-0.6307427442913806
2024-05-16,5,-0.5899999999999999,-0.6300000000000003,-0.6331831008734172,-0.6337137214569016
2024-05-16,20,-0.54,-0.6300000000000003,-0.6445668765204994,-0.6448548858276056
2024-05-23,1,-0.6400000000000001,-0.5899999999999999,-0.5917886847456268,-0.5907309968231454
2024-05-23,5,-0.5599999999999996,-0.5899999999999999,-0.5963104407820776,-0.5936549841157277
2024-05-23,20,-0.56,-0.5899999999999999,-0.6068756102719723,-0.6046199364629111
2024-05-30,1,-0.5499999999999998,-0.5599999999999996,-0.5587670017564896,-0.5607219661865929
2024-05-30,5,-0.54,-0.5599999999999996,-0.5692859286787979,-0.563609830932966
2024-05-30,20,-0.5499999999999994,-0.5599999999999996,-0.5777308992864425,-0.5744393237318652
2024-06-06,1,-0.5300000000000002,-0.54,-0.5370873690658595,-0.5407156417333141
2024-06-06,5,-0.54,-0.54,-0.5435758482780944,-0.5435782086665703
2024-06-06,20,-0.4399999999999999,-0.54,-0.5521757030531947,-0.5543128346662807
2024-06-13,1,-0.5500000000000003,-0.54,-0.543423438763007,-0.540714690297936
2024-06-13,5,-0.56,-0.54,-0.5402005082776327,-0.5435734514896796
2024-06-13,20,-0.4199999999999999,-0.54,-0.5530263917477464,-0.5542938059587182
2024-06-20,1,-0.56,-0.56,-0.559965040770982,-0.5607190902849674
2024-06-20,5,-0.5499999999999994,-0.56,-0.5661501289651953,-0.5635954514248365
2024-06-20,20,-0.33,-0.56,-0.5759237686476721,-0.5743818056993457
2024-06-27,1,-0.4900000000000002,-0.5499999999999994,-0.5493441013513206,-0.5507154664903282
2024-06-27,5,-0.4399999999999999,-0.5499999999999994,-0.5533470874539886,-0.5535773324516433
2024-06-27,20,-0.2599999999999998,-0.5499999999999994,-0.5635397115684951,-0.5643093298065751
2024-07-04,1,-0.4399999999999999,-0.4399999999999999,-0.44550014946476657,-0.4406851781816371
2024-07-04,5,-0.4199999999999999,-0.4399999999999999,-0.44661796909216,-0.44342589090818596
2024-07-04,20,-0.25,-0.4399999999999999,-0.4575787813780744,-0.4537035636327442
2024-07-11,1,-0.4199999999999999,-0.4199999999999999,-0.4207630355672689,-0.4206789448487949
2024-07-11,5,-0.33,-0.4199999999999999,-0.4298414766155915,-0.4233947242439751
2024-07-11,20,-0.1699999999999999,-0.4199999999999999,-0.43781430811729743,-0.43357889697590074
2024-07-18,1,-0.33,-0.33,-0.3359436592787292,-0.3306541082281452
2024-07-18,5,-0.2599999999999998,-0.33,-0.3391846352197316,-0.3332705411407262
2024-07-18,20,-0.2400000000000002,-0.33,-0.34850833745463317,-0.34308216456290475
2024-07-25,1,-0.2800000000000002,-0.2599999999999998,-0.26119721837836524,-0.26063464362142386
2024-07-25,5,-0.25,-0.2599999999999998,-0.26627283027945114,-0.26317321810712
2024-07-25,20,-0.2299999999999999,-0.2599999999999998,-0.2751152324796472,-0.2726928724284806
2024-08-01,1,-0.1800000000000001,-0.25,-0.249494025550948,-0.2506311551345346
2024-08-01,5,-0.1699999999999999,-0.25,-0.25632852493276176,-0.253155775672673
2024-08-01,20,-0.1800000000000001,-0.25,-0.2643157190169534,-0.26262310269069195
2024-08-08,1,-0.2200000000000002,-0.1699999999999999,-0.17384152750552642,-0.17060912776963913
2024-08-08,5,-0.2400000000000002,-0.1699999999999999,-0.1707393238719023,-0.17304563884819607
2024-08-08,20,-0.1599999999999997,-0.1699999999999999,-0.18195433469831332,-0.1821825553927846
2024-08-15,1,-0.25,-0.2400000000000002,-0.23843724974633074,-0.24062685167993772
2024-08-15,5,-0.2299999999999999,-0.2400000000000002,-0.24634737764210307,-0.2431342583996878
2024-08-15,20,-0.0899999999999998,-0.2400000000000002,-0.25414534739172095,-0.25253703359875057
2024-08-22,1,-0.2000000000000001,-0.2299999999999999,-0.22866041188806135,-0.23062338723873718
2024-08-22,5,-0.1800000000000001,-0.2299999999999999,-0.23278764434614074,-0.23311693619368626
2024-08-22,20,0.0300000000000002,-0.2299999999999999,-0.24133629047515834,-0.2424677447747454
2024-08-29,1,-0.1699999999999999,-0.1800000000000001,-0.18337932562335532,-0.18060937498997875
2024-08-29,5,-0.1599999999999997,-0.1800000000000001,-0.18272661088565506,-0.1830468749498933
2024-08-29,20,0.0399999999999995,-0.1800000000000001,-0.19300416523063826,-0.19218749979957292
2024-09-05,1,-0.0899999999999998,-0.1599999999999997,-0.1599743634493672,-0.16060330690595304
2024-09-05,5,-0.0899999999999998,-0.1599999999999997,-0.1653247444118875,-0.16301653452976642
2024-09-05,20,0.04,-0.1599999999999997,-0.1718927661139053,-0.17206613811906663
2024-09-12,1,-0.04,-0.0899999999999998,-0.09356394087407645,-0.09058409579860184
2024-09-12,5,0.0300000000000002,-0.0899999999999998,-0.09079042636504485,-0.09292047899300998
2024-09-12,20,0.04,-0.0899999999999998,-0.10119744168700909,-0.1016819159720405
2024-09-19,1,0.02,0.0300000000000002,0.026142107697510165,0.02944823355476965
2024-09-19,5,0.0399999999999995,0.0300000000000002,0.020065146550257908,0.02724116777384745
2024-09-19,20,0.1400000000000001,0.0300000000000002,0.012677729215934349,0.018964671095389213
2024-09-26,1,0.04,0.0399999999999995,0.041651782221181745,0.03945155680534409
2024-09-26,5,0.04,0.0399999999999995,0.03783563508354294,0.037257784026722446
2024-09-26,20,0.1600000000000001,0.0399999999999995,0.031327230023820894,0.029031136106891276
2024-10-03,1,-0.02,0.04,0.04067271906130872,0.03945226858768339
2024-10-03,5,0.04,0.04,0.038289872242689926,0.03726134293841692
2024-10-03,20,0.1500000000000003,0.04,0.029981342565641764,0.029045371753667684
2024-10-10,1,0.1400000000000001,0.04,0.04056202277489347,0.03945297542327845
2024-10-10,5,0.1400000000000001,0.04,0.03204334152026674,0.037264877116392245
2024-10-10,20,0.1500000000000003,0.04,0.02627889359231514,0.02905950846556899
2024-10-17,1,0.1599999999999997,0.1400000000000001,0.1361510617604319,0.13947983521657314
2024-10-17,5,0.1600000000000001,0.1400000000000001,0.14364849315518494,0.13739917608286537
2024-10-17,20,0.0999999999999996,0.1400000000000001,0.13294576502321245,0.12959670433146123
2024-10-24,1,0.1699999999999999,0.1600000000000001,0.15781589124719977,0.15948573532107452
2024-10-24,5,0.1500000000000003,0.1600000000000001,0.15290841803183053,0.1574286766053722
2024-10-24,20,0.0699999999999998,0.1600000000000001,0.14475714642813647,0.1497147064214885
2024-10-31,1,0.1899999999999999,0.1500000000000003,0.1525357503058153,0.14948379120112748
2024-10-31,5,0.1500000000000003,0.1500000000000003,0.14433545615353946,0.14741895600563618
2024-10-31,20,0.04,0.1500000000000003,0.13605922300252155,0.13967582402254386
2024-11-07,1,0.1,0.1500000000000003,0.14961586476232863,0.14948445702964097
2024-11-07,5,0.0999999999999996,0.1500000000000003,0.1522119297429452,0.14742228514820363
2024-11-07,20,0.04,0.1500000000000003,0.14353400978368203,0.13968914059281362
2024-11-14,1,0.1200000000000001,0.0999999999999996,0.10101623116806743,0.0994720949032082
2024-11-14,5,0.0699999999999998,0.0999999999999996,0.09460177265472872,0.09736047451604259
2024-11-14,20,0.1600000000000001,0.0999999999999996,0.08743008915058642,0.08944189806417156
2024-11-21,1,0.0699999999999998,0.0699999999999998,0.07186990452030426,0.06946498731158546
2024-11-21,5,0.04,0.0699999999999998,0.07250658282517383,0.06732493655792812
2024-11-21,20,0.2599999999999998,0.0699999999999998,0.06378760072722284,0.0592997462317131
2024-11-28,1,0.0499999999999998,0.04,0.038901429377726074,0.0394579001422316
2024-11-28,5,0.04,0.04,0.036942756050373435,0.037289500711158
2024-11-28,20,0.2600000000000002,0.04,0.028751596002366417,0.029158002844631995
2024-12-05,1,0.0899999999999998,0.04,0.04024439771634364,0.03945859605613321
2024-12-05,5,0.1600000000000001,0.04,0.037575926029643096,0.03729298028066604
2024-12-05,20,0.29,0.04,0.03089177465372981,0.029171921122664174
2024-12-12,1,0.1600000000000001,0.1600000000000001,0.15733607884817227,0.15949034603204104
2024-12-12,5,0.2599999999999998,0.1600000000000001,0.15447074726331936,0.1574517301602048
2024-12-12,20,0.3999999999999999,0.1600000000000001,0.14650362988151822,0.1498069206408189
2024-12-19,1,0.2200000000000002,0.2599999999999998,0.2584074294064927,0.2595168445140132
2024-12-19,5,0.2600000000000002,0.2599999999999998,0.2502444760940196,0.2575842225700668
2024-12-19,20,0.3899999999999997,0.2599999999999998,0.24573463877564852,0.25033689028026795
2024-12-26,1,0.2999999999999998,0.2600000000000002,0.2575000080438118,0.25951746161465966
2024-12-26,5,0.29,0.2600000000000002,0.25805280233331895,0.25758730807329755
2024-12-26,20,0.3699999999999996,0.2600000000000002,0.24494416696103885,0.2503492322931897
2025-01-02,1,0.2999999999999998,0.29,0.28854925255897795,0.28952582005481925
2025-01-02,5,0.3999999999999999,0.29,0.2851245044520871,0.28762910027409644
2025-01-02,20,0.3799999999999999,0.29,0.27776796618965677,0.28051640109638576
2025-01-09,1,0.3700000000000001,0.3999999999999999,0.3995854701156996,0.39955474810968156
2025-01-09,5,0.3899999999999997,0.3999999999999999,0.39186560064943987,0.3977737405484082
2025-01-09,20,0.3700000000000001,0.3999999999999999,0.38657146856516067,0.3910949621936331
2025-01-16,1,0.3699999999999996,0.3899999999999997,0.392005942113515,0.3895527443534403
2025-01-16,5,0.3699999999999996,0.3899999999999997,0.3888230748514227,0.38776372176720275
2025-01-16,20,0.3700000000000001,0.3899999999999997,0.3817442522028652,0.3810548870688119
2025-01-23,1,0.3699999999999996,0.3699999999999996,0.3684255674992777,0.3695481759503956
2025-01-23,5,0.3799999999999999,0.3699999999999996,0.3672853096708557,0.3677408797519794
2025-01-23,20,0.4000000000000003,0.3699999999999996,0.3604269124911337,0.36096351900791873
2025-01-30,1,0.4099999999999997,0.3799999999999999,0.37861392965929397,0.37955131346405646
2025-01-30,5,0.3700000000000001,0.3799999999999999,0.3763124667514643,0.37775656732028284
2025-01-30,20,0.3400000000000003,0.3799999999999999,0.37009436156290615,0.3710262692811317
2025-02-06,1,0.3799999999999999,0.3700000000000001,0.36931535648175917,0.36954932012623715
2025-02-06,5,0.3700000000000001,0.3700000000000001,0.3669771068679717,0.36774660063118525
2025-02-06,20,0.4399999999999999,0.3700000000000001,0.3602807865707852,0.3609864025247407
2025-02-13,1,0.3699999999999996,0.3700000000000001,0.3703941606877512,0.3695498901574623
2025-02-13,5,0.4000000000000003,0.3700000000000001,0.36966752012032145,0.3677494507873112
2025-02-13,20,0.48,0.3700000000000001,0.3632375951416628,0.3609978031492444
2025-02-20,1,0.3700000000000001,0.4000000000000003,0.399069422222699,0.3995581235594542
2025-02-20,5,0.3400000000000003,0.4000000000000003,0.39533557420927873,0.3977906177972698
2025-02-20,20,0.4700000000000002,0.4000000000000003,0.3896135863218053,0.3911624711890784
2025-02-27,1,0.33,0.3400000000000003,0.33947603311761315,0.3395433710695647
2025-02-27,5,0.4399999999999999,0.3400000000000003,0.3396420385364015,0.33771685534782236
2025-02-27,20,0.54,0.3400000000000003,0.33131281150393826,0.33086742139128866
2025-03-06,1,0.4399999999999999,0.4399999999999999,0.4373448071487382,0.43956943146268523
2025-03-06,5,0.48,0.4399999999999999,0.4347898738108103,0.43784715731342666
2025-03-06,20,0.54,0.4399999999999999,0.42881233286647696,0.4313886292537069
2025-03-13,1,0.4900000000000002,0.48,0.4803315271700862,0.47958014957695905
2025-03-13,5,0.4700000000000002,0.48,0.4754052055192624,0.47790074788479525
2025-03-13,20,0.6000000000000001,0.48,0.4672516006269442,0.4716029915391811
2025-03-20,1,0.4900000000000002,0.4700000000000002,0.47080252112056264,0.469578134058707
2025-03-20,5,0.54,0.4700000000000002,0.4693458444370915,0.46789067029353437
2025-03-20,20,0.6099999999999999,0.4700000000000002,0.461658859726908,0.46156268117413685
2025-03-27,1,0.5299999999999998,0.54,0.5372848366589352,0.5395964261206844
2025-03-27,5,0.54,0.54,0.5329109933594366,0.5379821306034216
2025-03-27,20,0.5900000000000003,0.54,0.5270159702199918,0.5319285224136862
2025-04-03,1,0.52,0.54,0.5388639961806566,0.539596931509567
2025-04-03,5,0.6000000000000001,0.54,0.5360982544627809,0.5379846575478348
2025-04-03,20,0.6000000000000001,0.54,0.5301056357899789,0.531938630191339
2025-04-10,1,0.5799999999999996,0.6000000000000001,0.593645374808422,0.5996125941834854
2025-04-10,5,0.6099999999999999,0.6000000000000001,0.5935787748070871,0.598062970917427
2025-04-10,20,0.6200000000000001,0.6000000000000001,0.583755476901318,0.5922518836697076
2025-04-17,1,0.6099999999999999,0.6099999999999999,0.6077521784024276,0.6096156139679854
2025-04-17,5,0.5900000000000003,0.6099999999999999,0.6055583977037405,0.6080780698399272
2025-04-17,20,0.6300000000000003,0.6099999999999999,0.6001468195026515,0.602312279359709
2025-04-24,1,0.5800000000000001,0.5900000000000003,0.5874911826584029,0.5896110532563746
2025-04-24,5,0.6000000000000001,0.5900000000000003,0.5978781241723066,0.5880552662818722
2025-04-24,20,0.6599999999999997,0.5900000000000003,0.5891407068291051,0.582221065127488
2025-05-01,1,0.6400000000000001,0.6000000000000001,0.5992521466927332,0.5996140602415575
2025-05-01,5,0.6200000000000001,0.6000000000000001,0.5974140213965786,0.5980703012077871
2025-05-01,20,0.6099999999999999,0.6000000000000001,0.5912750563937843,0.5922812048311484
2025-05-08,1,0.6299999999999999,0.6200000000000001,0.6200281754675198,0.6196195793245248
2025-05-08,5,0.6300000000000003,0.6200000000000001,0.621416372746113,0.6180978966226239
2025-05-08,20,0.6299999999999999,0.6200000000000001,0.6152559903343118,0.6123915864904956
2025-05-15,1,0.6400000000000001,0.6300000000000003,0.6286853722590023,0.6296225682651769
2025-05-15,5,0.6599999999999997,0.6300000000000003,0.6277416589125441,0.6281128413258835
2025-05-15,20,0.6499999999999999,0.6300000000000003,0.6212566324852,0.622451365303533
2025-05-22,1,0.6499999999999999,0.6599999999999997,0.6620956126536284,0.6596305991406662
2025-05-22,5,0.6099999999999999,0.6599999999999997,0.6558454666505901,0.6581529957033322
2025-05-22,20,0.6499999999999999,0.6599999999999997,0.6516577209329267,0.6526119828133297
2025-05-29,1,0.6100000000000003,0.6099999999999999,0.6122175015593673,0.6096185064563024
2025-05-29,5,0.6299999999999999,0.6099999999999999,0.6127341699963976,0.6080925322815127
2025-05-29,20,0.71,0.6099999999999999,0.6066462728140176,0.6023701291260514
2025-06-05,1,0.6499999999999999,0.6299999999999999,0.6268845569926782,0.6296239928712277
2025-06-05,5,0.6499999999999999,0.6299999999999999,0.6262869531729911,0.6281199643561393
2025-06-05,20,0.69,0.6299999999999999,0.6158015843090959,0.6224798574245572
2025-06-12,1,0.6600000000000001,0.6499999999999999,0.6510555438524602,0.6496294649794274
2025-06-12,5,0.6499999999999999,0.6499999999999999,0.6459884609162231,0.6481473248971372
2025-06-12,20,0.71,0.6499999999999999,0.6414309599802015,0.6425892995885492
2025-06-19,1,0.6599999999999997,0.6499999999999999,0.6490200044957656,0.6496299221201657
2025-06-19,5,0.71,0.6499999999999999,0.6479150034909559,0.6481496106008285
2025-06-19,20,0.7599999999999998,0.6499999999999999,0.6418589521400704,0.6425984424033143
2025-06-26,1,0.71,0.71,0.7079364662400642,0.7096453631600269
2025-06-26,5,0.69,0.71,0.702806919809899,0.7082268158001346
2025-06-26,20,0.7199999999999998,0.71,0.6988764482853361,0.7029072632005384
2025-07-03,1,0.6800000000000002,0.69,0.6908293963401346,0.6896408105002072
2025-07-03,5,0.71,0.69,0.6914322857476789,0.6882040525010361
2025-07-03,20,0.6900000000000004,0.69,0.6855174021513516,0.6828162100041445
2025-07-10,1,0.7599999999999998,0.71,0.7075705329296824,0.7096462343159611
2025-07-10,5,0.7599999999999998,0.71,0.7060463191305563,0.7082311715798056
2025-07-10,20,0.7000000000000002,0.71,0.7003838451543634,0.7029246863192227
2025-07-17,1,0.75,0.7599999999999998,0.7592111973359195,0.7596591091036611
2025-07-17,5,0.7199999999999998,0.7599999999999998,0.7572328481028787,0.7582955455183062
2025-07-17,20,0.7200000000000002,0.7599999999999998,0.7522251399922592,0.7531821820732258
2025-07-24,1,0.71,0.7199999999999998,0.7223344091750089,0.7196495860506011
2025-07-24,5,0.6900000000000004,0.7199999999999998,0.7196516116766626,0.7182479302530069
2025-07-24,20,0.75,0.7199999999999998,0.7149178766108247,0.7129917210120286
2025-07-31,1,0.69,0.6900000000000004,0.6895110088632447,0.6896425686904584
2025-07-31,5,0.7000000000000002,0.6900000000000004,0.690614857574197,0.6882128434522901
2025-07-31,20,0.73,0.6900000000000004,0.6845546913609717,0.6828513738091591
2025-08-07,1,0.7199999999999998,0.7000000000000002,0.6991056744070935,0.6996454844524036
2025-08-07,5,0.7200000000000002,0.7000000000000002,0.6960541880102671,0.6982274222620171
2025-08-07,20,0.73,0.7000000000000002,0.6904285702261728,0.6929096890480678
2025-08-14,1,0.7399999999999998,0.7200000000000002,0.7190765859549678,0.7196508687820256
2025-08-14,5,0.75,0.7200000000000002,0.7182986876471664,0.7182543439101271
2025-08-14,20,0.6600000000000001,0.7200000000000002,0.7128900088773509,0.7130173756405076
2025-08-21,1,0.7400000000000002,0.75,0.7486757873885381,0.7496587126176991
2025-08-21,5,0.73,0.75,0.7477429743540399,0.7482935630884955
2025-08-21,20,0.71,0.75,0.7419869840567704,0.7431742523539817
2025-08-28,1,0.7399999999999998,0.73,0.7307666934834157,0.729654188311403
2025-08-28,5,0.73,0.73,0.728471620671826,0.7282709415570154
2025-08-28,20,0.73,0.73,0.7232399700982117,0.7230837662280619
2025-09-04,1,0.73,0.73,0.7308668619704077,0.7296546078355279
2025-09-04,5,0.6600000000000001,0.73,0.7291278690847058,0.7282730391776395
2025-09-04,20,0.73,0.73,0.7237388874895314,0.7230921567105582
2025-09-11,1,0.6800000000000002,0.6600000000000001,0.6613685429239285,0.6596377813690429
2025-09-11,5,0.71,0.6600000000000001,0.6617324657150884,0.6581889068452141
2025-09-11,20,0.73,0.6600000000000001,0.6558920053293955,0.6527556273808562
2025-09-18,1,0.7400000000000002,0.71,0.7070605509431548,0.7096505238871947
2025-09-18,5,0.73,0.71,0.7054431556344861,0.708252619435974
2025-09-18,20,0.7000000000000002,0.71,0.7001925523458936,0.703010477743896
2025-09-25,1,0.73,0.73,0.7301566629636288,0.7296558622573794
2025-09-25,5,0.73,0.73,0.7286850134139964,0.728279311286897
2025-09-25,20,0.6999999999999997,0.73,0.7208151860451721,0.7231172451475882
2025-10-02,1,0.7399999999999998,0.73,0.7303396685380984,0.729656278322565
2025-10-02,5,0.73,0.73,0.728112267302427,0.7282813916128251
2025-10-02,20,0.71,0.73,0.7235220067981732,0.7231255664513004
2025-10-09,1,0.71,0.73,0.7289108409756238,0.7296566934797984
2025-10-09,5,0.7000000000000002,0.73,0.7313812609286697,0.7282834673989922
2025-10-09,20,0.71,0.73,0.7250595940565824,0.7231338695959686
2025-10-16,1,0.7199999999999998,0.7000000000000002,0.6995150971411688,0.6996497619100148
2025-10-16,5,0.6999999999999997,0.7000000000000002,0.698351704310467,0.6982488095500735
2025-10-16,20,0.71,0.7000000000000002,0.692979469151217,0.6929952382002934
2025-10-23,1,0.71,0.6999999999999997,0.7000988113823153,0.6996501839235909
2025-10-23,5,0.71,0.6999999999999997,0.6991686471573526,0.6982509196179555
2025-10-23,20,0.75,0.6999999999999997,0.6939371779057293,0.6930036784718229
2025-10-30,1,0.7200000000000002,0.71,0.7105214925364861,0.7096530473907801
2025-10-30,5,0.71,0.71,0.7085558345541089,0.7082652369539005
2025-10-30,20,0.7200000000000002,0.71,0.7035233004749412,0.703060947815602
2025-11-06,1,0.73,0.71,0.7104164969467145,0.7096534643345876
2025-11-06,5,0.71,0.71,0.7103032008619669,0.7082673216729383
2025-11-06,20,0.7999999999999998,0.71,0.7044698359053383,0.7030692866917534
2025-11-13,1,0.7400000000000002,0.71,0.7085596591327499,0.7096538888708066
2025-11-13,5,0.75,0.71,0.7080235898170468,0.7082694443540329
2025-11-13,20,0.7999999999999998,0.71,0.702597326279425,0.7030777774161316
2025-11-20,1,0.7600000000000002,0.75,0.7491278528734066,0.7496640399059784
2025-11-20,5,0.7200000000000002,0.75,0.7485996513556928,0.748320199529892
2025-11-20,20,0.81,0.75,0.7427950946523151,0.7432807981195679
2025-11-27,1,0.73,0.7200000000000002,0.7200754344541473,0.719657139826194
2025-11-27,5,0.7999999999999998,0.7200000000000002,0.719472958729721,0.7182856991309692
2025-11-27,20,0.8300000000000001,0.7200000000000002,0.715044654656363,0.713142796523876
2025-12-04,1,0.7799999999999998,0.7999999999999998,0.7979075961696059,0.7996769653013015
2025-12-04,5,0.7999999999999998,0.7999999999999998,0.7937090418645784,0.7983848265065084
2025-12-04,20,0.8399999999999999,0.7999999999999998,0.790467930495758,0.7935393060260345
2025-12-11,1,0.8199999999999998,0.7999999999999998,0.8017024942386656,0.7996773511989267
2025-12-11,5,0.81,0.7999999999999998,0.7977998714409207,0.798386755994634
2025-12-11,20,0.8300000000000001,0.7999999999999998,0.7943333176239246,0.7935470239785366
2025-12-18,1,0.8600000000000003,0.81,0.8084407952035341,0.8096801579196362
2025-12-18,5,0.8300000000000001,0.81,0.8115225113473058,0.8084007895981807
2025-12-18,20,0.8200000000000003,0.81,0.8071218681351484,0.8036031583927226
2025-12-25,1,0.8300000000000001,0.8300000000000001,0.8274708730054451,0.8296853454348375
2025-12-25,5,0.8399999999999999,0.8300000000000001,0.8280541281383458,0.8284267271741871
2025-12-25,20,0.8399999999999999,0.8300000000000001,0.822536958112466,0.8237069086967481
2026-01-01,1,0.8600000000000003,0.8399999999999999,0.8404915947229202,0.8396881390669974
2026-01-01,5,0.8300000000000001,0.8399999999999999,0.8362587343988175,0.8384406953349876
2026-01-01,20,0.8400000000000003,0.8399999999999999,0.832963449952164,0.8337627813399506
2026-01-08,1,0.8300000000000001,0.8300000000000001,0.829667011106252,0.8296860730596789
2026-01-08,5,0.8200000000000003,0.8300000000000001,0.8320536023536931,0.8284303652983942
2026-01-08,20,0.8500000000000001,0.8300000000000001,0.8264258785010726,0.8237214611935768
2026-01-15,1,0.8300000000000001,0.8200000000000003,0.8178601176966449,0.8196840775813089
2026-01-15,5,0.8399999999999999,0.8200000000000003,0.8176688510011094,0.8184203879065436
2026-01-15,20,0.7899999999999996,0.8200000000000003,0.8119827949960582,0.8136815516261736
2026-01-22,1,0.81,0.8399999999999999,0.8397244831790314,0.8396892696222076
2026-01-22,5,0.8400000000000003,0.8399999999999999,0.8381377046490057,0.8384463481110385
2026-01-22,20,0.7800000000000002,0.8399999999999999,0.8329104625416579,0.8337853924441542
2026-01-29,1,0.8599999999999999,0.8400000000000003,0.8420672841061357,0.8396896456860343
2026-01-29,5,0.8500000000000001,0.8400000000000003,0.8356828198954189,0.8384482284301702
2026-01-29,20,0.7399999999999998,0.8400000000000003,0.8329575862355854,0.8337929137206798
2026-02-05,1,0.8500000000000001,0.8500000000000001,0.8489882827112948,0.8496924162243907
2026-02-05,5,0.7899999999999996,0.8500000000000001,0.8522091483246539,0.8484620811219531
2026-02-05,20,0.7599999999999998,0.8500000000000001,0.8461881861731239,0.8438483244878122
2026-02-12,1,0.7799999999999998,0.7899999999999996,0.7898129548035125,0.7896783803830069
2026-02-12,5,0.7800000000000002,0.7899999999999996,0.7910879336664517,0.7883919019150359
2026-02-12,20,0.7000000000000002,0.7899999999999996,0.7852432424507415,0.7835676076601448
2026-02-19,1,0.7800000000000002,0.7800000000000002,0.7809681194911996,0.7796763641303832
2026-02-19,5,0.7399999999999998,0.7800000000000002,0.7764477633175942,0.7783818206519153
2026-02-19,20,0.6000000000000001,0.7800000000000002,0.7721141697421389,0.7735272826076607
2026-02-26,1,0.7399999999999998,0.7399999999999998,0.7413620553932156,0.7396671742974088
2026-02-26,5,0.7599999999999998,0.7399999999999998,0.7418958234981482,0.7383358714870448
2026-02-26,20,0.5899999999999999,0.7399999999999998,0.7365598831351435,0.73334348594818
2026-03-05,1,0.77,0.7599999999999998,0.7582798378889393,0.7596723595750238
2026-03-05,5,0.7000000000000002,0.7599999999999998,0.7562933981913176,0.7583617978751199
2026-03-05,20,0.6700000000000004,0.7599999999999998,0.7515911883773718,0.7534471915004801
2026-03-12,1,0.7199999999999998,0.7000000000000002,0.7020271274582294,0.6996584156192803
2026-03-12,5,0.6000000000000001,0.7000000000000002,0.7015270171774625,0.6982920780964009
2026-03-12,20,0.6699999999999999,0.7000000000000002,0.6951577938975267,0.6931683123856031
2026-03-19,1,0.4900000000000002,0.6000000000000001,0.6020037818693863,0.5996349655534996
2026-03-19,5,0.5899999999999999,0.6000000000000001,0.6064239378051122,0.5981748277674976
2026-03-19,20,0.7000000000000002,0.6000000000000001,0.5988424227476864,0.5926993110699903
2026-03-26,1,0.6299999999999999,0.5899999999999999,0.5900172787026189,0.5896330129760928
2026-03-26,5,0.6700000000000004,0.5899999999999999,0.5786303308291059,0.5881650648804647
2026-03-26,20,0.6299999999999999,0.5899999999999999,0.5761836818348,0.5826602595218591
2026-04-02,1,0.6700000000000004,0.6700000000000004,0.6713585929811028,0.6696524730085293
2026-04-02,5,0.6699999999999999,0.6700000000000004,0.6704473911747085,0.6682623650426446
2026-04-02,20,0.6000000000000001,0.6700000000000004,0.6651379937255384,0.6630494601705773
2026-04-09,1,0.6900000000000004,0.6699999999999999,0.6699776118462588,0.6696528799027064
2026-04-09,5,0.7000000000000002,0.6699999999999999,0.6673869563799117,0.6682643995135323
2026-04-09,20,0.5899999999999999,0.6699999999999999,0.6627222229714896,0.6630575980541296
2026-04-16,1,0.6699999999999999,0.7000000000000002,0.6986001924652632,0.6996603988046806
2026-04-16,5,0.6299999999999999,0.7000000000000002,0.6979819936078403,0.6983019940234023
2026-04-16,20,0.6000000000000001,0.7000000000000002,0.6927024947843777,0.6932079760936087
2026-04-23,1,0.6400000000000001,0.6299999999999999,0.6303442050777646,0.6296442011167735
2026-04-23,5,0.6000000000000001,0.6299999999999999,0.6313725575978187,0.6282210055838682
2026-04-23,20,0.6299999999999999,0.6299999999999999,0.6251833723903574,0.6228840223354731
2026-04-30,1,0.5899999999999999,0.6000000000000001,0.5966437679310551,0.5996375226959495
2026-04-30,5,0.5899999999999999,0.6000000000000001,0.6001052907313171,0.5981876134797472
2026-04-30,20,0.6000000000000001,0.6000000000000001,0.5931144552758515,0.592750453918989
2026-05-07,1,0.6100000000000003,0.5899999999999999,0.5899721957559936,0.589635580792217
2026-05-07,5,0.6000000000000001,0.5899999999999999,0.5852832655518141,0.5881779039610857
2026-05-07,20,0.6300000000000003,0.5899999999999999,0.5807430393407009,0.5827116158443435
2026-05-14,1,0.6300000000000003,0.6000000000000001,0.6004337000431298,0.5996383671093121
2026-05-14,5,0.6299999999999999,0.6000000000000001,0.6002205638494726,0.5981918355465599
2026-05-14,20,0.6400000000000001,0.6000000000000001,0.5943310617124161,0.5927673421862394
2026-05-21,1,0.6099999999999999,0.6299999999999999,0.6289130756606106,0.6296458626712386
2026-05-21,5,0.6000000000000001,0.6299999999999999,0.6277232807624885,0.6282293133561935
2026-05-21,20,0.6000000000000001,0.6299999999999999,0.6221940222770886,0.6229172534247742
2026-05-28,1,0.6400000000000001,0.6000000000000001,0.6007757435046459,0.5996392051278543
2026-05-28,5,0.6300000000000003,0.6000000000000001,0.5980339600002652,0.5981960256392712
2026-05-28,20,0.6400000000000001,0.6000000000000001,0.5932119207462873,0.5927841025570846
