origin_date,horizon,actual,var_direct,naive
2012-01-19,1,1.02,0.9754261142814336,0.98
2012-01-26,1,0.99,0.9951021497378225,1.01
2012-02-02,1,0.9699999999999998,0.9586531344660466,0.95
2012-02-09,1,0.9799999999999998,0.9925956278918213,0.9999999999999998
2012-02-16,1,0.9599999999999996,0.9598065047291182,0.9599999999999996
2012-02-23,1,0.95,0.9680335351578664,0.9599999999999996
2012-03-01,1,0.8599999999999999,0.9025850586835723,0.8999999999999999
2012-03-08,1,0.8399999999999999,0.8411751097238328,0.8399999999999999
2012-03-15,1,0.9600000000000002,0.935534515090733,0.94
2012-03-22,1,0.9500000000000002,0.9458181450519917,0.9600000000000002
2012-03-29,1,0.91,0.9021180266446424,0.9000000000000001
2012-04-05,1,0.8799999999999999,0.8695459036188146,0.8799999999999999
2012-04-12,1,0.79,0.8306241775008295,0.8199999999999998
2012-04-19,1,0.71,0.716498281722144,0.71
2012-04-26,1,0.6599999999999999,0.6816658493378298,0.6799999999999997
2012-05-03,1,0.77,0.6983542418963125,0.7
2012-05-10,1,0.6699999999999999,0.7434973045027315,0.75
2012-05-17,1,0.6699999999999999,0.6631975868575477,0.6599999999999999
2012-05-24,1,0.73,0.7088802019661219,0.7200000000000002
2012-05-31,1,0.7400000000000001,0.6706757527423696,0.6799999999999999
2012-06-07,1,0.77,0.7605299462461612,0.76
2012-06-14,1,0.76,0.7429114823566864,0.75
2012-06-21,1,0.74,0.7031689035434738,0.7
2012-06-28,1,0.71,0.7100409108218575,0.72
2012-07-05,1,0.71,0.7039496233858242,0.7
2012-07-12,1,0.6499999999999999,0.65850676624843,0.6599999999999999
2012-07-19,1,0.6600000000000001,0.6652652884434742,0.6699999999999999
2012-07-26,1,0.6399999999999999,0.6303916112195225,0.6299999999999999
2012-08-02,1,0.6499999999999999,0.6137435252749996,0.6099999999999999
2012-08-09,1,0.6500000000000001,0.6413465305714177,0.6500000000000001
2012-08-16,1,0.74,0.7095977812026437,0.72
2012-08-23,1,0.6800000000000002,0.6765587144233349,0.6900000000000002
2012-08-30,1,0.6200000000000001,0.64172195791319,0.6400000000000001
2012-09-06,1,0.6700000000000002,0.6714102649945554,0.6800000000000002
2012-09-13,1,0.77,0.6978290098100609,0.71
2012-09-20,1,0.7100000000000002,0.6970317706619809,0.7100000000000002
2012-09-27,1,0.6599999999999999,0.6500575637737458,0.6499999999999999
2012-10-04,1,0.6700000000000002,0.6752732880389996,0.6699999999999999
2012-10-11,1,0.6600000000000001,0.6602469076044235,0.6600000000000001
2012-10-18,1,0.75,0.7625230152661063,0.7699999999999998
2012-10-25,1,0.72,0.7407702953098304,0.75
2012-11-01,1,0.71,0.7152875643206733,0.71
2012-11-08,1,0.6299999999999999,0.6480414140459201,0.6499999999999999
2012-11-15,1,0.6199999999999999,0.6502735051468422,0.6499999999999999
2012-11-22,1,0.6699999999999999,0.660151366511372,0.6599999999999999
2012-11-29,1,0.6299999999999999,0.612822112857519,0.6199999999999999
2012-12-06,1,0.6499999999999999,0.6463231750360315,0.6499999999999999
2012-12-13,1,0.6699999999999999,0.6762106557347778,0.6799999999999999
2012-12-20,1,0.6799999999999999,0.7041837629686125,0.7100000000000002
2012-12-27,1,0.6400000000000001,0.6501145320916064,0.6500000000000001
2013-01-03,1,0.73,0.7148258767676099,0.73
2013-01-10,1,0.75,0.7662010831763482,0.77
2013-01-17,1,0.74,0.7506987823834325,0.75
2013-01-24,1,0.81,0.7712000202835805,0.7699999999999998
2013-01-31,1,0.8500000000000001,0.8202362482000034,0.8300000000000001
2013-02-07,1,0.8599999999999999,0.8332447755714832,0.8400000000000001
2013-02-14,1,0.8799999999999999,0.8630143126639193,0.8700000000000001
2013-02-21,1,0.8699999999999999,0.8654533339165008,0.8699999999999999
2013-02-28,1,0.8600000000000001,0.8799282166345938,0.8800000000000001
2013-03-07,1,0.95,0.9162057020066119,0.92
2013-03-14,1,0.8999999999999999,0.9438763104476207,0.95
2013-03-21,1,0.8300000000000001,0.8361612046565551,0.8400000000000001
2013-03-28,1,0.76,0.7660772925243439,0.76
2013-04-04,1,0.77,0.7965051613047323,0.8
2013-04-11,1,0.79,0.7955076096864462,0.8
2013-04-18,1,0.77,0.7598467235227987,0.76
2013-04-25,1,0.7699999999999999,0.7849823734780937,0.79
2013-05-02,1,0.81,0.7548324009992806,0.7599999999999999
2013-05-09,1,0.8799999999999999,0.817599370018966,0.8300000000000001
2013-05-16,1,0.91,0.8629224194773981,0.8699999999999999
2013-05-23,1,0.92,0.926143735632114,0.92
2013-05-30,1,0.98,0.9817347849709911,0.9899999999999998
2013-06-06,1,1.02,0.9765484723839608,0.99
2013-06-13,1,1.02,1.0109080742333083,1.02
2013-06-20,1,1.2200000000000002,1.1555901128578987,1.14
2013-06-27,1,1.22,1.2022176032372482,1.22
2013-07-04,1,1.3199999999999998,1.2411605518930882,1.2300000000000002
2013-07-11,1,1.2900000000000005,1.2927556947637695,1.31
2013-07-18,1,1.2799999999999998,1.3132547301140927,1.3099999999999998
2013-07-25,1,1.3000000000000005,1.3088867632579138,1.31
2013-08-01,1,1.3300000000000003,1.3612590247096996,1.36
2013-08-08,1,1.35,1.344137180401228,1.3500000000000003
2013-08-15,1,1.5000000000000002,1.464506493578644,1.4700000000000002
2013-08-22,1,1.5,1.5394970372949563,1.5400000000000005
2013-08-29,1,1.42,1.4131833402183966,1.41
2013-09-05,1,1.4699999999999998,1.5143494012396637,1.5099999999999998
2013-09-12,1,1.4799999999999998,1.5004350381845282,1.4999999999999998
2013-09-19,1,1.47,1.458987742736816,1.4800000000000002
2013-09-26,1,1.35,1.3602236571391357,1.36
2013-10-03,1,1.39,1.3607822248261556,1.36
2013-10-10,1,1.38,1.3752591529925484,1.38
2013-10-17,1,1.35,1.3661592249312795,1.38
2013-10-24,1,1.33,1.3358536102459382,1.3299999999999998
2013-10-31,1,1.38,1.317041498573537,1.3199999999999998
2013-11-07,1,1.4700000000000002,1.4152367093720604,1.42
2013-11-14,1,1.44,1.455507259456927,1.46
2013-11-21,1,1.5,1.5585076283638077,1.5499999999999998
2013-11-28,1,1.4499999999999995,1.4505734575946345,1.45
2013-12-05,1,1.6,1.589733434351843,1.59
2013-12-12,1,1.56,1.5591803023202206,1.56
2013-12-19,1,1.5599999999999998,1.5637710705938945,1.5600000000000005
2013-12-26,1,1.64,1.5932668267796306,1.5900000000000003
2014-01-02,1,1.61,1.6068837439926926,1.6100000000000003
2014-01-09,1,1.54,1.5809412563255278,1.58
2014-01-16,1,1.48,1.4905290733416319,1.48
2014-01-23,1,1.43,1.445971164823917,1.4400000000000002
2014-01-30,1,1.39,1.4004243145022854,1.4
2014-02-06,1,1.41,1.450609228485436,1.4500000000000002
2014-02-13,1,1.45,1.4157664857759293,1.4300000000000002
2014-02-20,1,1.4,1.4451738859546275,1.44
2014-02-27,1,1.42,1.4251193832013354,1.4200000000000002
2014-03-06,1,1.47,1.4432674561308567,1.45
2014-03-13,1,1.38,1.3611240334079808,1.37
2014-03-20,1,1.41,1.444530893049034,1.43
2014-03-27,1,1.37,1.3633069694516289,1.37
2014-04-03,1,1.4,1.4350000908532117,1.44
2014-04-10,1,1.35,1.3802845200638352,1.38
2014-04-17,1,1.38,1.380410593752015,1.38
2014-04-24,1,1.35,1.3469041555926975,1.35
2014-05-01,1,1.28,1.3063150479860348,1.3099999999999998
2014-05-08,1,1.2999999999999998,1.302252707583756,1.3
2014-05-15,1,1.2199999999999998,1.2267569652637949,1.2299999999999998
2014-05-22,1,1.2499999999999998,1.2708454431589702,1.2699999999999998
2014-05-29,1,1.1900000000000002,1.2004659331600094,1.2
2014-06-05,1,1.2599999999999998,1.2638040844439253,1.27
2014-06-12,1,1.22,1.230792533957898,1.2299999999999998
2014-06-19,1,1.16,1.2070434834106492,1.2
2014-06-26,1,1.13,1.1266796769843117,1.13
2014-07-03,1,1.2000000000000002,1.1812877789441614,1.19
2014-07-10,1,1.11,1.1136204024427991,1.11
2014-07-17,1,1.08,1.0709655585766802,1.07
2014-07-24,1,1.0299999999999998,1.0699277855820026,1.06
2014-07-31,1,1.05,1.0651350692230832,1.06
2014-08-07,1,1.01,1.0028334282636864,0.9999999999999998
2014-08-14,1,0.97,0.9921335726189665,0.9899999999999998
2014-08-21,1,0.9799999999999998,0.991948820327282,0.99
2014-08-28,1,0.8899999999999999,0.9024651991941479,0.8999999999999999
2014-09-04,1,0.9999999999999998,1.0020794598295037,1.0
2014-09-11,1,1.0800000000000003,1.0589995329841357,1.0600000000000005
2014-09-18,1,1.08,1.1115043070018198,1.11
2014-09-25,1,1.0300000000000002,1.0319765282177604,1.0299999999999998
2014-10-02,1,0.9700000000000002,0.9989802400279871,1.0
2014-10-09,1,0.9599999999999996,0.9722534124635551,0.9699999999999998
2014-10-16,1,0.98,1.008646689762082,1.0099999999999998
2014-10-23,1,1.0099999999999998,1.0023749813823708,1.0
2014-10-30,1,1.0299999999999998,1.0090204012851736,1.0099999999999998
2014-11-06,1,1.0099999999999998,1.061777852087692,1.06
2014-11-13,1,1.0199999999999998,1.0380907646195088,1.03
2014-11-20,1,0.97,1.0115392322629386,1.01
2014-11-27,1,0.9000000000000001,0.9113791818094159,0.91
2014-12-04,1,0.92,0.9068081810798013,0.8999999999999999
2014-12-11,1,0.79,0.8167064928736509,0.81
2014-12-18,1,0.81,0.8441705869664776,0.8400000000000001
2014-12-25,1,0.8399999999999999,0.8418724373246513,0.8399999999999999
2015-01-01,1,0.74,0.7869438216599417,0.78
2015-01-08,1,0.71,0.7328383620202006,0.73
2015-01-15,1,0.66,0.6602873195057221,0.6699999999999999
2015-01-22,1,0.91,0.833818796840451,0.8699999999999999
2015-01-29,1,0.87,0.9165757099447288,0.9200000000000002
2015-02-05,1,0.95,0.927148875532611,0.9200000000000002
2015-02-12,1,1.0,0.9543461258580795,0.97
2015-02-19,1,1.02,1.0263507736576911,1.03
2015-02-26,1,0.8300000000000001,0.8611357154449448,0.8600000000000001
2015-03-05,1,0.98,0.9229094379565155,0.9
2015-03-12,1,0.93,0.9143640202622539,0.92
2015-03-19,1,0.8400000000000001,0.8371768693844315,0.8400000000000001
2015-03-26,1,0.8500000000000001,0.8560008152576516,0.85
2015-04-02,1,0.8200000000000001,0.8062847518251991,0.8200000000000001
2015-04-09,1,0.8500000000000001,0.877103827386905,0.8600000000000001
2015-04-16,1,0.7899999999999999,0.7841046567805648,0.7900000000000001
2015-04-23,1,0.7999999999999999,0.8200172839519613,0.82
2015-04-30,1,0.95,0.9209935689885654,0.91
2015-05-07,1,1.04,1.0532288837942525,1.06
2015-05-14,1,1.0699999999999998,1.1218810969919437,1.13
2015-05-21,1,1.09,1.084286428336191,1.08
2015-05-28,1,1.0500000000000005,1.0422573976250662,1.04
2015-06-04,1,1.1800000000000002,1.167375161197428,1.16
2015-06-11,1,1.16,1.1485371507020101,1.15
2015-06-18,1,1.12,1.1645320721010495,1.17
2015-06-25,1,1.2400000000000002,1.1960898117487264,1.2000000000000002
2015-07-02,1,1.21,1.2656127479782753,1.26
2015-07-09,1,1.18,1.1218251485405892,1.13
2015-07-16,1,1.14,1.1476728805580099,1.15
2015-07-23,1,1.05,1.0708390943414323,1.08
2015-07-30,1,1.03,1.0493916639611203,1.04
2015-08-06,1,0.98,0.9979165534734968,1.0
2015-08-13,1,0.98,0.9947285461035625,0.99
2015-08-20,1,0.94,0.9441728558146572,0.94
2015-08-27,1,1.02,1.0385701842254897,1.0499999999999998
2015-09-03,1,1.0,1.0224317996515118,1.03
2015-09-10,1,1.01,1.0284788756077095,1.03
2015-09-17,1,1.0,1.0478996682599475,1.05
2015-09-24,1,0.99,0.9514947020186694,0.95
2015-10-01,1,0.8899999999999999,0.9195506326056146,0.91
2015-10-08,1,0.96,0.9618613325232734,0.96
2015-10-15,1,0.93,0.904982096279888,0.91
2015-10-22,1,0.97,0.9366719302576105,0.93
2015-10-29,1,0.97,0.9832403858744371,0.98
2015-11-05,1,1.0499999999999998,1.0265786306421667,1.02
2015-11-12,1,1.04,1.0467234942282093,1.0499999999999998
2015-11-19,1,1.0100000000000002,1.0047549281511816,1.0
2015-11-26,1,0.93,0.9515783801921548,0.95
2015-12-03,1,0.95,0.9702507650826189,0.97
2015-12-10,1,0.93,0.9352736867461313,0.94
2015-12-17,1,0.8899999999999999,0.9201344657464089,0.91
2015-12-24,1,0.8800000000000001,0.8437457693314818,0.8800000000000001
2015-12-31,1,0.91,0.9047353415751738,0.91
2016-01-07,1,0.8700000000000001,0.9272100663540113,0.91
2016-01-14,1,0.8599999999999999,0.9093587101978625,0.91
2016-01-21,1,0.8600000000000001,0.8189182461846031,0.81
2016-01-28,1,0.8,0.8157561251484264,0.81
2016-02-04,1,0.7599999999999999,0.7557335755628432,0.7699999999999999
2016-02-11,1,0.69,0.6518854303119828,0.64
2016-02-18,1,0.6700000000000002,0.6694758960849598,0.6800000000000002
2016-02-25,1,0.6799999999999999,0.6384325397858682,0.6399999999999999
2016-03-03,1,0.73,0.7046703359015847,0.71
2016-03-10,1,0.7800000000000001,0.7224563506512571,0.74
2016-03-17,1,0.75,0.7472002595763447,0.76
2016-03-24,1,0.71,0.7237090728790602,0.71
2016-03-31,1,0.7,0.691495841843115,0.69
2016-04-07,1,0.6699999999999999,0.6337986317914687,0.6299999999999999
2016-04-14,1,0.67,0.6884375697316373,0.6900000000000001
2016-04-21,1,0.84,0.8341896443902816,0.83
2016-04-28,1,0.82,0.8000952051463543,0.8099999999999999
2016-05-05,1,0.79,0.7770943378343206,0.7800000000000001
2016-05-12,1,0.72,0.7637348407178759,0.76
2016-05-19,1,0.7300000000000001,0.730317443343231,0.7200000000000001
2016-05-26,1,0.7000000000000001,0.7045552640161993,0.7100000000000001
2016-06-02,1,0.6799999999999999,0.6767520993431132,0.68
2016-06-09,1,0.6300000000000001,0.6739606884522475,0.6699999999999999
2016-06-16,1,0.6000000000000001,0.5957547675842705,0.5900000000000001
2016-06-23,1,0.6299999999999999,0.6750155682035296,0.68
2016-06-30,1,0.54,0.5523258602473259,0.54
2016-07-07,1,0.49,0.5163636722513467,0.51
2016-07-14,1,0.5400000000000001,0.5121002505279976,0.51
2016-07-21,1,0.53,0.530846481741846,0.5300000000000001
2016-07-28,1,0.49,0.47939739002695697,0.4800000000000001
2016-08-04,1,0.55,0.5111040376924032,0.51
2016-08-11,1,0.49,0.49620305754284766,0.5
2016-08-18,1,0.5100000000000001,0.4731266251258535,0.4700000000000001
2016-08-25,1,0.4800000000000001,0.4814177563864386,0.4800000000000001
2016-09-01,1,0.4700000000000001,0.4389304670093606,0.4399999999999999
2016-09-08,1,0.57,0.5178389265761023,0.5200000000000001
2016-09-15,1,0.61,0.6210015465902206,0.63
2016-09-22,1,0.52,0.5258164371750574,0.5300000000000001
2016-09-29,1,0.48,0.4645199676284174,0.4599999999999999
2016-10-06,1,0.58,0.5749988589382469,0.57
2016-10-13,1,0.63,0.5767349603699484,0.58
2016-10-20,1,0.6099999999999999,0.611857443806274,0.6199999999999999
2016-10-27,1,0.66,0.6512928485618732,0.65
2016-11-03,1,0.6399999999999999,0.6548059079113799,0.6599999999999999
2016-11-10,1,0.8099999999999999,0.8036040498750903,0.8099999999999999
2016-11-17,1,0.9,0.8756161981484841,0.88
2016-11-24,1,0.9,0.9115602116438547,0.91
2016-12-01,1,0.8999999999999999,0.9109377390536211,0.91
2016-12-08,1,0.99,0.938068356463772,0.93
2016-12-15,1,1.0100000000000002,1.0158374900985407,1.02
2016-12-22,1,1.0,0.9794394015903897,0.99
2016-12-29,1,0.98,0.9557431052904318,0.96
2017-01-05,1,0.97,0.9466874407409674,0.95
2017-01-12,1,0.92,0.8735787658103176,0.8799999999999999
2017-01-19,1,0.97,0.9630167340910464,0.96
2017-01-26,1,0.98,0.9923337130544534,1.0
2017-02-02,1,1.0,0.9785400624147762,0.99
2017-02-09,1,0.92,0.9281401582705293,0.93
2017-02-16,1,0.93,0.9489426487901987,0.95
2017-02-23,1,0.8500000000000001,0.9099530771794401,0.91
2017-03-02,1,0.94,0.9210101018585614,0.92
2017-03-09,1,0.97,0.9880930588974356,0.99
2017-03-16,1,0.96,0.9597493982049362,0.98
2017-03-23,1,0.8899999999999999,0.9237263995675361,0.92
2017-03-30,1,0.8799999999999999,0.8899676466643744,0.8899999999999999
2017-04-06,1,0.8300000000000001,0.8304419037630274,0.8300000000000001
2017-04-13,1,0.76,0.7581048148128462,0.76
2017-04-20,1,0.75,0.7416549394735883,0.74
2017-04-27,1,0.8200000000000001,0.8430695234956704,0.8400000000000001
2017-05-04,1,0.86,0.853564147374173,0.85
2017-05-11,1,0.89,0.8985185015951566,0.9000000000000001
2017-05-18,1,0.7899999999999999,0.7713905890109874,0.7699999999999999
2017-05-25,1,0.73,0.7479082971143148,0.74
2017-06-01,1,0.71,0.732893790394299,0.73
2017-06-08,1,0.6799999999999999,0.7169960685332329,0.71
2017-06-15,1,0.63,0.609778349891971,0.62
2017-06-22,1,0.58,0.563227042112009,0.57
2017-06-29,1,0.6599999999999999,0.6254176212498952,0.6199999999999999
2017-07-06,1,0.72,0.7010576347555416,0.7000000000000002
2017-07-13,1,0.71,0.6959035616395768,0.7
2017-07-20,1,0.6299999999999999,0.6581714983486703,0.6399999999999999
2017-07-27,1,0.6999999999999997,0.7003072383150531,0.7
2017-08-03,1,0.6799999999999999,0.644857088115552,0.6499999999999999
2017-08-10,1,0.6400000000000001,0.6282647526710695,0.6300000000000001
2017-08-17,1,0.6300000000000001,0.6185107164897353,0.6200000000000001
2017-08-24,1,0.6100000000000001,0.6215194920090548,0.6199999999999999
2017-08-31,1,0.5699999999999998,0.584245910218051,0.5800000000000001
2017-09-07,1,0.47,0.47485137167583563,0.47
2017-09-14,1,0.4899999999999997,0.5062843941127853,0.4899999999999997
2017-09-21,1,0.5099999999999998,0.5344100529079922,0.53
2017-09-28,1,0.5800000000000001,0.5780112420054877,0.5800000000000001
2017-10-05,1,0.5799999999999998,0.5750524740500388,0.5800000000000001
2017-10-12,1,0.4899999999999997,0.5198041685310084,0.52
2017-10-19,1,0.5599999999999998,0.5308997558108497,0.53
2017-10-26,1,0.56,0.5800122636827787,0.5799999999999998
2017-11-02,1,0.51,0.5406051383658471,0.55
2017-11-09,1,0.5,0.4770582668002427,0.48
2017-11-16,1,0.49,0.49012738412557966,0.49
2017-11-23,1,0.4499999999999999,0.4605433870102046,0.4599999999999999
2017-11-30,1,0.3799999999999999,0.4666334204107517,0.4599999999999999
2017-12-07,1,0.3500000000000001,0.36689175666335855,0.3600000000000001
2017-12-14,1,0.28,0.28052498859222524,0.29
2017-12-21,1,0.3600000000000001,0.3480425606977726,0.3499999999999998
2017-12-28,1,0.3600000000000001,0.3387616868843935,0.3399999999999998
2018-01-04,1,0.3799999999999999,0.38099691591984414,0.3800000000000001
2018-01-11,1,0.4200000000000001,0.40511949369244715,0.4099999999999999
2018-01-18,1,0.4299999999999999,0.42204972174136496,0.4199999999999999
2018-01-25,1,0.4499999999999997,0.4460663013943634,0.4400000000000001
2018-02-01,1,0.5099999999999998,0.5127518960233811,0.51
2018-02-08,1,0.5700000000000001,0.536003635687087,0.5299999999999998
2018-02-15,1,0.49,0.5295941330230166,0.53
2018-02-22,1,0.47,0.5038001907670611,0.4999999999999998
2018-03-01,1,0.4300000000000001,0.4133557466394622,0.4099999999999999
2018-03-08,1,0.4399999999999999,0.45425633826474593,0.4499999999999999
2018-03-15,1,0.3800000000000001,0.38769493130173266,0.3900000000000001
2018-03-22,1,0.3399999999999998,0.33912733989897714,0.3499999999999998
2018-03-29,1,0.3199999999999998,0.3187009960735434,0.3199999999999998
2018-04-05,1,0.3500000000000001,0.36470914628600304,0.3700000000000001
2018-04-12,1,0.3699999999999999,0.3911034542377351,0.3900000000000001
2018-04-19,1,0.4000000000000001,0.40565771364312536,0.4099999999999999
2018-04-26,1,0.4299999999999999,0.4377894907038488,0.4400000000000001
2018-05-03,1,0.4200000000000001,0.4093309487642698,0.4099999999999999
2018-05-10,1,0.4199999999999999,0.4276992509363016,0.4299999999999999
2018-05-17,1,0.4500000000000002,0.46149446504222996,0.4599999999999999
2018-05-24,1,0.3900000000000001,0.4227166838330632,0.4200000000000001
2018-05-31,1,0.3200000000000003,0.33688390791412876,0.33
2018-06-07,1,0.3900000000000001,0.3679384866990009,0.3700000000000001
2018-06-14,1,0.3300000000000003,0.335692077739653,0.3400000000000001
2018-06-21,1,0.33,0.3174254238888899,0.32
2018-06-28,1,0.26,0.27522754013464706,0.2799999999999998
2018-07-05,1,0.2199999999999999,0.23439759379670586,0.2300000000000002
2018-07-12,1,0.2200000000000002,0.22842005477521923,0.2200000000000002
2018-07-19,1,0.2100000000000002,0.18927907291343074,0.1799999999999999
2018-07-26,1,0.2299999999999999,0.228137329072586,0.2299999999999999
2018-08-02,1,0.2600000000000002,0.27917197015586126,0.2799999999999998
2018-08-09,1,0.1899999999999999,0.21692348234243175,0.2200000000000002
2018-08-16,1,0.1499999999999999,0.17319572412886103,0.1699999999999999
2018-08-23,1,0.1299999999999999,0.12927079707539915,0.1299999999999999
2018-08-30,1,0.1600000000000001,0.16987158424039148,0.1699999999999999
2018-09-06,1,0.1800000000000001,0.16624650000825397,0.1699999999999999
2018-09-13,1,0.2099999999999999,0.18115789881941052,0.1799999999999997
2018-09-20,1,0.25,0.23896208339896655,0.2399999999999997
2018-09-27,1,0.2099999999999999,0.2122544379428159,0.2200000000000002
2018-10-04,1,0.2800000000000002,0.2520265476305987,0.25
2018-10-11,1,0.2200000000000002,0.21688540507606802,0.2200000000000002
2018-10-18,1,0.2000000000000001,0.18169162130189553,0.1800000000000001
2018-10-25,1,0.1300000000000003,0.14198185987127676,0.1400000000000001
2018-11-01,1,0.1799999999999997,0.1711710020531865,0.1600000000000001
2018-11-08,1,0.1699999999999999,0.17744396218391917,0.1800000000000001
2018-11-15,1,0.1399999999999996,0.13874358470120846,0.1399999999999996
2018-11-22,1,0.1099999999999998,0.11912905814078416,0.1199999999999996
2018-11-29,1,0.1099999999999998,0.11032031353504271,0.1099999999999998
2018-12-06,1,0.0699999999999998,0.08914535434855787,0.09
2018-12-13,1,0.08,0.08855267329697948,0.0899999999999998
2018-12-20,1,0.08,0.07016475611542063,0.08
2018-12-27,1,0.0899999999999998,0.09363885913950162,0.09
2019-01-03,1,0.0799999999999998,0.05248092689753388,0.06
2019-01-10,1,0.06,0.07111562070523106,0.07
2019-01-17,1,0.0899999999999998,0.09199595757630742,0.09
2019-01-24,1,0.09,0.06879866830573017,0.0699999999999998
2019-01-31,1,0.1299999999999999,0.10401829521775105,0.1099999999999998
2019-02-07,1,0.1099999999999998,0.10949627679484072,0.1100000000000001
2019-02-14,1,0.1099999999999998,0.10908169480907975,0.1099999999999998
2019-02-21,1,0.1099999999999998,0.11909998892778378,0.1199999999999998
2019-02-28,1,0.1699999999999999,0.1616029737941724,0.1599999999999999
2019-03-07,1,0.1100000000000001,0.13540111364959892,0.1399999999999999
2019-03-14,1,0.0899999999999998,0.10084379768819547,0.1
2019-03-21,1,0.06,0.06923097359849213,0.0699999999999998
2019-03-28,1,0.07,0.05665817268960843,0.06
2019-04-04,1,0.1099999999999998,0.10943723397190186,0.1099999999999998
2019-04-11,1,0.1500000000000001,0.13054771601257217,0.1299999999999999
2019-04-18,1,0.1499999999999999,0.14821018622246085,0.1499999999999999
2019-04-25,1,0.1399999999999999,0.14867256190483685,0.1499999999999999
2019-05-02,1,0.1300000000000001,0.1457860497377733,0.1399999999999999
2019-05-09,1,0.09,0.10124713037818478,0.0999999999999998
2019-05-16,1,0.0899999999999998,0.08450594019976342,0.0899999999999998
2019-05-23,1,0.05,0.05940168025201954,0.0599999999999998
2019-05-30,1,0.06,0.02937740549314652,0.03
2019-06-06,1,0.06,0.07657520364665579,0.08
2019-06-13,1,0.05,0.04727974831002073,0.05
2019-06-20,1,0.05,0.04568280370022068,0.05
2019-06-27,1,-0.01,0.02850787816090596,0.03
2019-07-04,1,-0.05,-0.04669589645279251,-0.05
2019-07-11,1,0.02,0.02065121204116683,0.02
2019-07-18,1,0.04,0.045732769532889433,0.05
2019-07-25,1,-0.01,0.018078797215439608,0.02
2019-08-01,1,-0.0899999999999998,-0.07050810658000065,-0.08
2019-08-08,1,-0.1099999999999998,-0.1264846119941515,-0.1200000000000001
2019-08-15,1,-0.1900000000000001,-0.20519377744282838,-0.1999999999999999
2019-08-22,1,-0.2000000000000001,-0.1772982854071918,-0.1799999999999999
2019-08-29,1,-0.1900000000000001,-0.19179145117584134,-0.1900000000000001
2019-09-05,1,-0.2099999999999999,-0.18848858558626896,-0.1899999999999999
2019-09-12,1,-0.1299999999999999,-0.14172043311606505,-0.1500000000000001
2019-09-19,1,-0.1800000000000001,-0.16106291719843313,-0.1700000000000001
2019-09-26,1,-0.2099999999999999,-0.20924321936089507,-0.2099999999999999
2019-10-03,1,-0.1799999999999999,-0.17504530101766608,-0.1699999999999999
2019-10-10,1,-0.1399999999999999,-0.13084592233182327,-0.1300000000000001
2019-10-17,1,-0.0999999999999998,-0.09124190836104946,-0.0899999999999998
2019-10-24,1,-0.1199999999999998,-0.11154413471218251,-0.1099999999999998
2019-10-31,1,-0.1100000000000001,-0.09904887840172466,-0.1
2019-11-07,1,0.0,-0.020886821476231172,-0.0199999999999997
2019-11-14,1,-0.06,-0.05819404627971617,-0.06
2019-11-21,1,-0.1100000000000001,-0.08442727780352667,-0.08
2019-11-28,1,-0.1200000000000001,-0.1264264339138569,-0.1300000000000001
2019-12-05,1,-0.0699999999999998,-0.08154966580520721,-0.0799999999999998
2019-12-12,1,-0.0799999999999998,-0.04159176077634853,-0.04
2019-12-19,1,-0.0399999999999998,-0.03638391577570489,-0.04
2019-12-26,1,-0.0699999999999998,-0.05836313339406066,-0.0599999999999998
2020-01-02,1,-0.08,-0.039493594057110004,-0.0399999999999998
2020-01-09,1,-0.0599999999999998,-0.032987175503024456,-0.0299999999999998
2020-01-16,1,-0.0699999999999998,-0.09039769066294173,-0.0899999999999998
2020-01-23,1,-0.1299999999999999,-0.08939668270370053,-0.09
2020-01-30,1,-0.1599999999999999,-0.152330455266886,-0.1499999999999999
2020-02-06,1,-0.1399999999999999,-0.11818043620352335,-0.1199999999999998
2020-02-13,1,-0.1299999999999999,-0.12270897814143977,-0.1200000000000001
2020-02-20,1,-0.1399999999999999,-0.15043059387877403,-0.1499999999999999
2020-02-27,1,-0.0199999999999997,-0.09383753133926456,-0.09
2020-03-05,1,0.02,0.055885521664698186,0.0499999999999999
2020-03-12,1,0.3299999999999999,0.1559038766990135,0.17
2020-03-19,1,0.3099999999999999,0.3805364946616417,0.37
2020-03-26,1,0.2799999999999999,0.23970053099196667,0.25
2020-04-02,1,0.3,0.24801149623010757,0.24
2020-04-09,1,0.37,0.4030580944037542,0.37
2020-04-16,1,0.29,0.2752885569819613,0.2799999999999999
2020-04-23,1,0.2499999999999999,0.2659370256874244,0.2699999999999999
2020-04-30,1,0.22,0.2445073986524362,0.24
2020-05-07,1,0.3099999999999999,0.26221084564581393,0.27
2020-05-14,1,0.26,0.2539853086937967,0.26
2020-05-21,1,0.22,0.2573542211303047,0.25
2020-05-28,1,0.25,0.2571382838899058,0.26
2020-06-04,1,0.38,0.34867829712489395,0.35
2020-06-11,1,0.25,0.24517174937308434,0.25
2020-06-18,1,0.23,0.22468515477670858,0.22
2020-06-25,1,0.22,0.21544107197730092,0.22
2020-07-02,1,0.26,0.26935316448848656,0.2700000000000001
2020-07-09,1,0.27,0.24485960737259524,0.25
2020-07-16,1,0.25,0.23062815439075465,0.2299999999999999
2020-07-23,1,0.2299999999999999,0.22982964998243763,0.2299999999999999
2020-07-30,1,0.2,0.18719481669989033,0.19
2020-08-06,1,0.2099999999999999,0.20043718636183733,0.2
2020-08-13,1,0.31,0.33028479319123966,0.33
2020-08-20,1,0.26,0.27642536612666807,0.28
2020-08-27,1,0.36,0.3688668167975706,0.37
2020-09-03,1,0.3199999999999999,0.27919796865343693,0.28
2020-09-10,1,0.29,0.2976089231519025,0.3
2020-09-17,1,0.3199999999999999,0.3116070056688804,0.3099999999999999
2020-09-24,1,0.29,0.2999680291234131,0.3
2020-10-01,1,0.32,0.3062860001181672,0.31
2020-10-08,1,0.37,0.33602689575306965,0.3399999999999999
2020-10-15,1,0.3399999999999999,0.34136989357998637,0.3399999999999999
2020-10-22,1,0.4,0.410927965924812,0.41
2020-10-29,1,0.4,0.3795047316573375,0.38
2020-11-05,1,0.38,0.3531186973139455,0.36
2020-11-12,1,0.4599999999999999,0.4575853928541347,0.4599999999999999
2020-11-19,1,0.39,0.40939370451699736,0.41
2020-11-26,1,0.42,0.43454588763179147,0.4299999999999999
2020-12-03,1,0.52,0.4801360079307077,0.48
2020-12-10,1,0.4599999999999999,0.4769344294346007,0.48
2020-12-17,1,0.5,0.4885354879783252,0.49
2020-12-24,1,0.5,0.4973782039379481,0.5
2020-12-31,1,0.47,0.47005640548447764,0.47
2021-01-07,1,0.6200000000000001,0.610385353989464,0.6100000000000001
2021-01-14,1,0.66,0.6917500660001771,0.7
2021-01-21,1,0.6599999999999999,0.6998321866429581,0.7
2021-01-28,1,0.69,0.6629797428352536,0.6599999999999999
2021-02-04,1,0.8,0.7629680194712325,0.77
2021-02-11,1,0.8400000000000001,0.7940899741967177,0.8
2021-02-18,1,0.98,0.9192351587294155,0.92
2021-02-25,1,1.05,1.1354174302464581,1.14
2021-03-04,1,1.21,1.2081139091840267,1.21
2021-03-11,1,1.27,1.1745431949108596,1.18
2021-03-18,1,1.33,1.341190173826543,1.34
2021-03-25,1,1.26,1.2264313385930479,1.23
2021-04-01,1,1.29,1.2878553088890898,1.29
2021-04-08,1,1.26,1.2376672698920064,1.24
2021-04-15,1,1.24,1.2120225649665746,1.21
2021-04-22,1,1.19,1.2104170048191922,1.21
2021-04-29,1,1.24,1.2516284367468467,1.25
2021-05-06,1,1.2,1.2027212035852952,1.2
2021-05-13,1,1.23,1.243356325650264,1.24
2021-05-20,1,1.21,1.209881047393428,1.21
2021-05-27,1,1.17,1.16784756966842,1.17
2021-06-03,1,1.15,1.2004213671479287,1.2
2021-06-10,1,1.0699999999999998,1.0716538665312454,1.0699999999999998
2021-06-17,1,0.9200000000000002,1.0247618582331586,1.02
2021-06-24,1,1.01,0.9901220545393601,0.99
2021-07-01,1,0.9200000000000002,0.9448873898531525,0.94
2021-07-08,1,0.8400000000000001,0.7798102826021805,0.78
2021-07-15,1,0.81,0.8226229522830105,0.8200000000000001
2021-07-22,1,0.76,0.7472804297065302,0.74
2021-07-29,1,0.75,0.7310384890372734,0.74
2021-08-05,1,0.76,0.6909711277660693,0.69
2021-08-12,1,0.74,0.789066987737402,0.79
2021-08-19,1,0.7,0.693317135482049,0.69
2021-08-26,1,0.76,0.775165528326446,0.78
2021-09-02,1,0.7999999999999999,0.7523170844252318,0.7499999999999999
2021-09-09,1,0.8200000000000001,0.7674365092891146,0.7699999999999999
2021-09-16,1,0.8300000000000001,0.7876078380778587,0.79
2021-09-23,1,0.8799999999999999,0.8476503262770131,0.8500000000000001
2021-09-30,1,0.96,0.9763998142525048,0.98
2021-10-07,1,0.94,0.9329963789184087,0.93
2021-10-14,1,0.8200000000000001,0.8082950472243555,0.81
2021-10-21,1,0.7799999999999999,0.8234902460023108,0.82
2021-10-28,1,0.6399999999999999,0.6636513827090298,0.6599999999999999
2021-11-04,1,0.67,0.6595343776821856,0.6599999999999999
2021-11-11,1,0.69,0.6848405697410883,0.6799999999999999
2021-11-18,1,0.69,0.7042062016114813,0.71
2021-11-25,1,0.66,0.7235622138359122,0.72
2021-12-02,1,0.4399999999999999,0.5355983114174309,0.53
2021-12-09,1,0.5,0.5036276036137862,0.5
2021-12-16,1,0.41,0.45114004801134,0.45
2021-12-23,1,0.48,0.45635096480406084,0.4599999999999999
2021-12-30,1,0.47,0.4721548042073872,0.47
2022-01-06,1,0.6499999999999999,0.6348627003158218,0.6299999999999999
2022-01-13,1,0.6100000000000001,0.5874476528430462,0.5899999999999999
2022-01-20,1,0.54,0.5599248159163496,0.56
2022-01-27,1,0.51,0.5137369598780818,0.51
2022-02-03,1,0.49,0.4981838702606496,0.5
2022-02-10,1,0.3900000000000001,0.45027316647565424,0.4499999999999999
2022-02-17,1,0.3899999999999999,0.40332756879797527,0.3999999999999999
2022-02-24,1,0.3699999999999999,0.4026450255060847,0.3999999999999999
2022-03-03,1,0.28,0.31518112436118,0.3
2022-03-10,1,0.3400000000000001,0.37447068740535766,0.3799999999999999
2022-03-17,1,0.3,0.30135471237104244,0.3
2022-03-24,1,0.2000000000000001,0.2679711694981823,0.2600000000000002
2022-03-31,1,0.1,0.12808203680606306,0.1299999999999999
2022-04-07,1,0.1999999999999997,0.217875384446755,0.2200000000000002
2022-04-14,1,0.3399999999999998,0.3467616384725039,0.3399999999999998
2022-04-21,1,0.2200000000000002,0.22757166506263438,0.25
2022-04-28,1,0.25,0.270332713589655,0.27
2022-05-05,1,0.4199999999999999,0.329123331866986,0.3399999999999998
2022-05-12,1,0.29,0.2740111866377756,0.2799999999999998
2022-05-19,1,0.1899999999999999,0.17877092938289646,0.1799999999999997
2022-05-26,1,0.2299999999999999,0.2522944887703879,0.25
2022-06-02,1,0.1599999999999997,0.17314113558242517,0.1600000000000001
2022-06-09,1,0.1,0.14002845859561538,0.1600000000000001
2022-06-16,1,0.1699999999999999,0.17071485200285005,0.1699999999999999
2022-06-23,1,0.1999999999999997,0.18993786432637483,0.1899999999999999
2022-06-30,1,0.1299999999999999,0.1279819185009552,0.1299999999999999
2022-07-07,1,0.02,0.04047905064249879,0.0300000000000002
2022-07-14,1,-0.1300000000000003,-0.10991504300423466,-0.1299999999999999
2022-07-21,1,-0.2299999999999999,-0.2893825390808864,-0.2299999999999999
2022-07-28,1,-0.3500000000000001,-0.2984312446698715,-0.31
2022-08-04,1,-0.5099999999999998,-0.47757896134941263,-0.48
2022-08-11,1,-0.5,-0.4743671850759756,-0.4700000000000002
2022-08-18,1,-0.48,-0.5353152956515377,-0.54
2022-08-25,1,-0.52,-0.49486905822479776,-0.4900000000000002
2022-09-01,1,-0.48,-0.4835774129036415,-0.48
2022-09-08,1,-0.48,-0.46140218081150675,-0.4700000000000002
2022-09-15,1,-0.6499999999999999,-0.6818597470831732,-0.6599999999999997
2022-09-22,1,-0.7000000000000002,-0.6640246685008475,-0.6699999999999999
2022-09-29,1,-0.6299999999999999,-0.6391405224295382,-0.6299999999999999
2022-10-06,1,-0.6699999999999999,-0.6661629816417283,-0.6700000000000004
2022-10-13,1,-0.6699999999999995,-0.7021247575296053,-0.7000000000000002
2022-10-20,1,-0.56,-0.6179061469985695,-0.6200000000000001
2022-10-27,1,-0.6099999999999999,-0.6320568374153367,-0.6299999999999999
2022-11-03,1,-0.6200000000000001,-0.6514394763062035,-0.6399999999999997
2022-11-10,1,-0.69,-0.6987903628723079,-0.69
2022-11-17,1,-0.8500000000000001,-0.8275417078955106,-0.8300000000000001
2022-11-24,1,-0.9699999999999998,-0.9571544756269718,-0.96
2022-12-01,1,-0.9899999999999998,-0.9628887599440112,-0.96
2022-12-08,1,-0.98,-1.0028086006217163,-1.0100000000000002
2022-12-15,1,-0.8500000000000001,-0.9120681130146195,-0.9000000000000004
2022-12-22,1,-0.7600000000000002,-0.7491797567967355,-0.7399999999999998
2022-12-29,1,-0.7599999999999998,-0.7416247229728941,-0.7399999999999998
2023-01-05,1,-0.8800000000000003,-0.8618470082836022,-0.8600000000000003
2023-01-12,1,-0.7799999999999998,-0.8937614271101927,-0.8999999999999999
2023-01-19,1,-0.75,-0.7690020499989381,-0.7599999999999998
2023-01-26,1,-0.79,-0.7653469579242833,-0.77
2023-02-02,1,-0.8799999999999999,-0.8327998643351235,-0.8300000000000001
2023-02-09,1,-0.94,-0.9182115803811427,-0.92
2023-02-16,1,-0.8600000000000003,-0.8512166147009157,-0.8499999999999996
2023-02-23,1,-0.8900000000000001,-0.8782002355983103,-0.8800000000000003
2023-03-02,1,-0.8799999999999999,-0.8225302030869108,-0.8199999999999998
2023-03-09,1,-0.98,-0.9785987414028212,-0.9800000000000004
2023-03-16,1,-0.77,-0.843823610071366,-0.8300000000000001
2023-03-23,1,-0.6799999999999997,-0.6828659959765981,-0.69
2023-03-30,1,-0.8400000000000003,-0.8266993780766084,-0.8299999999999996
2023-04-06,1,-0.8199999999999998,-0.8225394227323928,-0.8199999999999998
2023-04-13,1,-0.7800000000000002,-0.8467487154267128,-0.8500000000000001
2023-04-20,1,-0.7999999999999998,-0.8231221844681363,-0.8199999999999998
2023-04-27,1,-0.81,-0.7853962118079033,-0.7799999999999998
2023-05-04,1,-0.8000000000000003,-0.7562000846037138,-0.7599999999999998
2023-05-11,1,-0.8599999999999999,-0.8238032528166905,-0.8300000000000001
2023-05-18,1,-0.8800000000000003,-0.8969465261273186,-0.8999999999999999
2023-05-25,1,-0.9699999999999998,-0.93110657994347,-0.9300000000000006
2023-06-01,1,-1.06,-1.0421801675053757,-1.04
2023-06-08,1,-1.1100000000000003,-1.1249929795358267,-1.1300000000000003
2023-06-15,1,-1.2099999999999995,-1.1688178397064477,-1.16
2023-06-22,1,-1.3000000000000005,-1.290924556407835,-1.29
2023-06-29,1,-1.3200000000000005,-1.2985233814427168,-1.3000000000000005
2023-07-06,1,-1.23,-1.2572834725016164,-1.2599999999999998
2023-07-13,1,-1.2699999999999996,-1.2327895980954644,-1.2300000000000004
2023-07-20,1,-1.17,-1.1464558111434882,-1.14
2023-07-27,1,-1.17,-1.1577586444689991,-1.1599999999999997
2023-08-03,1,-1.0200000000000005,-1.0116157042251006,-1.0099999999999998
2023-08-10,1,-1.02,-1.0383283101438738,-1.04
2023-08-17,1,-1.0499999999999998,-0.9982658739474334,-1.0000000000000004
2023-08-24,1,-1.08,-1.0740673752305245,-1.0699999999999998
2023-08-31,1,-0.9899999999999998,-1.0795690240300801,-1.0799999999999996
2023-09-07,1,-0.9900000000000002,-0.9722229213631565,-0.9700000000000002
2023-09-14,1,-0.9900000000000002,-1.0023178539418989,-1.0000000000000004
2023-09-21,1,-1.0099999999999998,-1.0001804910449417,-1.0
2023-09-28,1,-0.8399999999999999,-0.8548270594017021,-0.8500000000000005
2023-10-05,1,-0.6999999999999993,-0.6619300683770769,-0.6600000000000001
2023-10-12,1,-0.8799999999999994,-0.7811987142934118,-0.7800000000000002
2023-10-19,1,-0.71,-0.7003650590121595,-0.7000000000000002
2023-10-26,1,-0.6099999999999999,-0.6407063008756533,-0.6399999999999997
2023-11-02,1,-0.6399999999999997,-0.7001550157943084,-0.6999999999999997
2023-11-09,1,-0.7299999999999995,-0.7166177362571425,-0.7200000000000002
2023-11-16,1,-0.7899999999999996,-0.7629361013511183,-0.7600000000000002
2023-11-23,1,-0.73,-0.7268230058849183,-0.7199999999999998
2023-11-30,1,-0.6400000000000001,-0.6422682289691609,-0.6400000000000001
2023-12-07,1,-0.7800000000000002,-0.7452441772386851,-0.75
2023-12-14,1,-0.8300000000000001,-0.7702873331766594,-0.77
2023-12-21,1,-0.7800000000000002,-0.8212783715365672,-0.8300000000000001
2023-12-28,1,-0.7799999999999998,-0.8125591938002888,-0.81
2024-01-04,1,-0.7999999999999998,-0.8107065864665677,-0.81
2024-01-11,1,-0.5699999999999998,-0.7428009009977083,-0.7400000000000002
2024-01-18,1,-0.5899999999999999,-0.5623477837736639,-0.5599999999999996
2024-01-25,1,-0.5399999999999996,-0.5317233117356336,-0.5299999999999998
2024-02-01,1,-0.6799999999999997,-0.6785026297232492,-0.6800000000000002
2024-02-08,1,-0.6600000000000001,-0.6322988306977944,-0.6300000000000003
2024-02-15,1,-0.71,-0.6951098445266172,-0.7000000000000002
2024-02-22,1,-0.71,-0.686728267528147,-0.69
2024-02-29,1,-0.6699999999999995,-0.6969171802733203,-0.6999999999999997
2024-03-07,1,-0.7000000000000002,-0.7317581838782891,-0.73
2024-03-14,1,-0.71,-0.6981978215962825,-0.6999999999999997
2024-03-21,1,-0.6599999999999997,-0.6443511476606552,-0.6400000000000006
2024-03-28,1,-0.7199999999999998,-0.7173542638858986,-0.7199999999999998
2024-04-04,1,-0.6299999999999999,-0.6498596473704645,-0.6500000000000004
2024-04-11,1,-0.5299999999999998,-0.5251919332006165,-0.52
2024-04-18,1,-0.5100000000000002,-0.4981417742802389,-0.4900000000000002
2024-04-25,1,-0.5100000000000002,-0.4866329323492853,-0.4899999999999997
2024-05-02,1,-0.5100000000000002,-0.5197557109133297,-0.52
2024-05-09,1,-0.6000000000000001,-0.5754275358169315,-0.5800000000000001
2024-05-16,1,-0.6100000000000003,-0.6311587485880997,-0.6300000000000003
2024-05-23,1,-0.6400000000000001,-0.5886615518287294,-0.5899999999999999
2024-05-30,1,-0.5499999999999998,-0.5585070953801822,-0.5599999999999996
2024-06-06,1,-0.5300000000000002,-0.5442376030305218,-0.54
2024-06-13,1,-0.5500000000000003,-0.5382365168707858,-0.54
2024-06-20,1,-0.56,-0.5558181517516573,-0.56
2024-06-27,1,-0.4900000000000002,-0.5495244765517219,-0.5499999999999994
2024-07-04,1,-0.4399999999999999,-0.4454437567161987,-0.4399999999999999
2024-07-11,1,-0.4199999999999999,-0.41959672604151965,-0.4199999999999999
2024-07-18,1,-0.33,-0.3372572620226511,-0.33
2024-07-25,1,-0.2800000000000002,-0.26360605279613486,-0.2599999999999998
2024-08-01,1,-0.1800000000000001,-0.2459395935582359,-0.25
2024-08-08,1,-0.2200000000000002,-0.1684725077057856,-0.1699999999999999
2024-08-15,1,-0.25,-0.24262694671575138,-0.2400000000000002
2024-08-22,1,-0.2000000000000001,-0.23008436227674173,-0.2299999999999999
2024-08-29,1,-0.1699999999999999,-0.17821920571101427,-0.1800000000000001
2024-09-05,1,-0.0899999999999998,-0.1662109799433088,-0.1599999999999997
2024-09-12,1,-0.04,-0.08420233629668783,-0.0899999999999998
2024-09-19,1,0.02,0.024003307656017436,0.0300000000000002
2024-09-26,1,0.04,0.041769628751808015,0.0399999999999995
2024-10-03,1,-0.02,0.041741360256928206,0.04
2024-10-10,1,0.1400000000000001,0.04265206418165506,0.04
2024-10-17,1,0.1599999999999997,0.13749707021275734,0.1400000000000001
2024-10-24,1,0.1699999999999999,0.15904584936530394,0.1600000000000001
2024-10-31,1,0.1899999999999999,0.16269656086540618,0.1500000000000003
2024-11-07,1,0.1,0.14850619440817736,0.1500000000000003
2024-11-14,1,0.1200000000000001,0.09832731572644522,0.0999999999999996
2024-11-21,1,0.0699999999999998,0.075507991068051,0.0699999999999998
2024-11-28,1,0.0499999999999998,0.03822467846500044,0.04
2024-12-05,1,0.0899999999999998,0.04469299512494541,0.04
2024-12-12,1,0.1600000000000001,0.15445227488723093,0.1600000000000001
2024-12-19,1,0.2200000000000002,0.27218659338690193,0.2599999999999998
2024-12-26,1,0.2999999999999998,0.26023921262653377,0.2600000000000002
2025-01-02,1,0.2999999999999998,0.28841456230536283,0.29
2025-01-09,1,0.3700000000000001,0.39697203345726806,0.3999999999999999
2025-01-16,1,0.3699999999999996,0.38882508294092094,0.3899999999999997
2025-01-23,1,0.3699999999999996,0.3714940082238925,0.3699999999999996
2025-01-30,1,0.4099999999999997,0.3815742467444333,0.3799999999999999
2025-02-06,1,0.3799999999999999,0.3710096200530098,0.3700000000000001
2025-02-13,1,0.3699999999999996,0.36621600962365575,0.3700000000000001
2025-02-20,1,0.3700000000000001,0.39963219834374475,0.4000000000000003
2025-02-27,1,0.33,0.3387480535488036,0.3400000000000003
2025-03-06,1,0.4399999999999999,0.43771405797937174,0.4399999999999999
2025-03-13,1,0.4900000000000002,0.4791415424955988,0.48
2025-03-20,1,0.4900000000000002,0.47605242977496653,0.4700000000000002
2025-03-27,1,0.5299999999999998,0.5392245805089085,0.54
2025-04-03,1,0.52,0.5363327240033758,0.54
2025-04-10,1,0.5799999999999996,0.5948827848092488,0.6000000000000001
2025-04-17,1,0.6099999999999999,0.6042253942251314,0.6099999999999999
2025-04-24,1,0.5800000000000001,0.5878051026802747,0.5900000000000003
2025-05-01,1,0.6400000000000001,0.5978073226620048,0.6000000000000001
2025-05-08,1,0.6299999999999999,0.62208351956062,0.6200000000000001
2025-05-15,1,0.6400000000000001,0.6323012620631722,0.6300000000000003
2025-05-22,1,0.6499999999999999,0.6605078642513159,0.6599999999999997
2025-05-29,1,0.6100000000000003,0.6115463130483447,0.6099999999999999
2025-06-05,1,0.6499999999999999,0.6281948054274757,0.6299999999999999
2025-06-12,1,0.6600000000000001,0.6500540416952479,0.6499999999999999
2025-06-19,1,0.6599999999999997,0.6509623114000689,0.6499999999999999
2025-06-26,1,0.71,0.705799708364125,0.71
2025-07-03,1,0.6800000000000002,0.6898261121877719,0.69
2025-07-10,1,0.7599999999999998,0.7093670475403062,0.71
2025-07-17,1,0.75,0.7607212394070025,0.7599999999999998
2025-07-24,1,0.71,0.7218001689405749,0.7199999999999998
2025-07-31,1,0.69,0.6890870723544478,0.6900000000000004
2025-08-07,1,0.7199999999999998,0.7001093183310269,0.7000000000000002
2025-08-14,1,0.7399999999999998,0.7207666746343898,0.7200000000000002
2025-08-21,1,0.7400000000000002,0.7487076177974752,0.75
2025-08-28,1,0.7399999999999998,0.7319314374400565,0.73
2025-09-04,1,0.73,0.7332520395129888,0.73
2025-09-11,1,0.6800000000000002,0.6622066450310466,0.6600000000000001
2025-09-18,1,0.7400000000000002,0.7046909371672452,0.71
2025-09-25,1,0.73,0.7370439366655306,0.73
2025-10-02,1,0.7399999999999998,0.7294555973441322,0.73
2025-10-09,1,0.71,0.7315170307308636,0.73
2025-10-16,1,0.7199999999999998,0.6995148585849541,0.7000000000000002
2025-10-23,1,0.71,0.7001635099551385,0.6999999999999997
2025-10-30,1,0.7200000000000002,0.709695167476913,0.71
2025-11-06,1,0.73,0.7172805680166687,0.71
2025-11-13,1,0.7400000000000002,0.708936238956732,0.71
2025-11-20,1,0.7600000000000002,0.7483612414979631,0.75
2025-11-27,1,0.73,0.7177400415094183,0.7200000000000002
2025-12-04,1,0.7799999999999998,0.7997202691139373,0.7999999999999998
2025-12-11,1,0.8199999999999998,0.802078011241724,0.7999999999999998
2025-12-18,1,0.8600000000000003,0.8117939561769554,0.81
2025-12-25,1,0.8300000000000001,0.8265309731791554,0.8300000000000001
2026-01-01,1,0.8600000000000003,0.8395232610429263,0.8399999999999999
2026-01-08,1,0.8300000000000001,0.8296459875408594,0.8300000000000001
2026-01-15,1,0.8300000000000001,0.8181499469533654,0.8200000000000003
2026-01-22,1,0.81,0.8380601227654326,0.8399999999999999
2026-01-29,1,0.8599999999999999,0.8413103067911318,0.8400000000000003
2026-02-05,1,0.8500000000000001,0.8493901081285201,0.8500000000000001
2026-02-12,1,0.7799999999999998,0.7865239985833218,0.7899999999999996
2026-02-19,1,0.7800000000000002,0.7804587305820195,0.7800000000000002
2026-02-26,1,0.7399999999999998,0.7409992474702248,0.7399999999999998
2026-03-05,1,0.77,0.7632169995549911,0.7599999999999998
2026-03-12,1,0.7199999999999998,0.7050692618046387,0.7000000000000002
2026-03-19,1,0.4900000000000002,0.6000408576476998,0.6000000000000001
2026-03-26,1,0.6299999999999999,0.5852178559336176,0.5899999999999999
2026-04-02,1,0.6700000000000004,0.669810064795427,0.6700000000000004
2026-04-09,1,0.6900000000000004,0.670781295476322,0.6699999999999999
2026-04-16,1,0.6699999999999999,0.6998269143204409,0.7000000000000002
2026-04-23,1,0.6400000000000001,0.6317901435014932,0.6299999999999999
2026-04-30,1,0.5899999999999999,0.5971504630007977,0.6000000000000001
2026-05-07,1,0.6100000000000003,0.5920262350649047,0.5899999999999999
2026-05-14,1,0.6300000000000003,0.6025399946056393,0.6000000000000001
2026-05-21,1,0.6099999999999999,0.6298431757015756,0.6299999999999999
2026-05-28,1,0.6400000000000001,0.5997017036153824,0.6000000000000001
2012-01-19,5,1.01,0.9634136881178361,0.98
2012-01-26,5,0.95,0.9874957799154533,1.01
2012-02-02,5,0.9999999999999998,0.9440158975927746,0.95
2012-02-09,5,0.9599999999999996,0.9630435937900371,0.9999999999999998
2012-02-16,5,0.9599999999999996,0.9633995116768997,0.9599999999999996
2012-02-23,5,0.8999999999999999,0.9603607252115038,0.9599999999999996
2012-03-01,5,0.8399999999999999,0.9087173109802299,0.8999999999999999
2012-03-08,5,0.94,0.837643293602872,0.8399999999999999
2012-03-15,5,0.9600000000000002,0.89236049201596,0.94
2012-03-22,5,0.9000000000000001,0.9397695823026544,0.9600000000000002
2012-03-29,5,0.8799999999999999,0.91945174751543,0.9000000000000001
2012-04-05,5,0.8199999999999998,0.8670585026739032,0.8799999999999999
2012-04-12,5,0.71,0.825893235254666,0.8199999999999998
2012-04-19,5,0.6799999999999997,0.739347937971918,0.71
2012-04-26,5,0.7,0.671620060172035,0.6799999999999997
2012-05-03,5,0.75,0.6756262763907624,0.7
2012-05-10,5,0.6599999999999999,0.718142246751985,0.75
2012-05-17,5,0.7200000000000002,0.676805625637865,0.6599999999999999
2012-05-24,5,0.6799999999999999,0.6834180578465462,0.7200000000000002
2012-05-31,5,0.76,0.674568836717181,0.6799999999999999
2012-06-07,5,0.75,0.7201261390471259,0.76
2012-06-14,5,0.7,0.7464756367113675,0.75
2012-06-21,5,0.72,0.711849206168223,0.7
2012-06-28,5,0.7,0.7100030813904877,0.72
2012-07-05,5,0.6599999999999999,0.6947108838208836,0.7
2012-07-12,5,0.6699999999999999,0.6413194559127929,0.6599999999999999
2012-07-19,5,0.6299999999999999,0.6616364378093961,0.6699999999999999
2012-07-26,5,0.6099999999999999,0.6156144138087633,0.6299999999999999
2012-08-02,5,0.6500000000000001,0.6086074037218491,0.6099999999999999
2012-08-09,5,0.72,0.6220952768224011,0.6500000000000001
2012-08-16,5,0.6900000000000002,0.6901202391974071,0.72
2012-08-23,5,0.6400000000000001,0.6815393487841955,0.6900000000000002
2012-08-30,5,0.6800000000000002,0.6487790840226587,0.6400000000000001
2012-09-06,5,0.71,0.6469014354263241,0.6800000000000002
2012-09-13,5,0.7100000000000002,0.6798020668842976,0.71
2012-09-20,5,0.6499999999999999,0.6916132487730976,0.7100000000000002
2012-09-27,5,0.6699999999999999,0.6611801846229679,0.6499999999999999
2012-10-04,5,0.6600000000000001,0.6571509404473929,0.6699999999999999
2012-10-11,5,0.7699999999999998,0.6487215709843338,0.6600000000000001
2012-10-18,5,0.75,0.7247481276866239,0.7699999999999998
2012-10-25,5,0.71,0.7382729457484274,0.75
2012-11-01,5,0.6499999999999999,0.71648772542253,0.71
2012-11-08,5,0.6499999999999999,0.6532058797388834,0.6499999999999999
2012-11-15,5,0.6599999999999999,0.6400232081629981,0.6499999999999999
2012-11-22,5,0.6199999999999999,0.6425716085311844,0.6599999999999999
2012-11-29,5,0.6499999999999999,0.6176233671019662,0.6199999999999999
2012-12-06,5,0.6799999999999999,0.63065564086063,0.6499999999999999
2012-12-13,5,0.7100000000000002,0.6545837475729364,0.6799999999999999
2012-12-20,5,0.6500000000000001,0.6868478140654802,0.7100000000000002
2012-12-27,5,0.73,0.6575459529064275,0.6500000000000001
2013-01-03,5,0.77,0.6923567976853293,0.73
2013-01-10,5,0.75,0.7560157645243931,0.77
2013-01-17,5,0.7699999999999998,0.7376834827727003,0.75
2013-01-24,5,0.8300000000000001,0.7527949382034715,0.7699999999999998
2013-01-31,5,0.8400000000000001,0.8024781801048556,0.8300000000000001
2013-02-07,5,0.8700000000000001,0.8261227162199075,0.8400000000000001
2013-02-14,5,0.8699999999999999,0.8476104717515326,0.8700000000000001
2013-02-21,5,0.8800000000000001,0.8582820686066925,0.8699999999999999
2013-02-28,5,0.92,0.8808490235187469,0.8800000000000001
2013-03-07,5,0.95,0.8949042125663215,0.92
2013-03-14,5,0.8400000000000001,0.9313244359785673,0.95
2013-03-21,5,0.76,0.8532338415704961,0.8400000000000001
2013-03-28,5,0.8,0.7867107471076615,0.76
2013-04-04,5,0.8,0.7755588971186552,0.8
2013-04-11,5,0.76,0.7835655717844885,0.8
2013-04-18,5,0.79,0.7550082297356706,0.76
2013-04-25,5,0.7599999999999999,0.7864456954676123,0.79
2013-05-02,5,0.8300000000000001,0.7507667401616759,0.7599999999999999
2013-05-09,5,0.8699999999999999,0.7956301245635933,0.8300000000000001
2013-05-16,5,0.92,0.8444634243622299,0.8699999999999999
2013-05-23,5,0.9899999999999998,0.921823119335228,0.92
2013-05-30,5,0.99,0.973034501693438,0.9899999999999998
2013-06-06,5,1.02,0.9760096511145794,0.99
2013-06-13,5,1.14,0.9953087995362487,1.02
2013-06-20,5,1.22,1.1249419757350434,1.14
2013-06-27,5,1.2300000000000002,1.1917762043097428,1.22
2013-07-04,5,1.31,1.236345733571367,1.2300000000000002
2013-07-11,5,1.3099999999999998,1.2764260953917712,1.31
2013-07-18,5,1.31,1.3042257216543647,1.3099999999999998
2013-07-25,5,1.36,1.2972754735159826,1.31
2013-08-01,5,1.3500000000000003,1.3528439451466965,1.36
2013-08-08,5,1.4700000000000002,1.3432022488149822,1.3500000000000003
2013-08-15,5,1.5400000000000005,1.4355021326191668,1.4700000000000002
2013-08-22,5,1.41,1.5355796991638446,1.5400000000000005
2013-08-29,5,1.5099999999999998,1.4453183917418988,1.41
2013-09-05,5,1.4999999999999998,1.4923039472746624,1.5099999999999998
2013-09-12,5,1.4800000000000002,1.5014208716228867,1.4999999999999998
2013-09-19,5,1.36,1.4598507172562534,1.4800000000000002
2013-09-26,5,1.36,1.3678695794772073,1.36
2013-10-03,5,1.38,1.3600327944874784,1.36
2013-10-10,5,1.38,1.3689376263280322,1.38
2013-10-17,5,1.3299999999999998,1.3705777499418612,1.38
2013-10-24,5,1.3199999999999998,1.3376302473450596,1.3299999999999998
2013-10-31,5,1.42,1.322255041083473,1.3199999999999998
2013-11-07,5,1.46,1.3951675902382008,1.42
2013-11-14,5,1.5499999999999998,1.4417522543209385,1.46
2013-11-21,5,1.45,1.5399344958084806,1.5499999999999998
2013-11-28,5,1.59,1.456462399087906,1.45
2013-12-05,5,1.56,1.5620675816326917,1.59
2013-12-12,5,1.5600000000000005,1.5669866463823714,1.56
2013-12-19,5,1.5900000000000003,1.5595228264096217,1.5600000000000005
2013-12-26,5,1.6100000000000003,1.5921509797726727,1.5900000000000003
2014-01-02,5,1.58,1.609264945163964,1.6100000000000003
2014-01-09,5,1.48,1.5877726337766664,1.58
2014-01-16,5,1.4400000000000002,1.518897614572714,1.48
2014-01-23,5,1.4,1.4559210078987876,1.4400000000000002
2014-01-30,5,1.4500000000000002,1.415716984161083,1.4
2014-02-06,5,1.4300000000000002,1.4464158246047236,1.4500000000000002
2014-02-13,5,1.44,1.411198230956012,1.4300000000000002
2014-02-20,5,1.4200000000000002,1.4401120721792988,1.44
2014-02-27,5,1.45,1.4294220852246913,1.4200000000000002
2014-03-06,5,1.37,1.4338213765574306,1.45
2014-03-13,5,1.43,1.3720372895028252,1.37
2014-03-20,5,1.37,1.4340398373235779,1.43
2014-03-27,5,1.44,1.3903332431696405,1.37
2014-04-03,5,1.38,1.4114869822251044,1.44
2014-04-10,5,1.38,1.385300318201613,1.38
2014-04-17,5,1.35,1.3659655289958588,1.38
2014-04-24,5,1.3099999999999998,1.3528838778797252,1.35
2014-05-01,5,1.3,1.3189978546500725,1.3099999999999998
2014-05-08,5,1.2299999999999998,1.301628330409514,1.3
2014-05-15,5,1.2699999999999998,1.2304020833254274,1.2299999999999998
2014-05-22,5,1.2,1.257530685979998,1.2699999999999998
2014-05-29,5,1.27,1.2083918991994607,1.2
2014-06-05,5,1.2299999999999998,1.246171483993794,1.27
2014-06-12,5,1.2,1.2414153002622428,1.2299999999999998
2014-06-19,5,1.13,1.2048980173092612,1.2
2014-06-26,5,1.19,1.1347078096031356,1.13
2014-07-03,5,1.11,1.1626928324865267,1.19
2014-07-10,5,1.07,1.1248456300302927,1.11
2014-07-17,5,1.06,1.0716281409486044,1.07
2014-07-24,5,1.06,1.0713203954438717,1.06
2014-07-31,5,0.9999999999999998,1.0568302066878057,1.06
2014-08-07,5,0.9899999999999998,1.0145311598671074,0.9999999999999998
2014-08-14,5,0.99,0.9911868343690257,0.9899999999999998
2014-08-21,5,0.8999999999999999,0.9834414039241378,0.99
2014-08-28,5,1.0,0.9223422022409663,0.8999999999999999
2014-09-04,5,1.0600000000000005,0.9736475230404414,1.0
2014-09-11,5,1.11,1.0375108303488085,1.0600000000000005
2014-09-18,5,1.0299999999999998,1.113157812133181,1.11
2014-09-25,5,1.0,1.028082629084706,1.0299999999999998
2014-10-02,5,0.9699999999999998,1.0102797522314872,1.0
2014-10-09,5,1.0099999999999998,0.9711940671867536,0.9699999999999998
2014-10-16,5,1.0,0.9804456816354067,1.0099999999999998
2014-10-23,5,1.0099999999999998,0.99395005239802,1.0
2014-10-30,5,1.06,1.0051396622281277,1.0099999999999998
2014-11-06,5,1.03,1.047404322166556,1.06
2014-11-13,5,1.01,1.0415455093269759,1.03
2014-11-20,5,0.91,1.0013566605675583,1.01
2014-11-27,5,0.8999999999999999,0.9222647158514194,0.91
2014-12-04,5,0.81,0.8945974181472093,0.8999999999999999
2014-12-11,5,0.8400000000000001,0.8348914692182429,0.81
2014-12-18,5,0.8399999999999999,0.8351651034610083,0.8400000000000001
2014-12-25,5,0.78,0.837900927268442,0.8399999999999999
2015-01-01,5,0.73,0.8112979128451098,0.78
2015-01-08,5,0.6699999999999999,0.7248653943170581,0.73
2015-01-15,5,0.8699999999999999,0.6519936161613035,0.6699999999999999
2015-01-22,5,0.9200000000000002,0.8179533732365543,0.8699999999999999
2015-01-29,5,0.9200000000000002,0.9323123525847093,0.9200000000000002
2015-02-05,5,0.97,0.9352743788809895,0.9200000000000002
2015-02-12,5,1.03,0.9356590151388839,0.97
2015-02-19,5,0.8600000000000001,1.025706651207988,1.03
2015-02-26,5,0.9,0.900080965497497,0.8600000000000001
2015-03-05,5,0.92,0.9005340732361843,0.9
2015-03-12,5,0.8400000000000001,0.9115052735012519,0.92
2015-03-19,5,0.85,0.8658994318916595,0.8400000000000001
2015-03-26,5,0.8200000000000001,0.8474948884282975,0.85
2015-04-02,5,0.8600000000000001,0.8047813561361087,0.8200000000000001
2015-04-09,5,0.7900000000000001,0.8584565975313438,0.8600000000000001
2015-04-16,5,0.82,0.80343049523617,0.7900000000000001
2015-04-23,5,0.91,0.7877722964098101,0.82
2015-04-30,5,1.06,0.9007592412115639,0.91
2015-05-07,5,1.13,1.0219534208064875,1.06
2015-05-14,5,1.08,1.1119675692897337,1.13
2015-05-21,5,1.04,1.060915740726592,1.08
2015-05-28,5,1.16,1.0468288147067306,1.04
2015-06-04,5,1.15,1.1477368198903772,1.16
2015-06-11,5,1.17,1.150736954128443,1.15
2015-06-18,5,1.2000000000000002,1.1612062004284305,1.17
2015-06-25,5,1.26,1.1764627910431171,1.2000000000000002
2015-07-02,5,1.13,1.255819014788957,1.26
2015-07-09,5,1.15,1.139971648092962,1.13
2015-07-16,5,1.08,1.178479522849412,1.15
2015-07-23,5,1.04,1.113704458010365,1.08
2015-07-30,5,1.0,1.055189489445941,1.04
2015-08-06,5,0.99,0.9970968331912942,1.0
2015-08-13,5,0.94,0.9980373269019939,0.99
2015-08-20,5,1.0499999999999998,0.9374591940546173,0.94
2015-08-27,5,1.03,1.0208620599536042,1.0499999999999998
2015-09-03,5,1.03,1.0368403559776664,1.03
2015-09-10,5,1.05,1.0217898624911026,1.03
2015-09-17,5,0.95,1.0460822754473091,1.05
2015-09-24,5,0.91,0.9553659066065017,0.95
2015-10-01,5,0.96,0.9367608558475333,0.91
2015-10-08,5,0.91,0.9421946134939825,0.96
2015-10-15,5,0.93,0.9073790802775725,0.91
2015-10-22,5,0.98,0.9157585506514165,0.93
2015-10-29,5,1.02,0.9873952118993485,0.98
2015-11-05,5,1.0499999999999998,1.0096759129934525,1.02
2015-11-12,5,1.0,1.048620042301916,1.0499999999999998
2015-11-19,5,0.95,1.0035196757998655,1.0
2015-11-26,5,0.97,0.9639381525372497,0.95
2015-12-03,5,0.94,0.9717520769909119,0.97
2015-12-10,5,0.91,0.9264349212119249,0.94
2015-12-17,5,0.8800000000000001,0.8959498448746326,0.91
2015-12-24,5,0.91,0.8059162474999554,0.8800000000000001
2015-12-31,5,0.91,0.9024386137511125,0.91
2016-01-07,5,0.91,0.9026344267563251,0.91
2016-01-14,5,0.81,0.9074121014209431,0.91
2016-01-21,5,0.81,0.8302383613816031,0.81
2016-01-28,5,0.7699999999999999,0.8172545175936368,0.81
2016-02-04,5,0.64,0.7737106258866994,0.7699999999999999
2016-02-11,5,0.6800000000000002,0.644030511175737,0.64
2016-02-18,5,0.6399999999999999,0.6737345335214987,0.6800000000000002
2016-02-25,5,0.71,0.6311233931065278,0.6399999999999999
2016-03-03,5,0.74,0.7030319150208467,0.71
2016-03-10,5,0.76,0.7238874931019157,0.74
2016-03-17,5,0.71,0.7368179161452183,0.76
2016-03-24,5,0.69,0.7061181423654342,0.71
2016-03-31,5,0.6299999999999999,0.7068809769763579,0.69
2016-04-07,5,0.6900000000000001,0.6245429335338571,0.6299999999999999
2016-04-14,5,0.83,0.6879015636782465,0.6900000000000001
2016-04-21,5,0.8099999999999999,0.8058425887363614,0.83
2016-04-28,5,0.7800000000000001,0.7977919405949756,0.8099999999999999
2016-05-05,5,0.76,0.7713809677241636,0.7800000000000001
2016-05-12,5,0.7200000000000001,0.764425724164678,0.76
2016-05-19,5,0.7100000000000001,0.7248639054126087,0.7200000000000001
2016-05-26,5,0.68,0.711388748362907,0.7100000000000001
2016-06-02,5,0.6699999999999999,0.6828350523809196,0.68
2016-06-09,5,0.5900000000000001,0.6700163882756862,0.6699999999999999
2016-06-16,5,0.68,0.59198376975456,0.5900000000000001
2016-06-23,5,0.54,0.660047124051443,0.68
2016-06-30,5,0.51,0.552661364133816,0.54
2016-07-07,5,0.51,0.5224177811560481,0.51
2016-07-14,5,0.5300000000000001,0.5221761847433496,0.51
2016-07-21,5,0.4800000000000001,0.5281617668971478,0.5300000000000001
2016-07-28,5,0.51,0.47983532152925457,0.4800000000000001
2016-08-04,5,0.5,0.503884109981305,0.51
2016-08-11,5,0.4700000000000001,0.49724763188377286,0.5
2016-08-18,5,0.4800000000000001,0.4702898481680465,0.4700000000000001
2016-08-25,5,0.4399999999999999,0.4819307551867926,0.4800000000000001
2016-09-01,5,0.5200000000000001,0.4450795017469207,0.4399999999999999
2016-09-08,5,0.63,0.4977216695548859,0.5200000000000001
2016-09-15,5,0.5300000000000001,0.5956835895695541,0.63
2016-09-22,5,0.4599999999999999,0.5415541023280201,0.5300000000000001
2016-09-29,5,0.57,0.47252988208903113,0.4599999999999999
2016-10-06,5,0.58,0.5629809959345996,0.57
2016-10-13,5,0.6199999999999999,0.5573419979065234,0.58
2016-10-20,5,0.65,0.6138502302281504,0.6199999999999999
2016-10-27,5,0.6599999999999999,0.6407479702484897,0.65
2016-11-03,5,0.8099999999999999,0.6613244963437488,0.6599999999999999
2016-11-10,5,0.88,0.781719982155989,0.8099999999999999
2016-11-17,5,0.91,0.8698492284910982,0.88
2016-11-24,5,0.91,0.9040840020485544,0.91
2016-12-01,5,0.93,0.9148868580458444,0.91
2016-12-08,5,1.02,0.9205637492080788,0.93
2016-12-15,5,0.99,1.0037266955565158,1.02
2016-12-22,5,0.96,0.9215459686766689,0.99
2016-12-29,5,0.95,0.9550787405944832,0.96
2017-01-05,5,0.8799999999999999,0.963030160990208,0.95
2017-01-12,5,0.96,0.8747534376097325,0.8799999999999999
2017-01-19,5,1.0,0.958788559263993,0.96
2017-01-26,5,0.99,0.9927922406320834,1.0
2017-02-02,5,0.93,0.988211278163543,0.99
2017-02-09,5,0.95,0.9280378569441805,0.93
2017-02-16,5,0.91,0.9436847186395867,0.95
2017-02-23,5,0.92,0.9077420472139943,0.91
2017-03-02,5,0.99,0.9213570666380981,0.92
2017-03-09,5,0.98,0.9770106322612881,0.99
2017-03-16,5,0.92,0.9593300611048882,0.98
2017-03-23,5,0.8899999999999999,0.8773028847239847,0.92
2017-03-30,5,0.8300000000000001,0.8918691274307816,0.8899999999999999
2017-04-06,5,0.76,0.8390226516163719,0.8300000000000001
2017-04-13,5,0.74,0.7604483390220134,0.76
2017-04-20,5,0.8400000000000001,0.7392004401448171,0.74
2017-04-27,5,0.85,0.8214066136043903,0.8400000000000001
2017-05-04,5,0.9000000000000001,0.8440204093103795,0.85
2017-05-11,5,0.7699999999999999,0.8849625217247845,0.9000000000000001
2017-05-18,5,0.74,0.780675277349158,0.7699999999999999
2017-05-25,5,0.73,0.7525402838037842,0.74
2017-06-01,5,0.71,0.7292380365659523,0.73
2017-06-08,5,0.62,0.7074931841419064,0.71
2017-06-15,5,0.57,0.6154495432705797,0.62
2017-06-22,5,0.6199999999999999,0.5238450524133439,0.57
2017-06-29,5,0.7000000000000002,0.6179494933911743,0.6199999999999999
2017-07-06,5,0.7,0.6918057992358256,0.7000000000000002
2017-07-13,5,0.6399999999999999,0.6745042774327275,0.7
2017-07-20,5,0.7,0.6362954120664902,0.6399999999999999
2017-07-27,5,0.6499999999999999,0.6892164855030268,0.7
2017-08-03,5,0.6300000000000001,0.6488136572300975,0.6499999999999999
2017-08-10,5,0.6200000000000001,0.6275121654885218,0.6300000000000001
2017-08-17,5,0.6199999999999999,0.6168724634257536,0.6200000000000001
2017-08-24,5,0.5800000000000001,0.6180577131021059,0.6199999999999999
2017-08-31,5,0.47,0.5870052147767612,0.5800000000000001
2017-09-07,5,0.4899999999999997,0.46153142230192273,0.47
2017-09-14,5,0.53,0.49596370308220694,0.4899999999999997
2017-09-21,5,0.5800000000000001,0.5279328257643943,0.53
2017-09-28,5,0.5800000000000001,0.5706800382421395,0.5800000000000001
2017-10-05,5,0.52,0.5780093028457959,0.5800000000000001
2017-10-12,5,0.53,0.5233465065527453,0.52
2017-10-19,5,0.5799999999999998,0.5268802443266868,0.53
2017-10-26,5,0.55,0.5759623460497294,0.5799999999999998
2017-11-02,5,0.48,0.5477237556129367,0.55
2017-11-09,5,0.49,0.4817019477730755,0.48
2017-11-16,5,0.4599999999999999,0.48698218882415023,0.49
2017-11-23,5,0.4599999999999999,0.4561231419478571,0.4599999999999999
2017-11-30,5,0.3600000000000001,0.4693583449915446,0.4599999999999999
2017-12-07,5,0.29,0.3699861514300607,0.3600000000000001
2017-12-14,5,0.3499999999999998,0.2825026651476344,0.29
2017-12-21,5,0.3399999999999998,0.3156415650057199,0.3499999999999998
2017-12-28,5,0.3800000000000001,0.3347286447560622,0.3399999999999998
2018-01-04,5,0.4099999999999999,0.37654124144202167,0.3800000000000001
2018-01-11,5,0.4199999999999999,0.3974645991188133,0.4099999999999999
2018-01-18,5,0.4400000000000001,0.40297588170675147,0.4199999999999999
2018-01-25,5,0.51,0.43897770217043336,0.4400000000000001
2018-02-01,5,0.5299999999999998,0.4987947337039841,0.51
2018-02-08,5,0.53,0.5195402589253458,0.5299999999999998
2018-02-15,5,0.4999999999999998,0.5333294189310015,0.53
2018-02-22,5,0.4099999999999999,0.5042415455491207,0.4999999999999998
2018-03-01,5,0.4499999999999999,0.4155282725586746,0.4099999999999999
2018-03-08,5,0.3900000000000001,0.44353345953262946,0.4499999999999999
2018-03-15,5,0.3499999999999998,0.3901216627578692,0.3900000000000001
2018-03-22,5,0.3199999999999998,0.3378523931077974,0.3499999999999998
2018-03-29,5,0.3700000000000001,0.29350874990279957,0.3199999999999998
2018-04-05,5,0.3900000000000001,0.3585040695281339,0.3700000000000001
2018-04-12,5,0.4099999999999999,0.3856068000854582,0.3900000000000001
2018-04-19,5,0.4400000000000001,0.4040763692167971,0.4099999999999999
2018-04-26,5,0.4099999999999999,0.42769169566700266,0.4400000000000001
2018-05-03,5,0.4299999999999999,0.4074797609034248,0.4099999999999999
2018-05-10,5,0.4599999999999999,0.42359346549811766,0.4299999999999999
2018-05-17,5,0.4200000000000001,0.45546372703618115,0.4599999999999999
2018-05-24,5,0.33,0.4182945960746116,0.4200000000000001
2018-05-31,5,0.3700000000000001,0.3409892922227566,0.33
2018-06-07,5,0.3400000000000001,0.36239384211502956,0.3700000000000001
2018-06-14,5,0.32,0.329620901348313,0.3400000000000001
2018-06-21,5,0.2799999999999998,0.30103916879848663,0.32
2018-06-28,5,0.2300000000000002,0.2805006190261767,0.2799999999999998
2018-07-05,5,0.2200000000000002,0.23842485890940585,0.2300000000000002
2018-07-12,5,0.1799999999999999,0.2060093343330417,0.2200000000000002
2018-07-19,5,0.2299999999999999,0.19358351993553072,0.1799999999999999
2018-07-26,5,0.2799999999999998,0.22757470109045264,0.2299999999999999
2018-08-02,5,0.2200000000000002,0.2657018699610759,0.2799999999999998
2018-08-09,5,0.1699999999999999,0.21691985176502074,0.2200000000000002
2018-08-16,5,0.1299999999999999,0.17303404039597722,0.1699999999999999
2018-08-23,5,0.1699999999999999,0.13266588294990664,0.1299999999999999
2018-08-30,5,0.1699999999999999,0.1619536116792195,0.1699999999999999
2018-09-06,5,0.1799999999999997,0.15833545400173704,0.1699999999999999
2018-09-13,5,0.2399999999999997,0.18190683629463153,0.1799999999999997
2018-09-20,5,0.2200000000000002,0.23086571635232486,0.2399999999999997
2018-09-27,5,0.25,0.20579475836111719,0.2200000000000002
2018-10-04,5,0.2200000000000002,0.23257456332297347,0.25
2018-10-11,5,0.1800000000000001,0.212252678484646,0.2200000000000002
2018-10-18,5,0.1400000000000001,0.185956833760231,0.1800000000000001
2018-10-25,5,0.1600000000000001,0.1266382976233022,0.1400000000000001
2018-11-01,5,0.1800000000000001,0.17066006945015358,0.1600000000000001
2018-11-08,5,0.1399999999999996,0.17750546735620615,0.1800000000000001
2018-11-15,5,0.1199999999999996,0.13386828241446222,0.1399999999999996
2018-11-22,5,0.1099999999999998,0.11776647997306239,0.1199999999999996
2018-11-29,5,0.09,0.10479884470214904,0.1099999999999998
2018-12-06,5,0.0899999999999998,0.08108914132242617,0.09
2018-12-13,5,0.08,0.0863620288641044,0.0899999999999998
2018-12-20,5,0.09,0.06228759820090587,0.08
2018-12-27,5,0.06,0.06794099749840819,0.09
2019-01-03,5,0.07,0.04749438548322543,0.06
2019-01-10,5,0.09,0.07390229487659535,0.07
2019-01-17,5,0.0699999999999998,0.08078267155298881,0.09
2019-01-24,5,0.1099999999999998,0.06453215302321719,0.0699999999999998
2019-01-31,5,0.1100000000000001,0.09272470852071146,0.1099999999999998
2019-02-07,5,0.1099999999999998,0.09850358018427838,0.1100000000000001
2019-02-14,5,0.1199999999999998,0.1024280679048306,0.1099999999999998
2019-02-21,5,0.1599999999999999,0.11888853029353144,0.1199999999999998
2019-02-28,5,0.1399999999999999,0.15424333660673875,0.1599999999999999
2019-03-07,5,0.1,0.12753583712049288,0.1399999999999999
2019-03-14,5,0.0699999999999998,0.10361942520124053,0.1
2019-03-21,5,0.06,0.06590324478634789,0.0699999999999998
2019-03-28,5,0.1099999999999998,0.052475762947202784,0.06
2019-04-04,5,0.1299999999999999,0.1034140528896006,0.1099999999999998
2019-04-11,5,0.1499999999999999,0.12112321127299211,0.1299999999999999
2019-04-18,5,0.1499999999999999,0.14232639689282478,0.1499999999999999
2019-04-25,5,0.1399999999999999,0.13696825103905116,0.1499999999999999
2019-05-02,5,0.0999999999999998,0.1433569737804921,0.1399999999999999
2019-05-09,5,0.0899999999999998,0.10350138505977795,0.0999999999999998
2019-05-16,5,0.0599999999999998,0.08565595746840526,0.0899999999999998
2019-05-23,5,0.03,0.05232032396827294,0.0599999999999998
2019-05-30,5,0.08,0.024525666581060934,0.03
2019-06-06,5,0.05,0.06992385984479857,0.08
2019-06-13,5,0.05,0.04979764336323781,0.05
2019-06-20,5,0.03,0.040876503750719606,0.05
2019-06-27,5,-0.05,0.02718623087903614,0.03
2019-07-04,5,0.02,-0.045980547845696135,-0.05
2019-07-11,5,0.05,0.012893679114071289,0.02
2019-07-18,5,0.02,0.031777350056702,0.05
2019-07-25,5,-0.08,0.015418624268813338,0.02
2019-08-01,5,-0.1200000000000001,-0.07553973719051461,-0.08
2019-08-08,5,-0.1999999999999999,-0.1049216130861923,-0.1200000000000001
2019-08-15,5,-0.1799999999999999,-0.20391084613560073,-0.1999999999999999
2019-08-22,5,-0.1900000000000001,-0.18261919637411908,-0.1799999999999999
2019-08-29,5,-0.1899999999999999,-0.19840614352129549,-0.1900000000000001
2019-09-05,5,-0.1500000000000001,-0.18814491478435236,-0.1899999999999999
2019-09-12,5,-0.1700000000000001,-0.14664002436938794,-0.1500000000000001
2019-09-19,5,-0.2099999999999999,-0.1734118559211425,-0.1700000000000001
2019-09-26,5,-0.1699999999999999,-0.19119175536884064,-0.2099999999999999
2019-10-03,5,-0.1300000000000001,-0.18805090836970995,-0.1699999999999999
2019-10-10,5,-0.0899999999999998,-0.13527854058086128,-0.1300000000000001
2019-10-17,5,-0.1099999999999998,-0.0995729478624346,-0.0899999999999998
2019-10-24,5,-0.1,-0.11483914520880882,-0.1099999999999998
2019-10-31,5,-0.0199999999999997,-0.1173631503119729,-0.1
2019-11-07,5,-0.06,-0.019067497600341238,-0.0199999999999997
2019-11-14,5,-0.08,-0.06561671905474169,-0.06
2019-11-21,5,-0.1300000000000001,-0.0842176282078592,-0.08
2019-11-28,5,-0.0799999999999998,-0.1266050852153084,-0.1300000000000001
2019-12-05,5,-0.04,-0.08733714300581229,-0.0799999999999998
2019-12-12,5,-0.04,-0.047395117230177745,-0.04
2019-12-19,5,-0.0599999999999998,-0.044969010235116215,-0.04
2019-12-26,5,-0.0399999999999998,-0.06019654643005999,-0.0599999999999998
2020-01-02,5,-0.0299999999999998,-0.04552075071526434,-0.0399999999999998
2020-01-09,5,-0.0899999999999998,-0.03932654465662391,-0.0299999999999998
2020-01-16,5,-0.09,-0.08737236543704135,-0.0899999999999998
2020-01-23,5,-0.1499999999999999,-0.09806274659558803,-0.09
2020-01-30,5,-0.1199999999999998,-0.158451014050363,-0.1499999999999999
2020-02-06,5,-0.1200000000000001,-0.12489117438928021,-0.1199999999999998
2020-02-13,5,-0.1499999999999999,-0.12293439158641237,-0.1200000000000001
2020-02-20,5,-0.09,-0.15216113253276994,-0.1499999999999999
2020-02-27,5,0.0499999999999999,-0.10864141853901245,-0.09
2020-03-05,5,0.17,0.04181987864354687,0.0499999999999999
2020-03-12,5,0.37,0.1214472870801909,0.17
2020-03-19,5,0.25,0.5130480340041488,0.37
2020-03-26,5,0.24,0.25244703118678186,0.25
2020-04-02,5,0.37,0.2503882723069169,0.24
2020-04-09,5,0.2799999999999999,0.39763326051068376,0.37
2020-04-16,5,0.2699999999999999,0.27966959268304364,0.2799999999999999
2020-04-23,5,0.24,0.2688324288484632,0.2699999999999999
2020-04-30,5,0.27,0.2452970183086449,0.24
2020-05-07,5,0.26,0.2524910656169417,0.27
2020-05-14,5,0.25,0.25571021536600236,0.26
2020-05-21,5,0.26,0.2536065443035296,0.25
2020-05-28,5,0.35,0.25935882022691165,0.26
2020-06-04,5,0.25,0.3488584262067561,0.35
2020-06-11,5,0.22,0.2501647354718306,0.25
2020-06-18,5,0.22,0.22057740383032823,0.22
2020-06-25,5,0.2700000000000001,0.21380136375601713,0.22
2020-07-02,5,0.25,0.2628245275191265,0.2700000000000001
2020-07-09,5,0.2299999999999999,0.2464868655972469,0.25
2020-07-16,5,0.2299999999999999,0.2298115446143533,0.2299999999999999
2020-07-23,5,0.19,0.23364886137636062,0.2299999999999999
2020-07-30,5,0.2,0.18979567309685366,0.19
2020-08-06,5,0.33,0.2028182294644481,0.2
2020-08-13,5,0.28,0.3157161999612868,0.33
2020-08-20,5,0.37,0.2781800407978535,0.28
2020-08-27,5,0.28,0.3595635883401973,0.37
2020-09-03,5,0.3,0.28277648347580064,0.28
2020-09-10,5,0.3099999999999999,0.2925070422845852,0.3
2020-09-17,5,0.3,0.30433951552426636,0.3099999999999999
2020-09-24,5,0.31,0.2936721436793115,0.3
2020-10-01,5,0.3399999999999999,0.30323814290086737,0.31
2020-10-08,5,0.3399999999999999,0.331662219769631,0.3399999999999999
2020-10-15,5,0.41,0.3416761379174953,0.3399999999999999
2020-10-22,5,0.38,0.4007936883898542,0.41
2020-10-29,5,0.36,0.3751220372773199,0.38
2020-11-05,5,0.4599999999999999,0.3593345941456866,0.36
2020-11-12,5,0.41,0.4417361964636238,0.4599999999999999
2020-11-19,5,0.4299999999999999,0.4106619023363313,0.41
2020-11-26,5,0.48,0.4306695659264893,0.4299999999999999
2020-12-03,5,0.48,0.4739714733193019,0.48
2020-12-10,5,0.49,0.48244465409548987,0.48
2020-12-17,5,0.5,0.48592510037653325,0.49
2020-12-24,5,0.47,0.49174401218606206,0.5
2020-12-31,5,0.6100000000000001,0.4735443972523409,0.47
2021-01-07,5,0.7,0.5978477963942089,0.6100000000000001
2021-01-14,5,0.7,0.6788798761093162,0.7
2021-01-21,5,0.6599999999999999,0.6952450949317001,0.7
2021-01-28,5,0.77,0.6609169904296412,0.6599999999999999
2021-02-04,5,0.8,0.752789022951704,0.77
2021-02-11,5,0.92,0.7941897247114716,0.8
2021-02-18,5,1.14,0.9043836086628987,0.92
2021-02-25,5,1.21,1.1262669586125327,1.14
2021-03-04,5,1.18,1.1943074961205036,1.21
2021-03-11,5,1.34,1.1748818769275884,1.18
2021-03-18,5,1.23,1.33661692978807,1.34
2021-03-25,5,1.29,1.2298759311018157,1.23
2021-04-01,5,1.24,1.27845959435078,1.29
2021-04-08,5,1.21,1.2401797519093856,1.24
2021-04-15,5,1.21,1.2140585349989867,1.21
2021-04-22,5,1.25,1.2130476647691795,1.21
2021-04-29,5,1.2,1.249384121771444,1.25
2021-05-06,5,1.24,1.2080425389898328,1.2
2021-05-13,5,1.21,1.240017706661662,1.24
2021-05-20,5,1.17,1.2122128797707068,1.21
2021-05-27,5,1.2,1.1735707517865466,1.17
2021-06-03,5,1.0699999999999998,1.1955827866374409,1.2
2021-06-10,5,1.02,1.0768564525177236,1.0699999999999998
2021-06-17,5,0.99,1.0174902549839573,1.02
2021-06-24,5,0.94,0.9789169723088293,0.99
2021-07-01,5,0.78,0.9433536353385213,0.94
2021-07-08,5,0.8200000000000001,0.7818911414598336,0.78
2021-07-15,5,0.74,0.8137272175637947,0.8200000000000001
2021-07-22,5,0.74,0.7513715390519743,0.74
2021-07-29,5,0.69,0.7344869178477773,0.74
2021-08-05,5,0.79,0.6943557454946856,0.69
2021-08-12,5,0.69,0.7821218718701773,0.79
2021-08-19,5,0.78,0.6916085421274047,0.69
2021-08-26,5,0.7499999999999999,0.7684389853003843,0.78
2021-09-02,5,0.7699999999999999,0.7575700032219213,0.7499999999999999
2021-09-09,5,0.79,0.7649519502281011,0.7699999999999999
2021-09-16,5,0.8500000000000001,0.7931455118729919,0.79
2021-09-23,5,0.98,0.8421032156100551,0.8500000000000001
2021-09-30,5,0.93,0.9638531275447974,0.98
2021-10-07,5,0.81,0.9430008962719129,0.93
2021-10-14,5,0.82,0.822621381156002,0.81
2021-10-21,5,0.6599999999999999,0.8186677191741746,0.82
2021-10-28,5,0.6599999999999999,0.665167601398409,0.6599999999999999
2021-11-04,5,0.6799999999999999,0.6483031609908354,0.6599999999999999
2021-11-11,5,0.71,0.6825066028065494,0.6799999999999999
2021-11-18,5,0.72,0.6977572736786722,0.71
2021-11-25,5,0.53,0.714790289557713,0.72
2021-12-02,5,0.5,0.5438160043054846,0.53
2021-12-09,5,0.45,0.4975773470594218,0.5
2021-12-16,5,0.4599999999999999,0.44645622899447246,0.45
2021-12-23,5,0.47,0.45286468427183557,0.4599999999999999
2021-12-30,5,0.6299999999999999,0.47065838091047446,0.47
2022-01-06,5,0.5899999999999999,0.6192142175509324,0.6299999999999999
2022-01-13,5,0.56,0.5983937799049823,0.5899999999999999
2022-01-20,5,0.51,0.5580631031001044,0.56
2022-01-27,5,0.5,0.5072186635210496,0.51
2022-02-03,5,0.4499999999999999,0.5000286851566235,0.5
2022-02-10,5,0.3999999999999999,0.45045244069544144,0.4499999999999999
2022-02-17,5,0.3999999999999999,0.390162286975707,0.3999999999999999
2022-02-24,5,0.3,0.39815995923795894,0.3999999999999999
2022-03-03,5,0.3799999999999999,0.31233896679919804,0.3
2022-03-10,5,0.3,0.35202879093761325,0.3799999999999999
2022-03-17,5,0.2600000000000002,0.29515700441630055,0.3
2022-03-24,5,0.1299999999999999,0.2330290944294115,0.2600000000000002
2022-03-31,5,0.2200000000000002,0.12372944165014421,0.1299999999999999
2022-04-07,5,0.3399999999999998,0.18706882625125287,0.2200000000000002
2022-04-14,5,0.25,0.31512483411169423,0.3399999999999998
2022-04-21,5,0.27,0.20875232962161738,0.25
2022-04-28,5,0.3399999999999998,0.25493161349087073,0.27
2022-05-05,5,0.2799999999999998,0.31177632930748245,0.3399999999999998
2022-05-12,5,0.1799999999999997,0.2173410162992746,0.2799999999999998
2022-05-19,5,0.25,0.18633554824048926,0.1799999999999997
2022-05-26,5,0.1600000000000001,0.24768110105316235,0.25
2022-06-02,5,0.1600000000000001,0.16425373460905737,0.1600000000000001
2022-06-09,5,0.1699999999999999,0.127305992882692,0.1600000000000001
2022-06-16,5,0.1899999999999999,0.09631107884660883,0.1699999999999999
2022-06-23,5,0.1299999999999999,0.0841845781965697,0.1899999999999999
2022-06-30,5,0.0300000000000002,0.1341310091113925,0.1299999999999999
2022-07-07,5,-0.1299999999999999,0.045691593610451955,0.0300000000000002
2022-07-14,5,-0.2299999999999999,-0.13665618748415506,-0.1299999999999999
2022-07-21,5,-0.31,-0.2772631065881059,-0.2299999999999999
2022-07-28,5,-0.48,-0.309328313458454,-0.31
2022-08-04,5,-0.4700000000000002,-0.5504170527395401,-0.48
2022-08-11,5,-0.54,-0.4795705195346552,-0.4700000000000002
2022-08-18,5,-0.4900000000000002,-0.5433689054196443,-0.54
2022-08-25,5,-0.48,-0.4999158558628384,-0.4900000000000002
2022-09-01,5,-0.4700000000000002,-0.49376274342973736,-0.48
2022-09-08,5,-0.6599999999999997,-0.5060234935792352,-0.4700000000000002
2022-09-15,5,-0.6699999999999999,-0.6918077563587655,-0.6599999999999997
2022-09-22,5,-0.6299999999999999,-0.7075716959469006,-0.6699999999999999
2022-09-29,5,-0.6700000000000004,-0.7238364817097638,-0.6299999999999999
2022-10-06,5,-0.7000000000000002,-0.657582894937623,-0.6700000000000004
2022-10-13,5,-0.6200000000000001,-0.70489793344064,-0.7000000000000002
2022-10-20,5,-0.6299999999999999,-0.623806588381716,-0.6200000000000001
2022-10-27,5,-0.6399999999999997,-0.6719706397223644,-0.6299999999999999
2022-11-03,5,-0.69,-0.6951950372366225,-0.6399999999999997
2022-11-10,5,-0.8300000000000001,-0.7558621887514987,-0.69
2022-11-17,5,-0.96,-0.8137290488929435,-0.8300000000000001
2022-11-24,5,-0.96,-0.9546601574861213,-0.96
2022-12-01,5,-1.0100000000000002,-0.9771316213207913,-0.96
2022-12-08,5,-0.9000000000000004,-1.0499762363994871,-1.0100000000000002
2022-12-15,5,-0.7399999999999998,-0.9568626213517623,-0.9000000000000004
2022-12-22,5,-0.7399999999999998,-0.8078362833399017,-0.7399999999999998
2022-12-29,5,-0.8600000000000003,-0.7460334393217444,-0.7399999999999998
2023-01-05,5,-0.8999999999999999,-0.8608525015282447,-0.8600000000000003
2023-01-12,5,-0.7599999999999998,-0.8991830973174955,-0.8999999999999999
2023-01-19,5,-0.77,-0.7645336883156805,-0.7599999999999998
2023-01-26,5,-0.8300000000000001,-0.7854375948958916,-0.77
2023-02-02,5,-0.92,-0.8454381357225295,-0.8300000000000001
2023-02-09,5,-0.8499999999999996,-0.9519164234349708,-0.92
2023-02-16,5,-0.8800000000000003,-0.8636649818362164,-0.8499999999999996
2023-02-23,5,-0.8199999999999998,-0.8871829432851743,-0.8800000000000003
2023-03-02,5,-0.9800000000000004,-0.825230851359389,-0.8199999999999998
2023-03-09,5,-0.8300000000000001,-0.982721965684122,-0.9800000000000004
2023-03-16,5,-0.69,-0.8372564653352274,-0.8300000000000001
2023-03-23,5,-0.8299999999999996,-0.7043876946764742,-0.69
2023-03-30,5,-0.8199999999999998,-0.8382340930981673,-0.8299999999999996
2023-04-06,5,-0.8500000000000001,-0.8135819655186927,-0.8199999999999998
2023-04-13,5,-0.8199999999999998,-0.8573301700934183,-0.8500000000000001
2023-04-20,5,-0.7799999999999998,-0.8238181550479766,-0.8199999999999998
2023-04-27,5,-0.7599999999999998,-0.7852844904988899,-0.7799999999999998
2023-05-04,5,-0.8300000000000001,-0.7781447118969973,-0.7599999999999998
2023-05-11,5,-0.8999999999999999,-0.8495220420665983,-0.8300000000000001
2023-05-18,5,-0.9300000000000006,-0.898160580480746,-0.8999999999999999
2023-05-25,5,-1.04,-0.9239676307901722,-0.9300000000000006
2023-06-01,5,-1.1300000000000003,-1.0419040044919805,-1.04
2023-06-08,5,-1.16,-1.1380005867620882,-1.1300000000000003
2023-06-15,5,-1.29,-1.1680793001943037,-1.16
2023-06-22,5,-1.3000000000000005,-1.2847349738486316,-1.29
2023-06-29,5,-1.2599999999999998,-1.3009624210548265,-1.3000000000000005
2023-07-06,5,-1.2300000000000004,-1.2668631462785451,-1.2599999999999998
2023-07-13,5,-1.14,-1.2547530005842602,-1.2300000000000004
2023-07-20,5,-1.1599999999999997,-1.1664068612603193,-1.14
2023-07-27,5,-1.0099999999999998,-1.1666309905702457,-1.1599999999999997
2023-08-03,5,-1.04,-1.0464720769497402,-1.0099999999999998
2023-08-10,5,-1.0000000000000004,-1.0331956914030314,-1.04
2023-08-17,5,-1.0699999999999998,-1.0087473361136197,-1.0000000000000004
2023-08-24,5,-1.0799999999999996,-1.075070803741554,-1.0699999999999998
2023-08-31,5,-0.9700000000000002,-1.0825210885449223,-1.0799999999999996
2023-09-07,5,-1.0000000000000004,-0.9784872421571364,-0.9700000000000002
2023-09-14,5,-1.0,-1.0041104280886342,-1.0000000000000004
2023-09-21,5,-0.8500000000000005,-1.003004531382207,-1.0
2023-09-28,5,-0.6600000000000001,-0.8684998325752822,-0.8500000000000005
2023-10-05,5,-0.7800000000000002,-0.6868448739782166,-0.6600000000000001
2023-10-12,5,-0.7000000000000002,-0.768618992318492,-0.7800000000000002
2023-10-19,5,-0.6399999999999997,-0.7204822607003413,-0.7000000000000002
2023-10-26,5,-0.6999999999999997,-0.63877543576004,-0.6399999999999997
2023-11-02,5,-0.7200000000000002,-0.7001074934177882,-0.6999999999999997
2023-11-09,5,-0.7600000000000002,-0.7071806695016344,-0.7200000000000002
2023-11-16,5,-0.7199999999999998,-0.7625382230018747,-0.7600000000000002
2023-11-23,5,-0.6400000000000001,-0.7289515507332616,-0.7199999999999998
2023-11-30,5,-0.75,-0.6465377438468521,-0.6400000000000001
2023-12-07,5,-0.77,-0.7427351084529049,-0.75
2023-12-14,5,-0.8300000000000001,-0.7847888167849726,-0.77
2023-12-21,5,-0.81,-0.822682157200768,-0.8300000000000001
2023-12-28,5,-0.81,-0.8049195455638525,-0.81
2024-01-04,5,-0.7400000000000002,-0.8157247935009886,-0.81
2024-01-11,5,-0.5599999999999996,-0.75532509599447,-0.7400000000000002
2024-01-18,5,-0.5299999999999998,-0.5605159666439811,-0.5599999999999996
2024-01-25,5,-0.6800000000000002,-0.5487456994760574,-0.5299999999999998
2024-02-01,5,-0.6300000000000003,-0.672000424340265,-0.6800000000000002
2024-02-08,5,-0.7000000000000002,-0.6386271036824327,-0.6300000000000003
2024-02-15,5,-0.69,-0.7053616089842017,-0.7000000000000002
2024-02-22,5,-0.6999999999999997,-0.6849523532113545,-0.69
2024-02-29,5,-0.73,-0.7052555430544185,-0.6999999999999997
2024-03-07,5,-0.6999999999999997,-0.7255503312282924,-0.73
2024-03-14,5,-0.6400000000000006,-0.6992489386176995,-0.6999999999999997
2024-03-21,5,-0.7199999999999998,-0.6560940415563403,-0.6400000000000006
2024-03-28,5,-0.6500000000000004,-0.717051255008375,-0.7199999999999998
2024-04-04,5,-0.52,-0.6589874041705585,-0.6500000000000004
2024-04-11,5,-0.4900000000000002,-0.5350904398311829,-0.52
2024-04-18,5,-0.4899999999999997,-0.4993091595796982,-0.4900000000000002
2024-04-25,5,-0.52,-0.48593666821094134,-0.4899999999999997
2024-05-02,5,-0.5800000000000001,-0.5277407236736372,-0.52
2024-05-09,5,-0.6300000000000003,-0.5693696759283963,-0.5800000000000001
2024-05-16,5,-0.5899999999999999,-0.6294444155929089,-0.6300000000000003
2024-05-23,5,-0.5599999999999996,-0.59261082558977,-0.5899999999999999
2024-05-30,5,-0.54,-0.5716045911948042,-0.5599999999999996
2024-06-06,5,-0.54,-0.5301955860652668,-0.54
2024-06-13,5,-0.56,-0.5380750796459979,-0.54
2024-06-20,5,-0.5499999999999994,-0.5614401808549657,-0.56
2024-06-27,5,-0.4399999999999999,-0.5514622699198707,-0.5499999999999994
2024-07-04,5,-0.4199999999999999,-0.4507037840630645,-0.4399999999999999
2024-07-11,5,-0.33,-0.43154536080371325,-0.4199999999999999
2024-07-18,5,-0.2599999999999998,-0.34010868731707505,-0.33
2024-07-25,5,-0.25,-0.2566467080277517,-0.2599999999999998
2024-08-01,5,-0.1699999999999999,-0.24868711716683536,-0.25
2024-08-08,5,-0.2400000000000002,-0.1538133723931992,-0.1699999999999999
2024-08-15,5,-0.2299999999999999,-0.24226924421466578,-0.2400000000000002
2024-08-22,5,-0.1800000000000001,-0.23091910796416262,-0.2299999999999999
2024-08-29,5,-0.1599999999999997,-0.1763332880144795,-0.1800000000000001
2024-09-05,5,-0.0899999999999998,-0.16174134907954446,-0.1599999999999997
2024-09-12,5,0.0300000000000002,-0.075507825920223,-0.0899999999999998
2024-09-19,5,0.0399999999999995,0.02637819150767749,0.0300000000000002
2024-09-26,5,0.04,0.07949474852147805,0.0399999999999995
2024-10-03,5,0.04,0.040327949126685386,0.04
2024-10-10,5,0.1400000000000001,0.025785347848323717,0.04
2024-10-17,5,0.1600000000000001,0.14628445297757467,0.1400000000000001
2024-10-24,5,0.1500000000000003,0.1824112869730701,0.1600000000000001
2024-10-31,5,0.1500000000000003,0.17414201803823265,0.1500000000000003
2024-11-07,5,0.0999999999999996,0.14686378264351665,0.1500000000000003
2024-11-14,5,0.0699999999999998,0.11295633671578115,0.0999999999999996
2024-11-21,5,0.04,0.08487733272773387,0.0699999999999998
2024-11-28,5,0.04,0.035401306083655645,0.04
2024-12-05,5,0.1600000000000001,0.040741220281116354,0.04
2024-12-12,5,0.2599999999999998,0.18219132795945814,0.1600000000000001
2024-12-19,5,0.2600000000000002,0.2737803402008137,0.2599999999999998
2024-12-26,5,0.29,0.2763425792776948,0.2600000000000002
2025-01-02,5,0.3999999999999999,0.290792144851565,0.29
2025-01-09,5,0.3899999999999997,0.38730102912922526,0.3999999999999999
2025-01-16,5,0.3699999999999996,0.3759967451263504,0.3899999999999997
2025-01-23,5,0.3799999999999999,0.37248142860110744,0.3699999999999996
2025-01-30,5,0.3700000000000001,0.3965555787711052,0.3799999999999999
2025-02-06,5,0.3700000000000001,0.382863440213797,0.3700000000000001
2025-02-13,5,0.4000000000000003,0.36369544490811384,0.3700000000000001
2025-02-20,5,0.3400000000000003,0.395819945415714,0.4000000000000003
2025-02-27,5,0.4399999999999999,0.34350643456949526,0.3400000000000003
2025-03-06,5,0.48,0.4341498138986574,0.4399999999999999
2025-03-13,5,0.4700000000000002,0.4883095305457604,0.48
2025-03-20,5,0.54,0.47885907155857343,0.4700000000000002
2025-03-27,5,0.54,0.537111510686794,0.54
2025-04-03,5,0.6000000000000001,0.5284119940795685,0.54
2025-04-10,5,0.6099999999999999,0.6041697402439457,0.6000000000000001
2025-04-17,5,0.5900000000000003,0.5977668571218487,0.6099999999999999
2025-04-24,5,0.6000000000000001,0.5915360340688764,0.5900000000000003
2025-05-01,5,0.6200000000000001,0.5988442836884588,0.6000000000000001
2025-05-08,5,0.6300000000000003,0.6224412312305442,0.6200000000000001
2025-05-15,5,0.6599999999999997,0.6219710655218733,0.6300000000000003
2025-05-22,5,0.6099999999999999,0.6618799949625934,0.6599999999999997
2025-05-29,5,0.6299999999999999,0.6116813839978408,0.6099999999999999
2025-06-05,5,0.6499999999999999,0.6317781371217372,0.6299999999999999
2025-06-12,5,0.6499999999999999,0.6404349441122226,0.6499999999999999
2025-06-19,5,0.71,0.6493166325491166,0.6499999999999999
2025-06-26,5,0.69,0.6989707290423737,0.71
2025-07-03,5,0.71,0.6950306713609621,0.69
2025-07-10,5,0.7599999999999998,0.70316405853401,0.71
2025-07-17,5,0.7199999999999998,0.7571107891230431,0.7599999999999998
2025-07-24,5,0.6900000000000004,0.7221672920192848,0.7199999999999998
2025-07-31,5,0.7000000000000002,0.6903583054040745,0.6900000000000004
2025-08-07,5,0.7200000000000002,0.7043144256596013,0.7000000000000002
2025-08-14,5,0.75,0.7213879597741047,0.7200000000000002
2025-08-21,5,0.73,0.7450657483672144,0.75
2025-08-28,5,0.73,0.7301631719743522,0.73
2025-09-04,5,0.6600000000000001,0.7309786031866103,0.73
2025-09-11,5,0.71,0.6641417741113329,0.6600000000000001
2025-09-18,5,0.73,0.7283205501853367,0.71
2025-09-25,5,0.73,0.7606656682580496,0.73
2025-10-02,5,0.73,0.7217956495360796,0.73
2025-10-09,5,0.7000000000000002,0.7333291216608732,0.73
2025-10-16,5,0.6999999999999997,0.6979519661580602,0.7000000000000002
2025-10-23,5,0.71,0.7033119133251484,0.6999999999999997
2025-10-30,5,0.71,0.7289136407336307,0.71
2025-11-06,5,0.71,0.7396509483585761,0.71
2025-11-13,5,0.75,0.7105311246246496,0.71
2025-11-20,5,0.7200000000000002,0.7466569638519006,0.75
2025-11-27,5,0.7999999999999998,0.7204363701463993,0.7200000000000002
2025-12-04,5,0.7999999999999998,0.7939204584769298,0.7999999999999998
2025-12-11,5,0.81,0.7967081653448891,0.7999999999999998
2025-12-18,5,0.8300000000000001,0.8306832047136201,0.81
2025-12-25,5,0.8399999999999999,0.8294434573133498,0.8300000000000001
2026-01-01,5,0.8300000000000001,0.8360308785913041,0.8399999999999999
2026-01-08,5,0.8200000000000003,0.8311118320916617,0.8300000000000001
2026-01-15,5,0.8399999999999999,0.8190288552222191,0.8200000000000003
2026-01-22,5,0.8400000000000003,0.835351244443199,0.8399999999999999
2026-01-29,5,0.8500000000000001,0.8355934294639052,0.8400000000000003
2026-02-05,5,0.7899999999999996,0.8480486425276913,0.8500000000000001
2026-02-12,5,0.7800000000000002,0.7926260258100059,0.7899999999999996
2026-02-19,5,0.7399999999999998,0.7816788074673244,0.7800000000000002
2026-02-26,5,0.7599999999999998,0.7422130051174601,0.7399999999999998
2026-03-05,5,0.7000000000000002,0.7623229654022632,0.7599999999999998
2026-03-12,5,0.6000000000000001,0.7117928634402823,0.7000000000000002
2026-03-19,5,0.5899999999999999,0.6084387438076199,0.6000000000000001
2026-03-26,5,0.6700000000000004,0.5727887820691898,0.5899999999999999
2026-04-02,5,0.6699999999999999,0.6639931343026724,0.6700000000000004
2026-04-09,5,0.7000000000000002,0.6634832567227942,0.6699999999999999
2026-04-16,5,0.6299999999999999,0.7011966236956402,0.7000000000000002
2026-04-23,5,0.6000000000000001,0.6364688349626023,0.6299999999999999
2026-04-30,5,0.5899999999999999,0.603065413767334,0.6000000000000001
2026-05-07,5,0.6000000000000001,0.5875182283431859,0.5899999999999999
2026-05-14,5,0.6299999999999999,0.6024836969754929,0.6000000000000001
2026-05-21,5,0.6000000000000001,0.6233415659632041,0.6299999999999999
2026-05-28,5,0.6300000000000003,0.595177415227702,0.6000000000000001
2012-01-19,20,0.9599999999999996,0.9151063947052278,0.98
2012-01-26,20,0.9599999999999996,0.9518205770149251,1.01
2012-02-02,20,0.8999999999999999,0.9245596100691497,0.95
2012-02-09,20,0.8399999999999999,0.9085409805533303,0.9999999999999998
2012-02-16,20,0.94,0.9362854393083485,0.9599999999999996
2012-02-23,20,0.9600000000000002,0.932958111245865,0.9599999999999996
2012-03-01,20,0.9000000000000001,0.8794284421449163,0.8999999999999999
2012-03-08,20,0.8799999999999999,0.7951395688296506,0.8399999999999999
2012-03-15,20,0.8199999999999998,0.839375366743977,0.94
2012-03-22,20,0.71,0.8892437576454952,0.9600000000000002
2012-03-29,20,0.6799999999999997,0.9049532843098458,0.9000000000000001
2012-04-05,20,0.7,0.862958707276119,0.8799999999999999
2012-04-12,20,0.75,0.8025392868454023,0.8199999999999998
2012-04-19,20,0.6599999999999999,0.7112510898266488,0.71
2012-04-26,20,0.7200000000000002,0.6716988830374552,0.6799999999999997
2012-05-03,20,0.6799999999999999,0.6377931978828129,0.7
2012-05-10,20,0.76,0.676951449896423,0.75
2012-05-17,20,0.75,0.6302354389954858,0.6599999999999999
2012-05-24,20,0.7,0.6364860526891064,0.7200000000000002
2012-05-31,20,0.72,0.6436591541306232,0.6799999999999999
2012-06-07,20,0.7,0.6995879981960901,0.76
2012-06-14,20,0.6599999999999999,0.6935931345462798,0.75
2012-06-21,20,0.6699999999999999,0.6705536355800592,0.7
2012-06-28,20,0.6299999999999999,0.6892739293388601,0.72
2012-07-05,20,0.6099999999999999,0.6861796444489487,0.7
2012-07-12,20,0.6500000000000001,0.6098647242147055,0.6599999999999999
2012-07-19,20,0.72,0.629593429831824,0.6699999999999999
2012-07-26,20,0.6900000000000002,0.6360666518231353,0.6299999999999999
2012-08-02,20,0.6400000000000001,0.5591503173163931,0.6099999999999999
2012-08-09,20,0.6800000000000002,0.5984581634629963,0.6500000000000001
2012-08-16,20,0.71,0.6617058518284356,0.72
2012-08-23,20,0.7100000000000002,0.6538548294653851,0.6900000000000002
2012-08-30,20,0.6499999999999999,0.6231736467826182,0.6400000000000001
2012-09-06,20,0.6699999999999999,0.5990793910225592,0.6800000000000002
2012-09-13,20,0.6600000000000001,0.6328211815627826,0.71
2012-09-20,20,0.7699999999999998,0.6651761031926592,0.7100000000000002
2012-09-27,20,0.75,0.6495845422601076,0.6499999999999999
2012-10-04,20,0.71,0.6434698285764171,0.6699999999999999
2012-10-11,20,0.6499999999999999,0.5963616512828066,0.6600000000000001
2012-10-18,20,0.6499999999999999,0.6947393747712097,0.7699999999999998
2012-10-25,20,0.6599999999999999,0.701491170967788,0.75
2012-11-01,20,0.6199999999999999,0.6655549523482035,0.71
2012-11-08,20,0.6499999999999999,0.6293647532193654,0.6499999999999999
2012-11-15,20,0.6799999999999999,0.620221274662813,0.6499999999999999
2012-11-22,20,0.7100000000000002,0.6044520586909417,0.6599999999999999
2012-11-29,20,0.6500000000000001,0.5954634014029649,0.6199999999999999
2012-12-06,20,0.73,0.6081864660658235,0.6499999999999999
2012-12-13,20,0.77,0.6195616259038363,0.6799999999999999
2012-12-20,20,0.75,0.6484358999147811,0.7100000000000002
2012-12-27,20,0.7699999999999998,0.6264834482975798,0.6500000000000001
2013-01-03,20,0.8300000000000001,0.6647098864115337,0.73
2013-01-10,20,0.8400000000000001,0.7270473342641425,0.77
2013-01-17,20,0.8700000000000001,0.7302215995643871,0.75
2013-01-24,20,0.8699999999999999,0.7180815163143929,0.7699999999999998
2013-01-31,20,0.8800000000000001,0.7615339726285361,0.8300000000000001
2013-02-07,20,0.92,0.8193665301327157,0.8400000000000001
2013-02-14,20,0.95,0.8392706913589376,0.8700000000000001
2013-02-21,20,0.8400000000000001,0.8223998751239759,0.8699999999999999
2013-02-28,20,0.76,0.8484565041246486,0.8800000000000001
2013-03-07,20,0.8,0.8697271160017541,0.92
2013-03-14,20,0.8,0.9017013976570842,0.95
2013-03-21,20,0.76,0.8479830017500354,0.8400000000000001
2013-03-28,20,0.79,0.7694040286228274,0.76
2013-04-04,20,0.7599999999999999,0.7953544906740501,0.8
2013-04-11,20,0.8300000000000001,0.751037237198249,0.8
2013-04-18,20,0.8699999999999999,0.7325297990960896,0.76
2013-04-25,20,0.92,0.7572533514157312,0.79
2013-05-02,20,0.9899999999999998,0.7439594295866895,0.7599999999999999
2013-05-09,20,0.99,0.7848292619631464,0.8300000000000001
2013-05-16,20,1.02,0.8723553927861194,0.8699999999999999
2013-05-23,20,1.14,0.9171764240114697,0.92
2013-05-30,20,1.22,0.9668696495945901,0.9899999999999998
2013-06-06,20,1.2300000000000002,0.9502341542620639,0.99
2013-06-13,20,1.31,0.9885515887411551,1.02
2013-06-20,20,1.3099999999999998,1.1122140213445832,1.14
2013-06-27,20,1.31,1.1996697710688593,1.22
2013-07-04,20,1.36,1.2380420638368952,1.2300000000000002
2013-07-11,20,1.3500000000000003,1.2739957051117643,1.31
2013-07-18,20,1.4700000000000002,1.3233289051042512,1.3099999999999998
2013-07-25,20,1.5400000000000005,1.2862825729798069,1.31
2013-08-01,20,1.41,1.3498101406936165,1.36
2013-08-08,20,1.5099999999999998,1.3376521547584057,1.3500000000000003
2013-08-15,20,1.4999999999999998,1.4329134532295391,1.4700000000000002
2013-08-22,20,1.4800000000000002,1.5503949430727897,1.5400000000000005
2013-08-29,20,1.36,1.4245187753198842,1.41
2013-09-05,20,1.36,1.4762321303088244,1.5099999999999998
2013-09-12,20,1.38,1.509682791111791,1.4999999999999998
2013-09-19,20,1.38,1.450667904961389,1.4800000000000002
2013-09-26,20,1.3299999999999998,1.3426154991232382,1.36
2013-10-03,20,1.3199999999999998,1.3371515700545449,1.36
2013-10-10,20,1.42,1.3615984587979617,1.38
2013-10-17,20,1.46,1.3486517534492988,1.38
2013-10-24,20,1.5499999999999998,1.3304088681360564,1.3299999999999998
2013-10-31,20,1.45,1.3176736814427765,1.3199999999999998
2013-11-07,20,1.59,1.4059910166748564,1.42
2013-11-14,20,1.56,1.4602725658304325,1.46
2013-11-21,20,1.5600000000000005,1.535047023765033,1.5499999999999998
2013-11-28,20,1.5900000000000003,1.444155830523353,1.45
2013-12-05,20,1.6100000000000003,1.548579220870723,1.59
2013-12-12,20,1.58,1.5682237130596948,1.56
2013-12-19,20,1.48,1.555909914028131,1.5600000000000005
2013-12-26,20,1.4400000000000002,1.5977212102546974,1.5900000000000003
2014-01-02,20,1.4,1.6301150356714844,1.6100000000000003
2014-01-09,20,1.4500000000000002,1.59725140198823,1.58
2014-01-16,20,1.4300000000000002,1.488656260173675,1.48
2014-01-23,20,1.44,1.4240850189223937,1.4400000000000002
2014-01-30,20,1.4200000000000002,1.394150143385437,1.4
2014-02-06,20,1.45,1.4324497391278634,1.4500000000000002
2014-02-13,20,1.37,1.427148944262796,1.4300000000000002
2014-02-20,20,1.43,1.4374037111277223,1.44
2014-02-27,20,1.37,1.4064547009311608,1.4200000000000002
2014-03-06,20,1.44,1.4195996063453071,1.45
2014-03-13,20,1.38,1.360385494234219,1.37
2014-03-20,20,1.38,1.4212749899818093,1.43
2014-03-27,20,1.35,1.3677110743879863,1.37
2014-04-03,20,1.3099999999999998,1.421972357988879,1.44
2014-04-10,20,1.3,1.3826296966983902,1.38
2014-04-17,20,1.2299999999999998,1.3416991058892616,1.38
2014-04-24,20,1.2699999999999998,1.3210198940646045,1.35
2014-05-01,20,1.2,1.304528164514783,1.3099999999999998
2014-05-08,20,1.27,1.2990473436571273,1.3
2014-05-15,20,1.2299999999999998,1.2210147984112023,1.2299999999999998
2014-05-22,20,1.2,1.2342168765386883,1.2699999999999998
2014-05-29,20,1.13,1.1926198516846465,1.2
2014-06-05,20,1.19,1.2469804599512224,1.27
2014-06-12,20,1.11,1.2325962974447084,1.2299999999999998
2014-06-19,20,1.07,1.1756343316340543,1.2
2014-06-26,20,1.06,1.1062625164070379,1.13
2014-07-03,20,1.06,1.1661849034285758,1.19
2014-07-10,20,0.9999999999999998,1.1243761324855548,1.11
2014-07-17,20,0.9899999999999998,1.052605998495404,1.07
2014-07-24,20,0.99,1.0438259218224577,1.06
2014-07-31,20,0.8999999999999999,1.0524033816217595,1.06
2014-08-07,20,1.0,0.9869222928101864,0.9999999999999998
2014-08-14,20,1.0600000000000005,0.9601043752898283,0.9899999999999998
2014-08-21,20,1.11,0.9795650576485174,0.99
2014-08-28,20,1.0299999999999998,0.886905603115402,0.8999999999999999
2014-09-04,20,1.0,0.9693418803379367,1.0
2014-09-11,20,0.9699999999999998,1.0512247236756957,1.0600000000000005
2014-09-18,20,1.0099999999999998,1.1025808283904466,1.11
2014-09-25,20,1.0,1.028168938599869,1.0299999999999998
2014-10-02,20,1.0099999999999998,0.9685681660670044,1.0
2014-10-09,20,1.06,0.9478901086250963,0.9699999999999998
2014-10-16,20,1.03,0.9752564555913462,1.0099999999999998
2014-10-23,20,1.01,0.9707064808810367,1.0
2014-10-30,20,0.91,0.9941252275295418,1.0099999999999998
2014-11-06,20,0.8999999999999999,1.0474572640648012,1.06
2014-11-13,20,0.81,1.0233991320241174,1.03
2014-11-20,20,0.8400000000000001,0.9814826577711472,1.01
2014-11-27,20,0.8399999999999999,0.8910239201055511,0.91
2014-12-04,20,0.78,0.8627604305727771,0.8999999999999999
2014-12-11,20,0.73,0.7812432966096539,0.81
2014-12-18,20,0.6699999999999999,0.8045623261436996,0.8400000000000001
2014-12-25,20,0.8699999999999999,0.8073863759592668,0.8399999999999999
2015-01-01,20,0.9200000000000002,0.8200142627713635,0.78
2015-01-08,20,0.9200000000000002,0.7069582323550628,0.73
2015-01-15,20,0.97,0.5811716676611702,0.6699999999999999
2015-01-22,20,1.03,0.8112285467223397,0.8699999999999999
2015-01-29,20,0.8600000000000001,0.9299885983237742,0.9200000000000002
2015-02-05,20,0.9,0.9181918491651725,0.9200000000000002
2015-02-12,20,0.92,0.914682733025449,0.97
2015-02-19,20,0.8400000000000001,1.0201842166501547,1.03
2015-02-26,20,0.85,0.8728609043433557,0.8600000000000001
2015-03-05,20,0.8200000000000001,0.8936035757179082,0.9
2015-03-12,20,0.8600000000000001,0.8937185760301892,0.92
2015-03-19,20,0.7900000000000001,0.8345641924228876,0.8400000000000001
2015-03-26,20,0.82,0.8286975259488717,0.85
2015-04-02,20,0.91,0.8102538866168373,0.8200000000000001
2015-04-09,20,1.06,0.835638437869496,0.8600000000000001
2015-04-16,20,1.13,0.7698284677348047,0.7900000000000001
2015-04-23,20,1.08,0.781643475816188,0.82
2015-04-30,20,1.04,0.9195173666469106,0.91
2015-05-07,20,1.16,1.044982159806997,1.06
2015-05-14,20,1.15,1.0901364456501417,1.13
2015-05-21,20,1.17,1.0754140589355852,1.08
2015-05-28,20,1.2000000000000002,1.0158103273002275,1.04
2015-06-04,20,1.26,1.1355362661016228,1.16
2015-06-11,20,1.13,1.1436262757197238,1.15
2015-06-18,20,1.15,1.1630143689419656,1.17
2015-06-25,20,1.08,1.1798770506064071,1.2000000000000002
2015-07-02,20,1.04,1.2464563754049112,1.26
2015-07-09,20,1.0,1.1024509496531487,1.13
2015-07-16,20,0.99,1.1743761214296617,1.15
2015-07-23,20,0.94,1.0763249073963923,1.08
2015-07-30,20,1.0499999999999998,1.0303419955616786,1.04
2015-08-06,20,1.03,0.98054915990598,1.0
2015-08-13,20,1.03,0.963278008806154,0.99
2015-08-20,20,1.05,0.9298369629592664,0.94
2015-08-27,20,0.95,1.0246574112935083,1.0499999999999998
2015-09-03,20,0.91,1.0284051418857159,1.03
2015-09-10,20,0.96,0.9954047828573359,1.03
2015-09-17,20,0.91,1.0347463417039227,1.05
2015-09-24,20,0.93,0.9372962511960826,0.95
2015-10-01,20,0.98,0.9114208569837352,0.91
2015-10-08,20,1.02,0.965485013585881,0.96
2015-10-15,20,1.0499999999999998,0.9160113793256542,0.91
2015-10-22,20,1.0,0.9213499037702078,0.93
2015-10-29,20,0.95,0.9604575164676176,0.98
2015-11-05,20,0.97,1.010303647826675,1.02
2015-11-12,20,0.94,1.0195045597088417,1.0499999999999998
2015-11-19,20,0.91,0.9890418198762267,1.0
2015-11-26,20,0.8800000000000001,0.9411130071200757,0.95
2015-12-03,20,0.91,0.9286794408298026,0.97
2015-12-10,20,0.91,0.8833440182469541,0.94
2015-12-17,20,0.91,0.7512965554547784,0.91
2015-12-24,20,0.81,0.6179148097652708,0.8800000000000001
2015-12-31,20,0.81,0.9754094517514088,0.91
2016-01-07,20,0.7699999999999999,0.9496384832248878,0.91
2016-01-14,20,0.64,0.75830247305755,0.91
2016-01-21,20,0.6800000000000002,0.7837779126257485,0.81
2016-01-28,20,0.6399999999999999,0.8136099118716541,0.81
2016-02-04,20,0.71,0.7985777757712835,0.7699999999999999
2016-02-11,20,0.74,0.642928205198149,0.64
2016-02-18,20,0.76,0.6603409190768887,0.6800000000000002
2016-02-25,20,0.71,0.6535774313295092,0.6399999999999999
2016-03-03,20,0.69,0.7137691247937189,0.71
2016-03-10,20,0.6299999999999999,0.733746107426141,0.74
2016-03-17,20,0.6900000000000001,0.7573012147438736,0.76
2016-03-24,20,0.83,0.7149477853811324,0.71
2016-03-31,20,0.8099999999999999,0.6991137154822045,0.69
2016-04-07,20,0.7800000000000001,0.6450498464056728,0.6299999999999999
2016-04-14,20,0.76,0.6503731422634215,0.6900000000000001
2016-04-21,20,0.7200000000000001,0.8395175352453238,0.83
2016-04-28,20,0.7100000000000001,0.8157786497960078,0.8099999999999999
2016-05-05,20,0.68,0.7870004045500731,0.7800000000000001
2016-05-12,20,0.6699999999999999,0.7261043763940357,0.76
2016-05-19,20,0.5900000000000001,0.6944649087965851,0.7200000000000001
2016-05-26,20,0.68,0.6725333522852036,0.7100000000000001
2016-06-02,20,0.54,0.6757186653581151,0.68
2016-06-09,20,0.51,0.6820033946590797,0.6699999999999999
2016-06-16,20,0.51,0.5958829975126405,0.5900000000000001
2016-06-23,20,0.5300000000000001,0.6368860330233769,0.68
2016-06-30,20,0.4800000000000001,0.5584915152468986,0.54
2016-07-07,20,0.51,0.48794288014303044,0.51
2016-07-14,20,0.5,0.4741733330593364,0.51
2016-07-21,20,0.4700000000000001,0.5037897936755993,0.5300000000000001
2016-07-28,20,0.4800000000000001,0.45149635979978975,0.4800000000000001
2016-08-04,20,0.4399999999999999,0.516951993057293,0.51
2016-08-11,20,0.5200000000000001,0.48205713084227125,0.5
2016-08-18,20,0.63,0.4736650522761241,0.4700000000000001
2016-08-25,20,0.5300000000000001,0.46762587257161786,0.4800000000000001
2016-09-01,20,0.4599999999999999,0.4126724058476096,0.4399999999999999
2016-09-08,20,0.57,0.49201827909953416,0.5200000000000001
2016-09-15,20,0.58,0.60332618940238,0.63
2016-09-22,20,0.6199999999999999,0.5181689583423779,0.5300000000000001
2016-09-29,20,0.65,0.4489969279832482,0.4599999999999999
2016-10-06,20,0.6599999999999999,0.5468686785022004,0.57
2016-10-13,20,0.8099999999999999,0.5407108687435981,0.58
2016-10-20,20,0.88,0.6064777084178972,0.6199999999999999
2016-10-27,20,0.91,0.6210540072820941,0.65
2016-11-03,20,0.91,0.6259119586121507,0.6599999999999999
2016-11-10,20,0.93,0.7649281653542129,0.8099999999999999
2016-11-17,20,1.02,0.8496891945433903,0.88
2016-11-24,20,0.99,0.8959992305013643,0.91
2016-12-01,20,0.96,0.9061094632556043,0.91
2016-12-08,20,0.95,0.9260169084026572,0.93
2016-12-15,20,0.8799999999999999,0.9613093588422512,1.02
2016-12-22,20,0.96,0.8402288355592382,0.99
2016-12-29,20,1.0,0.9382991120060372,0.96
2017-01-05,20,0.99,0.9732403135999732,0.95
2017-01-12,20,0.93,0.8709908815894291,0.8799999999999999
2017-01-19,20,0.95,0.9453207749535835,0.96
2017-01-26,20,0.91,0.9921187300138975,1.0
2017-02-02,20,0.92,0.9953520024270118,0.99
2017-02-09,20,0.99,0.9108886098946957,0.93
2017-02-16,20,0.98,0.9322620856313913,0.95
2017-02-23,20,0.92,0.9062538946826186,0.91
2017-03-02,20,0.8899999999999999,0.8937093999359846,0.92
2017-03-09,20,0.8300000000000001,0.947073100705324,0.99
2017-03-16,20,0.76,0.9110000820781274,0.98
2017-03-23,20,0.74,0.8252305403900662,0.92
2017-03-30,20,0.8400000000000001,0.8722801763465701,0.8899999999999999
2017-04-06,20,0.85,0.8213796673734427,0.8300000000000001
2017-04-13,20,0.9000000000000001,0.7416084002554852,0.76
2017-04-20,20,0.7699999999999999,0.734511485935145,0.74
2017-04-27,20,0.74,0.7989156882851929,0.8400000000000001
2017-05-04,20,0.73,0.8365368525839134,0.85
2017-05-11,20,0.71,0.8819749935758744,0.9000000000000001
2017-05-18,20,0.62,0.7838490600105541,0.7699999999999999
2017-05-25,20,0.57,0.7476152528301887,0.74
2017-06-01,20,0.6199999999999999,0.7337766192385954,0.73
2017-06-08,20,0.7000000000000002,0.6949519423843763,0.71
2017-06-15,20,0.7,0.5400338549418222,0.62
2017-06-22,20,0.6399999999999999,0.4469931355541753,0.57
2017-06-29,20,0.7,0.6103760510165145,0.6199999999999999
2017-07-06,20,0.6499999999999999,0.7114106190818006,0.7000000000000002
2017-07-13,20,0.6300000000000001,0.6717233701603387,0.7
2017-07-20,20,0.6200000000000001,0.6785724592023414,0.6399999999999999
2017-07-27,20,0.6199999999999999,0.6977988656348069,0.7
2017-08-03,20,0.5800000000000001,0.6504428154638191,0.6499999999999999
2017-08-10,20,0.47,0.6053729973814026,0.6300000000000001
2017-08-17,20,0.4899999999999997,0.6082597510352158,0.6200000000000001
2017-08-24,20,0.53,0.6221978526570041,0.6199999999999999
2017-08-31,20,0.5800000000000001,0.5990986101514918,0.5800000000000001
2017-09-07,20,0.5800000000000001,0.44228640856988666,0.47
2017-09-14,20,0.52,0.4949738543860501,0.4899999999999997
2017-09-21,20,0.53,0.5095752865758587,0.53
2017-09-28,20,0.5799999999999998,0.5518548105566329,0.5800000000000001
2017-10-05,20,0.55,0.5614102660990018,0.5800000000000001
2017-10-12,20,0.48,0.5086145267498547,0.52
2017-10-19,20,0.49,0.5174004884711113,0.53
2017-10-26,20,0.4599999999999999,0.5485883393669296,0.5799999999999998
2017-11-02,20,0.4599999999999999,0.5175632385139769,0.55
2017-11-09,20,0.3600000000000001,0.4698988087656048,0.48
2017-11-16,20,0.29,0.47413654063253274,0.49
2017-11-23,20,0.3499999999999998,0.4464189447210073,0.4599999999999999
2017-11-30,20,0.3399999999999998,0.4563443329856669,0.4599999999999999
2017-12-07,20,0.3800000000000001,0.3424700578710192,0.3600000000000001
2017-12-14,20,0.4099999999999999,0.2203764047768521,0.29
2017-12-21,20,0.4199999999999999,0.2542199819244895,0.3499999999999998
2017-12-28,20,0.4400000000000001,0.3335958846299928,0.3399999999999998
2018-01-04,20,0.51,0.38727730474178557,0.3800000000000001
2018-01-11,20,0.5299999999999998,0.3915876678213677,0.4099999999999999
2018-01-18,20,0.53,0.3933733025268197,0.4199999999999999
2018-01-25,20,0.4999999999999998,0.4439334902392113,0.4400000000000001
2018-02-01,20,0.4099999999999999,0.5019456197755462,0.51
2018-02-08,20,0.4499999999999999,0.5010322345232313,0.5299999999999998
2018-02-15,20,0.3900000000000001,0.5051823922480981,0.53
2018-02-22,20,0.3499999999999998,0.4836593629456999,0.4999999999999998
2018-03-01,20,0.3199999999999998,0.37993485423360257,0.4099999999999999
2018-03-08,20,0.3700000000000001,0.4183777649692599,0.4499999999999999
2018-03-15,20,0.3900000000000001,0.37122661298873283,0.3900000000000001
2018-03-22,20,0.4099999999999999,0.3081383806526954,0.3499999999999998
2018-03-29,20,0.4400000000000001,0.27154728175964377,0.3199999999999998
2018-04-05,20,0.4099999999999999,0.35998966570503843,0.3700000000000001
2018-04-12,20,0.4299999999999999,0.39457697928228685,0.3900000000000001
2018-04-19,20,0.4599999999999999,0.4035316966143414,0.4099999999999999
2018-04-26,20,0.4200000000000001,0.3995242035566456,0.4400000000000001
2018-05-03,20,0.33,0.3826533705509269,0.4099999999999999
2018-05-10,20,0.3700000000000001,0.41713393893352574,0.4299999999999999
2018-05-17,20,0.3400000000000001,0.44756417422033856,0.4599999999999999
2018-05-24,20,0.32,0.40083393054264627,0.4200000000000001
2018-05-31,20,0.2799999999999998,0.3149050864315437,0.33
2018-06-07,20,0.2300000000000002,0.3396408293310992,0.3700000000000001
2018-06-14,20,0.2200000000000002,0.3174493540977591,0.3400000000000001
2018-06-21,20,0.1799999999999999,0.26602640022473145,0.32
2018-06-28,20,0.2299999999999999,0.2494162668224427,0.2799999999999998
2018-07-05,20,0.2799999999999998,0.233090027144968,0.2300000000000002
2018-07-12,20,0.2200000000000002,0.20359166478838697,0.2200000000000002
2018-07-19,20,0.1699999999999999,0.17006900578225473,0.1799999999999999
2018-07-26,20,0.1299999999999999,0.21666119975515355,0.2299999999999999
2018-08-02,20,0.1699999999999999,0.28450185681709694,0.2799999999999998
2018-08-09,20,0.1699999999999999,0.21286644490468248,0.2200000000000002
2018-08-16,20,0.1799999999999997,0.144429669356606,0.1699999999999999
2018-08-23,20,0.2399999999999997,0.11350762640545338,0.1299999999999999
2018-08-30,20,0.2200000000000002,0.16759852923871105,0.1699999999999999
2018-09-06,20,0.25,0.14741757619253976,0.1699999999999999
2018-09-13,20,0.2200000000000002,0.15957718184217162,0.1799999999999997
2018-09-20,20,0.1800000000000001,0.24194009955908916,0.2399999999999997
2018-09-27,20,0.1400000000000001,0.19155164999829305,0.2200000000000002
2018-10-04,20,0.1600000000000001,0.21050284193203345,0.25
2018-10-11,20,0.1800000000000001,0.20577175911441506,0.2200000000000002
2018-10-18,20,0.1399999999999996,0.16092559471165663,0.1800000000000001
2018-10-25,20,0.1199999999999996,0.11480823592083798,0.1400000000000001
2018-11-01,20,0.1099999999999998,0.15525646916472569,0.1600000000000001
2018-11-08,20,0.09,0.15972700972956014,0.1800000000000001
2018-11-15,20,0.0899999999999998,0.1194030249077865,0.1399999999999996
2018-11-22,20,0.08,0.10349631458584503,0.1199999999999996
2018-11-29,20,0.09,0.09084460697307128,0.1099999999999998
2018-12-06,20,0.06,0.0662345583297354,0.09
2018-12-13,20,0.07,0.07090710569823636,0.0899999999999998
2018-12-20,20,0.09,0.03787045376417579,0.08
2018-12-27,20,0.0699999999999998,0.035335035306277386,0.09
2019-01-03,20,0.1099999999999998,0.04474739126137601,0.06
2019-01-10,20,0.1100000000000001,0.08715947215669542,0.07
2019-01-17,20,0.1099999999999998,0.08570943377001508,0.09
2019-01-24,20,0.1199999999999998,0.04713618014845605,0.0699999999999998
2019-01-31,20,0.1599999999999999,0.10191014597064997,0.1099999999999998
2019-02-07,20,0.1399999999999999,0.10805922567861379,0.1100000000000001
2019-02-14,20,0.1,0.08579295312489071,0.1099999999999998
2019-02-21,20,0.0699999999999998,0.1123314168613267,0.1199999999999998
2019-02-28,20,0.06,0.1553275224484758,0.1599999999999999
2019-03-07,20,0.1099999999999998,0.10712336435619402,0.1399999999999999
2019-03-14,20,0.1299999999999999,0.07648323439821993,0.1
2019-03-21,20,0.1499999999999999,0.058586261264196304,0.0699999999999998
2019-03-28,20,0.1499999999999999,0.04616124219378723,0.06
2019-04-04,20,0.1399999999999999,0.09796829265310224,0.1099999999999998
2019-04-11,20,0.0999999999999998,0.11848770788648925,0.1299999999999999
2019-04-18,20,0.0899999999999998,0.1321156986036509,0.1499999999999999
2019-04-25,20,0.0599999999999998,0.12574073321894483,0.1499999999999999
2019-05-02,20,0.03,0.1318614408810671,0.1399999999999999
2019-05-09,20,0.08,0.09820211630422133,0.0999999999999998
2019-05-16,20,0.05,0.07912672288010937,0.0899999999999998
2019-05-23,20,0.05,0.04933689816928742,0.0599999999999998
2019-05-30,20,0.03,0.016847293080247946,0.03
2019-06-06,20,-0.05,0.08472402520501258,0.08
2019-06-13,20,0.02,0.060504457932347974,0.05
2019-06-20,20,0.05,0.04371409945561766,0.05
2019-06-27,20,0.02,0.03588165509206002,0.03
2019-07-04,20,-0.08,-0.05512109748451882,-0.05
2019-07-11,20,-0.1200000000000001,-0.006863346046605358,0.02
2019-07-18,20,-0.1999999999999999,0.030400636019484714,0.05
2019-07-25,20,-0.1799999999999999,0.003598304315220638,0.02
2019-08-01,20,-0.1900000000000001,-0.08662906181986366,-0.08
2019-08-08,20,-0.1899999999999999,-0.10359991696996468,-0.1200000000000001
2019-08-15,20,-0.1500000000000001,-0.21220524887558298,-0.1999999999999999
2019-08-22,20,-0.1700000000000001,-0.19630117031175381,-0.1799999999999999
2019-08-29,20,-0.2099999999999999,-0.2009966796830079,-0.1900000000000001
2019-09-05,20,-0.1699999999999999,-0.1985759450488383,-0.1899999999999999
2019-09-12,20,-0.1300000000000001,-0.16302864653608895,-0.1500000000000001
2019-09-19,20,-0.0899999999999998,-0.18626140974861172,-0.1700000000000001
2019-09-26,20,-0.1099999999999998,-0.18952400852047577,-0.2099999999999999
2019-10-03,20,-0.1,-0.18451769693215556,-0.1699999999999999
2019-10-10,20,-0.0199999999999997,-0.13544211521445781,-0.1300000000000001
2019-10-17,20,-0.06,-0.10110081826669794,-0.0899999999999998
2019-10-24,20,-0.08,-0.10853099271595174,-0.1099999999999998
2019-10-31,20,-0.1300000000000001,-0.10315996561950215,-0.1
2019-11-07,20,-0.0799999999999998,-0.016551763856289415,-0.0199999999999997
2019-11-14,20,-0.04,-0.07627875406193392,-0.06
2019-11-21,20,-0.04,-0.09812328963601055,-0.08
2019-11-28,20,-0.0599999999999998,-0.14321902112785953,-0.1300000000000001
2019-12-05,20,-0.0399999999999998,-0.09413447722735946,-0.0799999999999998
2019-12-12,20,-0.0299999999999998,-0.049397562393631994,-0.04
2019-12-19,20,-0.0899999999999998,-0.051838476755132715,-0.04
2019-12-26,20,-0.09,-0.07370033836702485,-0.0599999999999998
2020-01-02,20,-0.1499999999999999,-0.04035060572076617,-0.0399999999999998
2020-01-09,20,-0.1199999999999998,-0.03529553363726809,-0.0299999999999998
2020-01-16,20,-0.1200000000000001,-0.10734763490512683,-0.0899999999999998
2020-01-23,20,-0.1499999999999999,-0.11184105664401814,-0.09
2020-01-30,20,-0.09,-0.1725780517225515,-0.1499999999999999
2020-02-06,20,0.0499999999999999,-0.14708215229437893,-0.1199999999999998
2020-02-13,20,0.17,-0.13810805615861937,-0.1200000000000001
2020-02-20,20,0.37,-0.15826107350863955,-0.1499999999999999
2020-02-27,20,0.25,-0.10658878823194903,-0.09
2020-03-05,20,0.24,0.07491147524475618,0.0499999999999999
2020-03-12,20,0.37,0.16939924660479752,0.17
2020-03-19,20,0.2799999999999999,0.29382454438883904,0.37
2020-03-26,20,0.2699999999999999,0.335423535596889,0.25
2020-04-02,20,0.24,0.22922535775583555,0.24
2020-04-09,20,0.27,0.4915114822587248,0.37
2020-04-16,20,0.26,0.2881578378068116,0.2799999999999999
2020-04-23,20,0.25,0.2527447364918612,0.2699999999999999
2020-04-30,20,0.26,0.2397566739608677,0.24
2020-05-07,20,0.35,0.25098758595443454,0.27
2020-05-14,20,0.25,0.24149017021690627,0.26
2020-05-21,20,0.22,0.24641458704814279,0.25
2020-05-28,20,0.22,0.26460312262128877,0.26
2020-06-04,20,0.2700000000000001,0.360580335216186,0.35
2020-06-11,20,0.25,0.25472469938870207,0.25
2020-06-18,20,0.2299999999999999,0.20227793153875817,0.22
2020-06-25,20,0.2299999999999999,0.20035248442753353,0.22
2020-07-02,20,0.19,0.2625773386300113,0.2700000000000001
2020-07-09,20,0.2,0.24986519373153424,0.25
2020-07-16,20,0.33,0.2222407523264129,0.2299999999999999
2020-07-23,20,0.28,0.2334659260925537,0.2299999999999999
2020-07-30,20,0.37,0.1898969505568898,0.19
2020-08-06,20,0.28,0.19738673349917077,0.2
2020-08-13,20,0.3,0.3249307740527548,0.33
2020-08-20,20,0.3099999999999999,0.280532101077611,0.28
2020-08-27,20,0.3,0.3566413780941731,0.37
2020-09-03,20,0.31,0.28010123631546047,0.28
2020-09-10,20,0.3399999999999999,0.2801844942594433,0.3
2020-09-17,20,0.3399999999999999,0.29543136488778815,0.3099999999999999
2020-09-24,20,0.41,0.27553376115619044,0.3
2020-10-01,20,0.38,0.28919313580186146,0.31
2020-10-08,20,0.36,0.33184416588456594,0.3399999999999999
2020-10-15,20,0.4599999999999999,0.3390802273950634,0.3399999999999999
2020-10-22,20,0.41,0.39917181639053717,0.41
2020-10-29,20,0.4299999999999999,0.36070959888050036,0.38
2020-11-05,20,0.48,0.3508133061817894,0.36
2020-11-12,20,0.48,0.4655342505768086,0.4599999999999999
2020-11-19,20,0.49,0.40972319971752,0.41
2020-11-26,20,0.5,0.42619224520502075,0.4299999999999999
2020-12-03,20,0.47,0.48293214969535797,0.48
2020-12-10,20,0.6100000000000001,0.4909818363369336,0.48
2020-12-17,20,0.7,0.4879372006823533,0.49
2020-12-24,20,0.7,0.48053771972480064,0.5
2020-12-31,20,0.6599999999999999,0.46182939179085664,0.47
2021-01-07,20,0.77,0.5996237146623964,0.6100000000000001
2021-01-14,20,0.8,0.6903209491052377,0.7
2021-01-21,20,0.92,0.7023582565729521,0.7
2021-01-28,20,1.14,0.6442065598153293,0.6599999999999999
2021-02-04,20,1.21,0.7404448302011982,0.77
2021-02-11,20,1.18,0.8106189006710888,0.8
2021-02-18,20,1.34,0.921596303620915,0.92
2021-02-25,20,1.23,1.1466245768720942,1.14
2021-03-04,20,1.29,1.2228291373734332,1.21
2021-03-11,20,1.24,1.172908851761284,1.18
2021-03-18,20,1.21,1.351105854365763,1.34
2021-03-25,20,1.21,1.2312241935991584,1.23
2021-04-01,20,1.25,1.262806972853725,1.29
2021-04-08,20,1.2,1.2452528726548295,1.24
2021-04-15,20,1.24,1.2115201468997305,1.21
2021-04-22,20,1.21,1.2149436678003391,1.21
2021-04-29,20,1.17,1.260888124165878,1.25
2021-05-06,20,1.2,1.2213529366860816,1.2
2021-05-13,20,1.0699999999999998,1.2441945966612167,1.24
2021-05-20,20,1.02,1.2181839361313653,1.21
2021-05-27,20,0.99,1.1618235555030898,1.17
2021-06-03,20,0.94,1.1874742687278554,1.2
2021-06-10,20,0.78,1.0657250050366125,1.0699999999999998
2021-06-17,20,0.8200000000000001,0.9724800039426321,1.02
2021-06-24,20,0.74,0.9454153410225979,0.99
2021-07-01,20,0.74,0.9209551762440966,0.94
2021-07-08,20,0.69,0.7404244749239901,0.78
2021-07-15,20,0.79,0.7881690418353414,0.8200000000000001
2021-07-22,20,0.69,0.7368577854251585,0.74
2021-07-29,20,0.78,0.7144190571556609,0.74
2021-08-05,20,0.7499999999999999,0.6852722193528406,0.69
2021-08-12,20,0.7699999999999999,0.7757455312661607,0.79
2021-08-19,20,0.79,0.6732311771520691,0.69
2021-08-26,20,0.8500000000000001,0.7546101545977159,0.78
2021-09-02,20,0.98,0.7752199541243923,0.7499999999999999
2021-09-09,20,0.93,0.7634036218286481,0.7699999999999999
2021-09-16,20,0.81,0.7847129427478056,0.79
2021-09-23,20,0.82,0.8417517364112528,0.8500000000000001
2021-09-30,20,0.6599999999999999,0.9921280608626528,0.98
2021-10-07,20,0.6599999999999999,0.944707484585569,0.93
2021-10-14,20,0.6799999999999999,0.7950555509843987,0.81
2021-10-21,20,0.71,0.7921706123513266,0.82
2021-10-28,20,0.72,0.6221666145431834,0.6599999999999999
2021-11-04,20,0.53,0.6244871317370232,0.6599999999999999
2021-11-11,20,0.5,0.6750045390876175,0.6799999999999999
2021-11-18,20,0.45,0.6888636121804683,0.71
2021-11-25,20,0.4599999999999999,0.7021073332937638,0.72
2021-12-02,20,0.47,0.5006527497468588,0.53
2021-12-09,20,0.6299999999999999,0.45034601747369024,0.5
2021-12-16,20,0.5899999999999999,0.42386500768191915,0.45
2021-12-23,20,0.56,0.42552886547811836,0.4599999999999999
2021-12-30,20,0.51,0.46025366862451583,0.47
2022-01-06,20,0.5,0.6332957628794751,0.6299999999999999
2022-01-13,20,0.4499999999999999,0.6148447462331219,0.5899999999999999
2022-01-20,20,0.3999999999999999,0.5483046090261355,0.56
2022-01-27,20,0.3999999999999999,0.4689475552864357,0.51
2022-02-03,20,0.3,0.4662323571847986,0.5
2022-02-10,20,0.3799999999999999,0.4149180674807844,0.4499999999999999
2022-02-17,20,0.3,0.360369909774573,0.3999999999999999
2022-02-24,20,0.2600000000000002,0.37838386602849283,0.3999999999999999
2022-03-03,20,0.1299999999999999,0.31416023885477307,0.3
2022-03-10,20,0.2200000000000002,0.37198963665183327,0.3799999999999999
2022-03-17,20,0.3399999999999998,0.2368780569056478,0.3
2022-03-24,20,0.25,0.17536987052026037,0.2600000000000002
2022-03-31,20,0.27,0.08713511474090305,0.1299999999999999
2022-04-07,20,0.3399999999999998,0.15355710939073108,0.2200000000000002
2022-04-14,20,0.2799999999999998,0.30620817565934977,0.3399999999999998
2022-04-21,20,0.1799999999999997,0.22865907100168692,0.25
2022-04-28,20,0.25,0.22541107060587207,0.27
2022-05-05,20,0.1600000000000001,0.27203000742843153,0.3399999999999998
2022-05-12,20,0.1600000000000001,0.2014104746828627,0.2799999999999998
2022-05-19,20,0.1699999999999999,0.16650624400041233,0.1799999999999997
2022-05-26,20,0.1899999999999999,0.2625861256268372,0.25
2022-06-02,20,0.1299999999999999,0.15692869198045611,0.1600000000000001
2022-06-09,20,0.0300000000000002,0.11258212458272265,0.1600000000000001
2022-06-16,20,-0.1299999999999999,0.02891975672376662,0.1699999999999999
2022-06-23,20,-0.2299999999999999,0.0679290230023622,0.1899999999999999
2022-06-30,20,-0.31,0.145439242900433,0.1299999999999999
2022-07-07,20,-0.48,0.0181191823332362,0.0300000000000002
2022-07-14,20,-0.4700000000000002,-0.18893345961704103,-0.1299999999999999
2022-07-21,20,-0.54,-0.2848085699269549,-0.2299999999999999
2022-07-28,20,-0.4900000000000002,-0.39170014813096843,-0.31
2022-08-04,20,-0.48,-0.6619779283040113,-0.48
2022-08-11,20,-0.4700000000000002,-0.5197787864240715,-0.4700000000000002
2022-08-18,20,-0.6599999999999997,-0.5752506973771228,-0.54
2022-08-25,20,-0.6699999999999999,-0.5374517618521326,-0.4900000000000002
2022-09-01,20,-0.6299999999999999,-0.5276776412204256,-0.48
2022-09-08,20,-0.6700000000000004,-0.5761845171402675,-0.4700000000000002
2022-09-15,20,-0.7000000000000002,-0.7964426175656343,-0.6599999999999997
2022-09-22,20,-0.6200000000000001,-0.858923292071621,-0.6699999999999999
2022-09-29,20,-0.6299999999999999,-0.8241060730607033,-0.6299999999999999
2022-10-06,20,-0.6399999999999997,-0.6913842700596081,-0.6700000000000004
2022-10-13,20,-0.69,-0.7434095260721634,-0.7000000000000002
2022-10-20,20,-0.8300000000000001,-0.6476091889351836,-0.6200000000000001
2022-10-27,20,-0.96,-0.6745306096373822,-0.6299999999999999
2022-11-03,20,-0.96,-0.7692035933079946,-0.6399999999999997
2022-11-10,20,-1.0100000000000002,-0.7767069611521114,-0.69
2022-11-17,20,-0.9000000000000004,-0.8010295620307047,-0.8300000000000001
2022-11-24,20,-0.7399999999999998,-0.9979886692493274,-0.96
2022-12-01,20,-0.7399999999999998,-0.9946630826937501,-0.96
2022-12-08,20,-0.8600000000000003,-1.1176975818045989,-1.0100000000000002
2022-12-15,20,-0.8999999999999999,-1.0483155375277131,-0.9000000000000004
2022-12-22,20,-0.7599999999999998,-0.8223877242352048,-0.7399999999999998
2022-12-29,20,-0.77,-0.7472129779524216,-0.7399999999999998
2023-01-05,20,-0.8300000000000001,-0.8734492781483875,-0.8600000000000003
2023-01-12,20,-0.92,-0.8932062260283795,-0.8999999999999999
2023-01-19,20,-0.8499999999999996,-0.746581400711236,-0.7599999999999998
2023-01-26,20,-0.8800000000000003,-0.797139779299675,-0.77
2023-02-02,20,-0.8199999999999998,-0.895680705416836,-0.8300000000000001
2023-02-09,20,-0.9800000000000004,-0.9983116752206385,-0.92
2023-02-16,20,-0.8300000000000001,-0.8983066737521448,-0.8499999999999996
2023-02-23,20,-0.69,-0.9050007303102168,-0.8800000000000003
2023-03-02,20,-0.8299999999999996,-0.8511620561852921,-0.8199999999999998
2023-03-09,20,-0.8199999999999998,-1.0131330111015318,-0.9800000000000004
2023-03-16,20,-0.8500000000000001,-0.8451674634624916,-0.8300000000000001
2023-03-23,20,-0.8199999999999998,-0.685573283619816,-0.69
2023-03-30,20,-0.7799999999999998,-0.8609244850700057,-0.8299999999999996
2023-04-06,20,-0.7599999999999998,-0.8208076249675486,-0.8199999999999998
2023-04-13,20,-0.8300000000000001,-0.8542971595758667,-0.8500000000000001
2023-04-20,20,-0.8999999999999999,-0.8355266900720796,-0.8199999999999998
2023-04-27,20,-0.9300000000000006,-0.8028695233617376,-0.7799999999999998
2023-05-04,20,-1.04,-0.8031364759947355,-0.7599999999999998
2023-05-11,20,-1.1300000000000003,-0.8660971577519533,-0.8300000000000001
2023-05-18,20,-1.16,-0.9187779945465552,-0.8999999999999999
2023-05-25,20,-1.29,-0.9572877812766469,-0.9300000000000006
2023-06-01,20,-1.3000000000000005,-1.0610724054880412,-1.04
2023-06-08,20,-1.2599999999999998,-1.1664428053541331,-1.1300000000000003
2023-06-15,20,-1.2300000000000004,-1.1960883071751864,-1.16
2023-06-22,20,-1.14,-1.29822155934972,-1.29
2023-06-29,20,-1.1599999999999997,-1.3251648605418391,-1.3000000000000005
2023-07-06,20,-1.0099999999999998,-1.2909102112638222,-1.2599999999999998
2023-07-13,20,-1.04,-1.2732277174022115,-1.2300000000000004
2023-07-20,20,-1.0000000000000004,-1.1634092411260661,-1.14
2023-07-27,20,-1.0699999999999998,-1.2088816404953058,-1.1599999999999997
2023-08-03,20,-1.0799999999999996,-1.0783496048296182,-1.0099999999999998
2023-08-10,20,-0.9700000000000002,-1.0524160722373304,-1.04
2023-08-17,20,-1.0000000000000004,-1.0314733591983725,-1.0000000000000004
2023-08-24,20,-1.0,-1.1011337515402662,-1.0699999999999998
2023-08-31,20,-0.8500000000000005,-1.0968638703683147,-1.0799999999999996
2023-09-07,20,-0.6600000000000001,-0.9820496196449707,-0.9700000000000002
2023-09-14,20,-0.7800000000000002,-1.010767987810595,-1.0000000000000004
2023-09-21,20,-0.7000000000000002,-1.0105267202745183,-1.0
2023-09-28,20,-0.6399999999999997,-0.8638603679396631,-0.8500000000000005
2023-10-05,20,-0.6999999999999997,-0.6714298251573374,-0.6600000000000001
2023-10-12,20,-0.7200000000000002,-0.7902937207259164,-0.7800000000000002
2023-10-19,20,-0.7600000000000002,-0.7329059567518922,-0.7000000000000002
2023-10-26,20,-0.7199999999999998,-0.6461084894457203,-0.6399999999999997
2023-11-02,20,-0.6400000000000001,-0.7052863441288229,-0.6999999999999997
2023-11-09,20,-0.75,-0.7194356666130901,-0.7200000000000002
2023-11-16,20,-0.77,-0.7691252272550109,-0.7600000000000002
2023-11-23,20,-0.8300000000000001,-0.7248555772443465,-0.7199999999999998
2023-11-30,20,-0.81,-0.6310277235611982,-0.6400000000000001
2023-12-07,20,-0.81,-0.7381745276237158,-0.75
2023-12-14,20,-0.7400000000000002,-0.7921197589879981,-0.77
2023-12-21,20,-0.5599999999999996,-0.8210579389359401,-0.8300000000000001
2023-12-28,20,-0.5299999999999998,-0.8090432179833893,-0.81
2024-01-04,20,-0.6800000000000002,-0.8196121466013201,-0.81
2024-01-11,20,-0.6300000000000003,-0.767580482297773,-0.7400000000000002
2024-01-18,20,-0.7000000000000002,-0.5523541423122706,-0.5599999999999996
2024-01-25,20,-0.69,-0.538865629635427,-0.5299999999999998
2024-02-01,20,-0.6999999999999997,-0.682361823580754,-0.6800000000000002
2024-02-08,20,-0.73,-0.6546558022342877,-0.6300000000000003
2024-02-15,20,-0.6999999999999997,-0.7322866919287226,-0.7000000000000002
2024-02-22,20,-0.6400000000000006,-0.7067036088187809,-0.69
2024-02-29,20,-0.7199999999999998,-0.7151239816378596,-0.6999999999999997
2024-03-07,20,-0.6500000000000004,-0.7342068921350269,-0.73
2024-03-14,20,-0.52,-0.703639394409512,-0.6999999999999997
2024-03-21,20,-0.4900000000000002,-0.6604598700957045,-0.6400000000000006
2024-03-28,20,-0.4899999999999997,-0.7280207604745982,-0.7199999999999998
2024-04-04,20,-0.52,-0.6682957778233759,-0.6500000000000004
2024-04-11,20,-0.5800000000000001,-0.5388709664384335,-0.52
2024-04-18,20,-0.6300000000000003,-0.5158634118270023,-0.4900000000000002
2024-04-25,20,-0.5899999999999999,-0.49768737460802126,-0.4899999999999997
2024-05-02,20,-0.5599999999999996,-0.5298792107183476,-0.52
2024-05-09,20,-0.54,-0.5819653155953326,-0.5800000000000001
2024-05-16,20,-0.54,-0.6389053693786637,-0.6300000000000003
2024-05-23,20,-0.56,-0.5981185099827908,-0.5899999999999999
2024-05-30,20,-0.5499999999999994,-0.5776722398654087,-0.5599999999999996
2024-06-06,20,-0.4399999999999999,-0.5056508043112163,-0.54
2024-06-13,20,-0.4199999999999999,-0.5201592651267459,-0.54
2024-06-20,20,-0.33,-0.5688614338522217,-0.56
2024-06-27,20,-0.2599999999999998,-0.5574531128848733,-0.5499999999999994
2024-07-04,20,-0.25,-0.4434730184519756,-0.4399999999999999
2024-07-11,20,-0.1699999999999999,-0.4153502930691278,-0.4199999999999999
2024-07-18,20,-0.2400000000000002,-0.3375037891714638,-0.33
2024-07-25,20,-0.2299999999999999,-0.23928511939380348,-0.2599999999999998
2024-08-01,20,-0.1800000000000001,-0.23274029894918502,-0.25
2024-08-08,20,-0.1599999999999997,-0.14336827986002798,-0.1699999999999999
2024-08-15,20,-0.0899999999999998,-0.232471188960733,-0.2400000000000002
2024-08-22,20,0.0300000000000002,-0.22918969677253292,-0.2299999999999999
2024-08-29,20,0.0399999999999995,-0.15546942170095684,-0.1800000000000001
2024-09-05,20,0.04,-0.12388779998890251,-0.1599999999999997
2024-09-12,20,0.04,-0.05398188727145596,-0.0899999999999998
2024-09-19,20,0.1400000000000001,0.09054496291223621,0.0300000000000002
2024-09-26,20,0.1600000000000001,0.13336684351188088,0.0399999999999995
2024-10-03,20,0.1500000000000003,0.03760705971096378,0.04
2024-10-10,20,0.1500000000000003,-0.0069000955002440564,0.04
2024-10-17,20,0.0999999999999996,0.12158913397148963,0.1400000000000001
2024-10-24,20,0.0699999999999998,0.22681018480414467,0.1600000000000001
2024-10-31,20,0.04,0.1868557230927143,0.1500000000000003
2024-11-07,20,0.04,0.13575595986216651,0.1500000000000003
2024-11-14,20,0.1600000000000001,0.1168881738303888,0.0999999999999996
2024-11-21,20,0.2599999999999998,0.06022253128187856,0.0699999999999998
2024-11-28,20,0.2600000000000002,0.03369789358874626,0.04
2024-12-05,20,0.29,0.038401697725355025,0.04
2024-12-12,20,0.3999999999999999,0.21043969410543628,0.1600000000000001
2024-12-19,20,0.3899999999999997,0.31202220308897755,0.2599999999999998
2024-12-26,20,0.3699999999999996,0.2796403741234778,0.2600000000000002
2025-01-02,20,0.3799999999999999,0.28601251321474186,0.29
2025-01-09,20,0.3700000000000001,0.3996026451583317,0.3999999999999999
2025-01-16,20,0.3700000000000001,0.38852068430052256,0.3899999999999997
2025-01-23,20,0.4000000000000003,0.37006653744714274,0.3699999999999996
2025-01-30,20,0.3400000000000003,0.41457517204214445,0.3799999999999999
2025-02-06,20,0.4399999999999999,0.4002567188268668,0.3700000000000001
2025-02-13,20,0.48,0.3733004674272591,0.3700000000000001
2025-02-20,20,0.4700000000000002,0.4043606393162453,0.4000000000000003
2025-02-27,20,0.54,0.33848436925644326,0.3400000000000003
2025-03-06,20,0.54,0.42949094612827515,0.4399999999999999
2025-03-13,20,0.6000000000000001,0.5267764286560097,0.48
2025-03-20,20,0.6099999999999999,0.4984335577994551,0.4700000000000002
2025-03-27,20,0.5900000000000003,0.5465059857851688,0.54
2025-04-03,20,0.6000000000000001,0.5547939651491806,0.54
2025-04-10,20,0.6200000000000001,0.6235951298723873,0.6000000000000001
2025-04-17,20,0.6300000000000003,0.6049985938926409,0.6099999999999999
2025-04-24,20,0.6599999999999997,0.6070988330316502,0.5900000000000003
2025-05-01,20,0.6099999999999999,0.6014883384685396,0.6000000000000001
2025-05-08,20,0.6299999999999999,0.6243129212803872,0.6200000000000001
2025-05-15,20,0.6499999999999999,0.6042005255394756,0.6300000000000003
2025-05-22,20,0.6499999999999999,0.653823243749022,0.6599999999999997
2025-05-29,20,0.71,0.6240851101691199,0.6099999999999999
2025-06-05,20,0.69,0.6449615720665908,0.6299999999999999
2025-06-12,20,0.71,0.6618471096648135,0.6499999999999999
2025-06-19,20,0.7599999999999998,0.6539280849318969,0.6499999999999999
2025-06-26,20,0.7199999999999998,0.7025843156628829,0.71
2025-07-03,20,0.6900000000000004,0.7094200370068374,0.69
2025-07-10,20,0.7000000000000002,0.6963485304533357,0.71
2025-07-17,20,0.7200000000000002,0.7456659549599803,0.7599999999999998
2025-07-24,20,0.75,0.7211270617328762,0.7199999999999998
2025-07-31,20,0.73,0.6824876994759796,0.6900000000000004
2025-08-07,20,0.73,0.6949129288023314,0.7000000000000002
2025-08-14,20,0.6600000000000001,0.729679761659134,0.7200000000000002
2025-08-21,20,0.71,0.7373678052312321,0.75
2025-08-28,20,0.73,0.7336821871793983,0.73
2025-09-04,20,0.73,0.7419718060638083,0.73
2025-09-11,20,0.73,0.655868321019654,0.6600000000000001
2025-09-18,20,0.7000000000000002,0.7734920969920682,0.71
2025-09-25,20,0.6999999999999997,0.7980107030470247,0.73
2025-10-02,20,0.71,0.7105119603199098,0.73
2025-10-09,20,0.71,0.7280283396227918,0.73
2025-10-16,20,0.71,0.6903145417707385,0.7000000000000002
2025-10-23,20,0.75,0.6991548421123148,0.6999999999999997
2025-10-30,20,0.7200000000000002,0.7719340179109431,0.71
2025-11-06,20,0.7999999999999998,0.7648893454070386,0.71
2025-11-13,20,0.7999999999999998,0.7022659258508844,0.71
2025-11-20,20,0.81,0.7552663121484748,0.75
2025-11-27,20,0.8300000000000001,0.7216178428505734,0.7200000000000002
2025-12-04,20,0.8399999999999999,0.806111135882926,0.7999999999999998
2025-12-11,20,0.8300000000000001,0.8413952394465065,0.7999999999999998
2025-12-18,20,0.8200000000000003,0.8672642315680748,0.81
2025-12-25,20,0.8399999999999999,0.8370500366453227,0.8300000000000001
2026-01-01,20,0.8400000000000003,0.8435733812564857,0.8399999999999999
2026-01-08,20,0.8500000000000001,0.8153528566905468,0.8300000000000001
2026-01-15,20,0.7899999999999996,0.8000017592818516,0.8200000000000003
2026-01-22,20,0.7800000000000002,0.8344391286275685,0.8399999999999999
2026-01-29,20,0.7399999999999998,0.8598880668717376,0.8400000000000003
2026-02-05,20,0.7599999999999998,0.8623067861143745,0.8500000000000001
2026-02-12,20,0.7000000000000002,0.7839026926228748,0.7899999999999996
2026-02-19,20,0.6000000000000001,0.7792196680662565,0.7800000000000002
2026-02-26,20,0.5899999999999999,0.7287964455252227,0.7399999999999998
2026-03-05,20,0.6700000000000004,0.7557358277978534,0.7599999999999998
2026-03-12,20,0.6699999999999999,0.6957352823679548,0.7000000000000002
2026-03-19,20,0.7000000000000002,0.578618273122573,0.6000000000000001
2026-03-26,20,0.6299999999999999,0.5379546920883921,0.5899999999999999
2026-04-02,20,0.6000000000000001,0.6592915798235593,0.6700000000000004
2026-04-09,20,0.5899999999999999,0.6780074229798373,0.6699999999999999
2026-04-16,20,0.6000000000000001,0.7158668439171911,0.7000000000000002
2026-04-23,20,0.6299999999999999,0.6387791767817949,0.6299999999999999
2026-04-30,20,0.6000000000000001,0.5890595158079756,0.6000000000000001
2026-05-07,20,0.6300000000000003,0.5835671271655191,0.5899999999999999
2026-05-14,20,0.6400000000000001,0.5903692391935548,0.6000000000000001
2026-05-21,20,0.6000000000000001,0.6081553405620967,0.6299999999999999
2026-05-28,20,0.6400000000000001,0.5904731869317394,0.6000000000000001
