origin_date,horizon,actual,naive,lstm,fold
2012-02-17,1,0.96,0.96,0.9628208,0
2012-02-17,5,0.95,0.96,0.9476295,0
2012-02-17,20,0.96,0.96,0.9136358,0
2012-02-20,1,0.98,0.96,0.96487355,0
2012-02-20,5,0.94,0.96,0.9483938,0
2012-02-20,20,1.0,0.96,0.9163385,0
2012-02-21,1,0.95,0.98,0.9835474,0
2012-02-21,5,0.91,0.98,0.9673645,0
2012-02-21,20,0.99,0.98,0.9340323,0
2012-02-22,1,0.96,0.95,0.9533279,0
2012-02-22,5,0.88,0.95,0.9358912,0
2012-02-22,20,0.96,0.95,0.9012988,0
2012-02-23,1,0.95,0.96,0.9635989,0
2012-02-23,5,0.9,0.96,0.9494569,0
2012-02-23,20,0.96,0.96,0.9188935,0
2012-02-24,1,0.94,0.95,0.9532228,0
2012-02-24,5,0.86,0.95,0.93794465,0
2012-02-24,20,0.95,0.95,0.9058535,0
2012-02-27,1,0.91,0.94,0.9429133,0
2012-02-27,5,0.87,0.94,0.9260682,0
2012-02-27,20,0.95,0.94,0.8952666,0
2012-02-28,1,0.88,0.91,0.912733,0
2012-02-28,5,0.86,0.91,0.8958275,0
2012-02-28,20,0.91,0.91,0.8667064,0
2012-02-29,1,0.9,0.88,0.8824323,0
2012-02-29,5,0.85,0.88,0.8660373,0
2012-02-29,20,0.93,0.88,0.8365778,0
2012-03-01,1,0.86,0.9,0.90164644,0
2012-03-01,5,0.84,0.9,0.8854574,0
2012-03-01,20,0.9,0.9,0.8545205,0
2012-03-02,1,0.87,0.86,0.862245,0
2012-03-02,5,0.84,0.86,0.84526455,0
2012-03-02,20,0.91,0.86,0.810796,0
2012-03-05,1,0.86,0.87,0.8726222,0
2012-03-05,5,0.82,0.87,0.85661143,0
2012-03-05,20,0.92,0.87,0.8277917,0
2012-03-06,1,0.85,0.86,0.8632762,0
2012-03-06,5,0.86,0.86,0.84674513,0
2012-03-06,20,0.93,0.86,0.8158868,0
2012-03-07,1,0.84,0.85,0.8536483,0
2012-03-07,5,0.93,0.85,0.83714074,0
2012-03-07,20,0.91,0.85,0.8084772,0
2012-03-08,1,0.84,0.84,0.84309435,0
2012-03-08,5,0.94,0.84,0.82637936,0
2012-03-08,20,0.88,0.84,0.79568416,0
2012-03-09,1,0.82,0.84,0.84229124,0
2012-03-09,5,0.96,0.84,0.8257282,0
2012-03-09,20,0.88,0.84,0.7920658,0
2012-03-12,1,0.86,0.82,0.82233155,0
2012-03-12,5,1.0,0.82,0.8052521,0
2012-03-12,20,0.84,0.82,0.77175057,0
2012-03-13,1,0.93,0.86,0.86283404,0
2012-03-13,5,0.99,0.86,0.8464323,0
2012-03-13,20,0.79,0.86,0.81539416,0
2012-03-14,1,0.94,0.93,0.9326653,0
2012-03-14,5,0.96,0.93,0.9161917,0
2012-03-14,20,0.8,0.93,0.8779749,0
2012-03-15,1,0.96,0.94,0.9423271,0
2012-03-15,5,0.96,0.94,0.9256909,0
2012-03-15,20,0.82,0.94,0.88199246,0
2012-03-16,1,1.0,0.96,0.9624294,0
2012-03-16,5,0.95,0.96,0.94550025,0
2012-03-16,20,0.79,0.96,0.90562075,0
2012-03-19,1,0.99,1.0,1.0023618,0
2012-03-19,5,0.95,1.0,0.9856018,0
2012-03-19,20,0.78,1.0,0.94660485,0
2012-03-20,1,0.96,0.99,0.99237865,0
2012-03-20,5,0.91,0.99,0.976614,0
2012-03-20,20,0.74,0.99,0.9343194,0
2012-03-21,1,0.96,0.96,0.9627967,0
2012-03-21,5,0.93,0.96,0.9470345,0
2012-03-21,20,0.72,0.96,0.91089666,0
2012-03-22,1,0.95,0.96,0.96258175,0
2012-03-22,5,0.9,0.96,0.9475553,0
2012-03-22,20,0.71,0.96,0.9173474,0
2012-03-23,1,0.95,0.95,0.9535606,0
2012-03-23,5,0.91,0.95,0.9387842,0
2012-03-23,20,0.71,0.95,0.9093502,0
2012-03-26,1,0.91,0.95,0.954737,0
2012-03-26,5,0.92,0.95,0.9365294,0
2012-03-26,20,0.68,0.95,0.91001475,0
2012-03-27,1,0.93,0.91,0.9135474,0
2012-03-27,5,0.93,0.91,0.8966125,0
2012-03-27,20,0.66,0.91,0.865521,0
2012-03-28,1,0.9,0.93,0.9331204,0
2012-03-28,5,0.91,0.93,0.91743726,0
2012-03-28,20,0.67,0.93,0.8907821,0
2012-03-29,1,0.91,0.9,0.90383875,0
2012-03-29,5,0.88,0.9,0.8882935,0
2012-03-29,20,0.68,0.9,0.8578144,0
2012-03-30,1,0.92,0.91,0.91329044,0
2012-03-30,5,0.88,0.91,0.8973995,0
2012-03-30,20,0.66,0.91,0.8696104,0
2012-04-02,1,0.93,0.92,0.92349166,0
2012-04-02,5,0.84,0.92,0.9116985,0
2012-04-02,20,0.7,0.92,0.8781292,0
2012-04-03,1,0.91,0.93,0.93211097,0
2012-04-03,5,0.79,0.93,0.91255516,0
2012-04-03,20,0.72,0.93,0.88330907,0
2012-04-04,1,0.88,0.91,0.9121103,0
2012-04-04,5,0.8,0.91,0.8954071,0
2012-04-04,20,0.71,0.91,0.85837746,0
2012-04-05,1,0.88,0.88,0.8826492,0
2012-04-05,5,0.82,0.88,0.866935,0
2012-04-05,20,0.7,0.88,0.8350684,0
2012-04-06,1,0.84,0.88,0.88227946,0
2012-04-06,5,0.79,0.88,0.86708367,0
2012-04-06,20,0.77,0.88,0.8387148,0
2012-04-09,1,0.79,0.84,0.8427963,0
2012-04-09,5,0.78,0.84,0.83264035,0
2012-04-09,20,0.75,0.84,0.80443895,0
2012-04-10,1,0.8,0.79,0.79258883,0
2012-04-10,5,0.74,0.79,0.77530974,0
2012-04-10,20,0.75,0.79,0.75081974,0
2012-04-11,1,0.82,0.8,0.80339545,0
2012-04-11,5,0.72,0.8,0.78863513,0
2012-04-11,20,0.77,0.8,0.765069,0
2012-04-12,1,0.79,0.82,0.82330906,0
2012-04-12,5,0.71,0.82,0.80592537,0
2012-04-12,20,0.75,0.82,0.7765933,0
2012-04-13,1,0.78,0.79,0.7926451,0
2012-04-13,5,0.71,0.79,0.7772423,0
2012-04-13,20,0.67,0.79,0.7413951,0
2012-04-16,1,0.74,0.78,0.7826388,0
2012-04-16,5,0.68,0.78,0.7675755,0
2012-04-16,20,0.67,0.78,0.73790187,0
2012-04-17,1,0.72,0.74,0.74317104,0
2012-04-17,5,0.66,0.74,0.72744095,0
2012-04-17,20,0.64,0.74,0.6985291,0
2012-04-18,1,0.71,0.72,0.7211958,0
2012-04-18,5,0.67,0.72,0.7036151,0
2012-04-18,20,0.66,0.72,0.67449033,0
2012-04-19,1,0.71,0.71,0.7123702,0
2012-04-19,5,0.68,0.71,0.6977183,0
2012-04-19,20,0.66,0.71,0.66887844,0
2012-04-20,1,0.68,0.71,0.7131006,0
2012-04-20,5,0.66,0.71,0.7000845,0
2012-04-20,20,0.67,0.71,0.67090136,0
2012-04-23,1,0.66,0.68,0.6785933,0
2012-04-23,5,0.7,0.68,0.67302674,0
2012-04-23,20,0.67,0.68,0.6323321,0
2012-04-24,1,0.67,0.66,0.66115344,0
2012-04-24,5,0.72,0.66,0.6497871,0
2012-04-24,20,0.7,0.66,0.618363,0
2012-04-25,1,0.68,0.67,0.67135537,0
2012-04-25,5,0.71,0.67,0.65596575,0
2012-04-25,20,0.72,0.67,0.62419087,0
2012-04-26,1,0.66,0.68,0.68192667,0
2012-04-26,5,0.7,0.68,0.6655563,0
2012-04-26,20,0.72,0.68,0.6317212,0
2012-04-27,1,0.7,0.66,0.6625675,0
2012-04-27,5,0.77,0.66,0.6483671,0
2012-04-27,20,0.73,0.66,0.6141634,0
2012-04-30,1,0.72,0.7,0.7023348,0
2012-04-30,5,0.75,0.7,0.6887952,0
2012-04-30,20,0.75,0.7,0.65682894,0
2012-05-01,1,0.71,0.72,0.72282547,0
2012-05-01,5,0.75,0.72,0.70511675,0
2012-05-01,20,0.71,0.72,0.6725006,0
2012-05-02,1,0.7,0.71,0.712637,0
2012-05-02,5,0.77,0.71,0.69612515,0
2012-05-02,20,0.68,0.71,0.65935946,0
2012-05-03,1,0.77,0.7,0.7031253,0
2012-05-03,5,0.75,0.7,0.6883179,0
2012-05-03,20,0.68,0.7,0.6551405,0
2012-05-04,1,0.75,0.77,0.77273077,0
2012-05-04,5,0.67,0.77,0.7572544,0
2012-05-04,20,0.74,0.77,0.7248055,0
2012-05-07,1,0.75,0.75,0.7535417,0
2012-05-07,5,0.67,0.75,0.73664325,0
2012-05-07,20,0.71,0.75,0.70203626,0
2012-05-08,1,0.77,0.75,0.7527517,0
2012-05-08,5,0.64,0.75,0.73613966,0
2012-05-08,20,0.75,0.75,0.70330954,0
2012-05-09,1,0.75,0.77,0.7732338,0
2012-05-09,5,0.66,0.77,0.7572716,0
2012-05-09,20,0.75,0.77,0.7263424,0
2012-05-10,1,0.67,0.75,0.7534947,0
2012-05-10,5,0.66,0.75,0.73844457,0
2012-05-10,20,0.76,0.75,0.7055784,0
2012-05-11,1,0.67,0.67,0.6729916,0
2012-05-11,5,0.67,0.67,0.65700376,0
2012-05-11,20,0.77,0.67,0.62534386,0
2012-05-14,1,0.64,0.67,0.6718462,0
2012-05-14,5,0.67,0.67,0.6561752,0
2012-05-14,20,0.76,0.67,0.6322786,0
2012-05-15,1,0.66,0.64,0.6429562,0
2012-05-15,5,0.7,0.64,0.6262586,0
2012-05-15,20,0.78,0.64,0.6006391,0
2012-05-16,1,0.66,0.66,0.6630413,0
2012-05-16,5,0.72,0.66,0.6465618,0
2012-05-16,20,0.74,0.66,0.62115556,0
2012-05-17,1,0.67,0.66,0.6637764,0
2012-05-17,5,0.72,0.66,0.6466218,0
2012-05-17,20,0.75,0.66,0.6173726,0
2012-05-18,1,0.67,0.67,0.67377394,0
2012-05-18,5,0.73,0.67,0.65710753,0
2012-05-18,20,0.76,0.67,0.6288342,0
2012-05-21,1,0.7,0.67,0.67453843,0
2012-05-21,5,0.75,0.67,0.65609443,0
2012-05-21,20,0.73,0.67,0.62658453,0
2012-05-22,1,0.72,0.7,0.7037007,0
2012-05-22,5,0.71,0.7,0.6859732,0
2012-05-22,20,0.72,0.7,0.65344584,0
2012-05-23,1,0.72,0.72,0.7232557,0
2012-05-23,5,0.68,0.72,0.7063272,0
2012-05-23,20,0.68,0.72,0.66955566,0
2012-05-24,1,0.73,0.72,0.7237276,0
2012-05-24,5,0.68,0.72,0.7084407,0
2012-05-24,20,0.7,0.72,0.67472935,0
2012-05-25,1,0.75,0.73,0.7331794,0
2012-05-25,5,0.74,0.73,0.7168244,0
2012-05-25,20,0.74,0.73,0.68250483,0
2012-05-28,1,0.71,0.75,0.75315875,0
2012-05-28,5,0.71,0.75,0.73715216,0
2012-05-28,20,0.74,0.75,0.70329493,0
2012-05-29,1,0.68,0.71,0.71282923,0
2012-05-29,5,0.75,0.71,0.69709724,0
2012-05-29,20,0.74,0.71,0.66120803,0
2012-05-30,1,0.68,0.68,0.682491,0
2012-05-30,5,0.75,0.68,0.6656921,0
2012-05-30,20,0.73,0.68,0.63558143,0
2012-05-31,1,0.74,0.68,0.6827629,0
2012-05-31,5,0.76,0.68,0.6677165,0
2012-05-31,20,0.72,0.68,0.6421098,0
2012-06-01,1,0.71,0.74,0.74353087,0
2012-06-01,5,0.77,0.74,0.7277139,0
2012-06-01,20,0.71,0.74,0.7010586,0
2012-06-04,1,0.75,0.71,0.7137469,0
2012-06-04,5,0.76,0.71,0.6982483,0
2012-06-04,20,0.71,0.71,0.6677191,0
2012-06-05,1,0.75,0.75,0.75318474,0
2012-06-05,5,0.78,0.75,0.7354892,0
2012-06-05,20,0.7,0.75,0.70571935,0
2012-06-06,1,0.76,0.75,0.75318134,0
2012-06-06,5,0.74,0.75,0.73634714,0
2012-06-06,20,0.68,0.75,0.70024425,0
2012-06-07,1,0.77,0.76,0.7618878,0
2012-06-07,5,0.75,0.76,0.746535,0
2012-06-07,20,0.7,0.76,0.7061964,0
2012-06-08,1,0.76,0.77,0.77211004,0
2012-06-08,5,0.76,0.77,0.7571751,0
2012-06-08,20,0.71,0.77,0.71846396,0
2012-06-11,1,0.78,0.76,0.7627542,0
2012-06-11,5,0.73,0.76,0.74630886,0
2012-06-11,20,0.7,0.76,0.71228856,0
2012-06-12,1,0.74,0.78,0.78242904,0
2012-06-12,5,0.72,0.78,0.76680964,0
2012-06-12,20,0.68,0.78,0.7348197,0
2012-06-13,1,0.75,0.74,0.7426974,0
2012-06-13,5,0.68,0.74,0.7277693,0
2012-06-13,20,0.68,0.74,0.6914343,0
2012-06-14,1,0.76,0.75,0.7522883,0
2012-06-14,5,0.7,0.75,0.7361136,0
2012-06-14,20,0.66,0.75,0.7070709,0
2012-06-15,1,0.73,0.76,0.7625848,0
2012-06-15,5,0.74,0.76,0.74645793,0
2012-06-15,20,0.65,0.76,0.71356744,0
2012-06-18,1,0.72,0.73,0.732662,0
2012-06-18,5,0.74,0.73,0.71601385,0
2012-06-18,20,0.66,0.73,0.6838104,0
2012-06-19,1,0.68,0.72,0.7229021,0
2012-06-19,5,0.74,0.72,0.70804626,0
2012-06-19,20,0.67,0.72,0.67823046,0
2012-06-20,1,0.7,0.68,0.68204176,0
2012-06-20,5,0.73,0.68,0.6663326,0
2012-06-20,20,0.66,0.68,0.63309205,0
2012-06-21,1,0.74,0.7,0.7025299,0
2012-06-21,5,0.72,0.7,0.6879865,0
2012-06-21,20,0.67,0.7,0.6577845,0
2012-06-22,1,0.74,0.74,0.74319166,0
2012-06-22,5,0.71,0.74,0.7263801,0
2012-06-22,20,0.66,0.74,0.6955011,0
2012-06-25,1,0.74,0.74,0.739445,0
2012-06-25,5,0.71,0.74,0.7301726,0
2012-06-25,20,0.65,0.74,0.6893384,0
2012-06-26,1,0.73,0.74,0.7420113,0
2012-06-26,5,0.7,0.74,0.73030496,0
2012-06-26,20,0.65,0.74,0.69601053,0
2012-06-27,1,0.72,0.73,0.7321599,0
2012-06-27,5,0.68,0.73,0.71920186,0
2012-06-27,20,0.64,0.73,0.68384916,0
2012-06-28,1,0.71,0.72,0.72244656,0
2012-06-28,5,0.7,0.72,0.7094142,0
2012-06-28,20,0.63,0.72,0.6757884,0
2012-06-29,1,0.71,0.71,0.71312,0
2012-06-29,5,0.71,0.71,0.69846475,0
2012-06-29,20,0.64,0.71,0.66895485,0
2012-07-02,1,0.7,0.71,0.71224827,0
2012-07-02,5,0.7,0.71,0.70377266,0
2012-07-02,20,0.61,0.71,0.6680254,0
2012-07-03,1,0.68,0.7,0.7012218,0
2012-07-03,5,0.68,0.7,0.6832615,0
2012-07-03,20,0.6,0.7,0.6564301,0
2012-07-04,1,0.7,0.68,0.6814289,0
2012-07-04,5,0.68,0.68,0.66718197,0
2012-07-04,20,0.61,0.68,0.63102806,0
2012-07-05,1,0.71,0.7,0.7020147,0
2012-07-05,5,0.66,0.7,0.68725437,0
2012-07-05,20,0.61,0.7,0.6544324,0
2012-07-06,1,0.7,0.71,0.7126953,0
2012-07-06,5,0.65,0.71,0.69761735,0
2012-07-06,20,0.65,0.71,0.66420865,0
2012-07-09,1,0.68,0.7,0.7032428,0
2012-07-09,5,0.66,0.7,0.68771464,0
2012-07-09,20,0.65,0.7,0.65656924,0
2012-07-10,1,0.68,0.68,0.6831104,0
2012-07-10,5,0.67,0.68,0.667484,0
2012-07-10,20,0.67,0.68,0.63779104,0
2012-07-11,1,0.66,0.68,0.6828358,0
2012-07-11,5,0.66,0.68,0.6669514,0
2012-07-11,20,0.66,0.68,0.63732356,0
2012-07-12,1,0.65,0.66,0.66286767,0
2012-07-12,5,0.67,0.66,0.6468134,0
2012-07-12,20,0.65,0.66,0.6152729,0
2012-07-13,1,0.66,0.65,0.6527902,0
2012-07-13,5,0.66,0.65,0.6359546,0
2012-07-13,20,0.65,0.65,0.60733527,0
2012-07-16,1,0.67,0.66,0.6622458,0
2012-07-16,5,0.65,0.66,0.64464986,0
2012-07-16,20,0.66,0.66,0.6138964,0
2012-07-17,1,0.66,0.67,0.6728506,0
2012-07-17,5,0.65,0.67,0.6578812,0
2012-07-17,20,0.67,0.67,0.62520605,0
2012-07-18,1,0.67,0.66,0.6628832,0
2012-07-18,5,0.64,0.66,0.64828044,0
2012-07-18,20,0.7,0.66,0.6135433,0
2012-07-19,1,0.66,0.67,0.67265874,0
2012-07-19,5,0.63,0.67,0.6586878,0
2012-07-19,20,0.72,0.67,0.6252152,0
2012-07-20,1,0.65,0.66,0.66294646,0
2012-07-20,5,0.64,0.66,0.6515722,0
2012-07-20,20,0.74,0.66,0.6155456,0
2012-07-23,1,0.65,0.65,0.6554372,0
2012-07-23,5,0.61,0.65,0.63729346,0
2012-07-23,20,0.75,0.65,0.61037153,0
2012-07-24,1,0.64,0.65,0.6547985,0
2012-07-24,5,0.6,0.65,0.63649386,0
2012-07-24,20,0.74,0.65,0.6091516,0
2012-07-25,1,0.63,0.64,0.6441854,0
2012-07-25,5,0.61,0.64,0.62584955,0
2012-07-25,20,0.72,0.64,0.5973877,0
2012-07-26,1,0.64,0.63,0.63336545,0
2012-07-26,5,0.61,0.63,0.6162678,0
2012-07-26,20,0.69,0.63,0.5861966,0
2012-07-27,1,0.61,0.64,0.6424439,0
2012-07-27,5,0.65,0.64,0.6273544,0
2012-07-27,20,0.68,0.64,0.59420866,0
2012-07-30,1,0.6,0.61,0.6120868,0
2012-07-30,5,0.65,0.61,0.5961608,0
2012-07-30,20,0.64,0.61,0.5580077,0
2012-07-31,1,0.61,0.6,0.6020515,0
2012-07-31,5,0.67,0.6,0.58657956,0
2012-07-31,20,0.63,0.6,0.5546107,0
2012-08-01,1,0.61,0.61,0.6124385,0
2012-08-01,5,0.66,0.61,0.5983279,0
2012-08-01,20,0.65,0.61,0.56690043,0
2012-08-02,1,0.65,0.61,0.61262107,0
2012-08-02,5,0.65,0.61,0.5959446,0
2012-08-02,20,0.64,0.61,0.5625702,0
2012-08-03,1,0.65,0.65,0.65305084,0
2012-08-03,5,0.65,0.65,0.63708264,0
2012-08-03,20,0.62,0.65,0.60590994,0
2012-08-06,1,0.67,0.65,0.65246683,0
2012-08-06,5,0.66,0.65,0.6364286,0
2012-08-06,20,0.62,0.65,0.5972734,0
2012-08-07,1,0.66,0.67,0.67257375,0
2012-08-07,5,0.67,0.67,0.65693605,0
2012-08-07,20,0.62,0.67,0.62070197,0
2012-08-08,1,0.65,0.66,0.66266376,0
2012-08-08,5,0.7,0.66,0.64782286,0
2012-08-08,20,0.64,0.66,0.6089876,0
2012-08-09,1,0.65,0.65,0.65251374,0
2012-08-09,5,0.72,0.65,0.63687366,0
2012-08-09,20,0.68,0.65,0.6008467,0
2012-08-10,1,0.66,0.65,0.6524757,0
2012-08-10,5,0.74,0.65,0.6367314,0
2012-08-10,20,0.67,0.65,0.60250264,0
2012-08-13,1,0.67,0.66,0.6626777,0
2012-08-13,5,0.75,0.66,0.6473245,0
2012-08-13,20,0.66,0.66,0.61488044,0
2012-08-14,1,0.7,0.67,0.6730108,0
2012-08-14,5,0.74,0.67,0.65720665,0
2012-08-14,20,0.68,0.67,0.6244374,0
2012-08-15,1,0.72,0.7,0.7027012,0
2012-08-15,5,0.72,0.7,0.6862671,0
2012-08-15,20,0.71,0.7,0.6501131,0
2012-08-16,1,0.74,0.72,0.72266495,0
2012-08-16,5,0.69,0.72,0.7064655,0
2012-08-16,20,0.71,0.72,0.667022,0
2012-08-17,1,0.75,0.74,0.74273026,0
2012-08-17,5,0.68,0.74,0.7267601,0
2012-08-17,20,0.77,0.74,0.6876932,0
2012-08-20,1,0.74,0.75,0.75107604,0
2012-08-20,5,0.64,0.75,0.7393171,0
2012-08-20,20,0.75,0.75,0.699204,0
2012-08-21,1,0.72,0.74,0.7421589,0
2012-08-21,5,0.63,0.74,0.72802836,0
2012-08-21,20,0.73,0.74,0.6910079,0
2012-08-22,1,0.69,0.72,0.7221764,0
2012-08-22,5,0.65,0.72,0.70746964,0
2012-08-22,20,0.72,0.72,0.67340493,0
2012-08-23,1,0.68,0.69,0.69276583,0
2012-08-23,5,0.64,0.69,0.6783044,0
2012-08-23,20,0.71,0.69,0.65005064,0
2012-08-24,1,0.64,0.68,0.68277776,0
2012-08-24,5,0.62,0.68,0.66759354,0
2012-08-24,20,0.71,0.68,0.6409345,0
2012-08-27,1,0.63,0.64,0.64288235,0
2012-08-27,5,0.62,0.64,0.6271174,0
2012-08-27,20,0.7,0.64,0.5984218,0
2012-08-28,1,0.65,0.63,0.6324293,0
2012-08-28,5,0.62,0.63,0.61683154,0
2012-08-28,20,0.69,0.63,0.59045684,0
2012-08-29,1,0.64,0.65,0.6525417,0
2012-08-29,5,0.64,0.65,0.6368657,0
2012-08-29,20,0.66,0.65,0.60832787,0
2012-08-30,1,0.62,0.64,0.64300424,0
2012-08-30,5,0.68,0.64,0.62684274,0
2012-08-30,20,0.65,0.64,0.59448844,0
2012-08-31,1,0.62,0.62,0.6230557,0
2012-08-31,5,0.67,0.62,0.60588986,0
2012-08-31,20,0.66,0.62,0.5761371,0
2012-09-03,1,0.62,0.62,0.6223808,0
2012-09-03,5,0.66,0.62,0.60777444,0
2012-09-03,20,0.65,0.62,0.57878834,0
2012-09-04,1,0.64,0.62,0.62272274,0
2012-09-04,5,0.68,0.62,0.6073948,0
2012-09-04,20,0.66,0.62,0.57689214,0
2012-09-05,1,0.68,0.64,0.64271224,0
2012-09-05,5,0.71,0.64,0.6257037,0
2012-09-05,20,0.66,0.64,0.59418654,0
2012-09-06,1,0.67,0.68,0.68283737,0
2012-09-06,5,0.71,0.68,0.66448617,0
2012-09-06,20,0.67,0.68,0.6316052,0
2012-09-07,1,0.66,0.67,0.672397,0
2012-09-07,5,0.77,0.67,0.6557695,0
2012-09-07,20,0.67,0.67,0.61536705,0
2012-09-10,1,0.68,0.66,0.6622812,0
2012-09-10,5,0.75,0.66,0.64773995,0
2012-09-10,20,0.67,0.66,0.6101979,0
2012-09-11,1,0.71,0.68,0.6823419,0
2012-09-11,5,0.73,0.68,0.6672999,0
2012-09-11,20,0.66,0.68,0.63264483,0
2012-09-12,1,0.71,0.71,0.7125393,0
2012-09-12,5,0.72,0.71,0.69728744,0
2012-09-12,20,0.65,0.71,0.6607934,0
2012-09-13,1,0.77,0.71,0.71289545,0
2012-09-13,5,0.71,0.71,0.6968618,0
2012-09-13,20,0.66,0.71,0.65908796,0
2012-09-14,1,0.75,0.77,0.7728286,0
2012-09-14,5,0.71,0.77,0.7570132,0
2012-09-14,20,0.66,0.77,0.72183573,0
2012-09-17,1,0.73,0.75,0.7522789,0
2012-09-17,5,0.7,0.75,0.73589635,0
2012-09-17,20,0.72,0.75,0.69383574,0
2012-09-18,1,0.72,0.73,0.7324136,0
2012-09-18,5,0.69,0.73,0.7166756,0
2012-09-18,20,0.75,0.73,0.68078804,0
2012-09-19,1,0.71,0.72,0.7226153,0
2012-09-19,5,0.66,0.72,0.70728266,0
2012-09-19,20,0.78,0.72,0.6756437,0
2012-09-20,1,0.71,0.71,0.7129105,0
2012-09-20,5,0.65,0.71,0.6987573,0
2012-09-20,20,0.77,0.71,0.66816014,0
2012-09-21,1,0.7,0.71,0.7130111,0
2012-09-21,5,0.66,0.71,0.69638276,0
2012-09-21,20,0.75,0.71,0.6662824,0
2012-09-24,1,0.69,0.7,0.7029806,0
2012-09-24,5,0.65,0.7,0.6882454,0
2012-09-24,20,0.78,0.7,0.65699387,0
2012-09-25,1,0.66,0.69,0.6931094,0
2012-09-25,5,0.66,0.69,0.6765873,0
2012-09-25,20,0.71,0.69,0.64747924,0
2012-09-26,1,0.65,0.66,0.6628577,0
2012-09-26,5,0.66,0.66,0.64823127,0
2012-09-26,20,0.72,0.66,0.6185684,0
2012-09-27,1,0.66,0.65,0.6533192,0
2012-09-27,5,0.67,0.65,0.63829744,0
2012-09-27,20,0.75,0.65,0.61236495,0
2012-09-28,1,0.65,0.66,0.66300935,0
2012-09-28,5,0.67,0.66,0.6481736,0
2012-09-28,20,0.72,0.66,0.6186477,0
2012-10-01,1,0.66,0.65,0.6537087,0
2012-10-01,5,0.67,0.65,0.6443505,0
2012-10-01,20,0.71,0.65,0.6117404,0
2012-10-02,1,0.66,0.66,0.6623652,0
2012-10-02,5,0.66,0.66,0.6438787,0
2012-10-02,20,0.71,0.66,0.61563164,0
2012-10-03,1,0.67,0.66,0.6625447,0
2012-10-03,5,0.65,0.66,0.6451275,0
2012-10-03,20,0.71,0.66,0.6120804,0
2012-10-04,1,0.67,0.67,0.6729733,0
2012-10-04,5,0.66,0.67,0.6565061,0
2012-10-04,20,0.71,0.67,0.62355876,0
2012-10-05,1,0.67,0.67,0.67262435,0
2012-10-05,5,0.66,0.67,0.65739244,0
2012-10-05,20,0.71,0.67,0.6204568,0
2012-10-08,1,0.66,0.67,0.6722052,0
2012-10-08,5,0.72,0.67,0.6564936,0
2012-10-08,20,0.69,0.67,0.618963,0
2012-10-09,1,0.65,0.66,0.6625314,0
2012-10-09,5,0.75,0.66,0.64696896,0
2012-10-09,20,0.69,0.66,0.61172855,0
2012-10-10,1,0.66,0.65,0.6526801,0
2012-10-10,5,0.78,0.65,0.6359099,0
2012-10-10,20,0.67,0.65,0.60383475,0
2012-10-11,1,0.66,0.66,0.6628082,0
2012-10-11,5,0.77,0.66,0.64671695,0
2012-10-11,20,0.65,0.66,0.6156275,0
2012-10-12,1,0.72,0.66,0.6629513,0
2012-10-12,5,0.75,0.66,0.6471274,0
2012-10-12,20,0.63,0.66,0.6149378,0
2012-10-15,1,0.75,0.72,0.7230609,0
2012-10-15,5,0.78,0.72,0.70714873,0
2012-10-15,20,0.63,0.72,0.675386,0
2012-10-16,1,0.78,0.75,0.7532927,0
2012-10-16,5,0.71,0.75,0.73757046,0
2012-10-16,20,0.62,0.75,0.69993675,0
2012-10-17,1,0.77,0.78,0.783418,0
2012-10-17,5,0.72,0.78,0.7667607,0
2012-10-17,20,0.63,0.78,0.72963345,0
2012-10-18,1,0.75,0.77,0.77283823,0
2012-10-18,5,0.75,0.77,0.7576538,0
2012-10-18,20,0.65,0.77,0.7157648,0
2012-10-19,1,0.78,0.75,0.75271314,0
2012-10-19,5,0.72,0.75,0.7367458,0
2012-10-19,20,0.62,0.75,0.69924265,0
2012-10-22,1,0.71,0.78,0.78237516,0
2012-10-22,5,0.71,0.78,0.7672402,0
2012-10-22,20,0.63,0.78,0.7357686,0
2012-10-23,1,0.72,0.71,0.7131832,0
2012-10-23,5,0.71,0.71,0.6977607,0
2012-10-23,20,0.65,0.71,0.66282743,0
2012-10-24,1,0.75,0.72,0.72241944,0
2012-10-24,5,0.71,0.72,0.7067758,0
2012-10-24,20,0.65,0.72,0.6797327,0
2012-10-25,1,0.72,0.75,0.75277317,0
2012-10-25,5,0.71,0.75,0.7346514,0
2012-10-25,20,0.66,0.75,0.70463365,0
2012-10-26,1,0.71,0.72,0.7230658,0
2012-10-26,5,0.71,0.72,0.70683455,0
2012-10-26,20,0.67,0.72,0.67082983,0
2012-10-29,1,0.71,0.71,0.71296906,0
2012-10-29,5,0.69,0.71,0.697372,0
2012-10-29,20,0.66,0.71,0.6680786,0
2012-10-30,1,0.71,0.71,0.71295583,0
2012-10-30,5,0.69,0.71,0.6961726,0
2012-10-30,20,0.64,0.71,0.6678361,0
2012-10-31,1,0.71,0.71,0.71295685,0
2012-10-31,5,0.67,0.71,0.6965397,0
2012-10-31,20,0.63,0.71,0.66589254,0
2012-11-01,1,0.71,0.71,0.7128553,0
2012-11-01,5,0.65,0.71,0.69575596,0
2012-11-01,20,0.62,0.71,0.665068,0
2012-11-02,1,0.69,0.71,0.7127882,0
2012-11-02,5,0.63,0.71,0.6974498,0
2012-11-02,20,0.63,0.71,0.66389865,0
2012-11-05,1,0.69,0.69,0.6928734,0
2012-11-05,5,0.63,0.69,0.6784455,0
2012-11-05,20,0.64,0.69,0.6448075,0
2012-11-06,1,0.67,0.69,0.6926046,0
2012-11-06,5,0.62,0.69,0.67637724,0
2012-11-06,20,0.64,0.69,0.6464005,0
2012-11-07,1,0.65,0.67,0.67260975,0
2012-11-07,5,0.63,0.67,0.657333,0
2012-11-07,20,0.64,0.67,0.6233023,0
2012-11-08,1,0.63,0.65,0.65275264,0
2012-11-08,5,0.65,0.65,0.6379738,0
2012-11-08,20,0.65,0.65,0.60951805,0
2012-11-09,1,0.63,0.63,0.6329234,0
2012-11-09,5,0.62,0.63,0.617804,0
2012-11-09,20,0.65,0.63,0.5912422,0
2012-11-12,1,0.62,0.63,0.6331322,0
2012-11-12,5,0.63,0.63,0.6173142,0
2012-11-12,20,0.65,0.63,0.59020334,0
2012-11-13,1,0.63,0.62,0.62312865,0
2012-11-13,5,0.65,0.62,0.60691005,0
2012-11-13,20,0.66,0.62,0.5772232,0
2012-11-14,1,0.65,0.63,0.6330639,0
2012-11-14,5,0.65,0.63,0.6169398,0
2012-11-14,20,0.67,0.63,0.587412,0
2012-11-15,1,0.62,0.65,0.65309805,0
2012-11-15,5,0.66,0.65,0.6368494,0
2012-11-15,20,0.68,0.65,0.6050548,0
2012-11-16,1,0.63,0.62,0.62315553,0
2012-11-16,5,0.67,0.62,0.6070284,0
2012-11-16,20,0.67,0.62,0.5735436,0
2012-11-19,1,0.65,0.63,0.63277745,0
2012-11-19,5,0.66,0.63,0.6166236,0
2012-11-19,20,0.68,0.63,0.5860448,0
2012-11-20,1,0.65,0.65,0.65242964,0
2012-11-20,5,0.64,0.65,0.6364182,0
2012-11-20,20,0.69,0.65,0.6018981,0
2012-11-21,1,0.66,0.65,0.65272206,0
2012-11-21,5,0.63,0.65,0.6365977,0
2012-11-21,20,0.7,0.65,0.6001574,0
2012-11-22,1,0.67,0.66,0.66279143,0
2012-11-22,5,0.62,0.66,0.64645976,0
2012-11-22,20,0.71,0.66,0.611102,0
2012-11-23,1,0.66,0.67,0.67285115,0
2012-11-23,5,0.63,0.67,0.65682036,0
2012-11-23,20,0.68,0.67,0.62173533,0
2012-11-26,1,0.64,0.66,0.6625644,0
2012-11-26,5,0.64,0.66,0.6468049,0
2012-11-26,20,0.7,0.66,0.6107895,0
2012-11-27,1,0.63,0.64,0.6427655,0
2012-11-27,5,0.64,0.64,0.6274127,0
2012-11-27,20,0.7,0.64,0.59529656,0
2012-11-28,1,0.62,0.63,0.6326418,0
2012-11-28,5,0.64,0.63,0.6171843,0
2012-11-28,20,0.7,0.63,0.5869873,0
2012-11-29,1,0.63,0.62,0.6227522,0
2012-11-29,5,0.65,0.62,0.60714316,0
2012-11-29,20,0.65,0.62,0.5768814,0
2012-11-30,1,0.64,0.63,0.6328541,0
2012-11-30,5,0.65,0.63,0.6170866,0
2012-11-30,20,0.64,0.63,0.58693826,0
2012-12-03,1,0.64,0.64,0.64302427,0
2012-12-03,5,0.65,0.64,0.6270274,0
2012-12-03,20,0.66,0.64,0.59499115,0
2012-12-04,1,0.64,0.64,0.64298105,0
2012-12-04,5,0.66,0.64,0.62686336,0
2012-12-04,20,0.66,0.64,0.5933839,0
2012-12-05,1,0.65,0.64,0.64276236,0
2012-12-05,5,0.67,0.64,0.62575567,0
2012-12-05,20,0.7,0.64,0.593266,0
2012-12-06,1,0.65,0.65,0.65284044,0
2012-12-06,5,0.68,0.65,0.6380527,0
2012-12-06,20,0.73,0.65,0.60511476,0
2012-12-07,1,0.65,0.65,0.6529081,0
2012-12-07,5,0.67,0.65,0.63757026,0
2012-12-07,20,0.73,0.65,0.6043705,0
2012-12-10,1,0.66,0.65,0.6526448,0
2012-12-10,5,0.68,0.65,0.6366424,0
2012-12-10,20,0.74,0.65,0.60196376,0
2012-12-11,1,0.67,0.66,0.6626373,0
2012-12-11,5,0.69,0.66,0.6469434,0
2012-12-11,20,0.74,0.66,0.6130595,0
2012-12-12,1,0.68,0.67,0.6726061,0
2012-12-12,5,0.7,0.67,0.65566146,0
2012-12-12,20,0.74,0.67,0.6211639,0
2012-12-13,1,0.67,0.68,0.6825925,0
2012-12-13,5,0.71,0.68,0.6660779,0
2012-12-13,20,0.77,0.68,0.6294648,0
2012-12-14,1,0.68,0.67,0.67287236,0
2012-12-14,5,0.68,0.67,0.6578221,0
2012-12-14,20,0.75,0.67,0.62104213,0
2012-12-17,1,0.69,0.68,0.6826876,0
2012-12-17,5,0.7,0.68,0.6661462,0
2012-12-17,20,0.75,0.68,0.6333303,0
2012-12-18,1,0.7,0.69,0.69278127,0
2012-12-18,5,0.7,0.69,0.67739064,0
2012-12-18,20,0.73,0.69,0.6414033,0
2012-12-19,1,0.71,0.7,0.7026882,0
2012-12-19,5,0.7,0.7,0.68548936,0
2012-12-19,20,0.72,0.7,0.6492791,0
2012-12-20,1,0.68,0.71,0.71295315,0
2012-12-20,5,0.65,0.71,0.6967155,0
2012-12-20,20,0.75,0.71,0.6618612,0
2012-12-21,1,0.7,0.68,0.68306345,0
2012-12-21,5,0.64,0.68,0.6670172,0
2012-12-21,20,0.74,0.68,0.6329517,0
2012-12-24,1,0.7,0.7,0.7004189,0
2012-12-24,5,0.66,0.7,0.6903579,0
2012-12-24,20,0.74,0.7,0.65581584,0
2012-12-25,1,0.7,0.7,0.70183086,0
2012-12-25,5,0.66,0.7,0.6870886,0
2012-12-25,20,0.74,0.7,0.65188617,0
2012-12-26,1,0.65,0.7,0.7022712,0
2012-12-26,5,0.7,0.7,0.6871841,0
2012-12-26,20,0.75,0.7,0.6530609,0
2012-12-27,1,0.64,0.65,0.65269625,0
2012-12-27,5,0.73,0.65,0.63870335,0
2012-12-27,20,0.77,0.65,0.605484,0
2012-12-28,1,0.66,0.64,0.6427484,0
2012-12-28,5,0.73,0.64,0.62787926,0
2012-12-28,20,0.81,0.64,0.60055536,0
2012-12-31,1,0.66,0.66,0.66298974,0
2012-12-31,5,0.74,0.66,0.6472835,0
2012-12-31,20,0.81,0.66,0.6187737,0
2013-01-01,1,0.7,0.66,0.66382366,0
2013-01-01,5,0.74,0.66,0.656617,0
2013-01-01,20,0.83,0.66,0.6226304,0
2013-01-02,1,0.73,0.7,0.7031276,0
2013-01-02,5,0.74,0.7,0.69073623,0
2013-01-02,20,0.83,0.7,0.65531677,0
2013-01-03,1,0.73,0.73,0.73206306,0
2013-01-03,5,0.77,0.73,0.71120346,0
2013-01-03,20,0.83,0.73,0.68226737,0
2013-01-04,1,0.74,0.73,0.7320277,0
2013-01-04,5,0.75,0.73,0.71588004,0
2013-01-04,20,0.85,0.73,0.6762124,0
2013-01-07,1,0.74,0.74,0.74255687,0
2013-01-07,5,0.75,0.74,0.7279712,0
2013-01-07,20,0.84,0.74,0.6901915,0
2013-01-08,1,0.74,0.74,0.74276257,0
2013-01-08,5,0.73,0.74,0.7276278,0
2013-01-08,20,0.85,0.74,0.69177324,0
2013-01-09,1,0.77,0.74,0.74304223,0
2013-01-09,5,0.72,0.74,0.7289411,0
2013-01-09,20,0.83,0.74,0.6953459,0
2013-01-10,1,0.75,0.77,0.77305543,0
2013-01-10,5,0.75,0.77,0.7590916,0
2013-01-10,20,0.84,0.77,0.7259444,0
2013-01-11,1,0.75,0.75,0.75309414,0
2013-01-11,5,0.74,0.75,0.73771024,0
2013-01-11,20,0.86,0.75,0.7016096,0
2013-01-14,1,0.73,0.75,0.75261354,0
2013-01-14,5,0.74,0.75,0.7370654,0
2013-01-14,20,0.86,0.75,0.7044153,0
2013-01-15,1,0.72,0.73,0.7327783,0
2013-01-15,5,0.74,0.73,0.71708256,0
2013-01-15,20,0.88,0.73,0.6844462,0
2013-01-16,1,0.75,0.72,0.72259915,0
2013-01-16,5,0.75,0.72,0.70587265,0
2013-01-16,20,0.88,0.72,0.67620254,0
2013-01-17,1,0.74,0.75,0.7529862,0
2013-01-17,5,0.77,0.75,0.7381052,0
2013-01-17,20,0.87,0.75,0.7081198,0
2013-01-18,1,0.74,0.74,0.74311507,0
2013-01-18,5,0.81,0.74,0.7270001,0
2013-01-18,20,0.88,0.74,0.6922857,0
2013-01-21,1,0.74,0.74,0.74346447,0
2013-01-21,5,0.81,0.74,0.7269994,0
2013-01-21,20,0.88,0.74,0.6958812,0
2013-01-22,1,0.75,0.74,0.74318343,0
2013-01-22,5,0.83,0.74,0.7266985,0
2013-01-22,20,0.89,0.74,0.69474006,0
2013-01-23,1,0.77,0.75,0.75306666,0
2013-01-23,5,0.83,0.75,0.7368197,0
2013-01-23,20,0.9,0.75,0.70474064,0
2013-01-24,1,0.81,0.77,0.77357805,0
2013-01-24,5,0.83,0.77,0.7580732,0
2013-01-24,20,0.87,0.77,0.72574794,0
2013-01-25,1,0.81,0.81,0.81323487,0
2013-01-25,5,0.85,0.81,0.7949875,0
2013-01-25,20,0.87,0.81,0.76167434,0
2013-01-28,1,0.83,0.81,0.81354016,0
2013-01-28,5,0.84,0.81,0.79650253,0
2013-01-28,20,0.86,0.81,0.7586374,0
2013-01-29,1,0.83,0.83,0.8330396,0
2013-01-29,5,0.85,0.83,0.8161339,0
2013-01-29,20,0.86,0.83,0.77939045,0
2013-01-30,1,0.83,0.83,0.83302575,0
2013-01-30,5,0.83,0.83,0.819069,0
2013-01-30,20,0.86,0.83,0.78010565,0
2013-01-31,1,0.85,0.83,0.83287954,0
2013-01-31,5,0.84,0.83,0.8176576,0
2013-01-31,20,0.88,0.83,0.78176504,0
2013-02-01,1,0.84,0.85,0.85222757,0
2013-02-01,5,0.86,0.85,0.8338428,0
2013-02-01,20,0.86,0.85,0.8008849,0
2013-02-04,1,0.85,0.84,0.84272885,0
2013-02-04,5,0.86,0.84,0.82742196,0
2013-02-04,20,0.87,0.84,0.79102665,0
2013-02-05,1,0.83,0.85,0.8527322,0
2013-02-05,5,0.88,0.85,0.83878654,0
2013-02-05,20,0.86,0.85,0.80549407,0
2013-02-06,1,0.84,0.83,0.83280474,0
2013-02-06,5,0.88,0.83,0.81740093,0
2013-02-06,20,0.91,0.83,0.78273076,0
2013-02-07,1,0.86,0.84,0.8425977,0
2013-02-07,5,0.87,0.84,0.8273085,0
2013-02-07,20,0.92,0.84,0.7962172,0
2013-02-08,1,0.86,0.86,0.8631196,0
2013-02-08,5,0.88,0.86,0.8473301,0
2013-02-08,20,0.95,0.86,0.81575614,0
2013-02-11,1,0.88,0.86,0.8631775,0
2013-02-11,5,0.88,0.86,0.8459714,0
2013-02-11,20,0.97,0.86,0.8131753,0
2013-02-12,1,0.88,0.88,0.88334334,0
2013-02-12,5,0.89,0.88,0.8665726,0
2013-02-12,20,0.95,0.88,0.8343621,0
2013-02-13,1,0.87,0.88,0.8830677,0
2013-02-13,5,0.9,0.88,0.8677976,0
2013-02-13,20,0.95,0.88,0.83159983,0
2013-02-14,1,0.88,0.87,0.87264353,0
2013-02-14,5,0.87,0.87,0.8557409,0
2013-02-14,20,0.95,0.87,0.82061386,0
2013-02-15,1,0.88,0.88,0.88259315,0
2013-02-15,5,0.87,0.88,0.866959,0
2013-02-15,20,0.9,0.88,0.8347169,0
2013-02-18,1,0.89,0.88,0.8828858,0
2013-02-18,5,0.86,0.88,0.8649937,0
2013-02-18,20,0.88,0.88,0.8331377,0
2013-02-19,1,0.9,0.89,0.8929648,0
2013-02-19,5,0.86,0.89,0.87625057,0
2013-02-19,20,0.85,0.89,0.8435371,0
2013-02-20,1,0.87,0.9,0.9034703,0
2013-02-20,5,0.86,0.9,0.8878,0
2013-02-20,20,0.88,0.9,0.85437524,0
2013-02-21,1,0.87,0.87,0.8735208,0
2013-02-21,5,0.88,0.87,0.8572447,0
2013-02-21,20,0.84,0.87,0.8244442,0
2013-02-22,1,0.86,0.87,0.87306046,0
2013-02-22,5,0.86,0.87,0.8558768,0
2013-02-22,20,0.83,0.87,0.82700115,0
2013-02-25,1,0.86,0.86,0.86071014,0
2013-02-25,5,0.87,0.86,0.8497728,0
2013-02-25,20,0.82,0.86,0.8151513,0
2013-02-26,1,0.86,0.86,0.86221445,0
2013-02-26,5,0.86,0.86,0.8507524,0
2013-02-26,20,0.81,0.86,0.8214768,0
2013-02-27,1,0.88,0.86,0.8627942,0
2013-02-27,5,0.91,0.86,0.8495181,0
2013-02-27,20,0.76,0.86,0.8191868,0
2013-02-28,1,0.86,0.88,0.8825474,0
2013-02-28,5,0.92,0.88,0.86736697,0
2013-02-28,20,0.76,0.88,0.83461857,0
2013-03-01,1,0.87,0.86,0.8630754,0
2013-03-01,5,0.95,0.86,0.8474471,0
2013-03-01,20,0.76,0.86,0.8143078,0
2013-03-04,1,0.86,0.87,0.87277937,0
2013-03-04,5,0.97,0.87,0.85705346,0
2013-03-04,20,0.85,0.87,0.82679373,0
2013-03-05,1,0.91,0.86,0.86275274,0
2013-03-05,5,0.95,0.86,0.84466577,0
2013-03-05,20,0.87,0.86,0.8128967,0
2013-03-06,1,0.92,0.91,0.9128268,0
2013-03-06,5,0.95,0.91,0.8971071,0
2013-03-06,20,0.84,0.91,0.8640763,0
2013-03-07,1,0.95,0.92,0.92321,0
2013-03-07,5,0.95,0.92,0.9069617,0
2013-03-07,20,0.8,0.92,0.86955726,0
2013-03-08,1,0.97,0.95,0.952647,0
2013-03-08,5,0.9,0.95,0.93523157,0
2013-03-08,20,0.77,0.95,0.8979039,0
2013-03-11,1,0.95,0.97,0.9727481,0
2013-03-11,5,0.88,0.97,0.9574896,0
2013-03-11,20,0.77,0.97,0.91689825,0
2013-03-12,1,0.95,0.95,0.95263416,0
2013-03-12,5,0.85,0.95,0.9362073,0
2013-03-12,20,0.77,0.95,0.89763594,0
2013-03-13,1,0.95,0.95,0.9525813,0
2013-03-13,5,0.88,0.95,0.93829834,0
2013-03-13,20,0.81,0.95,0.9044018,0
2013-03-14,1,0.9,0.95,0.9530269,0
2013-03-14,5,0.84,0.95,0.9387951,0
2013-03-14,20,0.8,0.95,0.9056196,0
2013-03-15,1,0.88,0.9,0.9027697,0
2013-03-15,5,0.83,0.9,0.8863469,0
2013-03-15,20,0.79,0.9,0.85376453,0
2013-03-18,1,0.85,0.88,0.8817963,0
2013-03-18,5,0.82,0.88,0.8645994,0
2013-03-18,20,0.78,0.88,0.83696723,0
2013-03-19,1,0.88,0.85,0.85259,0
2013-03-19,5,0.81,0.85,0.8368854,0
2013-03-19,20,0.79,0.85,0.8100024,0
2013-03-20,1,0.84,0.88,0.8833437,0
2013-03-20,5,0.76,0.88,0.86884844,0
2013-03-20,20,0.78,0.88,0.84338427,0
2013-03-21,1,0.83,0.84,0.84335124,0
2013-03-21,5,0.76,0.84,0.8271169,0
2013-03-21,20,0.76,0.84,0.794942,0
2013-03-22,1,0.82,0.83,0.8324508,0
2013-03-22,5,0.76,0.83,0.81505305,0
2013-03-22,20,0.77,0.83,0.7865774,0
2013-03-25,1,0.81,0.82,0.82267153,0
2013-03-25,5,0.85,0.82,0.80767965,0
2013-03-25,20,0.77,0.82,0.777642,0
2013-03-26,1,0.76,0.81,0.81270844,0
2013-03-26,5,0.87,0.81,0.7970696,0
2013-03-26,20,0.78,0.81,0.7667656,0
2013-03-27,1,0.76,0.76,0.76244533,0
2013-03-27,5,0.84,0.76,0.74806625,0
2013-03-27,20,0.78,0.76,0.71660787,0
2013-03-28,1,0.76,0.76,0.7693288,0
2013-03-28,5,0.8,0.76,0.74634457,0
2013-03-28,20,0.79,0.76,0.7285454,0
2013-03-29,1,0.85,0.76,0.7676532,0
2013-03-29,5,0.77,0.76,0.74777776,0
2013-03-29,20,0.77,0.76,0.7223037,0
2013-04-01,1,0.87,0.85,0.8559432,0
2013-04-01,5,0.77,0.85,0.8430379,0
2013-04-01,20,0.77,0.85,0.81178373,0
2013-04-02,1,0.84,0.87,0.8739464,0
2013-04-02,5,0.77,0.87,0.8545572,0
2013-04-02,20,0.77,0.87,0.8234132,0
2013-04-03,1,0.8,0.84,0.84319574,0
2013-04-03,5,0.81,0.84,0.8278822,0
2013-04-03,20,0.77,0.84,0.7891566,0
2013-04-04,1,0.77,0.8,0.80264646,0
2013-04-04,5,0.8,0.8,0.7891047,0
2013-04-04,20,0.76,0.8,0.75604385,0
2013-04-05,1,0.77,0.77,0.7724927,0
2013-04-05,5,0.79,0.77,0.7583737,0
2013-04-05,20,0.81,0.77,0.7304906,0
2013-04-08,1,0.77,0.77,0.7729915,0
2013-04-08,5,0.78,0.77,0.7572022,0
2013-04-08,20,0.83,0.77,0.73212826,0
2013-04-09,1,0.81,0.77,0.77317023,0
2013-04-09,5,0.79,0.77,0.7564798,0
2013-04-09,20,0.84,0.77,0.7267219,0
2013-04-10,1,0.8,0.81,0.8127516,0
2013-04-10,5,0.78,0.81,0.7962344,0
2013-04-10,20,0.84,0.81,0.7638578,0
2013-04-11,1,0.79,0.8,0.80284697,0
2013-04-11,5,0.76,0.8,0.7865205,0
2013-04-11,20,0.83,0.8,0.7488534,0
2013-04-12,1,0.78,0.79,0.79237145,0
2013-04-12,5,0.77,0.79,0.77649677,0
2013-04-12,20,0.88,0.79,0.741619,0
2013-04-15,1,0.79,0.78,0.78265226,0
2013-04-15,5,0.77,0.78,0.7676308,0
2013-04-15,20,0.89,0.78,0.73695946,0
2013-04-16,1,0.78,0.79,0.79332787,0
2013-04-16,5,0.78,0.79,0.7776172,0
2013-04-16,20,0.91,0.79,0.7490308,0
2013-04-17,1,0.76,0.78,0.78343123,0
2013-04-17,5,0.78,0.78,0.76674896,0
2013-04-17,20,0.89,0.78,0.73514175,0
2013-04-18,1,0.77,0.76,0.7633606,0
2013-04-18,5,0.79,0.76,0.74689806,0
2013-04-18,20,0.87,0.76,0.7165245,0
2013-04-19,1,0.77,0.77,0.7729854,0
2013-04-19,5,0.77,0.77,0.7567015,0
2013-04-19,20,0.91,0.77,0.7270531,0
2013-04-22,1,0.78,0.77,0.7711393,0
2013-04-22,5,0.77,0.77,0.75877196,0
2013-04-22,20,0.91,0.77,0.72328943,0
2013-04-23,1,0.78,0.78,0.78207856,0
2013-04-23,5,0.77,0.78,0.76775104,0
2013-04-23,20,0.9,0.78,0.73441005,0
2013-04-24,1,0.79,0.78,0.78259915,0
2013-04-24,5,0.77,0.78,0.7683468,0
2013-04-24,20,0.93,0.78,0.733722,0
2013-04-25,1,0.77,0.79,0.79289925,0
2013-04-25,5,0.76,0.79,0.77878803,0
2013-04-25,20,0.92,0.79,0.74536246,0
2013-04-26,1,0.77,0.77,0.7723811,0
2013-04-26,5,0.81,0.77,0.7573399,0
2013-04-26,20,0.92,0.77,0.7217531,0
2013-04-29,1,0.77,0.77,0.7722402,0
2013-04-29,5,0.83,0.77,0.75736165,0
2013-04-29,20,0.95,0.77,0.7257069,0
2013-04-30,1,0.77,0.77,0.77240366,0
2013-04-30,5,0.84,0.77,0.75720656,0
2013-04-30,20,1.0,0.77,0.7246736,0
2013-05-01,1,0.76,0.77,0.7720983,0
2013-05-01,5,0.84,0.77,0.7556774,0
2013-05-01,20,1.0,0.77,0.72262776,0
2013-05-02,1,0.81,0.76,0.7625812,0
2013-05-02,5,0.83,0.76,0.7472521,0
2013-05-02,20,0.99,0.76,0.7154639,0
2013-05-03,1,0.83,0.81,0.8125692,0
2013-05-03,5,0.88,0.81,0.79585975,0
2013-05-03,20,0.98,0.81,0.7651028,0
2013-05-06,1,0.84,0.83,0.832767,0
2013-05-06,5,0.89,0.83,0.8172529,0
2013-05-06,20,0.98,0.83,0.77799684,0
2013-05-07,1,0.84,0.84,0.8428127,0
2013-05-07,5,0.91,0.84,0.82692516,0
2013-05-07,20,1.01,0.84,0.7882603,0
2013-05-08,1,0.83,0.84,0.8429298,0
2013-05-08,5,0.89,0.84,0.8294379,0
2013-05-08,20,1.0,0.84,0.7909648,0
2013-05-09,1,0.88,0.83,0.83261824,0
2013-05-09,5,0.87,0.83,0.8178917,0
2013-05-09,20,0.99,0.83,0.78191936,0
2013-05-10,1,0.89,0.88,0.8826921,0
2013-05-10,5,0.91,0.88,0.86732614,0
2013-05-10,20,1.02,0.88,0.83405316,0
2013-05-13,1,0.91,0.89,0.8934722,0
2013-05-13,5,0.91,0.89,0.87632585,0
2013-05-13,20,1.04,0.89,0.8401947,0
2013-05-14,1,0.89,0.91,0.91308135,0
2013-05-14,5,0.9,0.91,0.896169,0
2013-05-14,20,1.02,0.91,0.8595868,0
2013-05-15,1,0.87,0.89,0.8934122,0
2013-05-15,5,0.93,0.89,0.8774357,0
2013-05-15,20,1.05,0.89,0.84077954,0
2013-05-16,1,0.91,0.87,0.87296736,0
2013-05-16,5,0.92,0.87,0.85570705,0
2013-05-16,20,1.02,0.87,0.82351905,0
2013-05-17,1,0.91,0.91,0.91286486,0
2013-05-17,5,0.92,0.91,0.8982659,0
2013-05-17,20,1.02,0.91,0.86897624,0
2013-05-20,1,0.9,0.91,0.91046876,0
2013-05-20,5,0.95,0.91,0.90090543,0
2013-05-20,20,1.03,0.91,0.8630447,0
2013-05-21,1,0.93,0.9,0.9021296,0
2013-05-21,5,1.0,0.9,0.88896614,0
2013-05-21,20,1.04,0.9,0.8531719,0
2013-05-22,1,0.92,0.93,0.932524,0
2013-05-22,5,1.0,0.93,0.919481,0
2013-05-22,20,1.08,0.93,0.886559,0
2013-05-23,1,0.92,0.92,0.9233134,0
2013-05-23,5,0.99,0.92,0.9080074,0
2013-05-23,20,1.14,0.92,0.8722111,0
2013-05-24,1,0.95,0.92,0.92277765,0
2013-05-24,5,0.98,0.92,0.9068795,0
2013-05-24,20,1.22,0.92,0.87295574,0
2013-05-27,1,1.0,0.95,0.9527808,0
2013-05-27,5,0.98,0.95,0.9357723,0
2013-05-27,20,1.25,0.95,0.9033751,0
2013-05-28,1,1.0,1.0,1.0031068,0
2013-05-28,5,1.01,1.0,0.98674935,0
2013-05-28,20,1.28,1.0,0.95183194,0
2013-05-29,1,0.99,1.0,1.0029203,0
2013-05-29,5,1.0,1.0,0.98605394,0
2013-05-29,20,1.27,1.0,0.946081,0
2013-05-30,1,0.98,0.99,0.99302524,0
2013-05-30,5,0.99,0.99,0.97783417,0
2013-05-30,20,1.22,0.99,0.9406515,0
2013-05-31,1,0.98,0.98,0.98228747,0
2013-05-31,5,1.02,0.98,0.966815,0
2013-05-31,20,1.22,0.98,0.9315027,0
2013-06-03,1,1.01,0.98,0.98257196,0
2013-06-03,5,1.04,0.98,0.96566266,0
2013-06-03,20,1.22,0.98,0.93258274,0
2013-06-04,1,1.0,1.01,1.0123688,0
2013-06-04,5,1.02,1.01,0.9953093,0
2013-06-04,20,1.21,1.01,0.96284425,0
2013-06-05,1,0.99,1.0,1.002978,0
2013-06-05,5,1.05,1.0,0.9855677,0
2013-06-05,20,1.23,1.0,0.95161396,0
2013-06-06,1,1.02,0.99,0.9931045,0
2013-06-06,5,1.02,0.99,0.9795032,0
2013-06-06,20,1.23,0.99,0.9469307,0
2013-06-07,1,1.04,1.02,1.0218624,0
2013-06-07,5,1.02,1.02,1.0060806,0
2013-06-07,20,1.32,1.02,0.9738339,0
2013-06-10,1,1.02,1.04,1.0423436,0
2013-06-10,5,1.03,1.04,1.0278158,0
2013-06-10,20,1.32,1.04,0.9893385,0
2013-06-11,1,1.05,1.02,1.0224813,0
2013-06-11,5,1.04,1.02,1.0071294,0
2013-06-11,20,1.32,1.02,0.96802354,0
2013-06-12,1,1.02,1.05,1.0524715,0
2013-06-12,5,1.08,1.05,1.0370619,0
2013-06-12,20,1.35,1.05,1.0032566,0
2013-06-13,1,1.02,1.02,1.02304,0
2013-06-13,5,1.14,1.02,1.008046,0
2013-06-13,20,1.31,1.02,0.97137153,0
2013-06-14,1,1.03,1.02,1.0222526,0
2013-06-14,5,1.22,1.02,1.0058632,0
2013-06-14,20,1.29,1.02,0.9753278,0
2013-06-17,1,1.04,1.03,1.0325774,0
2013-06-17,5,1.25,1.03,1.0159601,0
2013-06-17,20,1.28,1.03,0.9861709,0
2013-06-18,1,1.08,1.04,1.0426482,0
2013-06-18,5,1.28,1.04,1.0250793,0
2013-06-18,20,1.28,1.04,0.99202716,0
2013-06-19,1,1.14,1.08,1.0828673,0
2013-06-19,5,1.27,1.08,1.0652251,0
2013-06-19,20,1.28,1.08,1.0316824,0
2013-06-20,1,1.22,1.14,1.1427686,0
2013-06-20,5,1.22,1.14,1.127868,0
2013-06-20,20,1.31,1.14,1.0869113,0
2013-06-21,1,1.25,1.22,1.2239482,0
2013-06-21,5,1.22,1.22,1.2054735,0
2013-06-21,20,1.28,1.22,1.1680424,0
2013-06-24,1,1.28,1.25,1.2570595,0
2013-06-24,5,1.22,1.25,1.2363781,0
2013-06-24,20,1.27,1.25,1.1963843,0
2013-06-25,1,1.27,1.28,1.285297,0
2013-06-25,5,1.21,1.28,1.266816,0
2013-06-25,20,1.29,1.28,1.2272847,0
2013-06-26,1,1.22,1.27,1.2741824,0
2013-06-26,5,1.23,1.27,1.2582604,0
2013-06-26,20,1.33,1.27,1.2171255,0
2013-06-27,1,1.22,1.22,1.223026,0
2013-06-27,5,1.23,1.22,1.2077072,0
2013-06-27,20,1.31,1.22,1.1713151,0
2013-06-28,1,1.22,1.22,1.2226809,0
2013-06-28,5,1.32,1.22,1.2078737,0
2013-06-28,20,1.3,1.22,1.1794194,0
2013-07-01,1,1.21,1.22,1.2234321,0
2013-07-01,5,1.32,1.22,1.2096621,0
2013-07-01,20,1.32,1.22,1.1786371,0
2013-07-02,1,1.23,1.21,1.2128296,0
2013-07-02,5,1.32,1.21,1.1947846,0
2013-07-02,20,1.32,1.21,1.164833,0
2013-07-03,1,1.23,1.23,1.2330267,0
2013-07-03,5,1.35,1.23,1.2163746,0
2013-07-03,20,1.3,1.23,1.1861023,0
2013-07-04,1,1.32,1.23,1.2329999,0
2013-07-04,5,1.31,1.23,1.216425,0
2013-07-04,20,1.36,1.23,1.1819997,0
2013-07-05,1,1.32,1.32,1.3228261,0
2013-07-05,5,1.29,1.32,1.3066516,0
2013-07-05,20,1.33,1.32,1.2726713,0
2013-07-08,1,1.32,1.32,1.3224608,0
2013-07-08,5,1.28,1.32,1.3063691,0
2013-07-08,20,1.33,1.32,1.2633384,0
2013-07-09,1,1.35,1.32,1.3225362,0
2013-07-09,5,1.28,1.32,1.3070259,0
2013-07-09,20,1.37,1.32,1.2699064,0
2013-07-10,1,1.31,1.35,1.3521456,0
2013-07-10,5,1.28,1.35,1.3367845,0
2013-07-10,20,1.36,1.35,1.3009495,0
2013-07-11,1,1.29,1.31,1.3125999,0
2013-07-11,5,1.31,1.31,1.2981607,0
2013-07-11,20,1.35,1.31,1.2593595,0
2013-07-12,1,1.28,1.29,1.291056,0
2013-07-12,5,1.28,1.29,1.2765296,0
2013-07-12,20,1.35,1.29,1.245363,0
2013-07-15,1,1.28,1.28,1.2820295,0
2013-07-15,5,1.27,1.28,1.2671963,0
2013-07-15,20,1.38,1.28,1.2372545,0
2013-07-16,1,1.28,1.28,1.2826784,0
2013-07-16,5,1.29,1.28,1.2675421,0
2013-07-16,20,1.42,1.28,1.2389578,0
2013-07-17,1,1.31,1.28,1.2826954,0
2013-07-17,5,1.33,1.28,1.2671866,0
2013-07-17,20,1.42,1.28,1.2371786,0
2013-07-18,1,1.28,1.31,1.3131118,0
2013-07-18,5,1.31,1.31,1.2974122,0
2013-07-18,20,1.47,1.31,1.2677497,0
2013-07-19,1,1.27,1.28,1.2829561,0
2013-07-19,5,1.3,1.28,1.2668161,0
2013-07-19,20,1.5,1.28,1.2316934,0
2013-07-22,1,1.29,1.27,1.276554,0
2013-07-22,5,1.32,1.27,1.2547085,0
2013-07-22,20,1.52,1.27,1.2299188,0
2013-07-23,1,1.33,1.29,1.2951728,0
2013-07-23,5,1.32,1.29,1.2770039,0
2013-07-23,20,1.49,1.29,1.2483066,0
2013-07-24,1,1.31,1.33,1.3340204,0
2013-07-24,5,1.3,1.33,1.3170874,0
2013-07-24,20,1.52,1.33,1.2832501,0
2013-07-25,1,1.3,1.31,1.3133962,0
2013-07-25,5,1.36,1.31,1.2968372,0
2013-07-25,20,1.54,1.31,1.2581483,0
2013-07-26,1,1.32,1.3,1.3028216,0
2013-07-26,5,1.33,1.3,1.2866012,0
2013-07-26,20,1.5,1.3,1.2518202,0
2013-07-29,1,1.32,1.32,1.3228288,0
2013-07-29,5,1.33,1.32,1.307235,0
2013-07-29,20,1.47,1.32,1.2751548,0
2013-07-30,1,1.3,1.32,1.3228924,0
2013-07-30,5,1.37,1.32,1.3081781,0
2013-07-30,20,1.41,1.32,1.2724892,0
2013-07-31,1,1.36,1.3,1.302868,0
2013-07-31,5,1.36,1.3,1.2860994,0
2013-07-31,20,1.43,1.3,1.252324,0
2013-08-01,1,1.33,1.36,1.3627347,0
2013-08-01,5,1.35,1.36,1.3467203,0
2013-08-01,20,1.41,1.36,1.3157002,0
2013-08-02,1,1.33,1.33,1.333145,0
2013-08-02,5,1.35,1.33,1.3170155,0
2013-08-02,20,1.42,1.33,1.278565,0
2013-08-05,1,1.37,1.33,1.3326035,0
2013-08-05,5,1.38,1.33,1.3159678,0
2013-08-05,20,1.42,1.33,1.2860504,0
2013-08-06,1,1.36,1.37,1.3728814,0
2013-08-06,5,1.42,1.37,1.3572206,0
2013-08-06,20,1.46,1.37,1.3245482,0
2013-08-07,1,1.35,1.36,1.362953,0
2013-08-07,5,1.42,1.36,1.3461622,0
2013-08-07,20,1.48,1.36,1.3105273,0
2013-08-08,1,1.35,1.35,1.3529731,0
2013-08-08,5,1.47,1.35,1.3371627,0
2013-08-08,20,1.51,1.35,1.3057481,0
2013-08-09,1,1.38,1.35,1.352267,0
2013-08-09,5,1.5,1.35,1.336837,0
2013-08-09,20,1.47,1.35,1.305413,0
2013-08-12,1,1.42,1.38,1.382351,0
2013-08-12,5,1.52,1.38,1.3684822,0
2013-08-12,20,1.46,1.38,1.3355145,0
2013-08-13,1,1.42,1.42,1.4227687,0
2013-08-13,5,1.49,1.42,1.4076626,0
2013-08-13,20,1.51,1.42,1.3716124,0
2013-08-14,1,1.47,1.42,1.422988,0
2013-08-14,5,1.52,1.42,1.4067029,0
2013-08-14,20,1.49,1.42,1.3679587,0
2013-08-15,1,1.5,1.47,1.4725307,0
2013-08-15,5,1.54,1.47,1.4553697,0
2013-08-15,20,1.5,1.47,1.4191157,0
2013-08-16,1,1.52,1.5,1.503068,0
2013-08-16,5,1.5,1.5,1.4877197,0
2013-08-16,20,1.48,1.5,1.4478756,0
2013-08-19,1,1.49,1.52,1.522707,0
2013-08-19,5,1.47,1.52,1.5058004,0
2013-08-19,20,1.53,1.52,1.465488,0
2013-08-20,1,1.52,1.49,1.4927051,0
2013-08-20,5,1.41,1.49,1.4765553,0
2013-08-20,20,1.51,1.49,1.4364083,0
2013-08-21,1,1.54,1.52,1.5227742,0
2013-08-21,5,1.43,1.52,1.5073227,0
2013-08-21,20,1.47,1.52,1.475112,0
2013-08-22,1,1.5,1.54,1.5436312,0
2013-08-22,5,1.41,1.54,1.5277303,0
2013-08-22,20,1.48,1.54,1.493549,0
2013-08-23,1,1.47,1.5,1.5035567,0
2013-08-23,5,1.42,1.5,1.4856526,0
2013-08-23,20,1.47,1.5,1.4511945,0
2013-08-26,1,1.41,1.47,1.4750371,0
2013-08-26,5,1.42,1.47,1.4567235,0
2013-08-26,20,1.44,1.47,1.4308692,0
2013-08-27,1,1.43,1.41,1.4140005,0
2013-08-27,5,1.46,1.41,1.397302,0
2013-08-27,20,1.38,1.41,1.3710773,0
2013-08-28,1,1.41,1.43,1.4332819,0
2013-08-28,5,1.48,1.43,1.4189141,0
2013-08-28,20,1.36,1.43,1.3964685,0
2013-08-29,1,1.42,1.41,1.4133092,0
2013-08-29,5,1.51,1.41,1.3971707,0
2013-08-29,20,1.36,1.41,1.3663392,0
2013-08-30,1,1.42,1.42,1.4231662,0
2013-08-30,5,1.47,1.42,1.4059869,0
2013-08-30,20,1.35,1.42,1.377684,0
2013-09-02,1,1.46,1.42,1.4234662,0
2013-09-02,5,1.46,1.42,1.4073546,0
2013-09-02,20,1.35,1.42,1.3753227,0
2013-09-03,1,1.48,1.46,1.4631424,0
2013-09-03,5,1.51,1.46,1.4467583,0
2013-09-03,20,1.35,1.46,1.4143939,0
2013-09-04,1,1.51,1.48,1.4826146,0
2013-09-04,5,1.49,1.48,1.4644231,0
2013-09-04,20,1.36,1.48,1.4274253,0
2013-09-05,1,1.47,1.51,1.5125569,0
2013-09-05,5,1.5,1.51,1.4971248,0
2013-09-05,20,1.36,1.51,1.4568979,0
2013-09-06,1,1.46,1.47,1.4726982,0
2013-09-06,5,1.48,1.47,1.4567441,0
2013-09-06,20,1.39,1.47,1.4162619,0
2013-09-09,1,1.51,1.46,1.4614989,0
2013-09-09,5,1.53,1.46,1.4455206,0
2013-09-09,20,1.38,1.46,1.411513,0
2013-09-10,1,1.49,1.51,1.5120032,0
2013-09-10,5,1.51,1.51,1.4971094,0
2013-09-10,20,1.38,1.51,1.4654632,0
2013-09-11,1,1.5,1.49,1.492716,0
2013-09-11,5,1.47,1.49,1.477233,0
2013-09-11,20,1.37,1.49,1.4398638,0
2013-09-12,1,1.48,1.5,1.5023891,0
2013-09-12,5,1.48,1.5,1.4869515,0
2013-09-12,20,1.38,1.5,1.4538958,0
2013-09-13,1,1.53,1.48,1.482614,0
2013-09-13,5,1.47,1.48,1.4673114,0
2013-09-13,20,1.38,1.48,1.4336486,0
2013-09-16,1,1.51,1.53,1.5327646,0
2013-09-16,5,1.44,1.53,1.5173184,0
2013-09-16,20,1.38,1.53,1.4868654,0
2013-09-17,1,1.47,1.51,1.5131148,0
2013-09-17,5,1.38,1.51,1.4977583,0
2013-09-17,20,1.42,1.51,1.462226,0
2013-09-18,1,1.48,1.47,1.4724857,0
2013-09-18,5,1.36,1.47,1.4570779,0
2013-09-18,20,1.41,1.47,1.4248755,0
2013-09-19,1,1.47,1.48,1.4823217,0
2013-09-19,5,1.36,1.48,1.4685795,0
2013-09-19,20,1.38,1.48,1.4444224,0
2013-09-20,1,1.44,1.47,1.4720361,0
2013-09-20,5,1.35,1.47,1.4553976,0
2013-09-20,20,1.35,1.47,1.423985,0
2013-09-23,1,1.38,1.44,1.4408123,0
2013-09-23,5,1.35,1.44,1.4301662,0
2013-09-23,20,1.35,1.44,1.3953989,0
2013-09-24,1,1.36,1.38,1.381488,0
2013-09-24,5,1.35,1.38,1.3670478,0
2013-09-24,20,1.31,1.38,1.3379287,0
2013-09-25,1,1.36,1.36,1.3619174,0
2013-09-25,5,1.36,1.36,1.3473015,0
2013-09-25,20,1.32,1.36,1.3234198,0
2013-09-26,1,1.35,1.36,1.362556,0
2013-09-26,5,1.36,1.36,1.3487115,0
2013-09-26,20,1.33,1.36,1.3233056,0
2013-09-27,1,1.35,1.35,1.3530718,0
2013-09-27,5,1.39,1.35,1.3371967,0
2013-09-27,20,1.33,1.35,1.3081485,0
2013-09-30,1,1.35,1.35,1.3527769,0
2013-09-30,5,1.38,1.35,1.336754,0
2013-09-30,20,1.34,1.35,1.307338,0
2013-10-01,1,1.36,1.35,1.3529463,0
2013-10-01,5,1.38,1.35,1.3393741,0
2013-10-01,20,1.31,1.35,1.3073716,0
2013-10-02,1,1.36,1.36,1.3629164,0
2013-10-02,5,1.37,1.36,1.3454301,0
2013-10-02,20,1.32,1.36,1.3141785,0
2013-10-03,1,1.39,1.36,1.3631464,0
2013-10-03,5,1.38,1.36,1.3478754,0
2013-10-03,20,1.32,1.36,1.3153027,0
2013-10-04,1,1.38,1.39,1.3927733,0
2013-10-04,5,1.38,1.39,1.3759773,0
2013-10-04,20,1.38,1.39,1.3439605,0
2013-10-07,1,1.38,1.38,1.3828318,0
2013-10-07,5,1.38,1.38,1.3665348,0
2013-10-07,20,1.37,1.38,1.3300679,0
2013-10-08,1,1.37,1.38,1.3826979,0
2013-10-08,5,1.42,1.38,1.3667485,0
2013-10-08,20,1.4,1.38,1.3329586,0
2013-10-09,1,1.38,1.37,1.3729565,0
2013-10-09,5,1.41,1.37,1.3568811,0
2013-10-09,20,1.41,1.37,1.3238025,0
2013-10-10,1,1.38,1.38,1.3831911,0
2013-10-10,5,1.38,1.38,1.3656104,0
2013-10-10,20,1.42,1.38,1.334196,0
2013-10-11,1,1.38,1.38,1.383045,0
2013-10-11,5,1.35,1.38,1.3660575,0
2013-10-11,20,1.47,1.38,1.3320129,0
2013-10-14,1,1.42,1.38,1.382831,0
2013-10-14,5,1.35,1.38,1.3654364,0
2013-10-14,20,1.47,1.38,1.3325233,0
2013-10-15,1,1.41,1.42,1.4228829,0
2013-10-15,5,1.31,1.42,1.4064314,0
2013-10-15,20,1.51,1.42,1.3733709,0
2013-10-16,1,1.38,1.41,1.412953,0
2013-10-16,5,1.32,1.41,1.3967459,0
2013-10-16,20,1.48,1.41,1.3590086,0
2013-10-17,1,1.35,1.38,1.3824028,0
2013-10-17,5,1.33,1.38,1.3658961,0
2013-10-17,20,1.46,1.38,1.3327881,0
2013-10-18,1,1.35,1.35,1.3518986,0
2013-10-18,5,1.33,1.35,1.3382642,0
2013-10-18,20,1.44,1.35,1.3088555,0
2013-10-21,1,1.31,1.35,1.3523118,0
2013-10-21,5,1.34,1.35,1.3378357,0
2013-10-21,20,1.42,1.35,1.3102417,0
2013-10-22,1,1.32,1.31,1.3129448,0
2013-10-22,5,1.31,1.31,1.2983812,0
2013-10-22,20,1.44,1.31,1.2676152,0
2013-10-23,1,1.33,1.32,1.3225099,0
2013-10-23,5,1.32,1.32,1.3092706,0
2013-10-23,20,1.5,1.32,1.283535,0
2013-10-24,1,1.33,1.33,1.3337212,0
2013-10-24,5,1.32,1.33,1.3179543,0
2013-10-24,20,1.55,1.33,1.2909231,0
2013-10-25,1,1.34,1.33,1.3337306,0
2013-10-25,5,1.38,1.33,1.3166641,0
2013-10-25,20,1.5,1.33,1.2865759,0
2013-10-28,1,1.31,1.34,1.3435237,0
2013-10-28,5,1.37,1.34,1.3264728,0
2013-10-28,20,1.46,1.34,1.2954948,0
2013-10-29,1,1.32,1.31,1.3132082,0
2013-10-29,5,1.4,1.31,1.2964102,0
2013-10-29,20,1.42,1.31,1.2633088,0
2013-10-30,1,1.32,1.32,1.3228239,0
2013-10-30,5,1.41,1.32,1.3064054,0
2013-10-30,20,1.44,1.32,1.2761933,0
2013-10-31,1,1.38,1.32,1.3230534,0
2013-10-31,5,1.42,1.32,1.3065405,0
2013-10-31,20,1.45,1.32,1.2739472,0
2013-11-01,1,1.37,1.38,1.382866,0
2013-11-01,5,1.47,1.38,1.3676229,0
2013-11-01,20,1.45,1.38,1.3335114,0
2013-11-04,1,1.4,1.37,1.3729179,0
2013-11-04,5,1.47,1.37,1.3561729,0
2013-11-04,20,1.49,1.37,1.3170456,0
2013-11-05,1,1.41,1.4,1.4025043,0
2013-11-05,5,1.51,1.4,1.386413,0
2013-11-05,20,1.52,1.4,1.3506339,0
2013-11-06,1,1.42,1.41,1.4128908,0
2013-11-06,5,1.48,1.41,1.3966209,0
2013-11-06,20,1.58,1.41,1.3592303,0
2013-11-07,1,1.47,1.42,1.4227343,0
2013-11-07,5,1.46,1.42,1.4069831,0
2013-11-07,20,1.59,1.42,1.3706388,0
2013-11-08,1,1.47,1.47,1.472943,0
2013-11-08,5,1.44,1.47,1.457588,0
2013-11-08,20,1.6,1.47,1.4237199,0
2013-11-11,1,1.51,1.47,1.4729285,0
2013-11-11,5,1.42,1.47,1.4563403,0
2013-11-11,20,1.59,1.47,1.417219,0
2013-11-12,1,1.48,1.51,1.5128465,0
2013-11-12,5,1.44,1.51,1.4964767,0
2013-11-12,20,1.51,1.51,1.4596645,0
2013-11-13,1,1.46,1.48,1.4830725,0
2013-11-13,5,1.5,1.48,1.466976,0
2013-11-13,20,1.55,1.48,1.4285291,0
2013-11-14,1,1.44,1.46,1.4623568,0
2013-11-14,5,1.55,1.46,1.4467021,0
2013-11-14,20,1.56,1.46,1.4142059,0
2013-11-15,1,1.42,1.44,1.4425813,0
2013-11-15,5,1.5,1.44,1.4264054,0
2013-11-15,20,1.56,1.44,1.3979564,0
2013-11-18,1,1.44,1.42,1.4223868,0
2013-11-18,5,1.46,1.42,1.4062496,0
2013-11-18,20,1.56,1.42,1.3763609,0
2013-11-19,1,1.5,1.44,1.4423265,0
2013-11-19,5,1.42,1.44,1.4269085,0
2013-11-19,20,1.53,1.44,1.3982093,0
2013-11-20,1,1.55,1.5,1.5031034,0
2013-11-20,5,1.44,1.5,1.4867612,0
2013-11-20,20,1.57,1.5,1.4544619,0
2013-11-21,1,1.5,1.55,1.5529646,0
2013-11-21,5,1.45,1.55,1.5367196,0
2013-11-21,20,1.56,1.55,1.4968317,0
2013-11-22,1,1.46,1.5,1.5034024,0
2013-11-22,5,1.45,1.5,1.4873692,0
2013-11-22,20,1.56,1.5,1.4481648,0
2013-11-25,1,1.42,1.46,1.4593906,0
2013-11-25,5,1.49,1.46,1.4500532,0
2013-11-25,20,1.55,1.46,1.4128945,0
2013-11-26,1,1.44,1.42,1.4213026,0
2013-11-26,5,1.52,1.42,1.4085345,0
2013-11-26,20,1.59,1.42,1.3782282,0
2013-11-27,1,1.45,1.44,1.4417825,0
2013-11-27,5,1.58,1.44,1.4275614,0
2013-11-27,20,1.59,1.44,1.4006412,0
2013-11-28,1,1.45,1.45,1.4530194,0
2013-11-28,5,1.59,1.45,1.4368438,0
2013-11-28,20,1.59,1.45,1.4059155,0
2013-11-29,1,1.49,1.45,1.4530141,0
2013-11-29,5,1.6,1.45,1.4366149,0
2013-11-29,20,1.64,1.45,1.4041443,0
2013-12-02,1,1.52,1.49,1.4932189,0
2013-12-02,5,1.59,1.49,1.479176,0
2013-12-02,20,1.61,1.49,1.4457729,0
2013-12-03,1,1.58,1.52,1.5229948,0
2013-12-03,5,1.51,1.52,1.5054021,0
2013-12-03,20,1.64,1.52,1.4692819,0
2013-12-04,1,1.59,1.58,1.5832465,0
2013-12-04,5,1.55,1.58,1.5668591,0
2013-12-04,20,1.64,1.58,1.5303775,0
2013-12-05,1,1.6,1.59,1.5934119,0
2013-12-05,5,1.56,1.59,1.5770494,0
2013-12-05,20,1.61,1.59,1.5373604,0
2013-12-06,1,1.59,1.6,1.6026019,0
2013-12-06,5,1.56,1.6,1.5864536,0
2013-12-06,20,1.61,1.6,1.546235,0
2013-12-09,1,1.51,1.59,1.5928453,0
2013-12-09,5,1.56,1.59,1.577154,0
2013-12-09,20,1.59,1.59,1.5399803,0
2013-12-10,1,1.55,1.51,1.5125979,0
2013-12-10,5,1.53,1.51,1.4971213,0
2013-12-10,20,1.56,1.51,1.4630243,0
2013-12-11,1,1.56,1.55,1.5520226,0
2013-12-11,5,1.57,1.55,1.5368211,0
2013-12-11,20,1.61,1.55,1.5118074,0
2013-12-12,1,1.56,1.56,1.5629206,0
2013-12-12,5,1.56,1.56,1.547992,0
2013-12-12,20,1.58,1.56,1.514204,0
2013-12-13,1,1.56,1.56,1.5629259,0
2013-12-13,5,1.56,1.56,1.545828,0
2013-12-13,20,1.54,1.56,1.512173,0
2013-12-16,1,1.53,1.56,1.562689,0
2013-12-16,5,1.55,1.56,1.5476826,0
2013-12-16,20,1.5,1.56,1.5132773,0
2013-12-17,1,1.57,1.53,1.5324792,0
2013-12-17,5,1.59,1.53,1.5159187,0
2013-12-17,20,1.52,1.53,1.482357,0
2013-12-18,1,1.56,1.57,1.5727643,0
2013-12-18,5,1.59,1.57,1.5570258,0
2013-12-18,20,1.51,1.57,1.5278109,0
2013-12-19,1,1.56,1.56,1.5633339,0
2013-12-19,5,1.59,1.56,1.5467372,0
2013-12-19,20,1.48,1.56,1.5125977,0
2013-12-20,1,1.55,1.56,1.563174,0
2013-12-20,5,1.64,1.56,1.5460494,0
2013-12-20,20,1.48,1.56,1.5123693,0
2013-12-23,1,1.59,1.55,1.5555662,0
2013-12-23,5,1.61,1.55,1.5353829,0
2013-12-23,20,1.47,1.55,1.5069362,0
2013-12-24,1,1.59,1.59,1.593701,0
2013-12-24,5,1.64,1.59,1.5757914,0
2013-12-24,20,1.47,1.59,1.5428497,0
2013-12-25,1,1.59,1.59,1.5937103,0
2013-12-25,5,1.64,1.59,1.5777646,0
2013-12-25,20,1.47,1.59,1.5403643,0
2013-12-26,1,1.64,1.59,1.5932224,0
2013-12-26,5,1.61,1.59,1.5770793,0
2013-12-26,20,1.44,1.59,1.5418806,0
2013-12-27,1,1.61,1.64,1.6430146,0
2013-12-27,5,1.61,1.64,1.6269178,0
2013-12-27,20,1.43,1.64,1.5926133,0
2013-12-30,1,1.64,1.61,1.6136391,0
2013-12-30,5,1.59,1.61,1.596894,0
2013-12-30,20,1.45,1.61,1.5610194,0
2013-12-31,1,1.64,1.64,1.6424519,0
2013-12-31,5,1.56,1.64,1.6260982,0
2013-12-31,20,1.45,1.64,1.5940676,0
2014-01-01,1,1.61,1.64,1.6429287,0
2014-01-01,5,1.61,1.64,1.6277801,0
2014-01-01,20,1.4,1.64,1.5913094,0
2014-01-02,1,1.61,1.61,1.6128253,0
2014-01-02,5,1.58,1.61,1.5971001,0
2014-01-02,20,1.4,1.61,1.5624381,0
2014-01-03,1,1.59,1.61,1.6124673,0
2014-01-03,5,1.54,1.61,1.5958252,0
2014-01-03,20,1.39,1.61,1.5661933,0
2014-01-06,1,1.56,1.59,1.5926393,0
2014-01-06,5,1.5,1.59,1.5764419,0
2014-01-06,20,1.37,1.59,1.5446731,0
2014-01-07,1,1.61,1.56,1.563037,0
2014-01-07,5,1.52,1.56,1.5471271,0
2014-01-07,20,1.38,1.56,1.5181108,0
2014-01-08,1,1.58,1.61,1.6137868,0
2014-01-08,5,1.51,1.61,1.5986458,0
2014-01-08,20,1.4,1.61,1.571664,0
2014-01-09,1,1.54,1.58,1.5840694,0
2014-01-09,5,1.48,1.58,1.5667294,0
2014-01-09,20,1.45,1.58,1.5335443,0
2014-01-10,1,1.5,1.54,1.543603,0
2014-01-10,5,1.48,1.54,1.5267462,0
2014-01-10,20,1.41,1.54,1.497774,0
2014-01-13,1,1.52,1.5,1.5035874,0
2014-01-13,5,1.47,1.5,1.4878103,0
2014-01-13,20,1.43,1.5,1.4633124,0
2014-01-14,1,1.51,1.52,1.5226473,0
2014-01-14,5,1.47,1.52,1.506847,0
2014-01-14,20,1.44,1.52,1.482844,0
2014-01-15,1,1.48,1.51,1.5136259,0
2014-01-15,5,1.47,1.51,1.496493,0
2014-01-15,20,1.45,1.51,1.4666454,0
2014-01-16,1,1.48,1.48,1.4831818,0
2014-01-16,5,1.44,1.48,1.4660424,0
2014-01-16,20,1.43,1.48,1.4351565,0
2014-01-17,1,1.47,1.48,1.4827815,0
2014-01-17,5,1.43,1.48,1.4665018,0
2014-01-17,20,1.45,1.48,1.4383566,0
2014-01-20,1,1.47,1.47,1.4732255,0
2014-01-20,5,1.45,1.47,1.4569135,0
2014-01-20,20,1.45,1.47,1.4277328,0
2014-01-21,1,1.47,1.47,1.4730674,0
2014-01-21,5,1.45,1.47,1.4566127,0
2014-01-21,20,1.44,1.47,1.4267349,0
2014-01-22,1,1.44,1.47,1.4731053,0
2014-01-22,5,1.4,1.47,1.4565775,0
2014-01-22,20,1.44,1.47,1.4252197,0
2014-01-23,1,1.43,1.44,1.4437414,0
2014-01-23,5,1.4,1.44,1.4263912,0
2014-01-23,20,1.44,1.44,1.3955296,0
2014-01-24,1,1.45,1.43,1.4336122,0
2014-01-24,5,1.39,1.43,1.4173393,0
2014-01-24,20,1.4,1.43,1.3908435,0
2014-01-27,1,1.45,1.45,1.4562942,0
2014-01-27,5,1.37,1.45,1.4348155,0
2014-01-27,20,1.38,1.45,1.4114113,0
2014-01-28,1,1.4,1.45,1.455523,0
2014-01-28,5,1.38,1.45,1.4363693,0
2014-01-28,20,1.46,1.45,1.4063491,0
2014-01-29,1,1.4,1.4,1.4046813,0
2014-01-29,5,1.4,1.4,1.386842,0
2014-01-29,20,1.44,1.4,1.3562737,0
2014-01-30,1,1.39,1.4,1.4035288,0
2014-01-30,5,1.45,1.4,1.387445,0
2014-01-30,20,1.42,1.4,1.3622837,0
2014-01-31,1,1.37,1.39,1.3935981,0
2014-01-31,5,1.41,1.39,1.3768629,0
2014-01-31,20,1.42,1.39,1.3474243,0
2014-02-03,1,1.38,1.37,1.3727605,0
2014-02-03,5,1.43,1.37,1.3568486,0
2014-02-03,20,1.41,1.37,1.3275796,0
2014-02-04,1,1.4,1.38,1.3823267,0
2014-02-04,5,1.44,1.38,1.3671572,0
2014-02-04,20,1.44,1.38,1.3392615,0
2014-02-05,1,1.45,1.4,1.4025993,0
2014-02-05,5,1.45,1.4,1.3869069,0
2014-02-05,20,1.43,1.4,1.3547795,0
2014-02-06,1,1.41,1.45,1.4530729,0
2014-02-06,5,1.43,1.45,1.4364951,0
2014-02-06,20,1.45,1.45,1.4018791,0
2014-02-07,1,1.43,1.41,1.4130244,0
2014-02-07,5,1.45,1.41,1.397056,0
2014-02-07,20,1.47,1.41,1.3576046,0
2014-02-10,1,1.44,1.43,1.4321587,0
2014-02-10,5,1.45,1.43,1.4175206,0
2014-02-10,20,1.46,1.43,1.383903,0
2014-02-11,1,1.45,1.44,1.4427366,0
2014-02-11,5,1.44,1.44,1.4265015,0
2014-02-11,20,1.45,1.44,1.3931063,0
2014-02-12,1,1.43,1.45,1.4527507,0
2014-02-12,5,1.44,1.45,1.4375378,0
2014-02-12,20,1.42,1.45,1.4014388,0
2014-02-13,1,1.45,1.43,1.4324045,0
2014-02-13,5,1.44,1.43,1.4155717,0
2014-02-13,20,1.37,1.43,1.3788023,0
2014-02-14,1,1.45,1.45,1.452478,0
2014-02-14,5,1.4,1.45,1.438339,0
2014-02-14,20,1.38,1.45,1.4061732,0
2014-02-17,1,1.44,1.45,1.4528447,0
2014-02-17,5,1.38,1.45,1.4375218,0
2014-02-17,20,1.4,1.45,1.403408,0
2014-02-18,1,1.44,1.44,1.4428407,0
2014-02-18,5,1.46,1.44,1.4271512,0
2014-02-18,20,1.4,1.44,1.3937736,0
2014-02-19,1,1.44,1.44,1.4424621,0
2014-02-19,5,1.44,1.44,1.4259405,0
2014-02-19,20,1.42,1.44,1.3948762,0
2014-02-20,1,1.4,1.44,1.4433911,0
2014-02-20,5,1.42,1.44,1.4265717,0
2014-02-20,20,1.43,1.44,1.3957914,0
2014-02-21,1,1.38,1.4,1.4036382,0
2014-02-21,5,1.42,1.4,1.3863358,0
2014-02-21,20,1.41,1.4,1.3547451,0
2014-02-24,1,1.46,1.38,1.3861135,0
2014-02-24,5,1.41,1.38,1.3654699,0
2014-02-24,20,1.39,1.38,1.3410864,0
2014-02-25,1,1.44,1.46,1.4640816,0
2014-02-25,5,1.44,1.46,1.4459696,0
2014-02-25,20,1.4,1.46,1.4171329,0
2014-02-26,1,1.42,1.44,1.4441391,0
2014-02-26,5,1.43,1.44,1.4275737,0
2014-02-26,20,1.39,1.44,1.39193,0
2014-02-27,1,1.42,1.42,1.4234601,0
2014-02-27,5,1.45,1.42,1.4072378,0
2014-02-27,20,1.37,1.42,1.3761506,0
2014-02-28,1,1.41,1.42,1.423258,0
2014-02-28,5,1.47,1.42,1.4073491,0
2014-02-28,20,1.37,1.42,1.3778363,0
2014-03-03,1,1.44,1.41,1.4126465,0
2014-03-03,5,1.46,1.41,1.398029,0
2014-03-03,20,1.39,1.41,1.3651109,0
2014-03-04,1,1.43,1.44,1.4426758,0
2014-03-04,5,1.45,1.44,1.426847,0
2014-03-04,20,1.43,1.44,1.397321,0
2014-03-05,1,1.45,1.43,1.4329083,0
2014-03-05,5,1.42,1.43,1.4161783,0
2014-03-05,20,1.45,1.43,1.3805554,0
2014-03-06,1,1.47,1.45,1.4521779,0
2014-03-06,5,1.37,1.45,1.4347094,0
2014-03-06,20,1.44,1.45,1.4007081,0
2014-03-07,1,1.46,1.47,1.4720255,0
2014-03-07,5,1.38,1.47,1.456064,0
2014-03-07,20,1.4,1.47,1.4178112,0
2014-03-10,1,1.45,1.46,1.4631371,0
2014-03-10,5,1.4,1.46,1.4461358,0
2014-03-10,20,1.38,1.46,1.4105908,0
2014-03-11,1,1.42,1.45,1.4530884,0
2014-03-11,5,1.4,1.45,1.4364374,0
2014-03-11,20,1.38,1.45,1.4033376,0
2014-03-12,1,1.37,1.42,1.42279,0
2014-03-12,5,1.42,1.42,1.4066849,0
2014-03-12,20,1.4,1.42,1.3748335,0
2014-03-13,1,1.38,1.37,1.3731035,0
2014-03-13,5,1.43,1.37,1.3573492,0
2014-03-13,20,1.38,1.37,1.3293644,0
2014-03-14,1,1.4,1.38,1.3819482,0
2014-03-14,5,1.41,1.38,1.3665968,0
2014-03-14,20,1.35,1.38,1.3423876,0
2014-03-17,1,1.4,1.4,1.403059,0
2014-03-17,5,1.39,1.4,1.3871802,0
2014-03-17,20,1.36,1.4,1.3588974,0
2014-03-18,1,1.42,1.4,1.4028195,0
2014-03-18,5,1.4,1.4,1.3864336,0
2014-03-18,20,1.34,1.4,1.352554,0
2014-03-19,1,1.43,1.42,1.4230323,0
2014-03-19,5,1.39,1.42,1.4069391,0
2014-03-19,20,1.34,1.42,1.3746209,0
2014-03-20,1,1.41,1.43,1.4335086,0
2014-03-20,5,1.37,1.43,1.4158065,0
2014-03-20,20,1.38,1.43,1.381151,0
2014-03-21,1,1.39,1.41,1.4137295,0
2014-03-21,5,1.37,1.41,1.3960887,0
2014-03-21,20,1.38,1.41,1.3623298,0
2014-03-24,1,1.4,1.39,1.3896208,0
2014-03-24,5,1.39,1.39,1.3788168,0
2014-03-24,20,1.38,1.39,1.3423634,0
2014-03-25,1,1.39,1.4,1.4013704,0
2014-03-25,5,1.43,1.4,1.3865888,0
2014-03-25,20,1.38,1.4,1.3554527,0
2014-03-26,1,1.37,1.39,1.3919767,0
2014-03-26,5,1.45,1.39,1.3766434,0
2014-03-26,20,1.36,1.39,1.3429798,0
2014-03-27,1,1.37,1.37,1.3721615,0
2014-03-27,5,1.44,1.37,1.3584528,0
2014-03-27,20,1.35,1.37,1.3263022,0
2014-03-28,1,1.39,1.37,1.371602,0
2014-03-28,5,1.4,1.37,1.3571453,0
2014-03-28,20,1.35,1.37,1.3260164,0
2014-03-31,1,1.43,1.39,1.3923974,0
2014-03-31,5,1.38,1.39,1.3770813,0
2014-03-31,20,1.37,1.39,1.3444943,0
2014-04-01,1,1.45,1.43,1.4330257,0
2014-04-01,5,1.38,1.43,1.4198651,0
2014-04-01,20,1.35,1.43,1.3847713,0
2014-04-02,1,1.44,1.45,1.4526347,0
2014-04-02,5,1.4,1.45,1.4359505,0
2014-04-02,20,1.34,1.45,1.3987751,0
2014-04-03,1,1.4,1.44,1.4424651,0
2014-04-03,5,1.38,1.44,1.4255518,0
2014-04-03,20,1.31,1.44,1.3874341,0
2014-04-04,1,1.38,1.4,1.4027255,0
2014-04-04,5,1.35,1.4,1.3880476,0
2014-04-04,20,1.28,1.4,1.3529142,0
2014-04-07,1,1.38,1.38,1.3819034,0
2014-04-07,5,1.36,1.38,1.367166,0
2014-04-07,20,1.3,1.38,1.3377993,0
2014-04-08,1,1.4,1.38,1.3822716,0
2014-04-08,5,1.34,1.38,1.3662115,0
2014-04-08,20,1.3,1.38,1.3383416,0
2014-04-09,1,1.38,1.4,1.4024255,0
2014-04-09,5,1.34,1.4,1.3881191,0
2014-04-09,20,1.3,1.4,1.3573178,0
2014-04-10,1,1.35,1.38,1.3827003,0
2014-04-10,5,1.38,1.38,1.3674917,0
2014-04-10,20,1.3,1.38,1.33357,0
2014-04-11,1,1.36,1.35,1.3526309,0
2014-04-11,5,1.38,1.35,1.3376634,0
2014-04-11,20,1.3,1.35,1.3079679,0
2014-04-14,1,1.34,1.36,1.3629372,0
2014-04-14,5,1.38,1.36,1.3463742,0
2014-04-14,20,1.33,1.36,1.3193947,0
2014-04-15,1,1.34,1.34,1.3431836,0
2014-04-15,5,1.38,1.34,1.3264723,0
2014-04-15,20,1.29,1.34,1.2955129,0
2014-04-16,1,1.38,1.34,1.3428916,0
2014-04-16,5,1.36,1.34,1.3253926,0
2014-04-16,20,1.24,1.34,1.2960436,0
2014-04-17,1,1.38,1.38,1.3834668,0
2014-04-17,5,1.35,1.38,1.3675191,0
2014-04-17,20,1.23,1.38,1.3365633,0
2014-04-18,1,1.38,1.38,1.3869725,0
2014-04-18,5,1.35,1.38,1.366317,0
2014-04-18,20,1.22,1.38,1.3323662,0
2014-04-21,1,1.38,1.38,1.3851482,0
2014-04-21,5,1.37,1.38,1.3662146,0
2014-04-21,20,1.22,1.38,1.3331505,0
2014-04-22,1,1.36,1.38,1.384248,0
2014-04-22,5,1.35,1.38,1.3671175,0
2014-04-22,20,1.23,1.38,1.33385,0
2014-04-23,1,1.35,1.36,1.3636277,0
2014-04-23,5,1.34,1.36,1.347198,0
2014-04-23,20,1.25,1.36,1.3139751,0
2014-04-24,1,1.35,1.35,1.3532113,0
2014-04-24,5,1.31,1.35,1.3373933,0
2014-04-24,20,1.27,1.35,1.3068228,0
2014-04-25,1,1.37,1.35,1.3530264,0
2014-04-25,5,1.28,1.35,1.3371255,0
2014-04-25,20,1.25,1.35,1.3062404,0
2014-04-28,1,1.35,1.37,1.3732489,0
2014-04-28,5,1.3,1.37,1.3585645,0
2014-04-28,20,1.26,1.37,1.3272893,0
2014-04-29,1,1.34,1.35,1.353118,0
2014-04-29,5,1.3,1.35,1.3373682,0
2014-04-29,20,1.25,1.35,1.3032365,0
2014-04-30,1,1.31,1.34,1.3421161,0
2014-04-30,5,1.3,1.34,1.3250208,0
2014-04-30,20,1.18,1.34,1.2924266,0
2014-05-01,1,1.28,1.31,1.3125218,0
2014-05-01,5,1.3,1.31,1.2981459,0
2014-05-01,20,1.2,1.31,1.2665764,0
2014-05-02,1,1.3,1.28,1.2826023,0
2014-05-02,5,1.3,1.28,1.2677362,0
2014-05-02,20,1.19,1.28,1.2398101,0
2014-05-05,1,1.3,1.3,1.3027939,0
2014-05-05,5,1.33,1.3,1.2874961,0
2014-05-05,20,1.22,1.3,1.2610401,0
2014-05-06,1,1.3,1.3,1.3029611,0
2014-05-06,5,1.29,1.3,1.2868278,0
2014-05-06,20,1.27,1.3,1.2547615,0
2014-05-07,1,1.3,1.3,1.302409,0
2014-05-07,5,1.24,1.3,1.2866892,0
2014-05-07,20,1.29,1.3,1.2537892,0
2014-05-08,1,1.3,1.3,1.3027859,0
2014-05-08,5,1.23,1.3,1.2882136,0
2014-05-08,20,1.27,1.3,1.2549243,0
2014-05-09,1,1.33,1.3,1.3025508,0
2014-05-09,5,1.22,1.3,1.2873553,0
2014-05-09,20,1.26,1.3,1.2541729,0
2014-05-12,1,1.29,1.33,1.3330123,0
2014-05-12,5,1.22,1.33,1.3171145,0
2014-05-12,20,1.25,1.33,1.2848703,0
2014-05-13,1,1.24,1.29,1.29301,0
2014-05-13,5,1.23,1.29,1.2767795,0
2014-05-13,20,1.26,1.29,1.2406385,0
2014-05-14,1,1.23,1.24,1.242468,0
2014-05-14,5,1.25,1.24,1.2255617,0
2014-05-14,20,1.27,1.24,1.1962332,0
2014-05-15,1,1.22,1.23,1.2324731,0
2014-05-15,5,1.27,1.23,1.2182406,0
2014-05-15,20,1.23,1.23,1.1930679,0
2014-05-16,1,1.22,1.22,1.2227442,0
2014-05-16,5,1.25,1.22,1.2065796,0
2014-05-16,20,1.22,1.22,1.1804426,0
2014-05-19,1,1.23,1.22,1.2228602,0
2014-05-19,5,1.26,1.22,1.2064729,0
2014-05-19,20,1.19,1.22,1.1774435,0
2014-05-20,1,1.25,1.23,1.2329233,0
2014-05-20,5,1.25,1.23,1.2164797,0
2014-05-20,20,1.2,1.23,1.1851187,0
2014-05-21,1,1.27,1.25,1.2531167,0
2014-05-21,5,1.18,1.25,1.2369258,0
2014-05-21,20,1.17,1.25,1.2049845,0
2014-05-22,1,1.25,1.27,1.2733005,0
2014-05-22,5,1.2,1.27,1.2567041,0
2014-05-22,20,1.2,1.27,1.2229861,0
2014-05-23,1,1.26,1.25,1.252908,0
2014-05-23,5,1.19,1.25,1.2366362,0
2014-05-23,20,1.16,1.25,1.2003372,0
2014-05-26,1,1.25,1.26,1.267433,0
2014-05-26,5,1.22,1.26,1.2451856,0
2014-05-26,20,1.19,1.26,1.2174748,0
2014-05-27,1,1.18,1.25,1.2557349,0
2014-05-27,5,1.27,1.25,1.2374873,0
2014-05-27,20,1.16,1.25,1.205851,0
2014-05-28,1,1.2,1.18,1.1845701,0
2014-05-28,5,1.29,1.18,1.1679016,0
2014-05-28,20,1.15,1.18,1.1371012,0
2014-05-29,1,1.19,1.2,1.2035116,0
2014-05-29,5,1.27,1.2,1.188204,0
2014-05-29,20,1.13,1.2,1.1648116,0
2014-05-30,1,1.22,1.19,1.1933409,0
2014-05-30,5,1.26,1.19,1.1773989,0
2014-05-30,20,1.13,1.19,1.1471136,0
2014-06-02,1,1.27,1.22,1.2234238,0
2014-06-02,5,1.25,1.22,1.2080986,0
2014-06-02,20,1.14,1.22,1.1767426,0
2014-06-03,1,1.29,1.27,1.2732539,0
2014-06-03,5,1.26,1.27,1.2557781,0
2014-06-03,20,1.14,1.27,1.2208277,0
2014-06-04,1,1.27,1.29,1.2930754,0
2014-06-04,5,1.27,1.29,1.2754058,0
2014-06-04,20,1.19,1.29,1.236591,0
2014-06-05,1,1.26,1.27,1.2732882,0
2014-06-05,5,1.23,1.27,1.2576023,0
2014-06-05,20,1.19,1.27,1.219287,0
2014-06-06,1,1.25,1.26,1.2627792,0
2014-06-06,5,1.22,1.26,1.247023,0
2014-06-06,20,1.2,1.26,1.2132322,0
2014-06-09,1,1.26,1.25,1.2527908,0
2014-06-09,5,1.19,1.25,1.2368525,0
2014-06-09,20,1.17,1.25,1.2041491,0
2014-06-10,1,1.27,1.26,1.2626076,0
2014-06-10,5,1.2,1.26,1.2465174,0
2014-06-10,20,1.14,1.26,1.2136409,0
2014-06-11,1,1.23,1.27,1.2728837,0
2014-06-11,5,1.17,1.27,1.2567105,0
2014-06-11,20,1.12,1.27,1.2226977,0
2014-06-12,1,1.22,1.23,1.2326223,0
2014-06-12,5,1.2,1.23,1.2166841,0
2014-06-12,20,1.11,1.23,1.1812518,0
2014-06-13,1,1.19,1.22,1.2222694,0
2014-06-13,5,1.16,1.22,1.2071187,0
2014-06-13,20,1.11,1.22,1.1782646,0
2014-06-16,1,1.2,1.19,1.1927012,0
2014-06-16,5,1.19,1.19,1.1758263,0
2014-06-16,20,1.12,1.19,1.1461865,0
2014-06-17,1,1.17,1.2,1.2025722,0
2014-06-17,5,1.16,1.2,1.1861335,0
2014-06-17,20,1.11,1.2,1.156971,0
2014-06-18,1,1.2,1.17,1.172848,0
2014-06-18,5,1.15,1.17,1.1562399,0
2014-06-18,20,1.11,1.17,1.1231856,0
2014-06-19,1,1.16,1.2,1.2028217,0
2014-06-19,5,1.13,1.2,1.1868762,0
2014-06-19,20,1.07,1.2,1.1582009,0
2014-06-20,1,1.19,1.16,1.1628041,0
2014-06-20,5,1.13,1.16,1.1467079,0
2014-06-20,20,1.08,1.16,1.1120948,0
2014-06-23,1,1.16,1.19,1.1946437,0
2014-06-23,5,1.14,1.19,1.1749574,0
2014-06-23,20,1.05,1.19,1.147103,0
2014-06-24,1,1.15,1.16,1.1639022,0
2014-06-24,5,1.14,1.16,1.1469694,0
2014-06-24,20,1.04,1.16,1.1131645,0
2014-06-25,1,1.13,1.15,1.1533412,0
2014-06-25,5,1.19,1.15,1.1374096,0
2014-06-25,20,1.04,1.15,1.1079593,0
2014-06-26,1,1.13,1.13,1.1330339,0
2014-06-26,5,1.19,1.13,1.1173828,0
2014-06-26,20,1.06,1.13,1.087561,0
2014-06-27,1,1.14,1.13,1.1328037,0
2014-06-27,5,1.2,1.13,1.1174552,0
2014-06-27,20,1.03,1.13,1.0890768,0
2014-06-30,1,1.14,1.14,1.1427033,0
2014-06-30,5,1.17,1.14,1.1270066,0
2014-06-30,20,1.02,1.14,1.0958971,0
2014-07-01,1,1.19,1.14,1.143013,0
2014-07-01,5,1.14,1.14,1.1285088,0
2014-07-01,20,1.01,1.14,1.0957325,0
2014-07-02,1,1.19,1.19,1.1927118,0
2014-07-02,5,1.12,1.19,1.1757938,0
2014-07-02,20,1.06,1.19,1.1423477,0
2014-07-03,1,1.2,1.19,1.1929009,0
2014-07-03,5,1.11,1.19,1.1766638,0
2014-07-03,20,1.06,1.19,1.1376038,0
2014-07-04,1,1.17,1.2,1.2026782,0
2014-07-04,5,1.11,1.2,1.1877892,0
2014-07-04,20,1.05,1.2,1.1500314,0
2014-07-07,1,1.14,1.17,1.1727962,0
2014-07-07,5,1.12,1.17,1.1574547,0
2014-07-07,20,1.05,1.17,1.1215,0
2014-07-08,1,1.12,1.14,1.1426351,0
2014-07-08,5,1.11,1.14,1.1259753,0
2014-07-08,20,1.04,1.14,1.0953591,0
2014-07-09,1,1.11,1.12,1.1228976,0
2014-07-09,5,1.11,1.12,1.1084071,0
2014-07-09,20,1.03,1.12,1.0804758,0
2014-07-10,1,1.11,1.11,1.1126744,0
2014-07-10,5,1.07,1.11,1.0973488,0
2014-07-10,20,1.0,1.11,1.0689713,0
2014-07-11,1,1.12,1.11,1.1129369,0
2014-07-11,5,1.08,1.11,1.0972897,0
2014-07-11,20,1.01,1.11,1.0685232,0
2014-07-14,1,1.11,1.12,1.123491,0
2014-07-14,5,1.05,1.12,1.107223,0
2014-07-14,20,1.01,1.12,1.0782752,0
2014-07-15,1,1.11,1.11,1.1133095,0
2014-07-15,5,1.04,1.11,1.0965896,0
2014-07-15,20,1.03,1.11,1.0646183,0
2014-07-16,1,1.07,1.11,1.1133758,0
2014-07-16,5,1.04,1.11,1.0965298,0
2014-07-16,20,1.0,1.11,1.0653192,0
2014-07-17,1,1.08,1.07,1.07304,0
2014-07-17,5,1.06,1.07,1.0565984,0
2014-07-17,20,0.99,1.07,1.0246282,0
2014-07-18,1,1.05,1.08,1.082684,0
2014-07-18,5,1.03,1.08,1.0672408,0
2014-07-18,20,0.97,1.08,1.0406952,0
2014-07-21,1,1.04,1.05,1.053627,0
2014-07-21,5,1.02,1.05,1.0362191,0
2014-07-21,20,0.99,1.05,1.0059907,0
2014-07-22,1,1.04,1.04,1.0430757,0
2014-07-22,5,1.01,1.04,1.0253565,0
2014-07-22,20,1.0,1.04,0.9971175,0
2014-07-23,1,1.06,1.04,1.0432316,0
2014-07-23,5,1.06,1.04,1.0277764,0
2014-07-23,20,1.01,1.04,0.9979804,0
2014-07-24,1,1.03,1.06,1.0630859,0
2014-07-24,5,1.06,1.06,1.0471349,0
2014-07-24,20,0.99,1.06,1.0160793,0
2014-07-25,1,1.02,1.03,1.0330843,0
2014-07-25,5,1.05,1.03,1.0166712,0
2014-07-25,20,0.98,1.03,0.98221034,0
2014-07-28,1,1.01,1.02,1.0233015,0
2014-07-28,5,1.05,1.02,1.0071373,0
2014-07-28,20,0.95,1.02,0.977895,0
2014-07-29,1,1.06,1.01,1.0130057,0
2014-07-29,5,1.04,1.01,0.9964939,0
2014-07-29,20,0.94,1.01,0.9656346,0
2014-07-30,1,1.06,1.06,1.0633367,0
2014-07-30,5,1.03,1.06,1.0470289,0
2014-07-30,20,0.9,1.06,1.0176097,0
2014-07-31,1,1.05,1.06,1.0635495,0
2014-07-31,5,1.0,1.06,1.0459739,0
2014-07-31,20,0.9,1.06,1.0101078,0
2014-08-01,1,1.05,1.05,1.0531452,0
2014-08-01,5,1.01,1.05,1.0372323,0
2014-08-01,20,0.89,1.05,1.0014147,0
2014-08-04,1,1.04,1.05,1.0528588,0
2014-08-04,5,1.01,1.05,1.0362465,0
2014-08-04,20,0.89,1.05,1.0049819,0
2014-08-05,1,1.03,1.04,1.042938,0
2014-08-05,5,1.03,1.04,1.0266881,0
2014-08-05,20,0.97,1.04,0.9950276,0
2014-08-06,1,1.0,1.03,1.0332828,0
2014-08-06,5,1.0,1.03,1.017072,0
2014-08-06,20,0.97,1.03,0.98709464,0
2014-08-07,1,1.01,1.0,1.0027039,0
2014-08-07,5,0.99,1.0,0.98656094,0
2014-08-07,20,1.0,1.0,0.9554647,0
2014-08-08,1,1.01,1.01,1.0125855,0
2014-08-08,5,0.97,1.01,0.9972454,0
2014-08-08,20,1.0,1.01,0.9696608,0
2014-08-11,1,1.03,1.01,1.0134187,0
2014-08-11,5,0.99,1.01,0.9970177,0
2014-08-11,20,1.02,1.01,0.9671724,0
2014-08-12,1,1.0,1.03,1.0328017,0
2014-08-12,5,1.0,1.03,1.0165025,0
2014-08-12,20,1.03,1.03,0.9846552,0
2014-08-13,1,0.99,1.0,1.0030175,0
2014-08-13,5,1.01,1.0,0.98677343,0
2014-08-13,20,1.05,1.0,0.9524906,0
2014-08-14,1,0.97,0.99,0.9925559,0
2014-08-14,5,0.99,0.99,0.97669035,0
2014-08-14,20,1.06,0.99,0.94635713,0
2014-08-15,1,0.99,0.97,0.97257984,0
2014-08-15,5,0.98,0.97,0.9570628,0
2014-08-15,20,1.08,0.97,0.9270933,0
2014-08-18,1,1.0,0.99,0.99263287,0
2014-08-18,5,0.95,0.99,0.9774965,0
2014-08-18,20,1.08,0.99,0.9498539,0
2014-08-19,1,1.01,1.0,1.0027698,0
2014-08-19,5,0.94,1.0,0.986751,0
2014-08-19,20,1.09,1.0,0.9534521,0
2014-08-20,1,0.99,1.01,1.0131167,0
2014-08-20,5,0.9,1.01,0.99681973,0
2014-08-20,20,1.1,1.01,0.9634301,0
2014-08-21,1,0.98,0.99,0.9930974,0
2014-08-21,5,0.9,0.99,0.9765339,0
2014-08-21,20,1.11,0.99,0.942104,0
2014-08-22,1,0.95,0.98,0.9828561,0
2014-08-22,5,0.89,0.98,0.96668136,0
2014-08-22,20,1.08,0.98,0.93523955,0
2014-08-25,1,0.94,0.95,0.9507669,0
2014-08-25,5,0.89,0.95,0.9388611,0
2014-08-25,20,1.07,0.95,0.9043115,0
2014-08-26,1,0.9,0.94,0.94197047,0
2014-08-26,5,0.97,0.94,0.9277972,0
2014-08-26,20,1.05,0.94,0.89802617,0
2014-08-27,1,0.9,0.9,0.90220034,0
2014-08-27,5,0.97,0.9,0.88691354,0
2014-08-27,20,1.06,0.9,0.8563827,0
2014-08-28,1,0.89,0.9,0.90170264,0
2014-08-28,5,1.0,0.9,0.88628244,0
2014-08-28,20,1.03,0.9,0.85824287,0
2014-08-29,1,0.89,0.89,0.8922218,0
2014-08-29,5,1.0,0.89,0.87704414,0
2014-08-29,20,1.03,0.89,0.84717005,0
2014-09-01,1,0.97,0.89,0.8927619,0
2014-09-01,5,1.02,0.89,0.8795639,0
2014-09-01,20,1.01,0.89,0.84837353,0
2014-09-02,1,0.97,0.97,0.97286767,0
2014-09-02,5,1.03,0.97,0.9578214,0
2014-09-02,20,1.02,0.97,0.9262958,0
2014-09-03,1,1.0,0.97,0.9731784,0
2014-09-03,5,1.05,0.97,0.95546246,0
2014-09-03,20,0.98,0.97,0.9182147,0
2014-09-04,1,1.0,1.0,1.002517,0
2014-09-04,5,1.06,1.0,0.98597324,0
2014-09-04,20,1.0,1.0,0.9492756,0
2014-09-05,1,1.02,1.0,1.0026463,0
2014-09-05,5,1.08,1.0,0.9868138,0
2014-09-05,20,0.97,1.0,0.9480982,0
2014-09-08,1,1.03,1.02,1.0228139,0
2014-09-08,5,1.08,1.02,1.0068967,0
2014-09-08,20,0.98,1.02,0.97109956,0
2014-09-09,1,1.05,1.03,1.0331988,0
2014-09-09,5,1.09,1.03,1.0169277,0
2014-09-09,20,0.95,1.03,0.98141134,0
2014-09-10,1,1.06,1.05,1.0535905,0
2014-09-10,5,1.1,1.05,1.0366186,0
2014-09-10,20,0.96,1.05,1.0027087,0
2014-09-11,1,1.08,1.06,1.0629154,0
2014-09-11,5,1.11,1.06,1.0463583,0
2014-09-11,20,0.97,1.06,1.0089147,0
2014-09-12,1,1.08,1.08,1.0833849,0
2014-09-12,5,1.08,1.08,1.0667583,0
2014-09-12,20,0.96,1.08,1.0322995,0
2014-09-15,1,1.09,1.08,1.0833902,0
2014-09-15,5,1.07,1.08,1.0660574,0
2014-09-15,20,0.96,1.08,1.0296881,0
2014-09-16,1,1.1,1.09,1.0929751,0
2014-09-16,5,1.05,1.09,1.0765215,0
2014-09-16,20,0.97,1.09,1.0415808,0
2014-09-17,1,1.11,1.1,1.1025503,0
2014-09-17,5,1.06,1.1,1.0867525,0
2014-09-17,20,1.0,1.1,1.0507748,0
2014-09-18,1,1.08,1.11,1.1124861,0
2014-09-18,5,1.03,1.11,1.0969677,0
2014-09-18,20,1.01,1.11,1.0603983,0
2014-09-19,1,1.07,1.08,1.0826883,0
2014-09-19,5,1.03,1.08,1.0672183,0
2014-09-19,20,0.98,1.08,1.0313154,0
2014-09-22,1,1.05,1.07,1.0727378,0
2014-09-22,5,1.01,1.07,1.0574474,0
2014-09-22,20,0.97,1.07,1.0270973,0
2014-09-23,1,1.06,1.05,1.0531826,0
2014-09-23,5,1.02,1.05,1.0374665,0
2014-09-23,20,0.99,1.05,1.0081555,0
2014-09-24,1,1.03,1.06,1.0634716,0
2014-09-24,5,0.98,1.06,1.0474759,0
2014-09-24,20,0.97,1.06,1.0198627,0
2014-09-25,1,1.03,1.03,1.033582,0
2014-09-25,5,1.0,1.03,1.0166693,0
2014-09-25,20,1.0,1.03,0.9856232,0
2014-09-26,1,1.01,1.03,1.033199,0
2014-09-26,5,0.97,1.03,1.0170034,0
2014-09-26,20,1.01,1.03,0.98925084,0
2014-09-29,1,1.02,1.01,1.0136327,0
2014-09-29,5,0.98,1.01,0.99665904,0
2014-09-29,20,1.01,1.01,0.9669026,0
2014-09-30,1,0.98,1.02,1.0230998,0
2014-09-30,5,0.95,1.02,1.0080621,0
2014-09-30,20,1.01,1.02,0.97917837,0
2014-10-01,1,1.0,0.98,0.98374397,0
2014-10-01,5,0.96,0.98,0.9681729,0
2014-10-01,20,1.01,0.98,0.9372365,0
2014-10-02,1,0.97,1.0,1.0023919,0
2014-10-02,5,0.97,1.0,0.9848087,0
2014-10-02,20,1.01,1.0,0.9600004,0
2014-10-03,1,0.98,0.97,0.9727818,0
2014-10-03,5,0.96,0.97,0.95594907,0
2014-10-03,20,1.03,0.97,0.9243027,0
2014-10-06,1,0.95,0.98,0.98354065,0
2014-10-06,5,0.96,0.98,0.9665196,0
2014-10-06,20,1.05,0.98,0.93783253,0
2014-10-07,1,0.96,0.95,0.95269495,0
2014-10-07,5,0.97,0.95,0.936377,0
2014-10-07,20,1.05,0.95,0.90435874,0
2014-10-08,1,0.97,0.96,0.96260047,0
2014-10-08,5,1.0,0.96,0.9473035,0
2014-10-08,20,1.04,0.96,0.9196785,0
2014-10-09,1,0.96,0.97,0.9729623,0
2014-10-09,5,1.01,0.97,0.95724684,0
2014-10-09,20,1.06,0.97,0.92682165,0
2014-10-10,1,0.96,0.96,0.96285546,0
2014-10-10,5,0.98,0.96,0.948438,0
2014-10-10,20,1.01,0.96,0.91540045,0
2014-10-13,1,0.97,0.96,0.96282625,0
2014-10-13,5,0.97,0.96,0.9466348,0
2014-10-13,20,1.03,0.96,0.91651785,0
2014-10-14,1,1.0,0.97,0.9729104,0
2014-10-14,5,0.99,0.97,0.95681596,0
2014-10-14,20,1.03,0.97,0.92540264,0
2014-10-15,1,1.01,1.0,1.0032426,0
2014-10-15,5,0.97,1.0,0.9879483,0
2014-10-15,20,1.04,1.0,0.9585842,0
2014-10-16,1,0.98,1.01,1.0136344,0
2014-10-16,5,1.0,1.01,0.9978206,0
2014-10-16,20,1.03,1.01,0.96735543,0
2014-10-17,1,0.97,0.98,0.9830608,0
2014-10-17,5,1.01,0.98,0.96690357,0
2014-10-17,20,1.02,0.98,0.93354315,0
2014-10-20,1,0.99,0.97,0.9716696,0
2014-10-20,5,1.01,0.97,0.95660806,0
2014-10-20,20,1.02,0.97,0.9229704,0
2014-10-21,1,0.97,0.99,0.9924744,0
2014-10-21,5,1.01,0.99,0.97713,0
2014-10-21,20,0.99,0.99,0.9458101,0
2014-10-22,1,1.0,0.97,0.97240824,0
2014-10-22,5,1.01,0.97,0.95665926,0
2014-10-22,20,1.01,0.97,0.92132294,0
2014-10-23,1,1.01,1.0,1.0024362,0
2014-10-23,5,1.01,1.0,0.98648936,0
2014-10-23,20,1.01,1.0,0.9535445,0
2014-10-24,1,1.01,1.01,1.0129459,0
2014-10-24,5,1.03,1.01,0.9967127,0
2014-10-24,20,0.97,1.01,0.9609114,0
2014-10-27,1,1.01,1.01,1.0127786,0
2014-10-27,5,1.05,1.01,0.9967658,0
2014-10-27,20,0.96,1.01,0.96107197,0
2014-10-28,1,1.01,1.01,1.0130017,0
2014-10-28,5,1.05,1.01,0.99715436,0
2014-10-28,20,0.93,1.01,0.9640805,0
2014-10-29,1,1.01,1.01,1.0123829,0
2014-10-29,5,1.04,1.01,0.99641913,0
2014-10-29,20,0.93,1.01,0.9613608,0
2014-10-30,1,1.03,1.01,1.0122887,0
2014-10-30,5,1.06,1.01,0.9964796,0
2014-10-30,20,0.91,1.01,0.9605695,0
2014-10-31,1,1.05,1.03,1.0329602,0
2014-10-31,5,1.01,1.03,1.0171794,0
2014-10-31,20,0.9,1.03,0.9844537,0
2014-11-03,1,1.05,1.05,1.0539666,0
2014-11-03,5,1.03,1.05,1.0389241,0
2014-11-03,20,0.94,1.05,1.0057961,0
2014-11-04,1,1.04,1.05,1.0534003,0
2014-11-04,5,1.03,1.05,1.0352265,0
2014-11-04,20,0.94,1.05,1.0015905,0
2014-11-05,1,1.06,1.04,1.0434996,0
2014-11-05,5,1.04,1.04,1.0252713,0
2014-11-05,20,0.92,1.04,0.9933381,0
2014-11-06,1,1.01,1.06,1.0631547,0
2014-11-06,5,1.03,1.06,1.0472279,0
2014-11-06,20,0.9,1.06,1.0144576,0
2014-11-07,1,1.03,1.01,1.0134448,0
2014-11-07,5,1.02,1.01,0.9967885,0
2014-11-07,20,0.92,1.01,0.9625928,0
2014-11-10,1,1.03,1.03,1.0321056,0
2014-11-10,5,1.02,1.03,1.016188,0
2014-11-10,20,0.87,1.03,0.9884222,0
2014-11-11,1,1.04,1.03,1.032608,0
2014-11-11,5,0.99,1.03,1.0163797,0
2014-11-11,20,0.86,1.03,0.9826606,0
2014-11-12,1,1.03,1.04,1.0427428,0
2014-11-12,5,1.01,1.04,1.0266386,0
2014-11-12,20,0.83,1.04,0.9934125,0
2014-11-13,1,1.02,1.03,1.0324591,0
2014-11-13,5,1.01,1.03,1.0168325,0
2014-11-13,20,0.81,1.03,0.98216254,0
2014-11-14,1,1.02,1.02,1.0230346,0
2014-11-14,5,0.97,1.02,1.007294,0
2014-11-14,20,0.79,1.02,0.976258,0
2014-11-17,1,0.99,1.02,1.0224918,0
2014-11-17,5,0.96,1.02,1.0069015,0
2014-11-17,20,0.8,1.02,0.9760269,0
2014-11-18,1,1.01,0.99,0.99272835,0
2014-11-18,5,0.93,0.99,0.97575665,0
2014-11-18,20,0.79,0.99,0.9442068,0
2014-11-19,1,1.01,1.01,1.0125378,0
2014-11-19,5,0.93,1.01,0.99522734,0
2014-11-19,20,0.81,1.01,0.96649104,0
2014-11-20,1,0.97,1.01,1.0133461,0
2014-11-20,5,0.91,1.01,0.9972786,0
2014-11-20,20,0.84,1.01,0.9643896,0
2014-11-21,1,0.96,0.97,0.9727884,0
2014-11-21,5,0.9,0.97,0.9568342,0
2014-11-21,20,0.81,0.97,0.9240188,0
2014-11-24,1,0.93,0.96,0.96559834,0
2014-11-24,5,0.94,0.96,0.94484013,0
2014-11-24,20,0.78,0.96,0.9195666,0
2014-11-25,1,0.93,0.93,0.9350874,0
2014-11-25,5,0.94,0.93,0.9171691,0
2014-11-25,20,0.85,0.93,0.8897777,0
2014-11-26,1,0.91,0.93,0.9339232,0
2014-11-26,5,0.92,0.93,0.9173103,0
2014-11-26,20,0.84,0.93,0.8906008,0
2014-11-27,1,0.9,0.91,0.9134169,0
2014-11-27,5,0.9,0.91,0.897412,0
2014-11-27,20,0.84,0.91,0.8683469,0
2014-11-28,1,0.94,0.9,0.9039747,0
2014-11-28,5,0.92,0.9,0.88740826,0
2014-11-28,20,0.84,0.9,0.85957456,0
2014-12-01,1,0.94,0.94,0.9444447,0
2014-12-01,5,0.87,0.94,0.9302256,0
2014-12-01,20,0.81,0.94,0.90326315,0
2014-12-02,1,0.92,0.94,0.9429648,0
2014-12-02,5,0.86,0.94,0.9224599,0
2014-12-02,20,0.79,0.94,0.8925186,0
2014-12-03,1,0.9,0.92,0.92324424,0
2014-12-03,5,0.83,0.92,0.90637225,0
2014-12-03,20,0.78,0.92,0.87146485,0
2014-12-04,1,0.92,0.9,0.9025484,0
2014-12-04,5,0.81,0.9,0.8860578,0
2014-12-04,20,0.78,0.9,0.852674,0
2014-12-05,1,0.87,0.92,0.92270416,0
2014-12-05,5,0.79,0.92,0.90703195,0
2014-12-05,20,0.74,0.92,0.87676984,0
2014-12-08,1,0.86,0.87,0.87328476,0
2014-12-08,5,0.8,0.87,0.85642534,0
2014-12-08,20,0.71,0.87,0.8229457,0
2014-12-09,1,0.83,0.86,0.86321074,0
2014-12-09,5,0.79,0.86,0.8469948,0
2014-12-09,20,0.68,0.86,0.8197502,0
2014-12-10,1,0.81,0.83,0.8326675,0
2014-12-10,5,0.81,0.83,0.81680495,0
2014-12-10,20,0.68,0.83,0.7883915,0
2014-12-11,1,0.79,0.81,0.81325114,0
2014-12-11,5,0.84,0.81,0.79751366,0
2014-12-11,20,0.73,0.81,0.77143145,0
2014-12-12,1,0.8,0.79,0.79364926,0
2014-12-12,5,0.81,0.79,0.7770408,0
2014-12-12,20,0.71,0.79,0.7498646,0
2014-12-15,1,0.79,0.8,0.8032341,0
2014-12-15,5,0.78,0.8,0.78751326,0
2014-12-15,20,0.69,0.8,0.7622391,0
2014-12-16,1,0.81,0.79,0.79414105,0
2014-12-16,5,0.85,0.79,0.77779937,0
2014-12-16,20,0.69,0.79,0.74915075,0
2014-12-17,1,0.84,0.81,0.8132773,0
2014-12-17,5,0.84,0.81,0.7959707,0
2014-12-17,20,0.69,0.81,0.7680797,0
2014-12-18,1,0.81,0.84,0.84303087,0
2014-12-18,5,0.84,0.84,0.8247332,0
2014-12-18,20,0.67,0.84,0.79123807,0
2014-12-19,1,0.78,0.81,0.81265724,0
2014-12-19,5,0.84,0.81,0.7955868,0
2014-12-19,20,0.66,0.81,0.7566292,0
2014-12-22,1,0.85,0.78,0.7794468,0
2014-12-22,5,0.81,0.78,0.7699556,0
2014-12-22,20,0.65,0.78,0.73170316,0
2014-12-23,1,0.84,0.85,0.85134876,0
2014-12-23,5,0.79,0.85,0.83832383,0
2014-12-23,20,0.64,0.85,0.8065308,0
2014-12-24,1,0.84,0.84,0.8424411,0
2014-12-24,5,0.78,0.84,0.8275519,0
2014-12-24,20,0.86,0.84,0.7875701,0
2014-12-25,1,0.84,0.84,0.8423086,0
2014-12-25,5,0.78,0.84,0.82673484,0
2014-12-25,20,0.87,0.84,0.7903461,0
2014-12-26,1,0.81,0.84,0.83954865,1
2014-12-26,5,0.74,0.84,0.83634514,1
2014-12-26,20,0.91,0.84,0.8348568,1
2014-12-29,1,0.79,0.81,0.8094437,1
2014-12-29,5,0.71,0.81,0.8065877,1
2014-12-29,20,0.95,0.81,0.8036356,1
2014-12-30,1,0.78,0.79,0.7898733,1
2014-12-30,5,0.68,0.79,0.78800267,1
2014-12-30,20,0.93,0.79,0.78311217,1
2014-12-31,1,0.78,0.78,0.77999735,1
2014-12-31,5,0.68,0.78,0.7789104,1
2014-12-31,20,0.91,0.78,0.77340865,1
2015-01-01,1,0.74,0.78,0.7804983,1
2015-01-01,5,0.73,0.78,0.7727035,1
2015-01-01,20,0.92,0.78,0.77112114,1
2015-01-02,1,0.71,0.74,0.7409214,1
2015-01-02,5,0.71,0.74,0.73567975,1
2015-01-02,20,0.87,0.74,0.73078585,1
2015-01-05,1,0.68,0.71,0.7118874,1
2015-01-05,5,0.69,0.71,0.71250695,1
2015-01-05,20,0.85,0.71,0.6902262,1
2015-01-06,1,0.68,0.68,0.6807539,1
2015-01-06,5,0.69,0.68,0.67999816,1
2015-01-06,20,0.87,0.68,0.664783,1
2015-01-07,1,0.73,0.68,0.68046457,1
2015-01-07,5,0.69,0.68,0.67962474,1
2015-01-07,20,0.88,0.68,0.6667444,1
2015-01-08,1,0.71,0.73,0.7307327,1
2015-01-08,5,0.67,0.73,0.72900546,1
2015-01-08,20,0.92,0.73,0.716709,1
2015-01-09,1,0.69,0.71,0.71016055,1
2015-01-09,5,0.66,0.71,0.7067085,1
2015-01-09,20,0.95,0.71,0.7001481,1
2015-01-12,1,0.69,0.69,0.69000685,1
2015-01-12,5,0.65,0.69,0.68719983,1
2015-01-12,20,0.93,0.69,0.67957103,1
2015-01-13,1,0.69,0.69,0.69018024,1
2015-01-13,5,0.64,0.69,0.68745863,1
2015-01-13,20,1.0,0.69,0.6775206,1
2015-01-14,1,0.67,0.69,0.6902121,1
2015-01-14,5,0.86,0.69,0.6875008,1
2015-01-14,20,1.01,0.69,0.678734,1
2015-01-15,1,0.66,0.67,0.66980225,1
2015-01-15,5,0.87,0.67,0.6672189,1
2015-01-15,20,0.97,0.67,0.6587167,1
2015-01-16,1,0.65,0.66,0.6593769,1
2015-01-16,5,0.91,0.66,0.6575828,1
2015-01-16,20,1.0,0.66,0.6493124,1
2015-01-19,1,0.64,0.65,0.6507526,1
2015-01-19,5,0.95,0.65,0.64976645,1
2015-01-19,20,1.0,0.65,0.63895994,1
2015-01-20,1,0.86,0.64,0.6404373,1
2015-01-20,5,0.93,0.64,0.63952863,1
2015-01-20,20,1.04,0.64,0.6311892,1
2015-01-21,1,0.87,0.86,0.86091846,1
2015-01-21,5,0.91,0.86,0.85750043,1
2015-01-21,20,1.05,0.86,0.8485636,1
2015-01-22,1,0.91,0.87,0.86918557,1
2015-01-22,5,0.92,0.87,0.87280077,1
2015-01-22,20,1.03,0.87,0.86659974,1
2015-01-23,1,0.95,0.91,0.90896976,1
2015-01-23,5,0.87,0.91,0.9090008,1
2015-01-23,20,1.02,0.91,0.90202624,1
2015-01-26,1,0.93,0.95,0.9465749,1
2015-01-26,5,0.85,0.95,0.93768126,1
2015-01-26,20,0.97,0.95,0.9359832,1
2015-01-27,1,0.91,0.93,0.92770165,1
2015-01-27,5,0.87,0.93,0.92009014,1
2015-01-27,20,0.85,0.93,0.92374873,1
2015-01-28,1,0.92,0.91,0.9087963,1
2015-01-28,5,0.88,0.91,0.90322554,1
2015-01-28,20,0.85,0.91,0.90701973,1
2015-01-29,1,0.87,0.92,0.91906387,1
2015-01-29,5,0.92,0.92,0.916521,1
2015-01-29,20,0.86,0.92,0.9117221,1
2015-01-30,1,0.85,0.87,0.87036574,1
2015-01-30,5,0.95,0.87,0.8649337,1
2015-01-30,20,0.83,0.87,0.8583918,1
2015-02-02,1,0.87,0.85,0.8504107,1
2015-02-02,5,0.93,0.85,0.8418311,1
2015-02-02,20,0.89,0.85,0.84168494,1
2015-02-03,1,0.88,0.87,0.8712318,1
2015-02-03,5,1.0,0.87,0.86925864,1
2015-02-03,20,0.93,0.87,0.8547344,1
2015-02-04,1,0.92,0.88,0.8803998,1
2015-02-04,5,1.01,0.88,0.87757987,1
2015-02-04,20,0.89,0.88,0.87289065,1
2015-02-05,1,0.95,0.92,0.9206442,1
2015-02-05,5,0.97,0.92,0.9157095,1
2015-02-05,20,0.9,0.92,0.91108954,1
2015-02-06,1,0.93,0.95,0.949208,1
2015-02-06,5,1.0,0.95,0.9452553,1
2015-02-06,20,0.98,0.95,0.94278383,1
2015-02-09,1,1.0,0.93,0.92994624,1
2015-02-09,5,1.0,0.93,0.9238336,1
2015-02-09,20,0.98,0.93,0.9224955,1
2015-02-10,1,1.01,1.0,0.99984366,1
2015-02-10,5,1.04,1.0,0.9971356,1
2015-02-10,20,0.95,1.0,0.9943136,1
2015-02-11,1,0.97,1.01,1.009185,1
2015-02-11,5,1.05,1.01,1.0034497,1
2015-02-11,20,0.91,1.01,1.0022922,1
2015-02-12,1,1.0,0.97,0.9693459,1
2015-02-12,5,1.03,0.97,0.9632266,1
2015-02-12,20,0.92,0.97,0.9601195,1
2015-02-13,1,1.0,1.0,0.9990424,1
2015-02-13,5,1.02,1.0,0.9963359,1
2015-02-13,20,0.93,1.0,0.99827325,1
2015-02-16,1,1.04,1.0,0.99928623,1
2015-02-16,5,0.97,1.0,0.9961375,1
2015-02-16,20,0.9,1.0,0.995439,1
2015-02-17,1,1.05,1.04,1.0394917,1
2015-02-17,5,0.85,1.04,1.0365505,1
2015-02-17,20,0.87,1.04,1.0338321,1
2015-02-18,1,1.03,1.05,1.0497137,1
2015-02-18,5,0.85,1.05,1.045796,1
2015-02-18,20,0.84,1.05,1.044899,1
2015-02-19,1,1.02,1.03,1.0290313,1
2015-02-19,5,0.86,1.03,1.0248924,1
2015-02-19,20,0.84,1.03,1.0215405,1
2015-02-20,1,0.97,1.02,1.0200921,1
2015-02-20,5,0.83,1.02,1.0166461,1
2015-02-20,20,0.84,1.02,1.0126616,1
2015-02-23,1,0.85,0.97,0.97039855,1
2015-02-23,5,0.89,0.97,0.96761405,1
2015-02-23,20,0.85,0.97,0.96234226,1
2015-02-24,1,0.85,0.85,0.85062915,1
2015-02-24,5,0.93,0.85,0.84766454,1
2015-02-24,20,0.84,0.85,0.8414984,1
2015-02-25,1,0.86,0.85,0.8515818,1
2015-02-25,5,0.89,0.85,0.85092545,1
2015-02-25,20,0.84,0.85,0.8453556,1
2015-02-26,1,0.83,0.86,0.8603231,1
2015-02-26,5,0.9,0.86,0.86109215,1
2015-02-26,20,0.85,0.86,0.85558504,1
2015-02-27,1,0.89,0.83,0.828351,1
2015-02-27,5,0.98,0.83,0.82258016,1
2015-02-27,20,0.85,0.83,0.81766915,1
2015-03-02,1,0.93,0.89,0.88956183,1
2015-03-02,5,0.98,0.89,0.8837816,1
2015-03-02,20,0.86,0.89,0.8836263,1
2015-03-03,1,0.89,0.93,0.9296799,1
2015-03-03,5,0.95,0.93,0.92414045,1
2015-03-03,20,0.85,0.93,0.9195213,1
2015-03-04,1,0.9,0.89,0.8887406,1
2015-03-04,5,0.91,0.89,0.8836569,1
2015-03-04,20,0.82,0.89,0.88464624,1
2015-03-05,1,0.98,0.9,0.89940363,1
2015-03-05,5,0.92,0.9,0.8954708,1
2015-03-05,20,0.82,0.9,0.8967409,1
2015-03-06,1,0.98,0.98,0.9796724,1
2015-03-06,5,0.93,0.98,0.97588766,1
2015-03-06,20,0.82,0.98,0.97291154,1
2015-03-09,1,0.95,0.98,0.9797127,1
2015-03-09,5,0.9,0.98,0.9731395,1
2015-03-09,20,0.85,0.98,0.97059304,1
2015-03-10,1,0.91,0.95,0.9489516,1
2015-03-10,5,0.87,0.95,0.9447279,1
2015-03-10,20,0.84,0.95,0.9429748,1
2015-03-11,1,0.92,0.91,0.9092936,1
2015-03-11,5,0.84,0.91,0.90616304,1
2015-03-11,20,0.83,0.91,0.90204316,1
2015-03-12,1,0.93,0.92,0.9205231,1
2015-03-12,5,0.84,0.92,0.9165097,1
2015-03-12,20,0.86,0.92,0.90971965,1
2015-03-13,1,0.9,0.93,0.9299303,1
2015-03-13,5,0.84,0.93,0.9274336,1
2015-03-13,20,0.85,0.93,0.9215458,1
2015-03-16,1,0.87,0.9,0.9005738,1
2015-03-16,5,0.85,0.9,0.8968469,1
2015-03-16,20,0.84,0.9,0.88892215,1
2015-03-17,1,0.84,0.87,0.8702817,1
2015-03-17,5,0.84,0.87,0.86926234,1
2015-03-17,20,0.8,0.87,0.8612758,1
2015-03-18,1,0.84,0.84,0.8403148,1
2015-03-18,5,0.84,0.84,0.83974123,1
2015-03-18,20,0.78,0.84,0.83125955,1
2015-03-19,1,0.84,0.84,0.83981025,1
2015-03-19,5,0.85,0.84,0.83793414,1
2015-03-19,20,0.79,0.84,0.8290074,1
2015-03-20,1,0.85,0.84,0.8405935,1
2015-03-20,5,0.85,0.84,0.8399024,1
2015-03-20,20,0.79,0.84,0.8306594,1
2015-03-23,1,0.84,0.85,0.84962755,1
2015-03-23,5,0.86,0.85,0.849239,1
2015-03-23,20,0.78,0.85,0.843816,1
2015-03-24,1,0.84,0.84,0.83926666,1
2015-03-24,5,0.85,0.84,0.83799076,1
2015-03-24,20,0.81,0.84,0.83441865,1
2015-03-25,1,0.85,0.84,0.83950645,1
2015-03-25,5,0.82,0.84,0.83698386,1
2015-03-25,20,0.83,0.84,0.83211255,1
2015-03-26,1,0.85,0.85,0.8502922,1
2015-03-26,5,0.82,0.85,0.84881055,1
2015-03-26,20,0.82,0.85,0.8413644,1
2015-03-27,1,0.86,0.85,0.8503271,1
2015-03-27,5,0.82,0.85,0.8476861,1
2015-03-27,20,0.8,0.85,0.8439943,1
2015-03-30,1,0.85,0.86,0.8600866,1
2015-03-30,5,0.85,0.86,0.85747784,1
2015-03-30,20,0.81,0.86,0.84821135,1
2015-03-31,1,0.82,0.85,0.8502758,1
2015-03-31,5,0.84,0.85,0.8459772,1
2015-03-31,20,0.88,0.85,0.83728313,1
2015-04-01,1,0.82,0.82,0.8200452,1
2015-04-01,5,0.83,0.82,0.81161064,1
2015-04-01,20,0.91,0.82,0.8110668,1
2015-04-02,1,0.82,0.82,0.82077473,1
2015-04-02,5,0.86,0.82,0.81994575,1
2015-04-02,20,0.91,0.82,0.80331886,1
2015-04-03,1,0.85,0.82,0.82045865,1
2015-04-03,5,0.85,0.82,0.8186223,1
2015-04-03,20,0.95,0.82,0.8103228,1
2015-04-06,1,0.84,0.85,0.84973437,1
2015-04-06,5,0.84,0.85,0.8474242,1
2015-04-06,20,1.0,0.85,0.83908874,1
2015-04-07,1,0.83,0.84,0.83928216,1
2015-04-07,5,0.8,0.84,0.8364825,1
2015-04-07,20,1.04,0.84,0.8342327,1
2015-04-08,1,0.86,0.83,0.8295995,1
2015-04-08,5,0.78,0.83,0.825879,1
2015-04-08,20,1.13,0.83,0.82185405,1
2015-04-09,1,0.85,0.86,0.8603103,1
2015-04-09,5,0.79,0.86,0.8572245,1
2015-04-09,20,1.06,0.86,0.85169625,1
2015-04-10,1,0.84,0.85,0.8503771,1
2015-04-10,5,0.79,0.85,0.8459329,1
2015-04-10,20,1.04,0.85,0.8398316,1
2015-04-13,1,0.8,0.84,0.8400833,1
2015-04-13,5,0.78,0.84,0.83661616,1
2015-04-13,20,1.11,0.84,0.8312102,1
2015-04-14,1,0.78,0.8,0.8000242,1
2015-04-14,5,0.81,0.8,0.79818493,1
2015-04-14,20,1.11,0.8,0.7904226,1
2015-04-15,1,0.79,0.78,0.77949154,1
2015-04-15,5,0.83,0.78,0.77908194,1
2015-04-15,20,1.13,0.78,0.7756427,1
2015-04-16,1,0.79,0.79,0.78983206,1
2015-04-16,5,0.82,0.79,0.7898964,1
2015-04-16,20,1.13,0.79,0.78659457,1
2015-04-17,1,0.78,0.79,0.78909504,1
2015-04-17,5,0.8,0.79,0.7880371,1
2015-04-17,20,1.07,0.79,0.78765655,1
2015-04-20,1,0.81,0.78,0.78076,1
2015-04-20,5,0.81,0.78,0.78121454,1
2015-04-20,20,1.07,0.78,0.7710545,1
2015-04-21,1,0.83,0.81,0.8105525,1
2015-04-21,5,0.88,0.81,0.81025577,1
2015-04-21,20,1.14,0.81,0.8024138,1
2015-04-22,1,0.82,0.83,0.83038384,1
2015-04-22,5,0.91,0.83,0.8275072,1
2015-04-22,20,1.12,0.83,0.81881917,1
2015-04-23,1,0.8,0.82,0.820179,1
2015-04-23,5,0.91,0.82,0.81668293,1
2015-04-23,20,1.08,0.82,0.81139344,1
2015-04-24,1,0.81,0.8,0.7992337,1
2015-04-24,5,0.95,0.8,0.79706436,1
2015-04-24,20,1.09,0.8,0.7943563,1
2015-04-27,1,0.88,0.81,0.80974257,1
2015-04-27,5,1.0,0.81,0.80813473,1
2015-04-27,20,1.11,0.81,0.8022126,1
2015-04-28,1,0.91,0.88,0.87956566,1
2015-04-28,5,1.04,0.88,0.8775773,1
2015-04-28,20,1.05,0.88,0.8734384,1
2015-04-29,1,0.91,0.91,0.908789,1
2015-04-29,5,1.13,0.91,0.9044512,1
2015-04-29,20,1.04,0.91,0.9048185,1
2015-04-30,1,0.95,0.91,0.9087344,1
2015-04-30,5,1.06,0.91,0.90426505,1
2015-04-30,20,1.04,0.91,0.90612197,1
2015-05-01,1,1.0,0.95,0.94985723,1
2015-05-01,5,1.04,0.95,0.94017893,1
2015-05-01,20,1.05,0.95,0.9410893,1
2015-05-04,1,1.04,1.0,1.0001875,1
2015-05-04,5,1.11,1.0,0.9924997,1
2015-05-04,20,1.07,1.0,0.9853463,1
2015-05-05,1,1.13,1.04,1.0387588,1
2015-05-05,5,1.11,1.04,1.0320207,1
2015-05-05,20,1.12,1.04,1.0314904,1
2015-05-06,1,1.06,1.13,1.1281148,1
2015-05-06,5,1.13,1.13,1.1216719,1
2015-05-06,20,1.18,1.13,1.1245393,1
2015-05-07,1,1.04,1.06,1.0574851,1
2015-05-07,5,1.13,1.06,1.0491601,1
2015-05-07,20,1.16,1.06,1.0556543,1
2015-05-08,1,1.11,1.04,1.0391314,1
2015-05-08,5,1.07,1.04,1.034068,1
2015-05-08,20,1.18,1.04,1.031326,1
2015-05-11,1,1.11,1.11,1.1093926,1
2015-05-11,5,1.07,1.11,1.1064721,1
2015-05-11,20,1.18,1.11,1.1035714,1
2015-05-12,1,1.13,1.11,1.109613,1
2015-05-12,5,1.14,1.11,1.104759,1
2015-05-12,20,1.22,1.11,1.1028059,1
2015-05-13,1,1.13,1.13,1.1289496,1
2015-05-13,5,1.12,1.13,1.125741,1
2015-05-13,20,1.22,1.13,1.1260571,1
2015-05-14,1,1.07,1.13,1.1286992,1
2015-05-14,5,1.08,1.13,1.1251544,1
2015-05-14,20,1.15,1.13,1.1250807,1
2015-05-15,1,1.07,1.07,1.069002,1
2015-05-15,5,1.09,1.07,1.0654804,1
2015-05-15,20,1.16,1.07,1.0617698,1
2015-05-18,1,1.14,1.07,1.0696068,1
2015-05-18,5,1.11,1.07,1.0680575,1
2015-05-18,20,1.15,1.07,1.0608559,1
2015-05-19,1,1.12,1.14,1.1408266,1
2015-05-19,5,1.05,1.14,1.1392936,1
2015-05-19,20,1.13,1.14,1.1321658,1
2015-05-20,1,1.08,1.12,1.1206744,1
2015-05-20,5,1.04,1.12,1.1137588,1
2015-05-20,20,1.14,1.12,1.107627,1
2015-05-21,1,1.09,1.08,1.0803398,1
2015-05-21,5,1.04,1.08,1.0758429,1
2015-05-21,20,1.17,1.08,1.0716099,1
2015-05-22,1,1.11,1.09,1.090014,1
2015-05-22,5,1.05,1.09,1.0877645,1
2015-05-22,20,1.12,1.09,1.0824587,1
2015-05-25,1,1.05,1.11,1.1080908,1
2015-05-25,5,1.07,1.11,1.1012123,1
2015-05-25,20,1.19,1.11,1.0969598,1
2015-05-26,1,1.04,1.05,1.0486823,1
2015-05-26,5,1.12,1.05,1.043657,1
2015-05-26,20,1.2,1.05,1.0427792,1
2015-05-27,1,1.04,1.04,1.0398325,1
2015-05-27,5,1.18,1.04,1.0354463,1
2015-05-27,20,1.17,1.04,1.0326979,1
2015-05-28,1,1.05,1.04,1.0407143,1
2015-05-28,5,1.16,1.04,1.0372837,1
2015-05-28,20,1.2,1.04,1.0305034,1
2015-05-29,1,1.07,1.05,1.0503356,1
2015-05-29,5,1.18,1.05,1.0477732,1
2015-05-29,20,1.24,1.05,1.0415581,1
2015-06-01,1,1.12,1.07,1.0700839,1
2015-06-01,5,1.18,1.07,1.0638481,1
2015-06-01,20,1.18,1.07,1.062594,1
2015-06-02,1,1.18,1.12,1.1208298,1
2015-06-02,5,1.22,1.12,1.1163541,1
2015-06-02,20,1.19,1.12,1.1071426,1
2015-06-03,1,1.16,1.18,1.1792694,1
2015-06-03,5,1.22,1.18,1.1750565,1
2015-06-03,20,1.19,1.18,1.1735469,1
2015-06-04,1,1.18,1.16,1.1589537,1
2015-06-04,5,1.15,1.16,1.1534669,1
2015-06-04,20,1.26,1.16,1.1548878,1
2015-06-05,1,1.18,1.18,1.1788378,1
2015-06-05,5,1.16,1.18,1.1747146,1
2015-06-05,20,1.21,1.18,1.172997,1
2015-06-08,1,1.22,1.18,1.1797334,1
2015-06-08,5,1.15,1.18,1.1751362,1
2015-06-08,20,1.18,1.18,1.1739149,1
2015-06-09,1,1.22,1.22,1.2191371,1
2015-06-09,5,1.13,1.22,1.2159244,1
2015-06-09,20,1.1,1.22,1.2147412,1
2015-06-10,1,1.15,1.22,1.2184553,1
2015-06-10,5,1.14,1.22,1.2145691,1
2015-06-10,20,1.09,1.22,1.2163566,1
2015-06-11,1,1.16,1.15,1.1493423,1
2015-06-11,5,1.17,1.15,1.1461395,1
2015-06-11,20,1.13,1.15,1.1472651,1
2015-06-12,1,1.15,1.16,1.1599759,1
2015-06-12,5,1.12,1.16,1.1585459,1
2015-06-12,20,1.18,1.16,1.153042,1
2015-06-15,1,1.13,1.15,1.1500995,1
2015-06-15,5,1.19,1.15,1.1483881,1
2015-06-15,20,1.21,1.15,1.1415802,1
2015-06-16,1,1.14,1.13,1.1301367,1
2015-06-16,5,1.2,1.13,1.1283659,1
2015-06-16,20,1.2,1.13,1.120271,1
2015-06-17,1,1.17,1.14,1.1402414,1
2015-06-17,5,1.17,1.14,1.1398761,1
2015-06-17,20,1.2,1.14,1.1289243,1
2015-06-18,1,1.12,1.17,1.169937,1
2015-06-18,5,1.2,1.17,1.1684862,1
2015-06-18,20,1.15,1.17,1.1606494,1
2015-06-19,1,1.19,1.12,1.1192651,1
2015-06-19,5,1.24,1.12,1.1166658,1
2015-06-19,20,1.14,1.12,1.1139057,1
2015-06-22,1,1.2,1.19,1.1904517,1
2015-06-22,5,1.18,1.19,1.1888436,1
2015-06-22,20,1.15,1.19,1.1793901,1
2015-06-23,1,1.17,1.2,1.2002323,1
2015-06-23,5,1.19,1.2,1.1962248,1
2015-06-23,20,1.14,1.2,1.1902589,1
2015-06-24,1,1.2,1.17,1.170293,1
2015-06-24,5,1.19,1.17,1.1659203,1
2015-06-24,20,1.11,1.17,1.1607579,1
2015-06-25,1,1.24,1.2,1.2004188,1
2015-06-25,5,1.26,1.2,1.196569,1
2015-06-25,20,1.08,1.2,1.1897138,1
2015-06-26,1,1.18,1.24,1.2395914,1
2015-06-26,5,1.21,1.24,1.2362119,1
2015-06-26,20,1.05,1.24,1.2316624,1
2015-06-29,1,1.19,1.18,1.1796856,1
2015-06-29,5,1.18,1.18,1.1751468,1
2015-06-29,20,1.04,1.18,1.172613,1
2015-06-30,1,1.19,1.19,1.1894109,1
2015-06-30,5,1.1,1.19,1.1885451,1
2015-06-30,20,1.06,1.19,1.1791142,1
2015-07-01,1,1.26,1.19,1.1905776,1
2015-07-01,5,1.09,1.19,1.1821518,1
2015-07-01,20,1.06,1.19,1.1790415,1
2015-07-02,1,1.21,1.26,1.2616129,1
2015-07-02,5,1.13,1.26,1.2564037,1
2015-07-02,20,1.04,1.26,1.2444084,1
2015-07-03,1,1.18,1.21,1.2100039,1
2015-07-03,5,1.18,1.21,1.2026778,1
2015-07-03,20,1.03,1.21,1.1956706,1
2015-07-06,1,1.1,1.18,1.1804602,1
2015-07-06,5,1.21,1.18,1.1759169,1
2015-07-06,20,1.03,1.18,1.1716914,1
2015-07-07,1,1.09,1.1,1.1002649,1
2015-07-07,5,1.2,1.1,1.0971856,1
2015-07-07,20,1.02,1.1,1.0885231,1
2015-07-08,1,1.13,1.09,1.0916655,1
2015-07-08,5,1.2,1.09,1.08961,1
2015-07-08,20,1.03,1.09,1.0788524,1
2015-07-09,1,1.18,1.13,1.13097,1
2015-07-09,5,1.15,1.13,1.1300893,1
2015-07-09,20,1.0,1.13,1.1186008,1
2015-07-10,1,1.21,1.18,1.1809988,1
2015-07-10,5,1.14,1.18,1.1783642,1
2015-07-10,20,0.98,1.18,1.1696565,1
2015-07-13,1,1.2,1.21,1.2102805,1
2015-07-13,5,1.15,1.21,1.2061534,1
2015-07-13,20,1.01,1.21,1.2017796,1
2015-07-14,1,1.2,1.2,1.1995823,1
2015-07-14,5,1.14,1.2,1.194556,1
2015-07-14,20,0.97,1.2,1.1920495,1
2015-07-15,1,1.15,1.2,1.1992486,1
2015-07-15,5,1.11,1.2,1.1955405,1
2015-07-15,20,0.97,1.2,1.1932107,1
2015-07-16,1,1.14,1.15,1.1473017,1
2015-07-16,5,1.08,1.15,1.1538854,1
2015-07-16,20,0.99,1.15,1.1614572,1
2015-07-17,1,1.15,1.14,1.1398873,1
2015-07-17,5,1.05,1.14,1.1430035,1
2015-07-17,20,0.98,1.14,1.1295621,1
2015-07-20,1,1.14,1.15,1.1515524,1
2015-07-20,5,1.04,1.15,1.1526239,1
2015-07-20,20,0.96,1.15,1.138055,1
2015-07-21,1,1.11,1.14,1.1412002,1
2015-07-21,5,1.06,1.14,1.1413082,1
2015-07-21,20,0.99,1.14,1.1282091,1
2015-07-22,1,1.08,1.11,1.1104227,1
2015-07-22,5,1.06,1.11,1.1085283,1
2015-07-22,20,0.94,1.11,1.1002432,1
2015-07-23,1,1.05,1.08,1.0810343,1
2015-07-23,5,1.04,1.08,1.079445,1
2015-07-23,20,0.94,1.08,1.0682962,1
2015-07-24,1,1.04,1.05,1.0507617,1
2015-07-24,5,1.03,1.05,1.0499429,1
2015-07-24,20,0.94,1.05,1.0390587,1
2015-07-27,1,1.06,1.04,1.041188,1
2015-07-27,5,1.03,1.04,1.0406985,1
2015-07-27,20,0.94,1.04,1.0292085,1
2015-07-28,1,1.06,1.06,1.0605079,1
2015-07-28,5,1.02,1.06,1.061165,1
2015-07-28,20,0.97,1.06,1.0493728,1
2015-07-29,1,1.04,1.06,1.0599271,1
2015-07-29,5,1.03,1.06,1.0590146,1
2015-07-29,20,1.06,1.06,1.052668,1
2015-07-30,1,1.03,1.04,1.0399785,1
2015-07-30,5,1.0,1.04,1.0387061,1
2015-07-30,20,1.05,1.04,1.0336303,1
2015-07-31,1,1.03,1.03,1.0307596,1
2015-07-31,5,0.98,1.03,1.0283713,1
2015-07-31,20,1.02,1.03,1.0188223,1
2015-08-03,1,1.02,1.03,1.030412,1
2015-08-03,5,1.01,1.03,1.0216949,1
2015-08-03,20,1.04,1.03,1.0189956,1
2015-08-04,1,1.03,1.02,1.0208635,1
2015-08-04,5,0.97,1.02,1.0189508,1
2015-08-04,20,1.01,1.02,1.0014434,1
2015-08-05,1,1.0,1.03,1.0312606,1
2015-08-05,5,0.97,1.03,1.0279632,1
2015-08-05,20,1.03,1.03,1.0165914,1
2015-08-06,1,0.98,1.0,1.001121,1
2015-08-06,5,0.99,1.0,0.99714977,1
2015-08-06,20,1.03,1.0,0.98840785,1
2015-08-07,1,1.01,0.98,0.9802537,1
2015-08-07,5,0.98,0.98,0.9782761,1
2015-08-07,20,1.0,0.98,0.9719684,1
2015-08-10,1,0.97,1.01,1.0099746,1
2015-08-10,5,0.96,1.01,1.0087913,1
2015-08-10,20,1.0,1.01,1.0019845,1
2015-08-11,1,0.97,0.97,0.9698429,1
2015-08-11,5,0.99,0.97,0.96770835,1
2015-08-11,20,1.04,0.97,0.963843,1
2015-08-12,1,0.99,0.97,0.9702842,1
2015-08-12,5,0.94,0.97,0.9697479,1
2015-08-12,20,1.03,0.97,0.95780635,1
2015-08-13,1,0.98,0.99,0.9891819,1
2015-08-13,5,0.94,0.99,0.98818,1
2015-08-13,20,1.03,0.99,0.9850846,1
2015-08-14,1,0.96,0.98,0.9801572,1
2015-08-14,5,0.94,0.98,0.9776337,1
2015-08-14,20,1.01,0.98,0.9707466,1
2015-08-17,1,0.99,0.96,0.9601807,1
2015-08-17,5,0.94,0.96,0.95708734,1
2015-08-17,20,1.0,0.96,0.9524225,1
2015-08-18,1,0.94,0.99,0.99022293,1
2015-08-18,5,0.97,0.99,0.9889722,1
2015-08-18,20,1.07,0.99,0.98012394,1
2015-08-19,1,0.94,0.94,0.9398915,1
2015-08-19,5,1.06,0.94,0.9373372,1
2015-08-19,20,1.07,0.94,0.9315266,1
2015-08-20,1,0.94,0.94,0.9403172,1
2015-08-20,5,1.05,0.94,0.93835264,1
2015-08-20,20,1.05,0.94,0.928771,1
2015-08-21,1,0.94,0.94,0.93964255,1
2015-08-21,5,1.02,0.94,0.9381291,1
2015-08-21,20,1.0,0.94,0.93186414,1
2015-08-24,1,0.97,0.94,0.94181734,1
2015-08-24,5,1.04,0.94,0.9425106,1
2015-08-24,20,1.02,0.94,0.9263082,1
2015-08-25,1,1.06,0.97,0.9709112,1
2015-08-25,5,1.01,0.97,0.96933883,1
2015-08-25,20,0.98,0.97,0.9551424,1
2015-08-26,1,1.05,1.06,1.0612519,1
2015-08-26,5,1.03,1.06,1.057391,1
2015-08-26,20,0.97,1.06,1.0463549,1
2015-08-27,1,1.02,1.05,1.0497816,1
2015-08-27,5,1.03,1.05,1.04289,1
2015-08-27,20,0.95,1.05,1.0378572,1
2015-08-28,1,1.04,1.02,1.0190743,1
2015-08-28,5,1.0,1.02,1.0148652,1
2015-08-28,20,0.99,1.02,1.014391,1
2015-08-31,1,1.01,1.04,1.0402124,1
2015-08-31,5,1.0,1.04,1.0369359,1
2015-08-31,20,0.94,1.04,1.0328108,1
2015-09-01,1,1.03,1.01,1.0100896,1
2015-09-01,5,1.04,1.01,1.002626,1
2015-09-01,20,0.93,1.01,1.0018951,1
2015-09-02,1,1.03,1.03,1.0309362,1
2015-09-02,5,1.03,1.03,1.029701,1
2015-09-02,20,0.92,1.03,1.0151715,1
2015-09-03,1,1.0,1.03,1.030831,1
2015-09-03,5,1.03,1.03,1.0269665,1
2015-09-03,20,0.91,1.03,1.0163523,1
2015-09-04,1,1.0,1.0,0.99953693,1
2015-09-04,5,1.01,1.0,0.9969169,1
2015-09-04,20,0.89,1.0,0.9924385,1
2015-09-07,1,1.04,1.0,1.0001365,1
2015-09-07,5,1.0,1.0,0.99800926,1
2015-09-07,20,0.93,1.0,0.9893298,1
2015-09-08,1,1.03,1.04,1.0402005,1
2015-09-08,5,1.07,1.04,1.0379676,1
2015-09-08,20,0.92,1.04,1.0301591,1
2015-09-09,1,1.03,1.03,1.0296971,1
2015-09-09,5,1.07,1.03,1.026523,1
2015-09-09,20,0.92,1.03,1.0230644,1
2015-09-10,1,1.01,1.03,1.0300044,1
2015-09-10,5,1.05,1.03,1.0272119,1
2015-09-10,20,0.96,1.03,1.0225459,1
2015-09-11,1,1.0,1.01,1.0100397,1
2015-09-11,5,1.0,1.01,1.0074142,1
2015-09-11,20,0.96,1.01,1.0026534,1
2015-09-14,1,1.07,1.0,1.0002548,1
2015-09-14,5,1.02,1.0,0.99782497,1
2015-09-14,20,0.96,1.0,0.99070185,1
2015-09-15,1,1.07,1.07,1.0701065,1
2015-09-15,5,0.98,1.07,1.068164,1
2015-09-15,20,0.9,1.07,1.0611368,1
2015-09-16,1,1.05,1.07,1.0697426,1
2015-09-16,5,0.97,1.07,1.0655204,1
2015-09-16,20,0.87,1.07,1.0618689,1
2015-09-17,1,1.0,1.05,1.0493108,1
2015-09-17,5,0.95,1.05,1.0461516,1
2015-09-17,20,0.91,1.05,1.045215,1
2015-09-18,1,1.02,1.0,0.9991208,1
2015-09-18,5,0.99,1.0,0.99666077,1
2015-09-18,20,0.93,1.0,0.9921367,1
2015-09-21,1,0.98,1.02,1.019461,1
2015-09-21,5,0.94,1.02,1.0186245,1
2015-09-21,20,0.94,1.02,1.0127261,1
2015-09-22,1,0.97,0.98,0.98073614,1
2015-09-22,5,0.93,0.98,0.97862184,1
2015-09-22,20,0.99,0.98,0.9695618,1
2015-09-23,1,0.95,0.97,0.97059023,1
2015-09-23,5,0.92,0.97,0.969332,1
2015-09-23,20,0.93,0.97,0.9599033,1
2015-09-24,1,0.99,0.95,0.95105696,1
2015-09-24,5,0.91,0.95,0.9495202,1
2015-09-24,20,0.93,0.95,0.93958205,1
2015-09-25,1,0.94,0.99,0.9908851,1
2015-09-25,5,0.89,0.99,0.9894539,1
2015-09-25,20,0.97,0.99,0.9793792,1
2015-09-28,1,0.93,0.94,0.9402672,1
2015-09-28,5,0.93,0.94,0.936799,1
2015-09-28,20,0.92,0.94,0.9308688,1
2015-09-29,1,0.92,0.93,0.9303769,1
2015-09-29,5,0.92,0.93,0.9284724,1
2015-09-29,20,0.93,0.93,0.9210678,1
2015-09-30,1,0.91,0.92,0.92046255,1
2015-09-30,5,0.92,0.92,0.91862774,1
2015-09-30,20,0.93,0.92,0.9082281,1
2015-10-01,1,0.89,0.91,0.91054326,1
2015-10-01,5,0.96,0.91,0.903814,1
2015-10-01,20,0.98,0.91,0.9017751,1
2015-10-02,1,0.93,0.89,0.89075166,1
2015-10-02,5,0.96,0.89,0.8891816,1
2015-10-02,20,0.97,0.89,0.87636995,1
2015-10-05,1,0.92,0.93,0.9300752,1
2015-10-05,5,0.96,0.93,0.9287572,1
2015-10-05,20,1.0,0.93,0.9192506,1
2015-10-06,1,0.92,0.92,0.9193834,1
2015-10-06,5,0.9,0.92,0.91603005,1
2015-10-06,20,1.02,0.92,0.9147099,1
2015-10-07,1,0.96,0.92,0.919484,1
2015-10-07,5,0.87,0.92,0.9170266,1
2015-10-07,20,1.01,0.92,0.91325396,1
2015-10-08,1,0.96,0.96,0.9598232,1
2015-10-08,5,0.91,0.96,0.95742524,1
2015-10-08,20,1.02,0.96,0.95344365,1
2015-10-09,1,0.96,0.96,0.95945144,1
2015-10-09,5,0.93,0.96,0.9556321,1
2015-10-09,20,1.05,0.96,0.95300543,1
2015-10-12,1,0.9,0.96,0.95912975,1
2015-10-12,5,0.94,0.96,0.9560132,1
2015-10-12,20,1.05,0.96,0.95461994,1
2015-10-13,1,0.87,0.9,0.8993902,1
2015-10-13,5,0.99,0.9,0.8965324,1
2015-10-13,20,1.04,0.9,0.8934513,1
2015-10-14,1,0.91,0.87,0.8702094,1
2015-10-14,5,0.93,0.87,0.86903214,1
2015-10-14,20,1.04,0.87,0.8615784,1
2015-10-15,1,0.93,0.91,0.9102384,1
2015-10-15,5,0.93,0.91,0.90978086,1
2015-10-15,20,1.05,0.91,0.899993,1
2015-10-16,1,0.94,0.93,0.9298708,1
2015-10-16,5,0.97,0.93,0.92791045,1
2015-10-16,20,1.04,0.93,0.92261,1
2015-10-19,1,0.99,0.94,0.93971765,1
2015-10-19,5,0.92,0.94,0.9367978,1
2015-10-19,20,1.04,0.94,0.930912,1
2015-10-20,1,0.93,0.99,0.9898315,1
2015-10-20,5,0.93,0.99,0.98608345,1
2015-10-20,20,1.04,0.99,0.9794111,1
2015-10-21,1,0.93,0.93,0.92923605,1
2015-10-21,5,0.93,0.93,0.9243647,1
2015-10-21,20,1.01,0.93,0.9212035,1
2015-10-22,1,0.97,0.93,0.93034947,1
2015-10-22,5,0.98,0.93,0.92640424,1
2015-10-22,20,1.0,0.93,0.9192978,1
2015-10-23,1,0.92,0.97,0.97006565,1
2015-10-23,5,0.97,0.97,0.96665436,1
2015-10-23,20,1.01,0.97,0.9616538,1
2015-10-26,1,0.93,0.92,0.91863173,1
2015-10-26,5,1.0,0.92,0.9111982,1
2015-10-26,20,0.99,0.92,0.9083651,1
2015-10-27,1,0.93,0.93,0.9294346,1
2015-10-27,5,1.02,0.93,0.9259011,1
2015-10-27,20,0.99,0.93,0.92617226,1
2015-10-28,1,0.98,0.93,0.9300091,1
2015-10-28,5,1.01,0.93,0.9263249,1
2015-10-28,20,0.96,0.93,0.92089576,1
2015-10-29,1,0.97,0.98,0.9799721,1
2015-10-29,5,1.02,0.98,0.9772828,1
2015-10-29,20,0.95,0.98,0.9749667,1
2015-10-30,1,1.0,0.97,0.9698573,1
2015-10-30,5,1.05,0.97,0.9656647,1
2015-10-30,20,0.93,0.97,0.9638723,1
2015-11-02,1,1.02,1.0,0.99922585,1
2015-11-02,5,1.05,1.0,0.9925234,1
2015-11-02,20,0.94,1.0,0.99575394,1
2015-11-03,1,1.01,1.02,1.0196356,1
2015-11-03,5,1.04,1.02,1.0161002,1
2015-11-03,20,0.9,1.02,1.0108047,1
2015-11-04,1,1.02,1.01,1.0093179,1
2015-11-04,5,1.04,1.01,1.0050898,1
2015-11-04,20,0.89,1.01,1.0026406,1
2015-11-05,1,1.05,1.02,1.0199053,1
2015-11-05,5,1.05,1.02,1.0159225,1
2015-11-05,20,0.97,1.02,1.0121338,1
2015-11-06,1,1.05,1.05,1.0497309,1
2015-11-06,5,1.04,1.05,1.0460914,1
2015-11-06,20,0.95,1.05,1.0422205,1
2015-11-09,1,1.04,1.05,1.050319,1
2015-11-09,5,1.04,1.05,1.0444899,1
2015-11-09,20,0.91,1.05,1.039807,1
2015-11-10,1,1.04,1.04,1.0398626,1
2015-11-10,5,1.04,1.04,1.0360849,1
2015-11-10,20,0.94,1.04,1.0331348,1
2015-11-11,1,1.05,1.04,1.0394173,1
2015-11-11,5,1.01,1.04,1.0366814,1
2015-11-11,20,0.95,1.04,1.033326,1
2015-11-12,1,1.04,1.05,1.0496386,1
2015-11-12,5,1.0,1.05,1.0471078,1
2015-11-12,20,0.94,1.05,1.0429558,1
2015-11-13,1,1.04,1.04,1.0398172,1
2015-11-13,5,1.01,1.04,1.0367314,1
2015-11-13,20,0.93,1.04,1.0310888,1
2015-11-16,1,1.04,1.04,1.0397314,1
2015-11-16,5,0.99,1.04,1.037008,1
2015-11-16,20,0.97,1.04,1.0304604,1
2015-11-17,1,1.01,1.04,1.0399222,1
2015-11-17,5,0.99,1.04,1.0381653,1
2015-11-17,20,0.97,1.04,1.0294877,1
2015-11-18,1,1.0,1.01,1.0095482,1
2015-11-18,5,0.96,1.01,1.0076103,1
2015-11-18,20,0.96,1.01,1.0013924,1
2015-11-19,1,1.01,1.0,1.0004116,1
2015-11-19,5,0.95,1.0,0.9981512,1
2015-11-19,20,0.91,1.0,0.9927328,1
2015-11-20,1,0.99,1.01,1.0098271,1
2015-11-20,5,0.93,1.01,1.0086681,1
2015-11-20,20,0.89,1.01,1.0038033,1
2015-11-23,1,0.99,0.99,0.99038196,1
2015-11-23,5,0.94,0.99,0.9882771,1
2015-11-23,20,0.89,0.99,0.98056453,1
2015-11-24,1,0.96,0.99,0.99046415,1
2015-11-24,5,0.9,0.99,0.98867863,1
2015-11-24,20,0.89,0.99,0.9809736,1
2015-11-25,1,0.95,0.96,0.95995575,1
2015-11-25,5,0.89,0.96,0.95842636,1
2015-11-25,20,0.91,0.96,0.95232314,1
2015-11-26,1,0.93,0.95,0.95033747,1
2015-11-26,5,0.97,0.95,0.9495508,1
2015-11-26,20,0.88,0.95,0.9427198,1
2015-11-27,1,0.94,0.93,0.9305007,1
2015-11-27,5,0.95,0.93,0.929675,1
2015-11-27,20,0.88,0.93,0.9218441,1
2015-11-30,1,0.9,0.94,0.9408949,1
2015-11-30,5,0.91,0.94,0.9396827,1
2015-11-30,20,0.88,0.94,0.92978853,1
2015-12-01,1,0.89,0.9,0.90039194,1
2015-12-01,5,0.94,0.9,0.894987,1
2015-12-01,20,0.9,0.9,0.89157015,1
2015-12-02,1,0.97,0.89,0.8913575,1
2015-12-02,5,0.95,0.89,0.89207685,1
2015-12-02,20,0.92,0.89,0.8729563,1
2015-12-03,1,0.95,0.97,0.9708695,1
2015-12-03,5,0.94,0.97,0.9702975,1
2015-12-03,20,0.91,0.97,0.9594381,1
2015-12-04,1,0.91,0.95,0.9504257,1
2015-12-04,5,0.93,0.95,0.94599026,1
2015-12-04,20,0.91,0.95,0.9406071,1
2015-12-07,1,0.94,0.91,0.9096599,1
2015-12-07,5,0.97,0.91,0.9070211,1
2015-12-07,20,0.93,0.91,0.90294415,1
2015-12-08,1,0.95,0.94,0.9405753,1
2015-12-08,5,0.97,0.94,0.9375664,1
2015-12-08,20,0.93,0.94,0.9286231,1
2015-12-09,1,0.94,0.95,0.9505311,1
2015-12-09,5,0.96,0.95,0.9461258,1
2015-12-09,20,0.92,0.95,0.93664765,1
2015-12-10,1,0.93,0.94,0.9398726,1
2015-12-10,5,0.91,0.94,0.9368958,1
2015-12-10,20,0.91,0.94,0.9281781,1
2015-12-11,1,0.97,0.93,0.9300521,1
2015-12-11,5,0.89,0.93,0.9272772,1
2015-12-11,20,0.87,0.93,0.9211884,1
2015-12-14,1,0.97,0.97,0.96974987,1
2015-12-14,5,0.89,0.97,0.96657604,1
2015-12-14,20,0.93,0.97,0.95649076,1
2015-12-15,1,0.96,0.97,0.97025985,1
2015-12-15,5,0.89,0.97,0.96609944,1
2015-12-15,20,0.93,0.97,0.9584732,1
2015-12-16,1,0.91,0.96,0.96024406,1
2015-12-16,5,0.91,0.96,0.95661527,1
2015-12-16,20,0.92,0.96,0.95200676,1
2015-12-17,1,0.89,0.91,0.9106025,1
2015-12-17,5,0.88,0.91,0.90671414,1
2015-12-17,20,0.91,0.91,0.90127367,1
2015-12-18,1,0.89,0.89,0.8920805,1
2015-12-18,5,0.88,0.89,0.90111095,1
2015-12-18,20,0.86,0.89,0.8559807,1
2015-12-21,1,0.89,0.89,0.8921423,1
2015-12-21,5,0.88,0.89,0.8958176,1
2015-12-21,20,0.85,0.89,0.8757346,1
2015-12-22,1,0.91,0.89,0.89151514,1
2015-12-22,5,0.9,0.89,0.88940537,1
2015-12-22,20,0.89,0.89,0.8761636,1
2015-12-23,1,0.88,0.91,0.9107282,1
2015-12-23,5,0.92,0.91,0.90856445,1
2015-12-23,20,0.78,0.91,0.90004975,1
2015-12-24,1,0.88,0.88,0.87990636,1
2015-12-24,5,0.91,0.88,0.8771128,1
2015-12-24,20,0.81,0.88,0.8721904,1
2015-12-25,1,0.88,0.88,0.8801,1
2015-12-25,5,0.91,0.88,0.8784771,1
2015-12-25,20,0.86,0.88,0.8724298,1
2015-12-28,1,0.9,0.88,0.8801455,1
2015-12-28,5,0.93,0.88,0.8782685,1
2015-12-28,20,0.83,0.88,0.87149566,1
2015-12-29,1,0.92,0.9,0.9000177,1
2015-12-29,5,0.93,0.9,0.89792806,1
2015-12-29,20,0.84,0.9,0.89104855,1
2015-12-30,1,0.91,0.92,0.9203255,1
2015-12-30,5,0.92,0.92,0.9173602,1
2015-12-30,20,0.82,0.92,0.9119553,1
2015-12-31,1,0.91,0.91,0.9097637,1
2015-12-31,5,0.91,0.91,0.90513027,1
2015-12-31,20,0.81,0.91,0.9012625,1
2016-01-01,1,0.93,0.91,0.9098598,1
2016-01-01,5,0.87,0.91,0.8996969,1
2016-01-01,20,0.8,0.91,0.89515394,1
2016-01-04,1,0.93,0.93,0.9310805,1
2016-01-04,5,0.93,0.93,0.9228209,1
2016-01-04,20,0.81,0.93,0.91853577,1
2016-01-05,1,0.92,0.93,0.93097913,1
2016-01-05,5,0.93,0.93,0.93173826,1
2016-01-05,20,0.73,0.93,0.9049242,1
2016-01-06,1,0.91,0.92,0.92091113,1
2016-01-06,5,0.92,0.92,0.9174763,1
2016-01-06,20,0.75,0.92,0.90536845,1
2016-01-07,1,0.87,0.91,0.9104766,1
2016-01-07,5,0.91,0.91,0.9064431,1
2016-01-07,20,0.77,0.91,0.89523435,1
2016-01-08,1,0.93,0.87,0.87011945,1
2016-01-08,5,0.86,0.87,0.8667691,1
2016-01-08,20,0.76,0.87,0.85949874,1
2016-01-11,1,0.93,0.93,0.9309306,1
2016-01-11,5,0.85,0.93,0.9283875,1
2016-01-11,20,0.71,0.93,0.9180867,1
2016-01-12,1,0.92,0.93,0.9304785,1
2016-01-12,5,0.89,0.93,0.92569107,1
2016-01-12,20,0.7,0.93,0.91702026,1
2016-01-13,1,0.91,0.92,0.9200199,1
2016-01-13,5,0.78,0.92,0.91517377,1
2016-01-13,20,0.66,0.92,0.90658784,1
2016-01-14,1,0.86,0.91,0.9097216,1
2016-01-14,5,0.81,0.91,0.90606356,1
2016-01-14,20,0.64,0.91,0.8991633,1
2016-01-15,1,0.85,0.86,0.8605232,1
2016-01-15,5,0.86,0.86,0.85692304,1
2016-01-15,20,0.69,0.86,0.8489161,1
2016-01-18,1,0.89,0.85,0.85105336,1
2016-01-18,5,0.83,0.85,0.84735733,1
2016-01-18,20,0.69,0.85,0.8365903,1
2016-01-19,1,0.78,0.89,0.89076996,1
2016-01-19,5,0.84,0.89,0.8885259,1
2016-01-19,20,0.7,0.89,0.87974846,1
2016-01-20,1,0.81,0.78,0.7802403,1
2016-01-20,5,0.82,0.78,0.7769057,1
2016-01-20,20,0.69,0.78,0.7697294,1
2016-01-21,1,0.86,0.81,0.81163645,1
2016-01-21,5,0.81,0.81,0.810763,1
2016-01-21,20,0.68,0.81,0.80157286,1
2016-01-22,1,0.83,0.86,0.8590683,1
2016-01-22,5,0.8,0.86,0.85914403,1
2016-01-22,20,0.67,0.86,0.8570174,1
2016-01-25,1,0.84,0.83,0.8304297,1
2016-01-25,5,0.81,0.83,0.8306818,1
2016-01-25,20,0.67,0.83,0.8246338,1
2016-01-26,1,0.82,0.84,0.84084886,1
2016-01-26,5,0.73,0.84,0.8400115,1
2016-01-26,20,0.67,0.84,0.82771254,1
2016-01-27,1,0.81,0.82,0.819115,1
2016-01-27,5,0.75,0.82,0.8173357,1
2016-01-27,20,0.66,0.82,0.8134938,1
2016-01-28,1,0.8,0.81,0.8098491,1
2016-01-28,5,0.77,0.81,0.8091914,1
2016-01-28,20,0.64,0.81,0.8025287,1
2016-01-29,1,0.81,0.8,0.80018926,1
2016-01-29,5,0.76,0.8,0.7989273,1
2016-01-29,20,0.68,0.8,0.7895849,1
2016-02-01,1,0.73,0.81,0.81062835,1
2016-02-01,5,0.71,0.81,0.8007869,1
2016-02-01,20,0.67,0.81,0.7973813,1
2016-02-02,1,0.75,0.73,0.73128164,1
2016-02-02,5,0.7,0.73,0.72704613,1
2016-02-02,20,0.7,0.73,0.7106615,1
2016-02-03,1,0.77,0.75,0.75133675,1
2016-02-03,5,0.66,0.75,0.7494627,1
2016-02-03,20,0.71,0.75,0.73560107,1
2016-02-04,1,0.76,0.77,0.7694912,1
2016-02-04,5,0.64,0.77,0.76658016,1
2016-02-04,20,0.71,0.77,0.76367193,1
2016-02-05,1,0.71,0.76,0.7589704,1
2016-02-05,5,0.69,0.76,0.75576067,1
2016-02-05,20,0.73,0.76,0.7544651,1
2016-02-08,1,0.7,0.71,0.7101285,1
2016-02-08,5,0.69,0.71,0.70704055,1
2016-02-08,20,0.75,0.71,0.6976414,1
2016-02-09,1,0.66,0.7,0.7000969,1
2016-02-09,5,0.7,0.7,0.69825625,1
2016-02-09,20,0.68,0.7,0.6863715,1
2016-02-10,1,0.64,0.66,0.65982264,1
2016-02-10,5,0.69,0.66,0.65857506,1
2016-02-10,20,0.73,0.66,0.6520858,1
2016-02-11,1,0.69,0.64,0.6411542,1
2016-02-11,5,0.68,0.64,0.6397516,1
2016-02-11,20,0.74,0.64,0.62636566,1
2016-02-12,1,0.69,0.69,0.6902363,1
2016-02-12,5,0.67,0.69,0.6896061,1
2016-02-12,20,0.78,0.69,0.6781494,1
2016-02-15,1,0.7,0.69,0.6900202,1
2016-02-15,5,0.67,0.69,0.6876419,1
2016-02-15,20,0.77,0.69,0.6826326,1
2016-02-16,1,0.69,0.7,0.69990814,1
2016-02-16,5,0.67,0.7,0.6976288,1
2016-02-16,20,0.75,0.7,0.6924269,1
2016-02-17,1,0.68,0.69,0.69011956,1
2016-02-17,5,0.66,0.69,0.68716234,1
2016-02-17,20,0.76,0.69,0.68196243,1
2016-02-18,1,0.67,0.68,0.67927426,1
2016-02-18,5,0.64,0.68,0.67696536,1
2016-02-18,20,0.76,0.68,0.67812175,1
2016-02-19,1,0.67,0.67,0.66964525,1
2016-02-19,5,0.68,0.67,0.6686123,1
2016-02-19,20,0.75,0.67,0.66206306,1
2016-02-22,1,0.67,0.67,0.67336524,1
2016-02-22,5,0.67,0.67,0.67541814,1
2016-02-22,20,0.74,0.67,0.6556093,1
2016-02-23,1,0.66,0.67,0.670902,1
2016-02-23,5,0.7,0.67,0.6716911,1
2016-02-23,20,0.75,0.67,0.6622884,1
2016-02-24,1,0.64,0.66,0.66095275,1
2016-02-24,5,0.71,0.66,0.6592645,1
2016-02-24,20,0.68,0.66,0.6464043,1
2016-02-25,1,0.68,0.64,0.64053935,1
2016-02-25,5,0.71,0.64,0.63889384,1
2016-02-25,20,0.71,0.64,0.62972164,1
2016-02-26,1,0.67,0.68,0.6791622,1
2016-02-26,5,0.73,0.68,0.67784816,1
2016-02-26,20,0.71,0.68,0.6768935,1
2016-02-29,1,0.7,0.67,0.66951936,1
2016-02-29,5,0.75,0.67,0.6671772,1
2016-02-29,20,0.69,0.67,0.66499686,1
2016-03-01,1,0.71,0.7,0.70008636,1
2016-03-01,5,0.68,0.7,0.69156015,1
2016-03-01,20,0.67,0.7,0.6912543,1
2016-03-02,1,0.71,0.71,0.7103486,1
2016-03-02,5,0.73,0.71,0.7042127,1
2016-03-02,20,0.69,0.71,0.69867206,1
2016-03-03,1,0.73,0.71,0.71025145,1
2016-03-03,5,0.74,0.71,0.7055659,1
2016-03-03,20,0.69,0.71,0.6988168,1
2016-03-04,1,0.75,0.73,0.72944,1
2016-03-04,5,0.78,0.73,0.7254321,1
2016-03-04,20,0.7,0.73,0.72248024,1
2016-03-07,1,0.68,0.75,0.74924475,1
2016-03-07,5,0.77,0.75,0.7444245,1
2016-03-07,20,0.68,0.75,0.7453402,1
2016-03-08,1,0.73,0.68,0.67920065,1
2016-03-08,5,0.75,0.68,0.674825,1
2016-03-08,20,0.64,0.68,0.67503166,1
2016-03-09,1,0.74,0.73,0.73023313,1
2016-03-09,5,0.76,0.73,0.72795284,1
2016-03-09,20,0.66,0.73,0.7213696,1
2016-03-10,1,0.78,0.74,0.739439,1
2016-03-10,5,0.76,0.74,0.7365549,1
2016-03-10,20,0.63,0.74,0.7340642,1
2016-03-11,1,0.77,0.78,0.7801869,1
2016-03-11,5,0.75,0.78,0.7759941,1
2016-03-11,20,0.67,0.78,0.770139,1
2016-03-14,1,0.75,0.77,0.76904964,1
2016-03-14,5,0.74,0.77,0.7655081,1
2016-03-14,20,0.68,0.77,0.7639251,1
2016-03-15,1,0.76,0.75,0.74958456,1
2016-03-15,5,0.75,0.75,0.74599165,1
2016-03-15,20,0.71,0.75,0.74177057,1
2016-03-16,1,0.76,0.76,0.7603017,1
2016-03-16,5,0.68,0.76,0.7578145,1
2016-03-16,20,0.68,0.76,0.74955577,1
2016-03-17,1,0.75,0.76,0.7596491,1
2016-03-17,5,0.71,0.76,0.75695634,1
2016-03-17,20,0.69,0.76,0.7497925,1
2016-03-18,1,0.74,0.75,0.7479626,1
2016-03-18,5,0.71,0.75,0.7461673,1
2016-03-18,20,0.67,0.75,0.7500079,1
2016-03-21,1,0.75,0.74,0.7358368,1
2016-03-21,5,0.69,0.74,0.72782224,1
2016-03-21,20,0.7,0.74,0.7325446,1
2016-03-22,1,0.68,0.75,0.748788,1
2016-03-22,5,0.67,0.75,0.7430414,1
2016-03-22,20,0.72,0.75,0.7457794,1
2016-03-23,1,0.71,0.68,0.6793775,1
2016-03-23,5,0.69,0.68,0.6754075,1
2016-03-23,20,0.71,0.68,0.6762451,1
2016-03-24,1,0.71,0.71,0.71057445,1
2016-03-24,5,0.69,0.71,0.70727515,1
2016-03-24,20,0.83,0.71,0.7035983,1
2016-03-25,1,0.69,0.71,0.71073276,1
2016-03-25,5,0.7,0.71,0.70699644,1
2016-03-25,20,0.84,0.71,0.6996116,1
2016-03-28,1,0.67,0.69,0.69020796,1
2016-03-28,5,0.68,0.69,0.6870269,1
2016-03-28,20,0.84,0.69,0.68187517,1
2016-03-29,1,0.69,0.67,0.66966623,1
2016-03-29,5,0.64,0.67,0.66792405,1
2016-03-29,20,0.86,0.67,0.66524214,1
2016-03-30,1,0.69,0.69,0.6894365,1
2016-03-30,5,0.66,0.69,0.6883457,1
2016-03-30,20,0.82,0.69,0.68299377,1
2016-03-31,1,0.7,0.69,0.68879735,1
2016-03-31,5,0.63,0.69,0.6866142,1
2016-03-31,20,0.81,0.69,0.6878418,1
2016-04-01,1,0.68,0.7,0.70038474,1
2016-04-01,5,0.67,0.7,0.6899461,1
2016-04-01,20,0.82,0.7,0.6868148,1
2016-04-04,1,0.64,0.68,0.68136173,1
2016-04-04,5,0.68,0.68,0.6748684,1
2016-04-04,20,0.84,0.68,0.65708673,1
2016-04-05,1,0.66,0.64,0.6407219,1
2016-04-05,5,0.71,0.64,0.6352908,1
2016-04-05,20,0.82,0.64,0.6270213,1
2016-04-06,1,0.63,0.66,0.66127706,1
2016-04-06,5,0.68,0.66,0.6568356,1
2016-04-06,20,0.82,0.66,0.6455841,1
2016-04-07,1,0.67,0.63,0.63023645,1
2016-04-07,5,0.69,0.63,0.62655306,1
2016-04-07,20,0.78,0.63,0.62072134,1
2016-04-08,1,0.68,0.67,0.6705358,1
2016-04-08,5,0.67,0.67,0.66761786,1
2016-04-08,20,0.79,0.67,0.6581182,1
2016-04-11,1,0.71,0.68,0.6791483,1
2016-04-11,5,0.7,0.68,0.67585397,1
2016-04-11,20,0.78,0.68,0.6731958,1
2016-04-12,1,0.68,0.71,0.70898527,1
2016-04-12,5,0.72,0.71,0.70619875,1
2016-04-12,20,0.79,0.71,0.70484275,1
2016-04-13,1,0.69,0.68,0.67881143,1
2016-04-13,5,0.71,0.68,0.67532754,1
2016-04-13,20,0.77,0.68,0.67693806,1
2016-04-14,1,0.67,0.69,0.6895019,1
2016-04-14,5,0.83,0.69,0.68763655,1
2016-04-14,20,0.76,0.69,0.6845092,1
2016-04-15,1,0.7,0.67,0.6700369,1
2016-04-15,5,0.84,0.67,0.6673636,1
2016-04-15,20,0.72,0.67,0.6619121,1
2016-04-18,1,0.72,0.7,0.7000156,1
2016-04-18,5,0.84,0.7,0.6978545,1
2016-04-18,20,0.75,0.7,0.6906329,1
2016-04-19,1,0.71,0.72,0.71956944,1
2016-04-19,5,0.86,0.72,0.716592,1
2016-04-19,20,0.72,0.72,0.7118811,1
2016-04-20,1,0.83,0.71,0.70866454,1
2016-04-20,5,0.82,0.71,0.7055824,1
2016-04-20,20,0.73,0.71,0.70603895,1
2016-04-21,1,0.84,0.83,0.8296418,1
2016-04-21,5,0.81,0.83,0.82759327,1
2016-04-21,20,0.72,0.83,0.8261939,1
2016-04-22,1,0.84,0.84,0.83855355,1
2016-04-22,5,0.82,0.84,0.8316044,1
2016-04-22,20,0.73,0.84,0.8330906,1
2016-04-25,1,0.86,0.84,0.83825946,1
2016-04-25,5,0.84,0.84,0.83184105,1
2016-04-25,20,0.73,0.84,0.8336413,1
2016-04-26,1,0.82,0.86,0.85883284,1
2016-04-26,5,0.82,0.86,0.85369605,1
2016-04-26,20,0.74,0.86,0.8546123,1
2016-04-27,1,0.81,0.82,0.8187815,1
2016-04-27,5,0.82,0.82,0.8143854,1
2016-04-27,20,0.75,0.82,0.8158188,1
2016-04-28,1,0.82,0.81,0.8092761,1
2016-04-28,5,0.78,0.81,0.80673254,1
2016-04-28,20,0.71,0.81,0.8034419,1
2016-04-29,1,0.84,0.82,0.81915045,1
2016-04-29,5,0.79,0.82,0.81734014,1
2016-04-29,20,0.7,0.82,0.81500304,1
2016-05-02,1,0.82,0.84,0.84013104,1
2016-05-02,5,0.78,0.84,0.8314953,1
2016-05-02,20,0.7,0.84,0.83103544,1
2016-05-03,1,0.82,0.82,0.82064044,1
2016-05-03,5,0.79,0.82,0.8159613,1
2016-05-03,20,0.7,0.82,0.80510783,1
2016-05-04,1,0.78,0.82,0.8206024,1
2016-05-04,5,0.77,0.82,0.8156113,1
2016-05-04,20,0.71,0.82,0.8042773,1
2016-05-05,1,0.79,0.78,0.78105855,1
2016-05-05,5,0.76,0.78,0.77421016,1
2016-05-05,20,0.68,0.78,0.7622689,1
2016-05-06,1,0.78,0.79,0.79058033,1
2016-05-06,5,0.72,0.79,0.78704745,1
2016-05-06,20,0.68,0.79,0.78058505,1
2016-05-09,1,0.79,0.78,0.7809774,1
2016-05-09,5,0.75,0.78,0.7771267,1
2016-05-09,20,0.7,0.78,0.7685952,1
2016-05-10,1,0.77,0.79,0.79081154,1
2016-05-10,5,0.72,0.79,0.787126,1
2016-05-10,20,0.7,0.79,0.7784527,1
2016-05-11,1,0.76,0.77,0.7700808,1
2016-05-11,5,0.73,0.77,0.76712,1
2016-05-11,20,0.68,0.77,0.7608949,1
2016-05-12,1,0.72,0.76,0.75927925,1
2016-05-12,5,0.72,0.76,0.7578019,1
2016-05-12,20,0.67,0.76,0.75525963,1
2016-05-13,1,0.75,0.72,0.72018147,1
2016-05-13,5,0.73,0.72,0.7190246,1
2016-05-13,20,0.63,0.72,0.7132088,1
2016-05-16,1,0.72,0.75,0.7508478,1
2016-05-16,5,0.73,0.75,0.7497265,1
2016-05-16,20,0.62,0.75,0.7397965,1
2016-05-17,1,0.73,0.72,0.7202791,1
2016-05-17,5,0.74,0.72,0.71834975,1
2016-05-17,20,0.62,0.72,0.71120507,1
2016-05-18,1,0.72,0.73,0.73059165,1
2016-05-18,5,0.75,0.73,0.7293318,1
2016-05-18,20,0.6,0.73,0.72268426,1
2016-05-19,1,0.73,0.72,0.72132105,1
2016-05-19,5,0.71,0.72,0.7188866,1
2016-05-19,20,0.59,0.72,0.7113681,1
2016-05-20,1,0.73,0.73,0.7312386,1
2016-05-20,5,0.7,0.73,0.7263296,1
2016-05-20,20,0.6,0.73,0.7183455,1
2016-05-23,1,0.74,0.73,0.73326725,1
2016-05-23,5,0.7,0.73,0.732264,1
2016-05-23,20,0.63,0.73,0.7166575,1
2016-05-24,1,0.75,0.74,0.741341,1
2016-05-24,5,0.7,0.74,0.7397703,1
2016-05-24,20,0.65,0.74,0.7290572,1
2016-05-25,1,0.71,0.75,0.75049037,1
2016-05-25,5,0.71,0.75,0.7483315,1
2016-05-25,20,0.63,0.75,0.7402441,1
2016-05-26,1,0.7,0.71,0.7099047,1
2016-05-26,5,0.68,0.71,0.7074534,1
2016-05-26,20,0.68,0.71,0.70155084,1
2016-05-27,1,0.7,0.7,0.6995158,1
2016-05-27,5,0.68,0.7,0.6987134,1
2016-05-27,20,0.63,0.7,0.6954018,1
2016-05-30,1,0.7,0.7,0.70041126,1
2016-05-30,5,0.7,0.7,0.699721,1
2016-05-30,20,0.59,0.7,0.69283503,1
2016-05-31,1,0.71,0.7,0.7006272,1
2016-05-31,5,0.7,0.7,0.69888,1
2016-05-31,20,0.58,0.7,0.6898795,1
2016-06-01,1,0.68,0.71,0.71093553,1
2016-06-01,5,0.68,0.71,0.7018735,1
2016-06-01,20,0.58,0.71,0.698544,1
2016-06-02,1,0.68,0.68,0.68121684,1
2016-06-02,5,0.67,0.68,0.67694324,1
2016-06-02,20,0.54,0.68,0.66092205,1
2016-06-03,1,0.7,0.68,0.6804692,1
2016-06-03,5,0.63,0.68,0.6772237,1
2016-06-03,20,0.54,0.68,0.66800517,1
2016-06-06,1,0.7,0.7,0.69887626,1
2016-06-06,5,0.62,0.7,0.6957625,1
2016-06-06,20,0.53,0.7,0.6909879,1
2016-06-07,1,0.68,0.7,0.6988414,1
2016-06-07,5,0.62,0.7,0.6954992,1
2016-06-07,20,0.5,0.7,0.69463664,1
2016-06-08,1,0.67,0.68,0.67897063,1
2016-06-08,5,0.6,0.68,0.676211,1
2016-06-08,20,0.5,0.68,0.6745387,1
2016-06-09,1,0.63,0.67,0.66919243,1
2016-06-09,5,0.59,0.67,0.66753966,1
2016-06-09,20,0.51,0.67,0.66581804,1
2016-06-10,1,0.62,0.63,0.6298251,1
2016-06-10,5,0.6,0.63,0.6283109,1
2016-06-10,20,0.49,0.63,0.62124044,1
2016-06-13,1,0.62,0.62,0.62028444,1
2016-06-13,5,0.63,0.62,0.61971676,1
2016-06-13,20,0.51,0.62,0.6106285,1
2016-06-14,1,0.6,0.62,0.6207204,1
2016-06-14,5,0.65,0.62,0.61956185,1
2016-06-14,20,0.56,0.62,0.60802627,1
2016-06-15,1,0.59,0.6,0.6007515,1
2016-06-15,5,0.63,0.6,0.59877795,1
2016-06-15,20,0.5,0.6,0.58784217,1
2016-06-16,1,0.6,0.59,0.5909218,1
2016-06-16,5,0.68,0.59,0.58859694,1
2016-06-16,20,0.51,0.59,0.57731485,1
2016-06-17,1,0.63,0.6,0.6010719,1
2016-06-17,5,0.63,0.6,0.5985412,1
2016-06-17,20,0.54,0.6,0.58410996,1
2016-06-20,1,0.65,0.63,0.6293345,1
2016-06-20,5,0.59,0.63,0.6268055,1
2016-06-20,20,0.52,0.63,0.6213926,1
2016-06-21,1,0.63,0.65,0.64921767,1
2016-06-21,5,0.58,0.65,0.6461041,1
2016-06-21,20,0.51,0.65,0.6447268,1
2016-06-22,1,0.68,0.63,0.6293849,1
2016-06-22,5,0.58,0.63,0.62573975,1
2016-06-22,20,0.52,0.63,0.6247455,1
2016-06-23,1,0.63,0.68,0.6795895,1
2016-06-23,5,0.54,0.68,0.67689085,1
2016-06-23,20,0.53,0.68,0.67423344,1
2016-06-24,1,0.59,0.63,0.6290241,1
2016-06-24,5,0.54,0.63,0.62587565,1
2016-06-24,20,0.53,0.63,0.62430465,1
2016-06-27,1,0.58,0.59,0.5895736,1
2016-06-27,5,0.53,0.59,0.587404,1
2016-06-27,20,0.52,0.59,0.5740793,1
2016-06-28,1,0.58,0.58,0.58010936,1
2016-06-28,5,0.5,0.58,0.5784205,1
2016-06-28,20,0.52,0.58,0.56140506,1
2016-06-29,1,0.54,0.58,0.580388,1
2016-06-29,5,0.5,0.58,0.5782479,1
2016-06-29,20,0.49,0.58,0.56693363,1
2016-06-30,1,0.54,0.54,0.5401383,1
2016-06-30,5,0.51,0.54,0.53852737,1
2016-06-30,20,0.48,0.54,0.53279656,1
2016-07-01,1,0.53,0.54,0.5408778,1
2016-07-01,5,0.49,0.54,0.5323156,1
2016-07-01,20,0.49,0.54,0.5294805,1
2016-07-04,1,0.5,0.53,0.5318455,1
2016-07-04,5,0.51,0.53,0.52843404,1
2016-07-04,20,0.49,0.53,0.5058342,1
2016-07-05,1,0.5,0.5,0.49964407,1
2016-07-05,5,0.56,0.5,0.4960412,1
2016-07-05,20,0.52,0.5,0.49102867,1
2016-07-06,1,0.51,0.5,0.5003732,1
2016-07-06,5,0.5,0.5,0.49578163,1
2016-07-06,20,0.54,0.5,0.48643398,1
2016-07-07,1,0.49,0.51,0.51078415,1
2016-07-07,5,0.51,0.51,0.50639516,1
2016-07-07,20,0.51,0.51,0.49672624,1
2016-07-08,1,0.51,0.49,0.49035388,1
2016-07-08,5,0.54,0.49,0.48657435,1
2016-07-08,20,0.55,0.49,0.4797414,1
2016-07-11,1,0.56,0.51,0.5105987,1
2016-07-11,5,0.52,0.51,0.5071403,1
2016-07-11,20,0.55,0.51,0.4981421,1
2016-07-12,1,0.5,0.56,0.5608027,1
2016-07-12,5,0.51,0.56,0.5565427,1
2016-07-12,20,0.5,0.56,0.548559,1
2016-07-13,1,0.51,0.5,0.49977502,1
2016-07-13,5,0.52,0.5,0.4956597,1
2016-07-13,20,0.49,0.5,0.49236244,1
2016-07-14,1,0.54,0.51,0.5098482,1
2016-07-14,5,0.53,0.51,0.50832635,1
2016-07-14,20,0.5,0.51,0.5060057,1
2016-07-15,1,0.52,0.54,0.54007494,1
2016-07-15,5,0.53,0.54,0.5384942,1
2016-07-15,20,0.49,0.54,0.5351431,1
2016-07-18,1,0.51,0.52,0.52030545,1
2016-07-18,5,0.52,0.52,0.51701486,1
2016-07-18,20,0.5,0.52,0.5126971,1
2016-07-19,1,0.52,0.51,0.5102127,1
2016-07-19,5,0.52,0.51,0.5076827,1
2016-07-19,20,0.5,0.51,0.50299346,1
2016-07-20,1,0.53,0.52,0.5201808,1
2016-07-20,5,0.49,0.52,0.5176957,1
2016-07-20,20,0.49,0.52,0.5108564,1
2016-07-21,1,0.53,0.53,0.5302422,1
2016-07-21,5,0.48,0.53,0.5274373,1
2016-07-21,20,0.47,0.53,0.5212284,1
2016-07-22,1,0.52,0.53,0.5297721,1
2016-07-22,5,0.49,0.53,0.5267596,1
2016-07-22,20,0.51,0.53,0.5207363,1
2016-07-25,1,0.52,0.52,0.52022654,1
2016-07-25,5,0.49,0.52,0.51609945,1
2016-07-25,20,0.47,0.52,0.50828034,1
2016-07-26,1,0.49,0.52,0.5204582,1
2016-07-26,5,0.52,0.52,0.51682216,1
2016-07-26,20,0.47,0.52,0.5096615,1
2016-07-27,1,0.48,0.49,0.48999292,1
2016-07-27,5,0.54,0.49,0.4872714,1
2016-07-27,20,0.46,0.49,0.48124954,1
2016-07-28,1,0.49,0.48,0.48003313,1
2016-07-28,5,0.51,0.48,0.4783514,1
2016-07-28,20,0.48,0.48,0.4713997,1
2016-07-29,1,0.49,0.49,0.4900509,1
2016-07-29,5,0.55,0.49,0.4889141,1
2016-07-29,20,0.48,0.49,0.4831497,1
2016-08-01,1,0.52,0.49,0.4899477,1
2016-08-01,5,0.55,0.49,0.48085108,1
2016-08-01,20,0.43,0.49,0.47986683,1
2016-08-02,1,0.54,0.52,0.52117926,1
2016-08-02,5,0.5,0.52,0.51813227,1
2016-08-02,20,0.43,0.52,0.50120527,1
2016-08-03,1,0.51,0.54,0.5406969,1
2016-08-03,5,0.49,0.54,0.53527725,1
2016-08-03,20,0.44,0.54,0.5270761,1
2016-08-04,1,0.55,0.51,0.5098154,1
2016-08-04,5,0.5,0.51,0.5046373,1
2016-08-04,20,0.44,0.51,0.50011593,1
2016-08-05,1,0.55,0.55,0.54952836,1
2016-08-05,5,0.49,0.55,0.5464532,1
2016-08-05,20,0.47,0.55,0.54322964,1
2016-08-08,1,0.5,0.55,0.5503271,1
2016-08-08,5,0.5,0.55,0.54510707,1
2016-08-08,20,0.47,0.55,0.53951263,1
2016-08-09,1,0.49,0.5,0.4999163,1
2016-08-09,5,0.5,0.5,0.49621502,1
2016-08-09,20,0.46,0.5,0.491869,1
2016-08-10,1,0.5,0.49,0.48996893,1
2016-08-10,5,0.49,0.49,0.4884346,1
2016-08-10,20,0.46,0.49,0.48471293,1
2016-08-11,1,0.49,0.5,0.4996792,1
2016-08-11,5,0.47,0.5,0.49874777,1
2016-08-11,20,0.52,0.5,0.49341488,1
2016-08-12,1,0.5,0.49,0.49012536,1
2016-08-12,5,0.51,0.49,0.48881662,1
2016-08-12,20,0.57,0.49,0.4847704,1
2016-08-15,1,0.5,0.5,0.49947497,1
2016-08-15,5,0.47,0.5,0.49831334,1
2016-08-15,20,0.57,0.5,0.4935898,1
2016-08-16,1,0.49,0.5,0.4998266,1
2016-08-16,5,0.47,0.5,0.4981492,1
2016-08-16,20,0.63,0.5,0.49395674,1
2016-08-17,1,0.47,0.49,0.4897327,1
2016-08-17,5,0.46,0.49,0.48800212,1
2016-08-17,20,0.61,0.49,0.4847173,1
2016-08-18,1,0.51,0.47,0.47001532,1
2016-08-18,5,0.48,0.47,0.46826622,1
2016-08-18,20,0.63,0.47,0.46237412,1
2016-08-19,1,0.47,0.51,0.5094786,1
2016-08-19,5,0.48,0.51,0.5084449,1
2016-08-19,20,0.61,0.51,0.50503975,1
2016-08-22,1,0.47,0.47,0.46830586,1
2016-08-22,5,0.43,0.47,0.46221557,1
2016-08-22,20,0.61,0.47,0.4606178,1
2016-08-23,1,0.46,0.47,0.4695306,1
2016-08-23,5,0.43,0.47,0.465784,1
2016-08-23,20,0.59,0.47,0.46262854,1
2016-08-24,1,0.48,0.46,0.4597258,1
2016-08-24,5,0.44,0.46,0.45724368,1
2016-08-24,20,0.58,0.46,0.45345643,1
2016-08-25,1,0.48,0.48,0.48027995,1
2016-08-25,5,0.44,0.48,0.47799236,1
2016-08-25,20,0.53,0.48,0.47236684,1
2016-08-26,1,0.43,0.48,0.47998554,1
2016-08-26,5,0.47,0.48,0.47727355,1
2016-08-26,20,0.52,0.48,0.4720729,1
2016-08-29,1,0.43,0.43,0.430214,1
2016-08-29,5,0.47,0.43,0.4274148,1
2016-08-29,20,0.49,0.43,0.4227893,1
2016-08-30,1,0.44,0.43,0.43066618,1
2016-08-30,5,0.46,0.43,0.42866012,1
2016-08-30,20,0.47,0.43,0.4215394,1
2016-08-31,1,0.44,0.44,0.44082263,1
2016-08-31,5,0.46,0.44,0.43849888,1
2016-08-31,20,0.47,0.44,0.42922023,1
2016-09-01,1,0.47,0.44,0.44117543,1
2016-09-01,5,0.52,0.44,0.4313278,1
2016-09-01,20,0.46,0.44,0.42703414,1
2016-09-02,1,0.47,0.47,0.4715672,1
2016-09-02,5,0.57,0.47,0.467039,1
2016-09-02,20,0.48,0.47,0.44780576,1
2016-09-05,1,0.46,0.47,0.4697398,1
2016-09-05,5,0.57,0.47,0.46410364,1
2016-09-05,20,0.48,0.47,0.45929506,1
2016-09-06,1,0.46,0.46,0.45962214,1
2016-09-06,5,0.63,0.46,0.45499724,1
2016-09-06,20,0.51,0.46,0.45103157,1
2016-09-07,1,0.52,0.46,0.45859265,1
2016-09-07,5,0.61,0.46,0.45514226,1
2016-09-07,20,0.52,0.46,0.4551794,1
2016-09-08,1,0.57,0.52,0.51946616,1
2016-09-08,5,0.63,0.52,0.5165156,1
2016-09-08,20,0.57,0.52,0.51160413,1
2016-09-09,1,0.57,0.57,0.56940585,1
2016-09-09,5,0.61,0.57,0.56416196,1
2016-09-09,20,0.58,0.57,0.5618303,1
2016-09-12,1,0.63,0.57,0.5694536,1
2016-09-12,5,0.61,0.57,0.5622114,1
2016-09-12,20,0.58,0.57,0.5597861,1
2016-09-13,1,0.61,0.63,0.6295545,1
2016-09-13,5,0.59,0.63,0.6236813,1
2016-09-13,20,0.6,0.63,0.621142,1
2016-09-14,1,0.63,0.61,0.6092877,1
2016-09-14,5,0.58,0.61,0.6018483,1
2016-09-14,20,0.6,0.61,0.5998496,1
2016-09-15,1,0.61,0.63,0.6292897,1
2016-09-15,5,0.53,0.63,0.6242507,1
2016-09-15,20,0.58,0.63,0.6222319,1
2016-09-16,1,0.61,0.61,0.6090324,1
2016-09-16,5,0.52,0.61,0.6048898,1
2016-09-16,20,0.63,0.61,0.6034385,1
2016-09-19,1,0.59,0.61,0.6098155,1
2016-09-19,5,0.49,0.61,0.6063652,1
2016-09-19,20,0.62,0.61,0.6018932,1
2016-09-20,1,0.58,0.59,0.5896987,1
2016-09-20,5,0.47,0.59,0.5871054,1
2016-09-20,20,0.61,0.59,0.5828864,1
2016-09-21,1,0.53,0.58,0.58025396,1
2016-09-21,5,0.47,0.58,0.5780358,1
2016-09-21,20,0.64,0.58,0.5715123,1
2016-09-22,1,0.52,0.53,0.5298504,1
2016-09-22,5,0.46,0.53,0.528357,1
2016-09-22,20,0.62,0.53,0.52242553,1
2016-09-23,1,0.49,0.52,0.5196357,1
2016-09-23,5,0.48,0.52,0.5196558,1
2016-09-23,20,0.61,0.52,0.51759845,1
2016-09-26,1,0.47,0.49,0.48956397,1
2016-09-26,5,0.48,0.49,0.48670703,1
2016-09-26,20,0.61,0.49,0.4800909,1
2016-09-27,1,0.47,0.47,0.47033104,1
2016-09-27,5,0.51,0.47,0.4685624,1
2016-09-27,20,0.6,0.47,0.46103162,1
2016-09-28,1,0.46,0.47,0.47069377,1
2016-09-28,5,0.52,0.47,0.46915898,1
2016-09-28,20,0.59,0.47,0.4596251,1
2016-09-29,1,0.48,0.46,0.4606068,1
2016-09-29,5,0.57,0.46,0.4589992,1
2016-09-29,20,0.65,0.46,0.45074767,1
2016-09-30,1,0.48,0.48,0.47964028,1
2016-09-30,5,0.58,0.48,0.47872567,1
2016-09-30,20,0.66,0.48,0.47553533,1
2016-10-03,1,0.51,0.48,0.48085287,1
2016-10-03,5,0.58,0.48,0.47203168,1
2016-10-03,20,0.65,0.48,0.46781984,1
2016-10-04,1,0.52,0.51,0.5114145,1
2016-10-04,5,0.6,0.51,0.5057974,1
2016-10-04,20,0.66,0.51,0.48899928,1
2016-10-05,1,0.57,0.52,0.5208108,1
2016-10-05,5,0.6,0.52,0.5137319,1
2016-10-05,20,0.64,0.52,0.5067747,1
2016-10-06,1,0.58,0.57,0.5702152,1
2016-10-06,5,0.58,0.57,0.5643109,1
2016-10-06,20,0.66,0.57,0.5607317,1
2016-10-07,1,0.58,0.58,0.57947296,1
2016-10-07,5,0.63,0.58,0.57282555,1
2016-10-07,20,0.64,0.58,0.5709529,1
2016-10-10,1,0.6,0.58,0.57941586,1
2016-10-10,5,0.62,0.58,0.5730767,1
2016-10-10,20,0.67,0.58,0.5696163,1
2016-10-11,1,0.6,0.6,0.5994333,1
2016-10-11,5,0.61,0.6,0.5945275,1
2016-10-11,20,0.69,0.6,0.5917489,1
2016-10-12,1,0.58,0.6,0.599273,1
2016-10-12,5,0.64,0.6,0.5957818,1
2016-10-12,20,0.79,0.6,0.5934915,1
2016-10-13,1,0.63,0.58,0.5796429,1
2016-10-13,5,0.62,0.58,0.57611376,1
2016-10-13,20,0.81,0.58,0.5728394,1
2016-10-14,1,0.62,0.63,0.62932456,1
2016-10-14,5,0.61,0.63,0.6271851,1
2016-10-14,20,0.81,0.63,0.62405515,1
2016-10-17,1,0.61,0.62,0.61902833,1
2016-10-17,5,0.61,0.62,0.61544454,1
2016-10-17,20,0.88,0.62,0.6145534,1
2016-10-18,1,0.64,0.61,0.6090563,1
2016-10-18,5,0.6,0.61,0.6062793,1
2016-10-18,20,0.89,0.61,0.603879,1
2016-10-19,1,0.62,0.64,0.63925475,1
2016-10-19,5,0.59,0.64,0.6370409,1
2016-10-19,20,0.84,0.64,0.63386506,1
2016-10-20,1,0.61,0.62,0.61925524,1
2016-10-20,5,0.65,0.62,0.6159602,1
2016-10-20,20,0.88,0.62,0.6125466,1
2016-10-21,1,0.61,0.61,0.61013347,1
2016-10-21,5,0.66,0.61,0.6069935,1
2016-10-21,20,0.9,0.61,0.5999289,1
2016-10-24,1,0.6,0.61,0.61251533,1
2016-10-24,5,0.65,0.61,0.61144906,1
2016-10-24,20,0.9,0.61,0.59505993,1
2016-10-25,1,0.59,0.6,0.6018044,1
2016-10-25,5,0.66,0.6,0.59944826,1
2016-10-25,20,0.89,0.6,0.5863961,1
2016-10-26,1,0.65,0.59,0.5906701,1
2016-10-26,5,0.64,0.59,0.58920795,1
2016-10-26,20,0.88,0.59,0.5805251,1
2016-10-27,1,0.66,0.65,0.6508457,1
2016-10-27,5,0.66,0.65,0.649126,1
2016-10-27,20,0.91,0.65,0.640513,1
2016-10-28,1,0.65,0.66,0.66010237,1
2016-10-28,5,0.64,0.66,0.6560935,1
2016-10-28,20,0.9,0.66,0.6499864,1
2016-10-31,1,0.66,0.65,0.64963675,1
2016-10-31,5,0.67,0.65,0.64575887,1
2016-10-31,20,0.86,0.65,0.6417814,1
2016-11-01,1,0.64,0.66,0.660106,1
2016-11-01,5,0.69,0.66,0.649703,1
2016-11-01,20,0.84,0.66,0.64828503,1
2016-11-02,1,0.66,0.64,0.6409292,1
2016-11-02,5,0.79,0.64,0.63601136,1
2016-11-02,20,0.88,0.64,0.61989075,1
2016-11-03,1,0.64,0.66,0.66053945,1
2016-11-03,5,0.81,0.66,0.6560566,1
2016-11-03,20,0.91,0.66,0.6467928,1
2016-11-04,1,0.67,0.64,0.6399749,1
2016-11-04,5,0.81,0.64,0.635169,1
2016-11-04,20,0.9,0.64,0.629529,1
2016-11-07,1,0.69,0.67,0.6700633,1
2016-11-07,5,0.88,0.67,0.66655344,1
2016-11-07,20,0.88,0.67,0.6599603,1
2016-11-08,1,0.79,0.69,0.6897652,1
2016-11-08,5,0.89,0.69,0.68580717,1
2016-11-08,20,0.91,0.69,0.68171006,1
2016-11-09,1,0.81,0.79,0.78955084,1
2016-11-09,5,0.84,0.79,0.7857118,1
2016-11-09,20,0.89,0.79,0.7837641,1
2016-11-10,1,0.81,0.81,0.8092608,1
2016-11-10,5,0.88,0.81,0.8017359,1
2016-11-10,20,0.93,0.81,0.8039724,1
2016-11-11,1,0.88,0.81,0.8096675,1
2016-11-11,5,0.9,0.81,0.8024406,1
2016-11-11,20,0.99,0.81,0.80398023,1
2016-11-14,1,0.89,0.88,0.8792857,1
2016-11-14,5,0.9,0.88,0.8741532,1
2016-11-14,20,0.99,0.88,0.8746687,1
2016-11-15,1,0.84,0.89,0.8890922,1
2016-11-15,5,0.89,0.89,0.88166505,1
2016-11-15,20,0.98,0.89,0.88252276,1
2016-11-16,1,0.88,0.84,0.8384249,1
2016-11-16,5,0.88,0.84,0.83384675,1
2016-11-16,20,0.98,0.84,0.83612496,1
2016-11-17,1,0.9,0.88,0.87933236,1
2016-11-17,5,0.91,0.88,0.8769632,1
2016-11-17,20,1.02,0.88,0.8779851,1
2016-11-18,1,0.9,0.9,0.89965105,1
2016-11-18,5,0.9,0.9,0.89635843,1
2016-11-18,20,1.01,0.9,0.89504325,1
2016-11-21,1,0.89,0.9,0.9012501,1
2016-11-21,5,0.86,0.9,0.89798844,1
2016-11-21,20,0.98,0.9,0.8918746,1
2016-11-22,1,0.88,0.89,0.8898793,1
2016-11-22,5,0.84,0.89,0.88771003,1
2016-11-22,20,0.99,0.89,0.8838777,1
2016-11-23,1,0.91,0.88,0.8798138,1
2016-11-23,5,0.88,0.88,0.87765914,1
2016-11-23,20,0.98,0.88,0.8725125,1
2016-11-24,1,0.9,0.91,0.9105525,1
2016-11-24,5,0.91,0.91,0.90837777,1
2016-11-24,20,0.99,0.91,0.90227884,1
2016-11-25,1,0.86,0.9,0.89985424,1
2016-11-25,5,0.9,0.9,0.89670545,1
2016-11-25,20,1.0,0.9,0.8907349,1
2016-11-28,1,0.84,0.86,0.8599946,1
2016-11-28,5,0.88,0.86,0.8570298,1
2016-11-28,20,1.0,0.86,0.8512602,1
2016-11-29,1,0.88,0.84,0.83954835,1
2016-11-29,5,0.91,0.84,0.83855397,1
2016-11-29,20,1.0,0.84,0.8357737,1
2016-11-30,1,0.91,0.88,0.8803611,1
2016-11-30,5,0.89,0.88,0.87978655,1
2016-11-30,20,0.95,0.88,0.8720127,1
2016-12-01,1,0.9,0.91,0.9110137,1
2016-12-01,5,0.93,0.91,0.9023828,1
2016-12-01,20,0.96,0.91,0.8978082,1
2016-12-02,1,0.88,0.9,0.9006714,1
2016-12-02,5,0.99,0.9,0.8940793,1
2016-12-02,20,0.98,0.9,0.88390887,1
2016-12-05,1,0.91,0.88,0.8799331,1
2016-12-05,5,0.99,0.88,0.8748841,1
2016-12-05,20,0.98,0.88,0.868721,1
2016-12-06,1,0.89,0.91,0.9099106,1
2016-12-06,5,0.98,0.91,0.90631914,1
2016-12-06,20,0.97,0.91,0.9016818,1
2016-12-07,1,0.93,0.89,0.88961387,1
2016-12-07,5,0.98,0.89,0.88514674,1
2016-12-07,20,0.96,0.89,0.8807583,1
2016-12-08,1,0.99,0.93,0.92943597,1
2016-12-08,5,1.02,0.93,0.926415,1
2016-12-08,20,0.95,0.93,0.92142683,1
2016-12-09,1,0.99,0.99,0.989419,1
2016-12-09,5,1.01,0.99,0.9854079,1
2016-12-09,20,0.97,0.99,0.98321253,1
2016-12-12,1,0.98,0.99,0.9888395,1
2016-12-12,5,0.98,0.99,0.98352355,1
2016-12-12,20,0.94,0.99,0.984571,1
2016-12-13,1,0.98,0.98,0.9790436,1
2016-12-13,5,0.99,0.98,0.9748401,1
2016-12-13,20,0.94,0.98,0.9749516,1
2016-12-14,1,1.02,0.98,0.97921777,1
2016-12-14,5,0.98,0.98,0.9760189,1
2016-12-14,20,0.93,0.98,0.9744767,1
2016-12-15,1,1.01,1.02,1.0199852,1
2016-12-15,5,0.99,1.02,1.0170426,1
2016-12-15,20,0.88,1.02,1.0141737,1
2016-12-16,1,0.98,1.01,1.0086904,1
2016-12-16,5,1.0,1.01,1.0139866,1
2016-12-16,20,0.92,1.01,0.9841399,1
2016-12-19,1,0.99,0.98,0.9805542,1
2016-12-19,5,1.0,0.98,0.9797592,1
2016-12-19,20,0.89,0.98,0.9692866,1
2016-12-20,1,0.98,0.99,0.99049824,1
2016-12-20,5,1.0,0.99,0.9889002,1
2016-12-20,20,0.88,0.99,0.9787262,1
2016-12-21,1,0.99,0.98,0.9803133,1
2016-12-21,5,0.95,0.98,0.9777037,1
2016-12-21,20,0.94,0.98,0.9709477,1
2016-12-22,1,1.0,0.99,0.9902893,1
2016-12-22,5,0.96,0.99,0.9878102,1
2016-12-22,20,0.96,0.99,0.9803774,1
2016-12-23,1,1.0,1.0,0.998373,1
2016-12-23,5,0.98,1.0,0.9912421,1
2016-12-23,20,0.97,1.0,0.9871499,1
2016-12-26,1,1.0,1.0,0.99922746,1
2016-12-26,5,0.98,1.0,0.9933962,1
2016-12-26,20,0.93,1.0,0.99093455,1
2016-12-27,1,0.95,1.0,0.99951047,1
2016-12-27,5,0.97,1.0,0.9952668,1
2016-12-27,20,0.97,1.0,0.99309826,1
2016-12-28,1,0.96,0.95,0.9497973,1
2016-12-28,5,0.96,0.95,0.9463711,1
2016-12-28,20,1.0,0.95,0.9438465,1
2016-12-29,1,0.98,0.96,0.9601463,1
2016-12-29,5,0.95,0.96,0.9584447,1
2016-12-29,20,1.0,0.96,0.9535175,1
2016-12-30,1,0.98,0.98,0.9796379,1
2016-12-30,5,0.97,0.98,0.9781422,1
2016-12-30,20,0.98,0.98,0.9734172,1
2017-01-02,1,0.97,0.98,0.9801231,1
2017-01-02,5,0.94,0.98,0.9698871,1
2017-01-02,20,0.99,0.98,0.9674407,1
2017-01-03,1,0.96,0.97,0.97077644,1
2017-01-03,5,0.94,0.97,0.9635937,1
2017-01-03,20,0.98,0.97,0.9606508,1
2017-01-04,1,0.95,0.96,0.96164984,1
2017-01-04,5,0.93,0.96,0.9631197,1
2017-01-04,20,0.99,0.96,0.93791276,1
2017-01-05,1,0.97,0.95,0.94989455,1
2017-01-05,5,0.88,0.95,0.9485221,1
2017-01-05,20,0.99,0.95,0.9412463,1
2017-01-06,1,0.94,0.97,0.969034,1
2017-01-06,5,0.92,0.97,0.9668864,1
2017-01-06,20,1.0,0.97,0.96067226,1
2017-01-09,1,0.94,0.94,0.9395187,1
2017-01-09,5,0.89,0.94,0.9364386,1
2017-01-09,20,0.96,0.94,0.9323682,1
2017-01-10,1,0.93,0.94,0.939884,1
2017-01-10,5,0.88,0.94,0.9379638,1
2017-01-10,20,0.95,0.94,0.93086874,1
2017-01-11,1,0.88,0.93,0.92999476,1
2017-01-11,5,0.94,0.93,0.92794544,1
2017-01-11,20,0.9,0.93,0.92123556,1
2017-01-12,1,0.92,0.88,0.8803128,1
2017-01-12,5,0.96,0.88,0.8783628,1
2017-01-12,20,0.93,0.88,0.87051916,1
2017-01-13,1,0.89,0.92,0.9201654,1
2017-01-13,5,0.97,0.92,0.91998875,1
2017-01-13,20,0.92,0.92,0.91529614,1
2017-01-16,1,0.88,0.89,0.8901666,1
2017-01-16,5,0.93,0.89,0.8883181,1
2017-01-16,20,0.95,0.89,0.8825029,1
2017-01-17,1,0.94,0.88,0.8806246,1
2017-01-17,5,0.97,0.88,0.8791982,1
2017-01-17,20,0.96,0.88,0.87176454,1
2017-01-18,1,0.96,0.94,0.93945956,1
2017-01-18,5,1.0,0.94,0.93856114,1
2017-01-18,20,0.97,0.94,0.9329211,1
2017-01-19,1,0.97,0.96,0.95994574,1
2017-01-19,5,1.0,0.96,0.95601904,1
2017-01-19,20,0.95,0.96,0.9505367,1
2017-01-20,1,0.93,0.97,0.9703534,1
2017-01-20,5,0.98,0.97,0.9642794,1
2017-01-20,20,0.93,0.97,0.95818114,1
2017-01-23,1,0.97,0.93,0.93204564,1
2017-01-23,5,0.99,0.93,0.9297762,1
2017-01-23,20,0.93,0.93,0.9188912,1
2017-01-24,1,1.0,0.97,0.97053564,1
2017-01-24,5,0.98,0.97,0.96967906,1
2017-01-24,20,0.94,0.97,0.9618366,1
2017-01-25,1,1.0,1.0,0.9995446,1
2017-01-25,5,0.99,1.0,0.9976688,1
2017-01-25,20,0.93,1.0,0.99486464,1
2017-01-26,1,0.98,1.0,0.99929786,1
2017-01-26,5,0.99,1.0,0.9965898,1
2017-01-26,20,0.91,1.0,0.9956428,1
2017-01-27,1,0.99,0.98,0.9794101,1
2017-01-27,5,1.0,0.98,0.976422,1
2017-01-27,20,0.85,0.98,0.9725354,1
2017-01-30,1,0.98,0.99,0.989725,1
2017-01-30,5,0.96,0.99,0.987398,1
2017-01-30,20,0.88,0.99,0.98207176,1
2017-01-31,1,0.99,0.98,0.97965276,1
2017-01-31,5,0.95,0.98,0.97707564,1
2017-01-31,20,0.88,0.98,0.9718915,1
2017-02-01,1,0.99,0.99,0.9898676,1
2017-02-01,5,0.9,0.99,0.98014265,1
2017-02-01,20,0.92,0.99,0.9792002,1
2017-02-02,1,1.0,0.99,0.9909927,1
2017-02-02,5,0.93,0.99,0.98592937,1
2017-02-02,20,0.92,0.99,0.97033185,1
2017-02-03,1,0.96,1.0,0.9998419,1
2017-02-03,5,0.92,1.0,0.9950742,1
2017-02-03,20,0.94,1.0,0.989905,1
2017-02-06,1,0.95,0.96,0.9596287,1
2017-02-06,5,0.95,0.96,0.9552424,1
2017-02-06,20,0.94,0.96,0.95172024,1
2017-02-07,1,0.9,0.95,0.9503054,1
2017-02-07,5,0.96,0.95,0.94700015,1
2017-02-07,20,0.94,0.95,0.93778855,1
2017-02-08,1,0.93,0.9,0.90055996,1
2017-02-08,5,0.97,0.9,0.89747345,1
2017-02-08,20,0.96,0.9,0.88765657,1
2017-02-09,1,0.92,0.93,0.9304782,1
2017-02-09,5,0.95,0.93,0.9293193,1
2017-02-09,20,0.99,0.93,0.9205717,1
2017-02-10,1,0.95,0.92,0.92058843,1
2017-02-10,5,0.93,0.92,0.9185765,1
2017-02-10,20,0.97,0.92,0.9108765,1
2017-02-13,1,0.96,0.95,0.9501519,1
2017-02-13,5,0.93,0.95,0.94872355,1
2017-02-13,20,1.0,0.95,0.9437664,1
2017-02-14,1,0.97,0.96,0.9597717,1
2017-02-14,5,0.94,0.96,0.95711255,1
2017-02-14,20,0.98,0.96,0.9526453,1
2017-02-15,1,0.95,0.97,0.96995467,1
2017-02-15,5,0.93,0.97,0.9667447,1
2017-02-15,20,0.96,0.97,0.96241975,1
2017-02-16,1,0.93,0.95,0.9498954,1
2017-02-16,5,0.91,0.95,0.9466415,1
2017-02-16,20,0.98,0.95,0.9430886,1
2017-02-17,1,0.93,0.93,0.9294167,1
2017-02-17,5,0.85,0.93,0.9272772,1
2017-02-17,20,0.96,0.93,0.9229416,1
2017-02-20,1,0.94,0.93,0.93006045,1
2017-02-20,5,0.88,0.93,0.9281465,1
2017-02-20,20,0.94,0.93,0.9204307,1
2017-02-21,1,0.93,0.94,0.94013566,1
2017-02-21,5,0.88,0.94,0.93814135,1
2017-02-21,20,0.92,0.94,0.93081135,1
2017-02-22,1,0.91,0.93,0.9301769,1
2017-02-22,5,0.92,0.93,0.92753404,1
2017-02-22,20,0.91,0.93,0.9201721,1
2017-02-23,1,0.85,0.91,0.9102572,1
2017-02-23,5,0.92,0.91,0.90767527,1
2017-02-23,20,0.92,0.91,0.9001,1
2017-02-24,1,0.88,0.85,0.8496469,1
2017-02-24,5,0.94,0.85,0.8483219,1
2017-02-24,20,0.89,0.85,0.84324515,1
2017-02-27,1,0.88,0.88,0.88394994,1
2017-02-27,5,0.94,0.88,0.88869524,1
2017-02-27,20,0.87,0.88,0.8629122,1
2017-02-28,1,0.92,0.88,0.88161707,1
2017-02-28,5,0.94,0.88,0.8837183,1
2017-02-28,20,0.88,0.88,0.86987215,1
2017-03-01,1,0.92,0.92,0.9224484,1
2017-03-01,5,0.96,0.92,0.91335976,1
2017-03-01,20,0.87,0.92,0.90633607,1
2017-03-02,1,0.94,0.92,0.921671,1
2017-03-02,5,0.99,0.92,0.9126701,1
2017-03-02,20,0.89,0.92,0.89740205,1
2017-03-03,1,0.94,0.94,0.94108224,1
2017-03-03,5,0.97,0.94,0.93349713,1
2017-03-03,20,0.88,0.94,0.9268038,1
2017-03-06,1,0.94,0.94,0.94024116,1
2017-03-06,5,1.0,0.94,0.93340945,1
2017-03-06,20,0.85,0.94,0.928803,1
2017-03-07,1,0.96,0.94,0.9398379,1
2017-03-07,5,0.98,0.94,0.9346416,1
2017-03-07,20,0.83,0.94,0.9316044,1
2017-03-08,1,0.99,0.96,0.96002924,1
2017-03-08,5,0.96,0.96,0.9558093,1
2017-03-08,20,0.83,0.96,0.95271266,1
2017-03-09,1,0.97,0.99,0.9902506,1
2017-03-09,5,0.98,0.99,0.98540664,1
2017-03-09,20,0.83,0.99,0.98134667,1
2017-03-10,1,1.0,0.97,0.9697347,1
2017-03-10,5,0.96,0.97,0.96475774,1
2017-03-10,20,0.83,0.97,0.9615342,1
2017-03-13,1,0.98,1.0,0.99949247,1
2017-03-13,5,0.94,1.0,0.9963277,1
2017-03-13,20,0.84,1.0,0.99410594,1
2017-03-14,1,0.96,0.98,0.9794092,1
2017-03-14,5,0.92,0.98,0.9758304,1
2017-03-14,20,0.82,0.98,0.97382426,1
2017-03-15,1,0.98,0.96,0.9596723,1
2017-03-15,5,0.91,0.96,0.95700717,1
2017-03-15,20,0.79,0.96,0.9533499,1
2017-03-16,1,0.96,0.98,0.97933036,1
2017-03-16,5,0.92,0.98,0.97746426,1
2017-03-16,20,0.76,0.98,0.97127664,1
2017-03-17,1,0.94,0.96,0.9622946,1
2017-03-17,5,0.89,0.96,0.97497064,1
2017-03-17,20,0.76,0.96,0.92636937,1
2017-03-20,1,0.92,0.94,0.94219136,1
2017-03-20,5,0.87,0.94,0.9440125,1
2017-03-20,20,0.78,0.94,0.9193415,1
2017-03-21,1,0.91,0.92,0.9210942,1
2017-03-21,5,0.88,0.92,0.92060995,1
2017-03-21,20,0.75,0.92,0.90623605,1
2017-03-22,1,0.92,0.91,0.9104424,1
2017-03-22,5,0.87,0.91,0.9093619,1
2017-03-22,20,0.76,0.91,0.899177,1
2017-03-23,1,0.89,0.92,0.9205077,1
2017-03-23,5,0.89,0.92,0.9189258,1
2017-03-23,20,0.74,0.92,0.90809005,1
2017-03-24,1,0.87,0.89,0.89024794,1
2017-03-24,5,0.88,0.89,0.8879486,1
2017-03-24,20,0.75,0.89,0.8797569,1
2017-03-27,1,0.88,0.87,0.87011176,1
2017-03-27,5,0.85,0.87,0.867486,1
2017-03-27,20,0.74,0.87,0.85963255,1
2017-03-28,1,0.87,0.88,0.8803188,1
2017-03-28,5,0.83,0.88,0.87869036,1
2017-03-28,20,0.76,0.88,0.87106484,1
2017-03-29,1,0.89,0.87,0.87046707,1
2017-03-29,5,0.83,0.87,0.8684514,1
2017-03-29,20,0.74,0.87,0.86162555,1
2017-03-30,1,0.88,0.89,0.8901529,1
2017-03-30,5,0.83,0.89,0.88835925,1
2017-03-30,20,0.84,0.89,0.88128626,1
2017-03-31,1,0.85,0.88,0.879561,1
2017-03-31,5,0.83,0.88,0.87734586,1
2017-03-31,20,0.82,0.88,0.87409604,1
2017-04-03,1,0.83,0.85,0.85049105,1
2017-04-03,5,0.84,0.85,0.8409801,1
2017-04-03,20,0.85,0.85,0.8391195,1
2017-04-04,1,0.83,0.83,0.8318777,1
2017-04-04,5,0.82,0.83,0.8290796,1
2017-04-04,20,0.84,0.83,0.8073133,1
2017-04-05,1,0.83,0.83,0.83123934,1
2017-04-05,5,0.79,0.83,0.82774353,1
2017-04-05,20,0.83,0.83,0.8163486,1
2017-04-06,1,0.83,0.83,0.8304699,1
2017-04-06,5,0.76,0.83,0.82726383,1
2017-04-06,20,0.85,0.83,0.8188171,1
2017-04-07,1,0.84,0.83,0.8302333,1
2017-04-07,5,0.76,0.83,0.82727003,1
2017-04-07,20,0.86,0.83,0.8202895,1
2017-04-10,1,0.82,0.84,0.84036446,1
2017-04-10,5,0.78,0.84,0.8376694,1
2017-04-10,20,0.87,0.84,0.8319982,1
2017-04-11,1,0.79,0.82,0.8196394,1
2017-04-11,5,0.75,0.82,0.8171419,1
2017-04-11,20,0.89,0.82,0.81284714,1
2017-04-12,1,0.76,0.79,0.789581,1
2017-04-12,5,0.76,0.79,0.7878144,1
2017-04-12,20,0.92,0.79,0.78210634,1
2017-04-13,1,0.76,0.76,0.75980383,1
2017-04-13,5,0.74,0.76,0.75898135,1
2017-04-13,20,0.9,0.76,0.7526321,1
2017-04-14,1,0.78,0.76,0.7600417,1
2017-04-14,5,0.75,0.76,0.7599774,1
2017-04-14,20,0.89,0.76,0.75254065,1
2017-04-17,1,0.75,0.78,0.7803408,1
2017-04-17,5,0.74,0.78,0.7797487,1
2017-04-17,20,0.9,0.78,0.7712146,1
2017-04-18,1,0.76,0.75,0.7502263,1
2017-04-18,5,0.76,0.75,0.74826074,1
2017-04-18,20,0.87,0.75,0.7405787,1
2017-04-19,1,0.74,0.76,0.76033974,1
2017-04-19,5,0.74,0.76,0.7580621,1
2017-04-19,20,0.79,0.76,0.74666923,1
2017-04-20,1,0.75,0.74,0.74082357,1
2017-04-20,5,0.84,0.74,0.73722136,1
2017-04-20,20,0.77,0.74,0.7264816,1
2017-04-21,1,0.74,0.75,0.75096226,1
2017-04-21,5,0.82,0.75,0.74822146,1
2017-04-21,20,0.79,0.75,0.7403041,1
2017-04-24,1,0.76,0.74,0.73809654,1
2017-04-24,5,0.85,0.74,0.730694,1
2017-04-24,20,0.79,0.74,0.72645766,1
2017-04-25,1,0.74,0.76,0.7595804,1
2017-04-25,5,0.84,0.76,0.7542378,1
2017-04-25,20,0.81,0.76,0.7546122,1
2017-04-26,1,0.84,0.74,0.74036634,1
2017-04-26,5,0.83,0.74,0.7347425,1
2017-04-26,20,0.76,0.74,0.73325384,1
2017-04-27,1,0.82,0.84,0.8398562,1
2017-04-27,5,0.85,0.84,0.83681005,1
2017-04-27,20,0.74,0.84,0.8355183,1
2017-04-28,1,0.85,0.82,0.81868863,1
2017-04-28,5,0.86,0.82,0.81296605,1
2017-04-28,20,0.73,0.82,0.8113156,1
2017-05-01,1,0.84,0.85,0.84935343,1
2017-05-01,5,0.87,0.85,0.8386695,1
2017-05-01,20,0.7,0.85,0.8415788,1
2017-05-02,1,0.83,0.84,0.83998007,1
2017-05-02,5,0.89,0.84,0.83362484,1
2017-05-02,20,0.71,0.84,0.82556313,1
2017-05-03,1,0.85,0.83,0.829816,1
2017-05-03,5,0.92,0.83,0.82423276,1
2017-05-03,20,0.72,0.83,0.81779635,1
2017-05-04,1,0.86,0.85,0.85016835,1
2017-05-04,5,0.9,0.85,0.8457151,1
2017-05-04,20,0.73,0.85,0.84186924,1
2017-05-05,1,0.87,0.86,0.8600686,1
2017-05-05,5,0.89,0.86,0.85557765,1
2017-05-05,20,0.71,0.86,0.8513948,1
2017-05-08,1,0.89,0.87,0.869517,1
2017-05-08,5,0.9,0.87,0.8657424,1
2017-05-08,20,0.7,0.87,0.86277574,1
2017-05-09,1,0.92,0.89,0.8895967,1
2017-05-09,5,0.87,0.89,0.8859922,1
2017-05-09,20,0.68,0.89,0.8834004,1
2017-05-10,1,0.9,0.92,0.9195941,1
2017-05-10,5,0.79,0.92,0.9155911,1
2017-05-10,20,0.7,0.92,0.9127042,1
2017-05-11,1,0.89,0.9,0.8987431,1
2017-05-11,5,0.77,0.9,0.89470017,1
2017-05-11,20,0.71,0.9,0.89336306,1
2017-05-12,1,0.9,0.89,0.8893523,1
2017-05-12,5,0.79,0.89,0.88626164,1
2017-05-12,20,0.68,0.89,0.8824195,1
2017-05-15,1,0.87,0.9,0.8993064,1
2017-05-15,5,0.79,0.9,0.8967596,1
2017-05-15,20,0.65,0.9,0.8908218,1
2017-05-16,1,0.79,0.87,0.86922944,1
2017-05-16,5,0.81,0.87,0.86671096,1
2017-05-16,20,0.65,0.87,0.8637698,1
2017-05-17,1,0.77,0.79,0.78971404,1
2017-05-17,5,0.76,0.79,0.7885727,1
2017-05-17,20,0.61,0.79,0.78464407,1
2017-05-18,1,0.79,0.77,0.7703615,1
2017-05-18,5,0.74,0.77,0.7710663,1
2017-05-18,20,0.62,0.77,0.7616129,1
2017-05-19,1,0.79,0.79,0.7911242,1
2017-05-19,5,0.73,0.79,0.791917,1
2017-05-19,20,0.63,0.79,0.7809277,1
2017-05-22,1,0.81,0.79,0.79076695,1
2017-05-22,5,0.7,0.79,0.79078406,1
2017-05-22,20,0.6,0.79,0.78152966,1
2017-05-23,1,0.76,0.81,0.810586,1
2017-05-23,5,0.71,0.81,0.80981034,1
2017-05-23,20,0.59,0.81,0.8012726,1
2017-05-24,1,0.74,0.76,0.76003885,1
2017-05-24,5,0.72,0.76,0.75818855,1
2017-05-24,20,0.58,0.76,0.75277054,1
2017-05-25,1,0.73,0.74,0.7402793,1
2017-05-25,5,0.73,0.74,0.7398887,1
2017-05-25,20,0.57,0.74,0.73370904,1
2017-05-26,1,0.7,0.73,0.7305782,1
2017-05-26,5,0.71,0.73,0.7303836,1
2017-05-26,20,0.58,0.73,0.72218007,1
2017-05-29,1,0.71,0.7,0.7006835,1
2017-05-29,5,0.7,0.7,0.7001344,1
2017-05-29,20,0.56,0.7,0.6911559,1
2017-05-30,1,0.72,0.71,0.71087444,1
2017-05-30,5,0.68,0.71,0.7106671,1
2017-05-30,20,0.61,0.71,0.7019372,1
2017-05-31,1,0.73,0.72,0.7203605,1
2017-05-31,5,0.7,0.72,0.71903825,1
2017-05-31,20,0.57,0.72,0.70910853,1
2017-06-01,1,0.71,0.73,0.7307817,1
2017-06-01,5,0.71,0.73,0.7215503,1
2017-06-01,20,0.62,0.73,0.7181615,1
2017-06-02,1,0.7,0.71,0.71108335,1
2017-06-02,5,0.68,0.71,0.7070646,1
2017-06-02,20,0.66,0.71,0.69066733,1
2017-06-05,1,0.68,0.7,0.7002153,1
2017-06-05,5,0.65,0.7,0.69660187,1
2017-06-05,20,0.66,0.7,0.6863997,1
2017-06-06,1,0.7,0.68,0.6803516,1
2017-06-06,5,0.65,0.68,0.67731214,1
2017-06-06,20,0.7,0.68,0.67084,1
2017-06-07,1,0.71,0.7,0.7001049,1
2017-06-07,5,0.61,0.7,0.69814396,1
2017-06-07,20,0.67,0.7,0.69132143,1
2017-06-08,1,0.68,0.71,0.71033686,1
2017-06-08,5,0.62,0.71,0.7074416,1
2017-06-08,20,0.7,0.71,0.70059204,1
2017-06-09,1,0.65,0.68,0.68006694,1
2017-06-09,5,0.63,0.68,0.6769057,1
2017-06-09,20,0.72,0.68,0.6708889,1
2017-06-12,1,0.65,0.65,0.65027434,1
2017-06-12,5,0.6,0.65,0.64846843,1
2017-06-12,20,0.73,0.65,0.64423317,1
2017-06-13,1,0.61,0.65,0.65049165,1
2017-06-13,5,0.59,0.65,0.6497762,1
2017-06-13,20,0.74,0.65,0.64449835,1
2017-06-14,1,0.62,0.61,0.6094534,1
2017-06-14,5,0.58,0.61,0.60869896,1
2017-06-14,20,0.69,0.61,0.6070944,1
2017-06-15,1,0.63,0.62,0.61993605,1
2017-06-15,5,0.57,0.62,0.62037456,1
2017-06-15,20,0.7,0.62,0.61387753,1
2017-06-16,1,0.6,0.63,0.6316753,1
2017-06-16,5,0.58,0.63,0.64522666,1
2017-06-16,20,0.71,0.63,0.596664,1
2017-06-19,1,0.59,0.6,0.6009542,1
2017-06-19,5,0.56,0.6,0.6028355,1
2017-06-19,20,0.69,0.6,0.5846575,1
2017-06-20,1,0.58,0.59,0.59096396,1
2017-06-20,5,0.61,0.59,0.5912479,1
2017-06-20,20,0.67,0.59,0.5793314,1
2017-06-21,1,0.57,0.58,0.58079165,1
2017-06-21,5,0.57,0.58,0.5795359,1
2017-06-21,20,0.67,0.58,0.56812197,1
2017-06-22,1,0.58,0.57,0.5708849,1
2017-06-22,5,0.62,0.57,0.5689229,1
2017-06-22,20,0.64,0.57,0.55819345,1
2017-06-23,1,0.56,0.58,0.58019817,1
2017-06-23,5,0.66,0.58,0.57880783,1
2017-06-23,20,0.63,0.58,0.57178366,1
2017-06-26,1,0.61,0.56,0.5582793,1
2017-06-26,5,0.66,0.56,0.55255955,1
2017-06-26,20,0.65,0.56,0.54874223,1
2017-06-27,1,0.57,0.61,0.6092258,1
2017-06-27,5,0.7,0.61,0.6059642,1
2017-06-27,20,0.7,0.61,0.6044853,1
2017-06-28,1,0.62,0.57,0.5692504,1
2017-06-28,5,0.67,0.57,0.56525105,1
2017-06-28,20,0.68,0.57,0.565087,1
2017-06-29,1,0.66,0.62,0.61943716,1
2017-06-29,5,0.7,0.62,0.61737424,1
2017-06-29,20,0.7,0.62,0.61908674,1
2017-06-30,1,0.66,0.66,0.6591246,1
2017-06-30,5,0.72,0.66,0.65575075,1
2017-06-30,20,0.7,0.66,0.6570361,1
2017-07-03,1,0.7,0.66,0.6597673,1
2017-07-03,5,0.73,0.66,0.6492106,1
2017-07-03,20,0.75,0.66,0.6487733,1
2017-07-04,1,0.67,0.7,0.7006072,1
2017-07-04,5,0.74,0.7,0.69448966,1
2017-07-04,20,0.7,0.7,0.683532,1
2017-07-05,1,0.7,0.67,0.66936487,1
2017-07-05,5,0.69,0.67,0.66230184,1
2017-07-05,20,0.68,0.67,0.6592734,1
2017-07-06,1,0.72,0.7,0.6998365,1
2017-07-06,5,0.7,0.7,0.6952672,1
2017-07-06,20,0.65,0.7,0.6903659,1
2017-07-07,1,0.73,0.72,0.71954453,1
2017-07-07,5,0.71,0.72,0.71484506,1
2017-07-07,20,0.68,0.72,0.7123439,1
2017-07-10,1,0.74,0.73,0.72910744,1
2017-07-10,5,0.69,0.73,0.72482157,1
2017-07-10,20,0.68,0.73,0.72405964,1
2017-07-11,1,0.69,0.74,0.73905605,1
2017-07-11,5,0.67,0.74,0.7350471,1
2017-07-11,20,0.69,0.74,0.73309135,1
2017-07-12,1,0.7,0.69,0.68921965,1
2017-07-12,5,0.67,0.69,0.68515825,1
2017-07-12,20,0.67,0.69,0.68157244,1
2017-07-13,1,0.71,0.7,0.69952315,1
2017-07-13,5,0.64,0.7,0.6915682,1
2017-07-13,20,0.63,0.7,0.71238565,1
2017-07-14,1,0.69,0.71,0.7101002,1
2017-07-14,5,0.63,0.71,0.7021425,1
2017-07-14,20,0.64,0.71,0.70393914,1
2017-07-17,1,0.67,0.69,0.68928385,1
2017-07-17,5,0.65,0.69,0.6832719,1
2017-07-17,20,0.66,0.69,0.68425393,1
2017-07-18,1,0.67,0.67,0.66976243,1
2017-07-18,5,0.7,0.67,0.6657813,1
2017-07-18,20,0.66,0.67,0.66386855,1
2017-07-19,1,0.64,0.67,0.6697168,1
2017-07-19,5,0.68,0.67,0.6671785,1
2017-07-19,20,0.64,0.67,0.66363347,1
2017-07-20,1,0.63,0.64,0.6398678,1
2017-07-20,5,0.7,0.64,0.6378209,1
2017-07-20,20,0.62,0.64,0.6333549,1
2017-07-21,1,0.65,0.63,0.6303879,1
2017-07-21,5,0.7,0.63,0.6293522,1
2017-07-21,20,0.63,0.63,0.6233086,1
2017-07-24,1,0.7,0.65,0.6484093,1
2017-07-24,5,0.75,0.65,0.64469916,1
2017-07-24,20,0.64,0.65,0.64115465,1
2017-07-25,1,0.68,0.7,0.6991131,1
2017-07-25,5,0.7,0.7,0.695685,1
2017-07-25,20,0.65,0.7,0.69438404,1
2017-07-26,1,0.7,0.68,0.6791808,1
2017-07-26,5,0.68,0.68,0.6746564,1
2017-07-26,20,0.62,0.68,0.6750938,1
2017-07-27,1,0.7,0.7,0.6992027,1
2017-07-27,5,0.65,0.7,0.6960873,1
2017-07-27,20,0.62,0.7,0.6947801,1
2017-07-28,1,0.75,0.7,0.69947857,1
2017-07-28,5,0.68,0.7,0.69596356,1
2017-07-28,20,0.61,0.7,0.69372797,1
2017-07-31,1,0.7,0.75,0.74902725,1
2017-07-31,5,0.68,0.75,0.74622273,1
2017-07-31,20,0.6,0.75,0.744975,1
2017-08-01,1,0.68,0.7,0.6999178,1
2017-08-01,5,0.69,0.7,0.68838215,1
2017-08-01,20,0.59,0.7,0.6878481,1
2017-08-02,1,0.65,0.68,0.6817788,1
2017-08-02,5,0.67,0.68,0.67856383,1
2017-08-02,20,0.6,0.68,0.65908885,1
2017-08-03,1,0.68,0.65,0.651477,1
2017-08-03,5,0.63,0.65,0.6477315,1
2017-08-03,20,0.58,0.65,0.63633716,1
2017-08-04,1,0.68,0.68,0.6810924,1
2017-08-04,5,0.64,0.68,0.67850655,1
2017-08-04,20,0.57,0.68,0.6690555,1
2017-08-07,1,0.69,0.68,0.6808623,1
2017-08-07,5,0.66,0.68,0.67690545,1
2017-08-07,20,0.57,0.68,0.66785735,1
2017-08-08,1,0.67,0.69,0.69023895,1
2017-08-08,5,0.66,0.69,0.6868581,1
2017-08-08,20,0.52,0.69,0.68010837,1
2017-08-09,1,0.63,0.67,0.67028403,1
2017-08-09,5,0.64,0.67,0.666609,1
2017-08-09,20,0.5,0.67,0.6605083,1
2017-08-10,1,0.64,0.63,0.6300465,1
2017-08-10,5,0.62,0.63,0.62726885,1
2017-08-10,20,0.47,0.63,0.6202468,1
2017-08-11,1,0.66,0.64,0.6403286,1
2017-08-11,5,0.63,0.64,0.63890016,1
2017-08-11,20,0.47,0.64,0.6313781,1
2017-08-14,1,0.66,0.66,0.6600702,1
2017-08-14,5,0.64,0.66,0.65850395,1
2017-08-14,20,0.48,0.66,0.6512268,1
2017-08-15,1,0.64,0.66,0.660112,1
2017-08-15,5,0.65,0.66,0.6575483,1
2017-08-15,20,0.51,0.66,0.6509821,1
2017-08-16,1,0.62,0.64,0.6405702,1
2017-08-16,5,0.62,0.64,0.6374685,1
2017-08-16,20,0.51,0.64,0.63095313,1
2017-08-17,1,0.63,0.62,0.619813,1
2017-08-17,5,0.62,0.62,0.6182401,1
2017-08-17,20,0.49,0.62,0.6131727,1
2017-08-18,1,0.64,0.63,0.62966824,1
2017-08-18,5,0.61,0.63,0.6287781,1
2017-08-18,20,0.49,0.63,0.6235954,1
2017-08-21,1,0.65,0.64,0.6405472,1
2017-08-21,5,0.6,0.64,0.640324,1
2017-08-21,20,0.51,0.64,0.63331765,1
2017-08-22,1,0.62,0.65,0.6499583,1
2017-08-22,5,0.59,0.65,0.6485495,1
2017-08-22,20,0.54,0.65,0.6419015,1
2017-08-23,1,0.62,0.62,0.6199513,1
2017-08-23,5,0.6,0.62,0.61787814,1
2017-08-23,20,0.52,0.62,0.61260444,1
2017-08-24,1,0.61,0.62,0.6200117,1
2017-08-24,5,0.58,0.62,0.6186232,1
2017-08-24,20,0.53,0.62,0.61083966,1
2017-08-25,1,0.6,0.61,0.61009127,1
2017-08-25,5,0.57,0.61,0.60859907,1
2017-08-25,20,0.51,0.61,0.6023066,1
2017-08-28,1,0.59,0.6,0.599891,1
2017-08-28,5,0.57,0.6,0.59865963,1
2017-08-28,20,0.5,0.6,0.592529,1
2017-08-29,1,0.6,0.59,0.5900455,1
2017-08-29,5,0.52,0.59,0.58887666,1
2017-08-29,20,0.51,0.59,0.5820285,1
2017-08-30,1,0.58,0.6,0.60019386,1
2017-08-30,5,0.5,0.6,0.59872997,1
2017-08-30,20,0.55,0.6,0.58989674,1
2017-08-31,1,0.57,0.58,0.5805975,1
2017-08-31,5,0.47,0.58,0.5776621,1
2017-08-31,20,0.58,0.58,0.567917,1
2017-09-01,1,0.57,0.57,0.57009953,1
2017-09-01,5,0.47,0.57,0.5614784,1
2017-09-01,20,0.58,0.57,0.5605747,1
2017-09-04,1,0.52,0.57,0.5713564,1
2017-09-04,5,0.48,0.57,0.56815475,1
2017-09-04,20,0.6,0.57,0.5525636,1
2017-09-05,1,0.5,0.52,0.5207918,1
2017-09-05,5,0.51,0.52,0.5171678,1
2017-09-05,20,0.59,0.52,0.5081343,1
2017-09-06,1,0.47,0.5,0.5003278,1
2017-09-06,5,0.51,0.5,0.49844676,1
2017-09-06,20,0.59,0.5,0.4896354,1
2017-09-07,1,0.47,0.47,0.47080064,1
2017-09-07,5,0.49,0.47,0.46509677,1
2017-09-07,20,0.58,0.47,0.4804831,1
2017-09-08,1,0.48,0.47,0.46996483,1
2017-09-08,5,0.49,0.47,0.4624602,1
2017-09-08,20,0.58,0.47,0.46669093,1
2017-09-11,1,0.51,0.48,0.48055413,1
2017-09-11,5,0.51,0.48,0.47622848,1
2017-09-11,20,0.58,0.48,0.4734394,1
2017-09-12,1,0.51,0.51,0.51093,1
2017-09-12,5,0.54,0.51,0.50747895,1
2017-09-12,20,0.57,0.51,0.5027326,1
2017-09-13,1,0.49,0.51,0.51034075,1
2017-09-13,5,0.52,0.51,0.5062416,1
2017-09-13,20,0.55,0.51,0.501439,1
2017-09-14,1,0.49,0.49,0.4902957,1
2017-09-14,5,0.53,0.49,0.48634645,1
2017-09-14,20,0.52,0.49,0.4820756,1
2017-09-15,1,0.51,0.49,0.49032113,1
2017-09-15,5,0.51,0.49,0.48739654,1
2017-09-15,20,0.49,0.49,0.4828275,1
2017-09-18,1,0.54,0.51,0.51005226,1
2017-09-18,5,0.5,0.51,0.50766313,1
2017-09-18,20,0.5,0.51,0.5027275,1
2017-09-19,1,0.52,0.54,0.5401479,1
2017-09-19,5,0.51,0.54,0.5367495,1
2017-09-19,20,0.5,0.54,0.53105694,1
2017-09-20,1,0.53,0.52,0.5196737,1
2017-09-20,5,0.55,0.52,0.5153843,1
2017-09-20,20,0.52,0.52,0.5104546,1
2017-09-21,1,0.51,0.53,0.53020006,1
2017-09-21,5,0.58,0.53,0.5269034,1
2017-09-21,20,0.53,0.53,0.52324146,1
2017-09-22,1,0.5,0.51,0.51003516,1
2017-09-22,5,0.58,0.51,0.5063855,1
2017-09-22,20,0.56,0.51,0.5007492,1
2017-09-25,1,0.51,0.5,0.5015623,1
2017-09-25,5,0.6,0.5,0.50098395,1
2017-09-25,20,0.55,0.5,0.49151015,1
2017-09-26,1,0.55,0.51,0.5106976,1
2017-09-26,5,0.59,0.51,0.5096077,1
2017-09-26,20,0.57,0.51,0.49969432,1
2017-09-27,1,0.58,0.55,0.55056584,1
2017-09-27,5,0.59,0.55,0.54846084,1
2017-09-27,20,0.58,0.55,0.5392175,1
2017-09-28,1,0.58,0.58,0.5803445,1
2017-09-28,5,0.58,0.58,0.57636636,1
2017-09-28,20,0.58,0.58,0.5694549,1
2017-09-29,1,0.6,0.58,0.5795781,1
2017-09-29,5,0.58,0.58,0.57482624,1
2017-09-29,20,0.56,0.58,0.56962997,1
2017-10-02,1,0.59,0.6,0.60006577,1
2017-10-02,5,0.58,0.6,0.58937144,1
2017-10-02,20,0.56,0.6,0.58803135,1
2017-10-03,1,0.59,0.59,0.5905412,1
2017-10-03,5,0.57,0.59,0.584068,1
2017-10-03,20,0.56,0.59,0.57040244,1
2017-10-04,1,0.58,0.59,0.5900997,1
2017-10-04,5,0.55,0.59,0.5845463,1
2017-10-04,20,0.56,0.59,0.5780321,1
2017-10-05,1,0.58,0.58,0.5797766,1
2017-10-05,5,0.52,0.58,0.5752698,1
2017-10-05,20,0.55,0.58,0.57122093,1
2017-10-06,1,0.58,0.58,0.58046085,1
2017-10-06,5,0.49,0.58,0.57647467,1
2017-10-06,20,0.51,0.58,0.570332,1
2017-10-09,1,0.57,0.58,0.58036625,1
2017-10-09,5,0.5,0.58,0.5770701,1
2017-10-09,20,0.5,0.58,0.57141143,1
2017-10-10,1,0.55,0.57,0.5701011,1
2017-10-10,5,0.5,0.57,0.5672351,1
2017-10-10,20,0.49,0.57,0.56180257,1
2017-10-11,1,0.52,0.55,0.549711,1
2017-10-11,5,0.52,0.55,0.5476891,1
2017-10-11,20,0.49,0.55,0.5432708,1
2017-10-12,1,0.49,0.52,0.5201669,1
2017-10-12,5,0.53,0.52,0.51879007,1
2017-10-12,20,0.48,0.52,0.5130413,1
2017-10-13,1,0.5,0.49,0.49033374,1
2017-10-13,5,0.56,0.49,0.4897864,1
2017-10-13,20,0.5,0.49,0.48321414,1
2017-10-16,1,0.5,0.5,0.5005242,1
2017-10-16,5,0.55,0.5,0.5003478,1
2017-10-16,20,0.5,0.5,0.49088934,1
2017-10-17,1,0.52,0.5,0.5007857,1
2017-10-17,5,0.57,0.5,0.49940428,1
2017-10-17,20,0.49,0.5,0.4892913,1
2017-10-18,1,0.53,0.52,0.5205314,1
2017-10-18,5,0.58,0.52,0.5186102,1
2017-10-18,20,0.47,0.52,0.5097334,1
2017-10-19,1,0.56,0.53,0.52996427,1
2017-10-19,5,0.58,0.53,0.52760965,1
2017-10-19,20,0.49,0.53,0.52256113,1
2017-10-20,1,0.55,0.56,0.5595596,1
2017-10-20,5,0.56,0.56,0.55689615,1
2017-10-20,20,0.49,0.56,0.552372,1
2017-10-23,1,0.57,0.55,0.55132776,1
2017-10-23,5,0.56,0.55,0.54813963,1
2017-10-23,20,0.49,0.55,0.5391827,1
2017-10-24,1,0.58,0.57,0.5707188,1
2017-10-24,5,0.56,0.57,0.5676389,1
2017-10-24,20,0.46,0.57,0.55936044,1
2017-10-25,1,0.58,0.58,0.5803549,1
2017-10-25,5,0.56,0.58,0.5766329,1
2017-10-25,20,0.45,0.58,0.56989926,1
2017-10-26,1,0.56,0.58,0.5804005,1
2017-10-26,5,0.55,0.58,0.57549924,1
2017-10-26,20,0.46,0.58,0.56874037,1
2017-10-27,1,0.56,0.56,0.56041145,1
2017-10-27,5,0.51,0.56,0.55578494,1
2017-10-27,20,0.45,0.56,0.5496945,1
2017-10-30,1,0.56,0.56,0.56017065,1
2017-10-30,5,0.5,0.56,0.55673677,1
2017-10-30,20,0.43,0.56,0.5503047,1
2017-10-31,1,0.56,0.56,0.55948466,1
2017-10-31,5,0.49,0.56,0.5570394,1
2017-10-31,20,0.42,0.56,0.55118626,1
2017-11-01,1,0.55,0.56,0.5606085,1
2017-11-01,5,0.49,0.56,0.5509509,1
2017-11-01,20,0.45,0.56,0.54859215,1
2017-11-02,1,0.51,0.55,0.5512951,1
2017-11-02,5,0.48,0.55,0.5472746,1
2017-11-02,20,0.46,0.55,0.52919394,1
2017-11-03,1,0.5,0.51,0.5080101,2
2017-11-03,5,0.5,0.51,0.50803673,2
2017-11-03,20,0.38,0.51,0.4948526,2
2017-11-06,1,0.49,0.5,0.49896666,2
2017-11-06,5,0.5,0.5,0.49975777,2
2017-11-06,20,0.38,0.5,0.48669103,2
2017-11-07,1,0.49,0.49,0.4893942,2
2017-11-07,5,0.49,0.49,0.49027386,2
2017-11-07,20,0.36,0.49,0.47702768,2
2017-11-08,1,0.48,0.49,0.49029103,2
2017-11-08,5,0.47,0.49,0.49027282,2
2017-11-08,20,0.35,0.49,0.47764856,2
2017-11-09,1,0.5,0.48,0.4794454,2
2017-11-09,5,0.49,0.48,0.478821,2
2017-11-09,20,0.36,0.48,0.46753776,2
2017-11-10,1,0.5,0.5,0.4995785,2
2017-11-10,5,0.49,0.5,0.49873602,2
2017-11-10,20,0.35,0.5,0.48793927,2
2017-11-13,1,0.49,0.5,0.4999495,2
2017-11-13,5,0.49,0.5,0.49729627,2
2017-11-13,20,0.35,0.5,0.48805547,2
2017-11-14,1,0.47,0.49,0.48958096,2
2017-11-14,5,0.46,0.49,0.48751885,2
2017-11-14,20,0.34,0.49,0.4771203,2
2017-11-15,1,0.49,0.47,0.46989065,2
2017-11-15,5,0.45,0.47,0.4685179,2
2017-11-15,20,0.34,0.47,0.45643985,2
2017-11-16,1,0.49,0.49,0.48977208,2
2017-11-16,5,0.46,0.49,0.48960727,2
2017-11-16,20,0.29,0.49,0.47572473,2
2017-11-17,1,0.49,0.49,0.48953307,2
2017-11-17,5,0.45,0.49,0.48695013,2
2017-11-17,20,0.28,0.49,0.4764828,2
2017-11-20,1,0.46,0.49,0.49005988,2
2017-11-20,5,0.43,0.49,0.48700386,2
2017-11-20,20,0.29,0.49,0.4813175,2
2017-11-21,1,0.45,0.46,0.46001175,2
2017-11-21,5,0.42,0.46,0.45648342,2
2017-11-21,20,0.33,0.46,0.45027205,2
2017-11-22,1,0.46,0.45,0.44986725,2
2017-11-22,5,0.45,0.45,0.4482766,2
2017-11-22,20,0.35,0.45,0.43887722,2
2017-11-23,1,0.45,0.46,0.45915183,2
2017-11-23,5,0.46,0.46,0.45883498,2
2017-11-23,20,0.35,0.46,0.4476118,2
2017-11-24,1,0.43,0.45,0.44942063,2
2017-11-24,5,0.38,0.45,0.4480799,2
2017-11-24,20,0.36,0.45,0.43760556,2
2017-11-27,1,0.42,0.43,0.42988476,2
2017-11-27,5,0.38,0.43,0.42824972,2
2017-11-27,20,0.36,0.43,0.41809177,2
2017-11-28,1,0.45,0.42,0.4201227,2
2017-11-28,5,0.36,0.42,0.41943786,2
2017-11-28,20,0.36,0.42,0.4077024,2
2017-11-29,1,0.46,0.45,0.45092085,2
2017-11-29,5,0.35,0.45,0.44946828,2
2017-11-29,20,0.32,0.45,0.43762615,2
2017-11-30,1,0.38,0.46,0.46043724,2
2017-11-30,5,0.36,0.46,0.456749,2
2017-11-30,20,0.34,0.46,0.44710237,2
2017-12-01,1,0.38,0.38,0.38071513,2
2017-12-01,5,0.35,0.38,0.37731045,2
2017-12-01,20,0.36,0.38,0.35758293,2
2017-12-04,1,0.36,0.38,0.3775457,2
2017-12-04,5,0.35,0.38,0.3776505,2
2017-12-04,20,0.36,0.38,0.3651254,2
2017-12-05,1,0.35,0.36,0.35864246,2
2017-12-05,5,0.34,0.36,0.35897806,2
2017-12-05,20,0.38,0.36,0.34479734,2
2017-12-06,1,0.36,0.35,0.34931934,2
2017-12-06,5,0.34,0.35,0.35010704,2
2017-12-06,20,0.37,0.35,0.33608118,2
2017-12-07,1,0.35,0.36,0.36019605,2
2017-12-07,5,0.29,0.36,0.36081648,2
2017-12-07,20,0.38,0.36,0.34588763,2
2017-12-08,1,0.35,0.35,0.35096127,2
2017-12-08,5,0.28,0.35,0.34889048,2
2017-12-08,20,0.38,0.35,0.33630738,2
2017-12-11,1,0.34,0.35,0.35027885,2
2017-12-11,5,0.29,0.35,0.34838694,2
2017-12-11,20,0.38,0.35,0.33619353,2
2017-12-12,1,0.34,0.34,0.3397763,2
2017-12-12,5,0.33,0.34,0.33767024,2
2017-12-12,20,0.41,0.34,0.32629085,2
2017-12-13,1,0.29,0.34,0.33975446,2
2017-12-13,5,0.35,0.34,0.3379863,2
2017-12-13,20,0.43,0.34,0.32723978,2
2017-12-14,1,0.28,0.29,0.28891087,2
2017-12-14,5,0.35,0.29,0.28816438,2
2017-12-14,20,0.41,0.29,0.27585307,2
2017-12-15,1,0.29,0.28,0.27634227,2
2017-12-15,5,0.36,0.28,0.27634963,2
2017-12-15,20,0.42,0.28,0.27039757,2
2017-12-18,1,0.33,0.29,0.28695583,2
2017-12-18,5,0.36,0.29,0.28688854,2
2017-12-18,20,0.42,0.29,0.2751757,2
2017-12-19,1,0.35,0.33,0.32819083,2
2017-12-19,5,0.36,0.33,0.3265851,2
2017-12-19,20,0.4,0.33,0.3152358,2
2017-12-20,1,0.35,0.35,0.348852,2
2017-12-20,5,0.32,0.35,0.34436074,2
2017-12-20,20,0.42,0.35,0.33494246,2
2017-12-21,1,0.36,0.35,0.34833416,2
2017-12-21,5,0.34,0.35,0.3439307,2
2017-12-21,20,0.42,0.35,0.333799,2
2017-12-22,1,0.36,0.36,0.35256037,2
2017-12-22,5,0.36,0.36,0.35926357,2
2017-12-22,20,0.43,0.36,0.30287015,2
2017-12-25,1,0.36,0.36,0.35632065,2
2017-12-25,5,0.36,0.36,0.3599502,2
2017-12-25,20,0.44,0.36,0.32817513,2
2017-12-26,1,0.32,0.36,0.35733125,2
2017-12-26,5,0.38,0.36,0.35934478,2
2017-12-26,20,0.43,0.36,0.335976,2
2017-12-27,1,0.34,0.32,0.31794223,2
2017-12-27,5,0.37,0.32,0.31882393,2
2017-12-27,20,0.45,0.32,0.3002593,2
2017-12-28,1,0.36,0.34,0.3376857,2
2017-12-28,5,0.38,0.34,0.33940727,2
2017-12-28,20,0.44,0.34,0.3230918,2
2017-12-29,1,0.36,0.36,0.35818622,2
2017-12-29,5,0.38,0.36,0.35844052,2
2017-12-29,20,0.45,0.36,0.34470788,2
2018-01-01,1,0.38,0.36,0.35931498,2
2018-01-01,5,0.38,0.36,0.35909465,2
2018-01-01,20,0.46,0.36,0.3356579,2
2018-01-02,1,0.37,0.38,0.37985602,2
2018-01-02,5,0.41,0.38,0.37837273,2
2018-01-02,20,0.47,0.38,0.36127502,2
2018-01-03,1,0.38,0.37,0.3681566,2
2018-01-03,5,0.43,0.37,0.36627454,2
2018-01-03,20,0.45,0.37,0.35849172,2
2018-01-04,1,0.38,0.38,0.37830254,2
2018-01-04,5,0.41,0.38,0.37816778,2
2018-01-04,20,0.51,0.38,0.36554697,2
2018-01-05,1,0.38,0.38,0.37865877,2
2018-01-05,5,0.42,0.38,0.37715808,2
2018-01-05,20,0.51,0.38,0.3655052,2
2018-01-08,1,0.41,0.38,0.37802532,2
2018-01-08,5,0.42,0.38,0.37664714,2
2018-01-08,20,0.51,0.38,0.36513588,2
2018-01-09,1,0.43,0.41,0.40918458,2
2018-01-09,5,0.4,0.41,0.4077899,2
2018-01-09,20,0.53,0.41,0.39630476,2
2018-01-10,1,0.41,0.43,0.42970306,2
2018-01-10,5,0.42,0.43,0.42614672,2
2018-01-10,20,0.53,0.43,0.41668338,2
2018-01-11,1,0.42,0.41,0.409412,2
2018-01-11,5,0.42,0.41,0.40573493,2
2018-01-11,20,0.53,0.41,0.39562702,2
2018-01-12,1,0.42,0.42,0.41961476,2
2018-01-12,5,0.43,0.42,0.41743097,2
2018-01-12,20,0.57,0.42,0.40490565,2
2018-01-15,1,0.4,0.42,0.419003,2
2018-01-15,5,0.44,0.42,0.41644648,2
2018-01-15,20,0.56,0.42,0.40542892,2
2018-01-16,1,0.42,0.4,0.3983642,2
2018-01-16,5,0.43,0.4,0.39645067,2
2018-01-16,20,0.54,0.4,0.38539052,2
2018-01-17,1,0.42,0.42,0.4191996,2
2018-01-17,5,0.45,0.42,0.4184046,2
2018-01-17,20,0.55,0.42,0.40646464,2
2018-01-18,1,0.43,0.42,0.41828462,2
2018-01-18,5,0.44,0.42,0.42198464,2
2018-01-18,20,0.53,0.42,0.40382916,2
2018-01-19,1,0.44,0.43,0.4287713,2
2018-01-19,5,0.45,0.43,0.42805701,2
2018-01-19,20,0.49,0.43,0.41725752,2
2018-01-22,1,0.43,0.44,0.4393889,2
2018-01-22,5,0.46,0.44,0.43720877,2
2018-01-22,20,0.49,0.44,0.42829275,2
2018-01-23,1,0.45,0.43,0.4294606,2
2018-01-23,5,0.47,0.43,0.42684466,2
2018-01-23,20,0.5,0.43,0.41823962,2
2018-01-24,1,0.44,0.45,0.44924855,2
2018-01-24,5,0.45,0.45,0.44789094,2
2018-01-24,20,0.5,0.45,0.4373045,2
2018-01-25,1,0.45,0.44,0.43820968,2
2018-01-25,5,0.51,0.44,0.43646553,2
2018-01-25,20,0.5,0.44,0.42657265,2
2018-01-26,1,0.46,0.45,0.4488031,2
2018-01-26,5,0.51,0.45,0.4480457,2
2018-01-26,20,0.47,0.45,0.4368727,2
2018-01-29,1,0.47,0.46,0.45983443,2
2018-01-29,5,0.51,0.46,0.45675606,2
2018-01-29,20,0.45,0.46,0.4540783,2
2018-01-30,1,0.45,0.47,0.4700166,2
2018-01-30,5,0.53,0.47,0.46603587,2
2018-01-30,20,0.47,0.47,0.46281043,2
2018-01-31,1,0.51,0.45,0.44973645,2
2018-01-31,5,0.53,0.45,0.4459009,2
2018-01-31,20,0.45,0.45,0.43999177,2
2018-02-01,1,0.51,0.51,0.5101826,2
2018-02-01,5,0.53,0.51,0.508007,2
2018-02-01,20,0.41,0.51,0.49089327,2
2018-02-02,1,0.51,0.51,0.5086344,2
2018-02-02,5,0.57,0.51,0.5063456,2
2018-02-02,20,0.43,0.51,0.49710846,2
2018-02-05,1,0.53,0.51,0.5095701,2
2018-02-05,5,0.56,0.51,0.5071151,2
2018-02-05,20,0.44,0.51,0.49564,2
2018-02-06,1,0.53,0.53,0.5293526,2
2018-02-06,5,0.54,0.53,0.52820927,2
2018-02-06,20,0.46,0.53,0.5133531,2
2018-02-07,1,0.53,0.53,0.5295792,2
2018-02-07,5,0.55,0.53,0.52615565,2
2018-02-07,20,0.46,0.53,0.51412326,2
2018-02-08,1,0.57,0.53,0.5297472,2
2018-02-08,5,0.53,0.53,0.52587456,2
2018-02-08,20,0.45,0.53,0.51462567,2
2018-02-09,1,0.56,0.57,0.56971794,2
2018-02-09,5,0.49,0.57,0.56657314,2
2018-02-09,20,0.44,0.57,0.5547099,2
2018-02-12,1,0.54,0.56,0.55891764,2
2018-02-12,5,0.49,0.56,0.5550454,2
2018-02-12,20,0.41,0.56,0.54430896,2
2018-02-13,1,0.55,0.54,0.53924346,2
2018-02-13,5,0.5,0.54,0.5358148,2
2018-02-13,20,0.41,0.54,0.52461934,2
2018-02-14,1,0.53,0.55,0.549114,2
2018-02-14,5,0.5,0.55,0.54782635,2
2018-02-14,20,0.39,0.55,0.53489965,2
2018-02-15,1,0.49,0.53,0.52950376,2
2018-02-15,5,0.5,0.53,0.5267356,2
2018-02-15,20,0.39,0.53,0.51647115,2
2018-02-16,1,0.49,0.49,0.48903418,2
2018-02-16,5,0.47,0.49,0.48814192,2
2018-02-16,20,0.38,0.49,0.47651252,2
2018-02-19,1,0.5,0.49,0.4899548,2
2018-02-19,5,0.45,0.49,0.49079996,2
2018-02-19,20,0.39,0.49,0.47722924,2
2018-02-20,1,0.5,0.5,0.49985236,2
2018-02-20,5,0.47,0.5,0.49973023,2
2018-02-20,20,0.39,0.5,0.48757583,2
2018-02-21,1,0.5,0.5,0.5006018,2
2018-02-21,5,0.45,0.5,0.4987636,2
2018-02-21,20,0.4,0.5,0.48704895,2
2018-02-22,1,0.47,0.5,0.5008251,2
2018-02-22,5,0.41,0.5,0.49763113,2
2018-02-22,20,0.35,0.5,0.4869501,2
2018-02-23,1,0.45,0.47,0.46998265,2
2018-02-23,5,0.43,0.47,0.46771696,2
2018-02-23,20,0.34,0.47,0.45585954,2
2018-02-26,1,0.47,0.45,0.449663,2
2018-02-26,5,0.44,0.45,0.4485789,2
2018-02-26,20,0.35,0.45,0.43971092,2
2018-02-27,1,0.45,0.47,0.47009745,2
2018-02-27,5,0.46,0.47,0.4690816,2
2018-02-27,20,0.31,0.47,0.46011364,2
2018-02-28,1,0.41,0.45,0.45068043,2
2018-02-28,5,0.46,0.45,0.44735134,2
2018-02-28,20,0.31,0.45,0.43900523,2
2018-03-01,1,0.43,0.41,0.41122386,2
2018-03-01,5,0.45,0.41,0.40906966,2
2018-03-01,20,0.32,0.41,0.39125708,2
2018-03-02,1,0.44,0.43,0.42929575,2
2018-03-02,5,0.44,0.43,0.429489,2
2018-03-02,20,0.32,0.43,0.4173236,2
2018-03-05,1,0.46,0.44,0.44000876,2
2018-03-05,5,0.41,0.44,0.43747178,2
2018-03-05,20,0.34,0.44,0.4266368,2
2018-03-06,1,0.46,0.46,0.4604199,2
2018-03-06,5,0.41,0.46,0.45720392,2
2018-03-06,20,0.34,0.46,0.44530338,2
2018-03-07,1,0.45,0.46,0.45857662,2
2018-03-07,5,0.39,0.46,0.45532387,2
2018-03-07,20,0.36,0.46,0.44461703,2
2018-03-08,1,0.44,0.45,0.4495482,2
2018-03-08,5,0.39,0.45,0.4466274,2
2018-03-08,20,0.37,0.45,0.43493605,2
2018-03-09,1,0.41,0.44,0.43896443,2
2018-03-09,5,0.38,0.44,0.43743497,2
2018-03-09,20,0.35,0.44,0.424834,2
2018-03-12,1,0.41,0.41,0.40891534,2
2018-03-12,5,0.39,0.41,0.40721068,2
2018-03-12,20,0.35,0.41,0.39648634,2
2018-03-13,1,0.39,0.41,0.40942305,2
2018-03-13,5,0.39,0.41,0.40962118,2
2018-03-13,20,0.36,0.41,0.39701146,2
2018-03-14,1,0.39,0.39,0.39023483,2
2018-03-14,5,0.4,0.39,0.3899727,2
2018-03-14,20,0.35,0.39,0.3765085,2
2018-03-15,1,0.38,0.39,0.39016232,2
2018-03-15,5,0.35,0.39,0.39009753,2
2018-03-15,20,0.39,0.39,0.37648934,2
2018-03-16,1,0.39,0.38,0.3807732,2
2018-03-16,5,0.34,0.38,0.37914166,2
2018-03-16,20,0.37,0.38,0.3670686,2
2018-03-19,1,0.39,0.39,0.39081308,2
2018-03-19,5,0.35,0.39,0.38864687,2
2018-03-19,20,0.4,0.39,0.3765408,2
2018-03-20,1,0.4,0.39,0.38966846,2
2018-03-20,5,0.31,0.39,0.38720423,2
2018-03-20,20,0.36,0.39,0.3760677,2
2018-03-21,1,0.35,0.4,0.39964733,2
2018-03-21,5,0.31,0.4,0.39662498,2
2018-03-21,20,0.4,0.4,0.38717183,2
2018-03-22,1,0.34,0.35,0.348094,2
2018-03-22,5,0.32,0.35,0.3460166,2
2018-03-22,20,0.41,0.35,0.3355017,2
2018-03-23,1,0.35,0.34,0.3357625,2
2018-03-23,5,0.32,0.34,0.33679548,2
2018-03-23,20,0.4,0.34,0.32924291,2
2018-03-26,1,0.31,0.35,0.34348062,2
2018-03-26,5,0.34,0.35,0.3498069,2
2018-03-26,20,0.43,0.35,0.30932125,2
2018-03-27,1,0.31,0.31,0.30676866,2
2018-03-27,5,0.34,0.31,0.3091363,2
2018-03-27,20,0.43,0.31,0.28394738,2
2018-03-28,1,0.32,0.31,0.30744848,2
2018-03-28,5,0.36,0.31,0.31051412,2
2018-03-28,20,0.44,0.31,0.2880477,2
2018-03-29,1,0.32,0.32,0.31871703,2
2018-03-29,5,0.37,0.32,0.31966043,2
2018-03-29,20,0.44,0.32,0.30170727,2
2018-03-30,1,0.34,0.32,0.31854105,2
2018-03-30,5,0.35,0.32,0.3183367,2
2018-03-30,20,0.43,0.32,0.30288866,2
2018-04-02,1,0.34,0.34,0.33927056,2
2018-04-02,5,0.35,0.34,0.33782077,2
2018-04-02,20,0.41,0.34,0.3234704,2
2018-04-03,1,0.36,0.34,0.3391007,2
2018-04-03,5,0.36,0.34,0.3365867,2
2018-04-03,20,0.42,0.34,0.3252769,2
2018-04-04,1,0.37,0.36,0.35862952,2
2018-04-04,5,0.35,0.36,0.3556619,2
2018-04-04,20,0.42,0.36,0.3467648,2
2018-04-05,1,0.35,0.37,0.36868018,2
2018-04-05,5,0.39,0.37,0.36620778,2
2018-04-05,20,0.41,0.37,0.35590023,2
2018-04-06,1,0.35,0.35,0.34886292,2
2018-04-06,5,0.37,0.35,0.3459934,2
2018-04-06,20,0.42,0.35,0.33585763,2
2018-04-09,1,0.36,0.35,0.3486399,2
2018-04-09,5,0.4,0.35,0.34811538,2
2018-04-09,20,0.41,0.35,0.33496508,2
2018-04-10,1,0.35,0.36,0.3589491,2
2018-04-10,5,0.36,0.36,0.35769263,2
2018-04-10,20,0.42,0.36,0.346234,2
2018-04-11,1,0.39,0.35,0.3482833,2
2018-04-11,5,0.4,0.35,0.3468271,2
2018-04-11,20,0.44,0.35,0.33603165,2
2018-04-12,1,0.37,0.39,0.38880858,2
2018-04-12,5,0.41,0.39,0.38812694,2
2018-04-12,20,0.43,0.39,0.37676942,2
2018-04-13,1,0.4,0.37,0.36929324,2
2018-04-13,5,0.4,0.37,0.3663883,2
2018-04-13,20,0.42,0.37,0.3568726,2
2018-04-16,1,0.36,0.4,0.39938608,2
2018-04-16,5,0.43,0.4,0.39774907,2
2018-04-16,20,0.43,0.4,0.38628826,2
2018-04-17,1,0.4,0.36,0.3589464,2
2018-04-17,5,0.43,0.36,0.35615116,2
2018-04-17,20,0.44,0.36,0.34602848,2
2018-04-18,1,0.41,0.4,0.39930266,2
2018-04-18,5,0.44,0.4,0.39829612,2
2018-04-18,20,0.45,0.4,0.38652423,2
2018-04-19,1,0.4,0.41,0.41005424,2
2018-04-19,5,0.44,0.41,0.40636703,2
2018-04-19,20,0.46,0.41,0.3967961,2
2018-04-20,1,0.43,0.4,0.3999176,2
2018-04-20,5,0.43,0.4,0.3958466,2
2018-04-20,20,0.45,0.4,0.38628897,2
2018-04-23,1,0.43,0.43,0.4296497,2
2018-04-23,5,0.41,0.43,0.42834365,2
2018-04-23,20,0.45,0.43,0.40770718,2
2018-04-24,1,0.44,0.43,0.42984745,2
2018-04-24,5,0.42,0.43,0.4266323,2
2018-04-24,20,0.44,0.43,0.41117537,2
2018-04-25,1,0.44,0.44,0.4391224,2
2018-04-25,5,0.42,0.44,0.43608746,2
2018-04-25,20,0.43,0.44,0.42244285,2
2018-04-26,1,0.43,0.44,0.4394694,2
2018-04-26,5,0.41,0.44,0.43604863,2
2018-04-26,20,0.42,0.44,0.42354238,2
2018-04-27,1,0.41,0.43,0.428698,2
2018-04-27,5,0.42,0.43,0.42668083,2
2018-04-27,20,0.39,0.43,0.4133953,2
2018-04-30,1,0.42,0.41,0.40867427,2
2018-04-30,5,0.41,0.41,0.40774837,2
2018-04-30,20,0.37,0.41,0.39383364,2
2018-05-01,1,0.42,0.42,0.41930896,2
2018-05-01,5,0.42,0.42,0.41862485,2
2018-05-01,20,0.35,0.42,0.40465564,2
2018-05-02,1,0.41,0.42,0.4198352,2
2018-05-02,5,0.44,0.42,0.41778648,2
2018-05-02,20,0.33,0.42,0.40687355,2
2018-05-03,1,0.42,0.41,0.40939713,2
2018-05-03,5,0.43,0.41,0.40756688,2
2018-05-03,20,0.33,0.41,0.39647585,2
2018-05-04,1,0.41,0.42,0.41942126,2
2018-05-04,5,0.42,0.42,0.41841692,2
2018-05-04,20,0.32,0.42,0.40605646,2
2018-05-07,1,0.42,0.41,0.40950987,2
2018-05-07,5,0.43,0.41,0.40740553,2
2018-05-07,20,0.34,0.41,0.39638108,2
2018-05-08,1,0.44,0.42,0.41965607,2
2018-05-08,5,0.44,0.42,0.41789517,2
2018-05-08,20,0.33,0.42,0.40652874,2
2018-05-09,1,0.43,0.44,0.44064954,2
2018-05-09,5,0.45,0.44,0.43769306,2
2018-05-09,20,0.36,0.44,0.42625928,2
2018-05-10,1,0.42,0.43,0.42871013,2
2018-05-10,5,0.46,0.43,0.42542177,2
2018-05-10,20,0.37,0.43,0.41562408,2
2018-05-11,1,0.43,0.42,0.41818646,2
2018-05-11,5,0.45,0.42,0.41680703,2
2018-05-11,20,0.39,0.42,0.40503347,2
2018-05-14,1,0.44,0.43,0.42923188,2
2018-05-14,5,0.45,0.43,0.42822412,2
2018-05-14,20,0.41,0.43,0.41648737,2
2018-05-15,1,0.45,0.44,0.43956068,2
2018-05-15,5,0.44,0.44,0.43755737,2
2018-05-15,20,0.4,0.44,0.42706546,2
2018-05-16,1,0.46,0.45,0.4508746,2
2018-05-16,5,0.43,0.45,0.447224,2
2018-05-16,20,0.38,0.45,0.4370826,2
2018-05-17,1,0.45,0.46,0.4590134,2
2018-05-17,5,0.42,0.46,0.4559732,2
2018-05-17,20,0.34,0.46,0.44623008,2
2018-05-18,1,0.45,0.45,0.4490824,2
2018-05-18,5,0.39,0.45,0.44621518,2
2018-05-18,20,0.33,0.45,0.43610972,2
2018-05-21,1,0.44,0.45,0.449823,2
2018-05-21,5,0.37,0.45,0.44792804,2
2018-05-21,20,0.33,0.45,0.43842012,2
2018-05-22,1,0.43,0.44,0.4395426,2
2018-05-22,5,0.35,0.44,0.4371738,2
2018-05-22,20,0.31,0.44,0.4278483,2
2018-05-23,1,0.42,0.43,0.4287181,2
2018-05-23,5,0.33,0.43,0.4270544,2
2018-05-23,20,0.33,0.43,0.41710222,2
2018-05-24,1,0.39,0.42,0.41992277,2
2018-05-24,5,0.33,0.42,0.41930392,2
2018-05-24,20,0.32,0.42,0.40626127,2
2018-05-25,1,0.37,0.39,0.38974574,2
2018-05-25,5,0.32,0.39,0.389094,2
2018-05-25,20,0.33,0.39,0.3762729,2
2018-05-28,1,0.35,0.37,0.37049264,2
2018-05-28,5,0.34,0.37,0.37077847,2
2018-05-28,20,0.32,0.37,0.35571942,2
2018-05-29,1,0.33,0.35,0.35061255,2
2018-05-29,5,0.33,0.35,0.35021114,2
2018-05-29,20,0.3,0.35,0.3368702,2
2018-05-30,1,0.33,0.33,0.32882175,2
2018-05-30,5,0.36,0.33,0.33203194,2
2018-05-30,20,0.29,0.33,0.312588,2
2018-05-31,1,0.32,0.33,0.32938668,2
2018-05-31,5,0.37,0.33,0.32883945,2
2018-05-31,20,0.28,0.33,0.3179303,2
2018-06-01,1,0.34,0.32,0.32032508,2
2018-06-01,5,0.39,0.32,0.31932604,2
2018-06-01,20,0.26,0.32,0.3076301,2
2018-06-04,1,0.33,0.34,0.3408191,2
2018-06-04,5,0.41,0.34,0.33863285,2
2018-06-04,20,0.26,0.34,0.32839498,2
2018-06-05,1,0.36,0.33,0.32988986,2
2018-06-05,5,0.4,0.33,0.3267523,2
2018-06-05,20,0.25,0.33,0.31777748,2
2018-06-06,1,0.37,0.36,0.3601022,2
2018-06-06,5,0.38,0.36,0.35830265,2
2018-06-06,20,0.25,0.36,0.34646037,2
2018-06-07,1,0.39,0.37,0.36891553,2
2018-06-07,5,0.34,0.37,0.3656223,2
2018-06-07,20,0.23,0.37,0.35609758,2
2018-06-08,1,0.41,0.39,0.38914895,2
2018-06-08,5,0.33,0.39,0.3869217,2
2018-06-08,20,0.22,0.39,0.37505752,2
2018-06-11,1,0.4,0.41,0.40882456,2
2018-06-11,5,0.33,0.41,0.4057494,2
2018-06-11,20,0.22,0.41,0.39486644,2
2018-06-12,1,0.38,0.4,0.39938998,2
2018-06-12,5,0.31,0.4,0.39530087,2
2018-06-12,20,0.22,0.4,0.38517958,2
2018-06-13,1,0.34,0.38,0.37934873,2
2018-06-13,5,0.33,0.38,0.37653098,2
2018-06-13,20,0.19,0.38,0.36499378,2
2018-06-14,1,0.33,0.34,0.33951798,2
2018-06-14,5,0.32,0.34,0.3375975,2
2018-06-14,20,0.22,0.34,0.32618198,2
2018-06-15,1,0.33,0.33,0.32687628,2
2018-06-15,5,0.33,0.33,0.32701996,2
2018-06-15,20,0.22,0.33,0.31924978,2
2018-06-18,1,0.31,0.33,0.32772756,2
2018-06-18,5,0.32,0.33,0.32779512,2
2018-06-18,20,0.21,0.33,0.31437835,2
2018-06-19,1,0.33,0.31,0.3083077,2
2018-06-19,5,0.3,0.31,0.30785695,2
2018-06-19,20,0.2,0.31,0.2932237,2
2018-06-20,1,0.32,0.33,0.3289835,2
2018-06-20,5,0.29,0.33,0.3292385,2
2018-06-20,20,0.21,0.33,0.31348056,2
2018-06-21,1,0.33,0.32,0.31922194,2
2018-06-21,5,0.28,0.32,0.3167003,2
2018-06-21,20,0.18,0.32,0.30511755,2
2018-06-22,1,0.32,0.33,0.32886076,2
2018-06-22,5,0.26,0.33,0.3276955,2
2018-06-22,20,0.21,0.33,0.31375468,2
2018-06-25,1,0.3,0.32,0.31896865,2
2018-06-25,5,0.26,0.32,0.31675452,2
2018-06-25,20,0.23,0.32,0.30440465,2
2018-06-26,1,0.29,0.3,0.29894522,2
2018-06-26,5,0.25,0.3,0.2976185,2
2018-06-26,20,0.22,0.3,0.28445828,2
2018-06-27,1,0.28,0.29,0.28969243,2
2018-06-27,5,0.25,0.29,0.28839958,2
2018-06-27,20,0.23,0.29,0.276107,2
2018-06-28,1,0.26,0.28,0.2794899,2
2018-06-28,5,0.23,0.28,0.27922872,2
2018-06-28,20,0.23,0.28,0.26475567,2
2018-06-29,1,0.26,0.26,0.2596077,2
2018-06-29,5,0.22,0.26,0.25852132,2
2018-06-29,20,0.23,0.26,0.2467921,2
2018-07-02,1,0.25,0.26,0.25922006,2
2018-07-02,5,0.22,0.26,0.25876006,2
2018-07-02,20,0.25,0.26,0.24778359,2
2018-07-03,1,0.25,0.25,0.24992359,2
2018-07-03,5,0.22,0.25,0.24903283,2
2018-07-03,20,0.24,0.25,0.2384408,2
2018-07-04,1,0.23,0.25,0.24950719,2
2018-07-04,5,0.19,0.25,0.24939984,2
2018-07-04,20,0.28,0.25,0.23747297,2
2018-07-05,1,0.22,0.23,0.2296616,2
2018-07-05,5,0.22,0.23,0.22869791,2
2018-07-05,20,0.28,0.23,0.21768226,2
2018-07-06,1,0.22,0.22,0.21996844,2
2018-07-06,5,0.22,0.22,0.21907653,2
2018-07-06,20,0.26,0.22,0.20825145,2
2018-07-09,1,0.22,0.22,0.21961422,2
2018-07-09,5,0.21,0.22,0.21920177,2
2018-07-09,20,0.26,0.22,0.20784351,2
2018-07-10,1,0.19,0.22,0.22006181,2
2018-07-10,5,0.2,0.22,0.21842892,2
2018-07-10,20,0.24,0.22,0.20841971,2
2018-07-11,1,0.22,0.19,0.19017129,2
2018-07-11,5,0.21,0.19,0.18832672,2
2018-07-11,20,0.23,0.19,0.17785612,2
2018-07-12,1,0.22,0.22,0.21862656,2
2018-07-12,5,0.18,0.22,0.22037086,2
2018-07-12,20,0.22,0.22,0.20420517,2
2018-07-13,1,0.21,0.22,0.21806727,2
2018-07-13,5,0.21,0.22,0.21686195,2
2018-07-13,20,0.19,0.22,0.2044815,2
2018-07-16,1,0.2,0.21,0.20878015,2
2018-07-16,5,0.23,0.21,0.2069528,2
2018-07-16,20,0.19,0.21,0.1958253,2
2018-07-17,1,0.21,0.2,0.19926344,2
2018-07-17,5,0.22,0.2,0.19713646,2
2018-07-17,20,0.19,0.2,0.1875986,2
2018-07-18,1,0.18,0.21,0.21027213,2
2018-07-18,5,0.23,0.21,0.20839392,2
2018-07-18,20,0.18,0.21,0.19801565,2
2018-07-19,1,0.21,0.18,0.18007594,2
2018-07-19,5,0.23,0.18,0.17748518,2
2018-07-19,20,0.17,0.18,0.16784671,2
2018-07-20,1,0.23,0.21,0.21018313,2
2018-07-20,5,0.23,0.21,0.20960861,2
2018-07-20,20,0.15,0.21,0.19669375,2
2018-07-23,1,0.22,0.23,0.22733346,2
2018-07-23,5,0.25,0.23,0.22870786,2
2018-07-23,20,0.15,0.23,0.20704831,2
2018-07-24,1,0.23,0.22,0.21893811,2
2018-07-24,5,0.24,0.22,0.21806258,2
2018-07-24,20,0.16,0.22,0.2019516,2
2018-07-25,1,0.23,0.23,0.22880988,2
2018-07-25,5,0.28,0.23,0.22840841,2
2018-07-25,20,0.14,0.23,0.21339013,2
2018-07-26,1,0.23,0.23,0.22802363,2
2018-07-26,5,0.28,0.23,0.22727984,2
2018-07-26,20,0.13,0.23,0.21427932,2
2018-07-27,1,0.25,0.23,0.22885495,2
2018-07-27,5,0.26,0.23,0.22747989,2
2018-07-27,20,0.13,0.23,0.21590775,2
2018-07-30,1,0.24,0.25,0.2488675,2
2018-07-30,5,0.26,0.25,0.2479395,2
2018-07-30,20,0.15,0.25,0.23581614,2
2018-07-31,1,0.28,0.24,0.23867853,2
2018-07-31,5,0.24,0.24,0.23658259,2
2018-07-31,20,0.17,0.24,0.22589771,2
2018-08-01,1,0.28,0.28,0.27894664,2
2018-08-01,5,0.23,0.28,0.27772576,2
2018-08-01,20,0.18,0.28,0.26582915,2
2018-08-02,1,0.26,0.28,0.27897498,2
2018-08-02,5,0.22,0.28,0.27559072,2
2018-08-02,20,0.17,0.28,0.26593655,2
2018-08-03,1,0.26,0.26,0.2589533,2
2018-08-03,5,0.19,0.26,0.2565777,2
2018-08-03,20,0.16,0.26,0.24513046,2
2018-08-06,1,0.24,0.26,0.2588239,2
2018-08-06,5,0.19,0.26,0.25770304,2
2018-08-06,20,0.16,0.26,0.24543358,2
2018-08-07,1,0.23,0.24,0.23923212,2
2018-08-07,5,0.19,0.24,0.237925,2
2018-08-07,20,0.18,0.24,0.22612076,2
2018-08-08,1,0.22,0.23,0.23044474,2
2018-08-08,5,0.18,0.23,0.22880776,2
2018-08-08,20,0.19,0.23,0.2173751,2
2018-08-09,1,0.19,0.22,0.22007264,2
2018-08-09,5,0.17,0.22,0.21917726,2
2018-08-09,20,0.17,0.22,0.2069399,2
2018-08-10,1,0.19,0.19,0.18951207,2
2018-08-10,5,0.15,0.19,0.18903223,2
2018-08-10,20,0.18,0.19,0.17668429,2
2018-08-13,1,0.19,0.19,0.19020048,2
2018-08-13,5,0.15,0.19,0.19095352,2
2018-08-13,20,0.17,0.19,0.17594258,2
2018-08-14,1,0.18,0.19,0.19032288,2
2018-08-14,5,0.16,0.19,0.18925443,2
2018-08-14,20,0.19,0.19,0.17682323,2
2018-08-15,1,0.17,0.18,0.17953777,2
2018-08-15,5,0.14,0.18,0.17787299,2
2018-08-15,20,0.19,0.18,0.16698173,2
2018-08-16,1,0.15,0.17,0.17003232,2
2018-08-16,5,0.13,0.17,0.16896452,2
2018-08-16,20,0.18,0.17,0.15638858,2
2018-08-17,1,0.15,0.15,0.14998655,2
2018-08-17,5,0.13,0.15,0.14844772,2
2018-08-17,20,0.21,0.15,0.13786636,2
2018-08-20,1,0.16,0.15,0.14569049,2
2018-08-20,5,0.15,0.15,0.1518348,2
2018-08-20,20,0.21,0.15,0.10940796,2
2018-08-21,1,0.14,0.16,0.15709276,2
2018-08-21,5,0.17,0.16,0.16191216,2
2018-08-21,20,0.23,0.16,0.13368207,2
2018-08-22,1,0.13,0.14,0.13805632,2
2018-08-22,5,0.18,0.14,0.1396258,2
2018-08-22,20,0.25,0.14,0.120515466,2
2018-08-23,1,0.13,0.13,0.12844464,2
2018-08-23,5,0.17,0.13,0.12990758,2
2018-08-23,20,0.24,0.13,0.113170445,2
2018-08-24,1,0.15,0.13,0.1296464,2
2018-08-24,5,0.16,0.13,0.13000341,2
2018-08-24,20,0.25,0.13,0.11499035,2
2018-08-27,1,0.17,0.15,0.14922145,2
2018-08-27,5,0.16,0.15,0.14870663,2
2018-08-27,20,0.25,0.15,0.1358802,2
2018-08-28,1,0.18,0.17,0.16892321,2
2018-08-28,5,0.18,0.17,0.1669066,2
2018-08-28,20,0.26,0.17,0.1560699,2
2018-08-29,1,0.17,0.18,0.17850798,2
2018-08-29,5,0.19,0.18,0.17602475,2
2018-08-29,20,0.23,0.18,0.16561474,2
2018-08-30,1,0.16,0.17,0.16902997,2
2018-08-30,5,0.17,0.17,0.16667084,2
2018-08-30,20,0.22,0.17,0.15587114,2
2018-08-31,1,0.16,0.16,0.15943773,2
2018-08-31,5,0.18,0.16,0.15807083,2
2018-08-31,20,0.21,0.16,0.14536086,2
2018-09-03,1,0.18,0.16,0.16039915,2
2018-09-03,5,0.17,0.16,0.15879,2
2018-09-03,20,0.22,0.16,0.1447787,2
2018-09-04,1,0.19,0.18,0.17979157,2
2018-09-04,5,0.19,0.18,0.1778089,2
2018-09-04,20,0.19,0.18,0.1656991,2
2018-09-05,1,0.17,0.19,0.19085564,2
2018-09-05,5,0.19,0.19,0.18671365,2
2018-09-05,20,0.23,0.19,0.17622289,2
2018-09-06,1,0.18,0.17,0.16951293,2
2018-09-06,5,0.18,0.17,0.16597123,2
2018-09-06,20,0.25,0.17,0.15525655,2
2018-09-07,1,0.17,0.18,0.17934595,2
2018-09-07,5,0.21,0.18,0.17746642,2
2018-09-07,20,0.28,0.18,0.1649395,2
2018-09-10,1,0.19,0.17,0.16954923,2
2018-09-10,5,0.21,0.17,0.16642816,2
2018-09-10,20,0.28,0.17,0.15612534,2
2018-09-11,1,0.19,0.19,0.18946555,2
2018-09-11,5,0.23,0.19,0.18763958,2
2018-09-11,20,0.26,0.19,0.17610429,2
2018-09-12,1,0.18,0.19,0.18929964,2
2018-09-12,5,0.25,0.19,0.1864089,2
2018-09-12,20,0.26,0.19,0.17638567,2
2018-09-13,1,0.21,0.18,0.17798449,2
2018-09-13,5,0.24,0.18,0.17641264,2
2018-09-13,20,0.22,0.18,0.16505663,2
2018-09-14,1,0.21,0.21,0.20886855,2
2018-09-14,5,0.25,0.21,0.2081007,2
2018-09-14,20,0.22,0.21,0.19647239,2
2018-09-17,1,0.23,0.21,0.20945008,2
2018-09-17,5,0.25,0.21,0.20697258,2
2018-09-17,20,0.2,0.21,0.1966397,2
2018-09-18,1,0.25,0.23,0.22915812,2
2018-09-18,5,0.26,0.23,0.22691008,2
2018-09-18,20,0.19,0.23,0.21603055,2
2018-09-19,1,0.24,0.25,0.24925876,2
2018-09-19,5,0.23,0.25,0.24582674,2
2018-09-19,20,0.2,0.25,0.23635836,2
2018-09-20,1,0.25,0.24,0.2387216,2
2018-09-20,5,0.22,0.24,0.23540585,2
2018-09-20,20,0.18,0.24,0.2257757,2
2018-09-21,1,0.25,0.25,0.24855089,2
2018-09-21,5,0.21,0.25,0.24677579,2
2018-09-21,20,0.2,0.25,0.2355208,2
2018-09-24,1,0.26,0.25,0.2494187,2
2018-09-24,5,0.22,0.25,0.24628739,2
2018-09-24,20,0.19,0.25,0.24139497,2
2018-09-25,1,0.23,0.26,0.25948754,2
2018-09-25,5,0.19,0.26,0.25641003,2
2018-09-25,20,0.18,0.26,0.25099075,2
2018-09-26,1,0.22,0.23,0.22955291,2
2018-09-26,5,0.23,0.23,0.22627285,2
2018-09-26,20,0.13,0.23,0.21863802,2
2018-09-27,1,0.21,0.22,0.21964341,2
2018-09-27,5,0.25,0.22,0.21871093,2
2018-09-27,20,0.14,0.22,0.20693833,2
2018-09-28,1,0.22,0.21,0.20685023,2
2018-09-28,5,0.28,0.21,0.20758295,2
2018-09-28,20,0.13,0.21,0.19963238,2
2018-10-01,1,0.19,0.22,0.21594498,2
2018-10-01,5,0.28,0.22,0.21639413,2
2018-10-01,20,0.13,0.22,0.2044765,2
2018-10-02,1,0.23,0.19,0.18684188,2
2018-10-02,5,0.26,0.19,0.18560302,2
2018-10-02,20,0.14,0.19,0.17438793,2
2018-10-03,1,0.25,0.23,0.22836751,2
2018-10-03,5,0.26,0.23,0.22916073,2
2018-10-03,20,0.16,0.23,0.21487035,2
2018-10-04,1,0.28,0.25,0.24949509,2
2018-10-04,5,0.22,0.25,0.24643727,2
2018-10-04,20,0.16,0.25,0.23604023,2
2018-10-05,1,0.28,0.28,0.279868,2
2018-10-05,5,0.22,0.28,0.27593318,2
2018-10-05,20,0.18,0.28,0.2658092,2
2018-10-08,1,0.26,0.28,0.2795783,2
2018-10-08,5,0.2,0.28,0.27440912,2
2018-10-08,20,0.18,0.28,0.2655869,2
2018-10-09,1,0.26,0.26,0.2590127,2
2018-10-09,5,0.19,0.26,0.25522476,2
2018-10-09,20,0.18,0.26,0.24445379,2
2018-10-10,1,0.22,0.26,0.259302,2
2018-10-10,5,0.2,0.26,0.2574028,2
2018-10-10,20,0.17,0.26,0.24448776,2
2018-10-11,1,0.22,0.22,0.2196344,2
2018-10-11,5,0.18,0.22,0.21745698,2
2018-10-11,20,0.18,0.22,0.20535778,2
2018-10-12,1,0.2,0.22,0.2195844,2
2018-10-12,5,0.2,0.22,0.22048956,2
2018-10-12,20,0.17,0.22,0.20444824,2
2018-10-15,1,0.19,0.2,0.19970246,2
2018-10-15,5,0.19,0.2,0.19886631,2
2018-10-15,20,0.17,0.2,0.18613051,2
2018-10-16,1,0.2,0.19,0.18968645,2
2018-10-16,5,0.18,0.19,0.18888326,2
2018-10-16,20,0.15,0.19,0.1772884,2
2018-10-17,1,0.18,0.2,0.19939059,2
2018-10-17,5,0.13,0.2,0.19885886,2
2018-10-17,20,0.15,0.2,0.18762839,2
2018-10-18,1,0.2,0.18,0.18020672,2
2018-10-18,5,0.14,0.18,0.17823268,2
2018-10-18,20,0.14,0.18,0.16857345,2
2018-10-19,1,0.19,0.2,0.20031226,2
2018-10-19,5,0.13,0.2,0.19951428,2
2018-10-19,20,0.14,0.2,0.18686706,2
2018-10-22,1,0.18,0.19,0.19001612,2
2018-10-22,5,0.13,0.19,0.18830636,2
2018-10-22,20,0.14,0.19,0.18636024,2
2018-10-23,1,0.13,0.18,0.17985256,2
2018-10-23,5,0.14,0.18,0.17697948,2
2018-10-23,20,0.13,0.18,0.17748046,2
2018-10-24,1,0.14,0.13,0.12943065,2
2018-10-24,5,0.16,0.13,0.12791178,2
2018-10-24,20,0.12,0.13,0.12345459,2
2018-10-25,1,0.13,0.14,0.13839947,2
2018-10-25,5,0.16,0.14,0.13892971,2
2018-10-25,20,0.12,0.14,0.12638028,2
2018-10-26,1,0.13,0.13,0.12913138,2
2018-10-26,5,0.18,0.13,0.12750405,2
2018-10-26,20,0.11,0.13,0.11689216,2
2018-10-29,1,0.14,0.13,0.12942047,2
2018-10-29,5,0.18,0.13,0.12832065,2
2018-10-29,20,0.11,0.13,0.11653362,2
2018-10-30,1,0.16,0.14,0.1399068,2
2018-10-30,5,0.18,0.14,0.13770162,2
2018-10-30,20,0.11,0.14,0.12778717,2
2018-10-31,1,0.16,0.16,0.16024245,2
2018-10-31,5,0.17,0.16,0.15683678,2
2018-10-31,20,0.12,0.16,0.14822939,2
2018-11-01,1,0.18,0.16,0.15990932,2
2018-11-01,5,0.18,0.16,0.15594561,2
2018-11-01,20,0.11,0.16,0.14761603,2
2018-11-02,1,0.18,0.18,0.17889726,2
2018-11-02,5,0.17,0.18,0.17626446,2
2018-11-02,20,0.11,0.18,0.16647097,2
2018-11-05,1,0.18,0.18,0.17989294,2
2018-11-05,5,0.17,0.18,0.17615555,2
2018-11-05,20,0.08,0.18,0.16621882,2
2018-11-06,1,0.17,0.18,0.17903309,2
2018-11-06,5,0.15,0.18,0.1766099,2
2018-11-06,20,0.06,0.18,0.166645,2
2018-11-07,1,0.18,0.17,0.16962413,2
2018-11-07,5,0.15,0.17,0.16722003,2
2018-11-07,20,0.07,0.17,0.15648812,2
2018-11-08,1,0.17,0.18,0.17914829,2
2018-11-08,5,0.14,0.18,0.17752895,2
2018-11-08,20,0.09,0.18,0.166441,2
2018-11-09,1,0.17,0.17,0.16955629,2
2018-11-09,5,0.14,0.17,0.16727135,2
2018-11-09,20,0.07,0.17,0.15663609,2
2018-11-12,1,0.15,0.17,0.17008677,2
2018-11-12,5,0.14,0.17,0.16901971,2
2018-11-12,20,0.04,0.17,0.15434237,2
2018-11-13,1,0.15,0.15,0.14971673,2
2018-11-13,5,0.13,0.15,0.14779478,2
2018-11-13,20,0.04,0.15,0.13552311,2
2018-11-14,1,0.14,0.15,0.14953947,2
2018-11-14,5,0.12,0.15,0.1491335,2
2018-11-14,20,0.06,0.15,0.1359681,2
2018-11-15,1,0.14,0.14,0.13931441,2
2018-11-15,5,0.12,0.14,0.13841385,2
2018-11-15,20,0.09,0.14,0.12590076,2
2018-11-16,1,0.14,0.14,0.13926151,2
2018-11-16,5,0.11,0.14,0.13818835,2
2018-11-16,20,0.08,0.14,0.12638474,2
2018-11-19,1,0.13,0.14,0.1388359,2
2018-11-19,5,0.11,0.14,0.13805918,2
2018-11-19,20,0.09,0.14,0.12606086,2
2018-11-20,1,0.12,0.13,0.12959541,2
2018-11-20,5,0.11,0.13,0.1283433,2
2018-11-20,20,0.09,0.13,0.11639549,2
2018-11-21,1,0.12,0.12,0.120596215,2
2018-11-21,5,0.12,0.12,0.11887955,2
2018-11-21,20,0.08,0.12,0.10651115,2
2018-11-22,1,0.11,0.12,0.12017938,2
2018-11-22,5,0.11,0.12,0.118519485,2
2018-11-22,20,0.08,0.12,0.10675425,2
2018-11-23,1,0.11,0.11,0.10919034,2
2018-11-23,5,0.11,0.11,0.107575476,2
2018-11-23,20,0.08,0.11,0.09671686,2
2018-11-26,1,0.11,0.11,0.108550124,2
2018-11-26,5,0.08,0.11,0.1101607,2
2018-11-26,20,0.07,0.11,0.08504403,2
2018-11-27,1,0.12,0.11,0.10927847,2
2018-11-27,5,0.06,0.11,0.109476864,2
2018-11-27,20,0.07,0.11,0.09088099,2
2018-11-28,1,0.11,0.12,0.119724624,2
2018-11-28,5,0.07,0.12,0.11927797,2
2018-11-28,20,0.07,0.12,0.10295528,2
2018-11-29,1,0.11,0.11,0.109406635,2
2018-11-29,5,0.09,0.11,0.10784062,2
2018-11-29,20,0.09,0.11,0.09421522,2
2018-11-30,1,0.08,0.11,0.10886921,2
2018-11-30,5,0.07,0.11,0.10799113,2
2018-11-30,20,0.09,0.11,0.0945219,2
2018-12-03,1,0.06,0.08,0.07937108,2
2018-12-03,5,0.04,0.08,0.0781915,2
2018-12-03,20,0.1,0.08,0.065071985,2
2018-12-04,1,0.07,0.06,0.058757886,2
2018-12-04,5,0.04,0.06,0.058709145,2
2018-12-04,20,0.1,0.06,0.044946488,2
2018-12-05,1,0.09,0.07,0.06937007,2
2018-12-05,5,0.06,0.07,0.07041457,2
2018-12-05,20,0.06,0.07,0.056365855,2
2018-12-06,1,0.07,0.09,0.091088355,2
2018-12-06,5,0.09,0.09,0.08961271,2
2018-12-06,20,0.06,0.09,0.07604088,2
2018-12-07,1,0.04,0.07,0.06997989,2
2018-12-07,5,0.08,0.07,0.06790446,2
2018-12-07,20,0.08,0.07,0.054836288,2
2018-12-10,1,0.04,0.04,0.038855862,2
2018-12-10,5,0.09,0.04,0.037258737,2
2018-12-10,20,0.07,0.04,0.024135333,2
2018-12-11,1,0.06,0.04,0.040612716,2
2018-12-11,5,0.09,0.04,0.039441302,2
2018-12-11,20,0.07,0.04,0.026764464,2
2018-12-12,1,0.09,0.06,0.06078985,2
2018-12-12,5,0.08,0.06,0.058613017,2
2018-12-12,20,0.07,0.06,0.046453223,2
2018-12-13,1,0.08,0.09,0.08946457,2
2018-12-13,5,0.08,0.09,0.08663781,2
2018-12-13,20,0.07,0.09,0.07635083,2
2018-12-14,1,0.09,0.08,0.079268135,2
2018-12-14,5,0.08,0.08,0.075860746,2
2018-12-14,20,0.06,0.08,0.06584497,2
2018-12-17,1,0.09,0.09,0.08936713,2
2018-12-17,5,0.07,0.09,0.08715905,2
2018-12-17,20,0.08,0.09,0.07526909,2
2018-12-18,1,0.08,0.09,0.08899617,2
2018-12-18,5,0.07,0.09,0.08702907,2
2018-12-18,20,0.08,0.09,0.0759144,2
2018-12-19,1,0.08,0.08,0.079328515,2
2018-12-19,5,0.07,0.08,0.07779902,2
2018-12-19,20,0.07,0.08,0.064724505,2
2018-12-20,1,0.08,0.08,0.07925108,2
2018-12-20,5,0.09,0.08,0.07893505,2
2018-12-20,20,0.09,0.08,0.07502457,2
2018-12-21,1,0.07,0.08,0.07729579,2
2018-12-21,5,0.09,0.08,0.0768153,2
2018-12-21,20,0.09,0.08,0.08005533,2
2018-12-24,1,0.07,0.07,0.06694997,2
2018-12-24,5,0.1,0.07,0.06570241,2
2018-12-24,20,0.09,0.07,0.058823574,2
2018-12-25,1,0.07,0.07,0.06759533,2
2018-12-25,5,0.1,0.07,0.06746244,2
2018-12-25,20,0.07,0.07,0.055109203,2
2018-12-26,1,0.09,0.07,0.06849276,2
2018-12-26,5,0.06,0.07,0.06713056,2
2018-12-26,20,0.07,0.07,0.05541165,2
2018-12-27,1,0.09,0.09,0.089575104,2
2018-12-27,5,0.06,0.09,0.08671176,2
2018-12-27,20,0.07,0.09,0.07679941,2
2018-12-28,1,0.1,0.09,0.08924158,2
2018-12-28,5,0.08,0.09,0.0867692,2
2018-12-28,20,0.09,0.09,0.075216174,2
2018-12-31,1,0.1,0.1,0.09869231,2
2018-12-31,5,0.07,0.1,0.09702422,2
2018-12-31,20,0.09,0.1,0.08415805,2
2019-01-01,1,0.06,0.1,0.09880377,2
2019-01-01,5,0.07,0.1,0.096709885,2
2019-01-01,20,0.09,0.1,0.08426638,2
2019-01-02,1,0.06,0.06,0.059242252,2
2019-01-02,5,0.07,0.06,0.05668649,2
2019-01-02,20,0.1,0.06,0.04512381,2
2019-01-03,1,0.08,0.06,0.059292167,2
2019-01-03,5,0.07,0.06,0.05866859,2
2019-01-03,20,0.11,0.06,0.046153314,2
2019-01-04,1,0.07,0.08,0.07784673,2
2019-01-04,5,0.06,0.08,0.07930998,2
2019-01-04,20,0.13,0.08,0.063780725,2
2019-01-07,1,0.07,0.07,0.06901723,2
2019-01-07,5,0.08,0.07,0.06745504,2
2019-01-07,20,0.12,0.07,0.05673652,2
2019-01-08,1,0.07,0.07,0.068853624,2
2019-01-08,5,0.08,0.07,0.06804138,2
2019-01-08,20,0.11,0.07,0.05733396,2
2019-01-09,1,0.07,0.07,0.069404006,2
2019-01-09,5,0.07,0.07,0.068549305,2
2019-01-09,20,0.11,0.07,0.058092654,2
2019-01-10,1,0.06,0.07,0.06891691,2
2019-01-10,5,0.09,0.07,0.06813629,2
2019-01-10,20,0.11,0.07,0.057546664,2
2019-01-11,1,0.08,0.06,0.059467643,2
2019-01-11,5,0.09,0.06,0.058560915,2
2019-01-11,20,0.11,0.06,0.047609095,2
2019-01-14,1,0.08,0.08,0.07961589,2
2019-01-14,5,0.09,0.08,0.0790315,2
2019-01-14,20,0.12,0.08,0.066942126,2
2019-01-15,1,0.07,0.08,0.079468064,2
2019-01-15,5,0.07,0.08,0.077340715,2
2019-01-15,20,0.12,0.08,0.066582285,2
2019-01-16,1,0.09,0.07,0.06950001,2
2019-01-16,5,0.07,0.07,0.067008436,2
2019-01-16,20,0.12,0.07,0.056425765,2
2019-01-17,1,0.09,0.09,0.089483164,2
2019-01-17,5,0.07,0.09,0.08741998,2
2019-01-17,20,0.11,0.09,0.076720804,2
2019-01-18,1,0.09,0.09,0.08990914,2
2019-01-18,5,0.09,0.09,0.08672799,2
2019-01-18,20,0.11,0.09,0.07663399,2
2019-01-21,1,0.07,0.09,0.08735596,2
2019-01-21,5,0.09,0.09,0.08918134,2
2019-01-21,20,0.11,0.09,0.05958503,2
2019-01-22,1,0.07,0.07,0.06867744,2
2019-01-22,5,0.09,0.07,0.069507994,2
2019-01-22,20,0.12,0.07,0.047702655,2
2019-01-23,1,0.07,0.07,0.06889656,2
2019-01-23,5,0.1,0.07,0.07028964,2
2019-01-23,20,0.12,0.07,0.050585672,2
2019-01-24,1,0.09,0.07,0.069336854,2
2019-01-24,5,0.11,0.07,0.068814196,2
2019-01-24,20,0.12,0.07,0.053727977,2
2019-01-25,1,0.09,0.09,0.08890002,2
2019-01-25,5,0.13,0.09,0.088604204,2
2019-01-25,20,0.11,0.09,0.073971316,2
2019-01-28,1,0.09,0.09,0.08838007,2
2019-01-28,5,0.12,0.09,0.08627627,2
2019-01-28,20,0.11,0.09,0.074876525,2
2019-01-29,1,0.1,0.09,0.08890895,2
2019-01-29,5,0.11,0.09,0.08734748,2
2019-01-29,20,0.11,0.09,0.07534825,2
2019-01-30,1,0.11,0.1,0.098982275,2
2019-01-30,5,0.11,0.1,0.09777192,2
2019-01-30,20,0.14,0.1,0.08528346,2
2019-01-31,1,0.13,0.11,0.10822484,2
2019-01-31,5,0.11,0.11,0.10686157,2
2019-01-31,20,0.16,0.11,0.095012754,2
2019-02-01,1,0.12,0.13,0.12777932,2
2019-02-01,5,0.11,0.13,0.12727766,2
2019-02-01,20,0.17,0.13,0.11392306,2
2019-02-04,1,0.11,0.12,0.118844196,2
2019-02-04,5,0.12,0.12,0.11604308,2
2019-02-04,20,0.15,0.12,0.10587275,2
2019-02-05,1,0.11,0.11,0.10980759,2
2019-02-05,5,0.12,0.11,0.10751565,2
2019-02-05,20,0.14,0.11,0.09680407,2
2019-02-06,1,0.11,0.11,0.10951794,2
2019-02-06,5,0.12,0.11,0.108160496,2
2019-02-06,20,0.14,0.11,0.09656925,2
2019-02-07,1,0.11,0.11,0.109990805,2
2019-02-07,5,0.11,0.11,0.108327076,2
2019-02-07,20,0.14,0.11,0.09637204,2
2019-02-08,1,0.12,0.11,0.11011386,2
2019-02-08,5,0.11,0.11,0.10885975,2
2019-02-08,20,0.11,0.11,0.0949396,2
2019-02-11,1,0.12,0.12,0.119302586,2
2019-02-11,5,0.11,0.12,0.117616445,2
2019-02-11,20,0.09,0.12,0.10518055,2
2019-02-12,1,0.12,0.12,0.11982749,2
2019-02-12,5,0.12,0.12,0.11671194,2
2019-02-12,20,0.08,0.12,0.105661325,2
2019-02-13,1,0.11,0.12,0.119345576,2
2019-02-13,5,0.12,0.12,0.116287485,2
2019-02-13,20,0.09,0.12,0.1060562,2
2019-02-14,1,0.11,0.11,0.10956554,2
2019-02-14,5,0.12,0.11,0.10683883,2
2019-02-14,20,0.1,0.11,0.09652868,2
2019-02-15,1,0.11,0.11,0.10964864,2
2019-02-15,5,0.11,0.11,0.10865496,2
2019-02-15,20,0.09,0.11,0.09548726,2
2019-02-18,1,0.12,0.11,0.10922079,2
2019-02-18,5,0.11,0.11,0.10767866,2
2019-02-18,20,0.08,0.11,0.09612831,2
2019-02-19,1,0.12,0.12,0.11945371,2
2019-02-19,5,0.11,0.12,0.11770788,2
2019-02-19,20,0.08,0.12,0.106386475,2
2019-02-20,1,0.12,0.12,0.11899957,2
2019-02-20,5,0.14,0.12,0.117100686,2
2019-02-20,20,0.07,0.12,0.10604607,2
2019-02-21,1,0.11,0.12,0.118645735,2
2019-02-21,5,0.16,0.12,0.11691523,2
2019-02-21,20,0.07,0.12,0.10608872,2
2019-02-22,1,0.11,0.11,0.10984759,2
2019-02-22,5,0.17,0.11,0.10757822,2
2019-02-22,20,0.06,0.11,0.09719511,2
2019-02-25,1,0.11,0.11,0.109117016,2
2019-02-25,5,0.15,0.11,0.108261764,2
2019-02-25,20,0.07,0.11,0.09632072,2
2019-02-26,1,0.14,0.11,0.10966056,2
2019-02-26,5,0.14,0.11,0.10793371,2
2019-02-26,20,0.07,0.11,0.0971308,2
2019-02-27,1,0.16,0.14,0.13951918,2
2019-02-27,5,0.14,0.14,0.13823882,2
2019-02-27,20,0.08,0.14,0.1263962,2
2019-02-28,1,0.17,0.16,0.15968332,2
2019-02-28,5,0.14,0.16,0.15670158,2
2019-02-28,20,0.06,0.16,0.155587,2
2019-03-01,1,0.15,0.17,0.16993275,2
2019-03-01,5,0.11,0.17,0.16451241,2
2019-03-01,20,0.07,0.17,0.16654259,2
2019-03-04,1,0.14,0.15,0.15056184,2
2019-03-04,5,0.09,0.15,0.14528634,2
2019-03-04,20,0.1,0.15,0.14204025,2
2019-03-05,1,0.14,0.14,0.14012696,2
2019-03-05,5,0.08,0.14,0.13754658,2
2019-03-05,20,0.1,0.14,0.1283787,2
2019-03-06,1,0.14,0.14,0.14012839,2
2019-03-06,5,0.09,0.14,0.1378518,2
2019-03-06,20,0.11,0.14,0.12764817,2
2019-03-07,1,0.11,0.14,0.14025216,2
2019-03-07,5,0.1,0.14,0.13837515,2
2019-03-07,20,0.11,0.14,0.12618396,2
2019-03-08,1,0.09,0.11,0.1094352,2
2019-03-08,5,0.09,0.11,0.108180806,2
2019-03-08,20,0.11,0.11,0.09514302,2
2019-03-11,1,0.08,0.09,0.089625366,2
2019-03-11,5,0.08,0.09,0.088861495,2
2019-03-11,20,0.12,0.09,0.076213844,2
2019-03-12,1,0.09,0.08,0.08018119,2
2019-03-12,5,0.08,0.08,0.07918602,2
2019-03-12,20,0.12,0.08,0.06768581,2
2019-03-13,1,0.1,0.09,0.08951702,2
2019-03-13,5,0.07,0.09,0.089378774,2
2019-03-13,20,0.1,0.09,0.077252336,2
2019-03-14,1,0.09,0.1,0.099169075,2
2019-03-14,5,0.07,0.1,0.09816128,2
2019-03-14,20,0.13,0.1,0.08718772,2
2019-03-15,1,0.08,0.09,0.089653246,2
2019-03-15,5,0.06,0.09,0.087603495,2
2019-03-15,20,0.15,0.09,0.077421874,2
2019-03-18,1,0.08,0.08,0.07950713,2
2019-03-18,5,0.07,0.08,0.0785048,2
2019-03-18,20,0.15,0.08,0.06646644,2
2019-03-19,1,0.07,0.08,0.07988648,2
2019-03-19,5,0.07,0.08,0.078386575,2
2019-03-19,20,0.15,0.08,0.06720364,2
2019-03-20,1,0.07,0.07,0.06930965,2
2019-03-20,5,0.08,0.07,0.06770912,2
2019-03-20,20,0.14,0.07,0.057251006,2
2019-03-21,1,0.06,0.07,0.06909079,2
2019-03-21,5,0.06,0.07,0.069129944,2
2019-03-21,20,0.15,0.07,0.056790456,2
2019-03-22,1,0.07,0.06,0.059976052,2
2019-03-22,5,0.07,0.06,0.05861071,2
2019-03-22,20,0.15,0.06,0.04671323,2
2019-03-25,1,0.07,0.07,0.068874195,2
2019-03-25,5,0.1,0.07,0.07004395,2
2019-03-25,20,0.17,0.07,0.05124875,2
2019-03-26,1,0.08,0.07,0.0694813,2
2019-03-26,5,0.1,0.07,0.068130866,2
2019-03-26,20,0.18,0.07,0.05221121,2
2019-03-27,1,0.06,0.08,0.07907284,2
2019-03-27,5,0.11,0.08,0.077302344,2
2019-03-27,20,0.16,0.08,0.0639117,2
2019-03-28,1,0.07,0.06,0.059316657,2
2019-03-28,5,0.11,0.06,0.057059903,2
2019-03-28,20,0.15,0.06,0.04565014,2
2019-03-29,1,0.1,0.07,0.069808654,2
2019-03-29,5,0.11,0.07,0.06803693,2
2019-03-29,20,0.14,0.07,0.056096215,2
2019-04-01,1,0.1,0.1,0.09873149,2
2019-04-01,5,0.12,0.1,0.09653777,2
2019-04-01,20,0.16,0.1,0.08833645,2
2019-04-02,1,0.11,0.1,0.099365264,2
2019-04-02,5,0.12,0.1,0.095896594,2
2019-04-02,20,0.15,0.1,0.085221104,2
2019-04-03,1,0.11,0.11,0.10925944,2
2019-04-03,5,0.1,0.11,0.10672208,2
2019-04-03,20,0.13,0.11,0.09529511,2
2019-04-04,1,0.11,0.11,0.109283514,2
2019-04-04,5,0.13,0.11,0.10628153,2
2019-04-04,20,0.14,0.11,0.09600155,2
2019-04-05,1,0.12,0.11,0.109448016,2
2019-04-05,5,0.15,0.11,0.107255206,2
2019-04-05,20,0.13,0.11,0.09578476,2
2019-04-08,1,0.12,0.12,0.11952017,2
2019-04-08,5,0.15,0.12,0.11750157,2
2019-04-08,20,0.11,0.12,0.10567449,2
2019-04-09,1,0.1,0.12,0.118820146,2
2019-04-09,5,0.15,0.12,0.116313785,2
2019-04-09,20,0.1,0.12,0.10584321,2
2019-04-10,1,0.13,0.1,0.0989682,2
2019-04-10,5,0.14,0.1,0.097118124,2
2019-04-10,20,0.11,0.1,0.08585296,2
2019-04-11,1,0.15,0.13,0.129342,2
2019-04-11,5,0.15,0.13,0.12864672,2
2019-04-11,20,0.1,0.13,0.11606354,2
2019-04-12,1,0.15,0.15,0.14997889,2
2019-04-12,5,0.15,0.15,0.14679687,2
2019-04-12,20,0.09,0.15,0.13638186,2
2019-04-15,1,0.15,0.15,0.1492188,2
2019-04-15,5,0.17,0.15,0.14522636,2
2019-04-15,20,0.08,0.15,0.13595209,2
2019-04-16,1,0.14,0.15,0.1492873,2
2019-04-16,5,0.18,0.15,0.14653866,2
2019-04-16,20,0.09,0.15,0.13544333,2
2019-04-17,1,0.15,0.14,0.13970771,2
2019-04-17,5,0.16,0.14,0.13658448,2
2019-04-17,20,0.08,0.14,0.1261934,2
2019-04-18,1,0.15,0.15,0.14642502,2
2019-04-18,5,0.15,0.15,0.15105768,2
2019-04-18,20,0.09,0.15,0.11504644,2
2019-04-19,1,0.17,0.15,0.1478937,2
2019-04-19,5,0.14,0.15,0.1505277,2
2019-04-19,20,0.09,0.15,0.12606618,2
2019-04-22,1,0.18,0.17,0.168089,2
2019-04-22,5,0.16,0.17,0.16904071,2
2019-04-22,20,0.09,0.17,0.15118852,2
2019-04-23,1,0.16,0.18,0.17810708,2
2019-04-23,5,0.15,0.18,0.17714861,2
2019-04-23,20,0.08,0.18,0.16299249,2
2019-04-24,1,0.15,0.16,0.15891771,2
2019-04-24,5,0.13,0.16,0.15748537,2
2019-04-24,20,0.06,0.16,0.14309308,2
2019-04-25,1,0.14,0.15,0.14929287,2
2019-04-25,5,0.14,0.15,0.14882441,2
2019-04-25,20,0.06,0.15,0.13306291,2
2019-04-26,1,0.16,0.14,0.13968855,2
2019-04-26,5,0.13,0.14,0.1383943,2
2019-04-26,20,0.05,0.14,0.12473869,2
2019-04-29,1,0.15,0.16,0.15901226,2
2019-04-29,5,0.11,0.16,0.15842742,2
2019-04-29,20,0.04,0.16,0.14509778,2
2019-04-30,1,0.13,0.15,0.14925325,2
2019-04-30,5,0.1,0.15,0.14674893,2
2019-04-30,20,0.04,0.15,0.13686073,2
2019-05-01,1,0.14,0.13,0.128777,2
2019-05-01,5,0.11,0.13,0.1276574,2
2019-05-01,20,0.04,0.13,0.11574042,2
2019-05-02,1,0.13,0.14,0.13955763,2
2019-05-02,5,0.1,0.14,0.13854653,2
2019-05-02,20,0.03,0.14,0.12700503,2
2019-05-03,1,0.11,0.13,0.13066795,2
2019-05-03,5,0.09,0.13,0.12851657,2
2019-05-03,20,0.06,0.13,0.11324334,2
2019-05-06,1,0.1,0.11,0.10998187,2
2019-05-06,5,0.08,0.11,0.10824448,2
2019-05-06,20,0.05,0.11,0.09431781,2
2019-05-07,1,0.11,0.1,0.10027109,2
2019-05-07,5,0.09,0.1,0.09948475,2
2019-05-07,20,0.09,0.1,0.086000904,2
2019-05-08,1,0.1,0.11,0.109831706,2
2019-05-08,5,0.08,0.11,0.109937474,2
2019-05-08,20,0.1,0.11,0.095863774,2
2019-05-09,1,0.09,0.1,0.10026222,2
2019-05-09,5,0.09,0.1,0.09808857,2
2019-05-09,20,0.08,0.1,0.086074315,2
2019-05-10,1,0.08,0.09,0.0900772,2
2019-05-10,5,0.09,0.09,0.08880831,2
2019-05-10,20,0.06,0.09,0.07510346,2
2019-05-13,1,0.09,0.08,0.07964209,2
2019-05-13,5,0.09,0.08,0.0780794,2
2019-05-13,20,0.07,0.08,0.06696762,2
2019-05-14,1,0.08,0.09,0.089696944,2
2019-05-14,5,0.08,0.09,0.08963867,2
2019-05-14,20,0.05,0.09,0.07607545,2
2019-05-15,1,0.09,0.08,0.08006059,2
2019-05-15,5,0.06,0.08,0.07801484,2
2019-05-15,20,0.06,0.08,0.06695908,2
2019-05-16,1,0.09,0.09,0.08810257,2
2019-05-16,5,0.06,0.09,0.08954653,2
2019-05-16,20,0.05,0.09,0.070830844,2
2019-05-17,1,0.09,0.09,0.08913421,2
2019-05-17,5,0.05,0.09,0.08842523,2
2019-05-17,20,0.05,0.09,0.0726496,2
2019-05-20,1,0.08,0.09,0.089491926,2
2019-05-20,5,0.04,0.09,0.08833178,2
2019-05-20,20,0.04,0.09,0.074052505,2
2019-05-21,1,0.06,0.08,0.07959935,2
2019-05-21,5,0.04,0.08,0.0776671,2
2019-05-21,20,0.02,0.08,0.06540878,2
2019-05-22,1,0.06,0.06,0.0592096,2
2019-05-22,5,0.04,0.06,0.05760326,2
2019-05-22,20,0.04,0.06,0.04630837,2
2019-05-23,1,0.05,0.06,0.05946153,2
2019-05-23,5,0.03,0.06,0.059339225,2
2019-05-23,20,0.05,0.06,0.04544182,2
2019-05-24,1,0.04,0.05,0.049617857,2
2019-05-24,5,0.06,0.05,0.049902666,2
2019-05-24,20,0.05,0.05,0.03470246,2
2019-05-27,1,0.04,0.04,0.0396567,2
2019-05-27,5,0.05,0.04,0.038515598,2
2019-05-27,20,0.06,0.04,0.026616361,2
2019-05-28,1,0.04,0.04,0.03988373,2
2019-05-28,5,0.09,0.04,0.038633853,2
2019-05-28,20,0.04,0.04,0.027169604,2
2019-05-29,1,0.03,0.04,0.03942586,2
2019-05-29,5,0.1,0.04,0.039037943,2
2019-05-29,20,0.04,0.04,0.026819902,2
2019-05-30,1,0.06,0.03,0.029887551,2
2019-05-30,5,0.08,0.03,0.028390227,2
2019-05-30,20,0.03,0.03,0.016423479,2
2019-05-31,1,0.05,0.06,0.059409913,2
2019-05-31,5,0.06,0.06,0.058333464,2
2019-05-31,20,-0.01,0.06,0.046023868,2
2019-06-03,1,0.09,0.05,0.04850736,2
2019-06-03,5,0.07,0.05,0.047594436,2
2019-06-03,20,-0.01,0.05,0.035094924,2
2019-06-04,1,0.1,0.09,0.08831402,2
2019-06-04,5,0.05,0.09,0.08769973,2
2019-06-04,20,-0.01,0.09,0.07171583,2
2019-06-05,1,0.08,0.1,0.09887861,2
2019-06-05,5,0.06,0.1,0.095213406,2
2019-06-05,20,-0.04,0.1,0.084072806,2
2019-06-06,1,0.06,0.08,0.07899503,2
2019-06-06,5,0.05,0.08,0.07571013,2
2019-06-06,20,-0.05,0.08,0.06490515,2
2019-06-07,1,0.07,0.06,0.05945945,2
2019-06-07,5,0.05,0.06,0.05740998,2
2019-06-07,20,-0.05,0.06,0.0450998,2
2019-06-10,1,0.05,0.07,0.0687819,2
2019-06-10,5,0.04,0.07,0.06830049,2
2019-06-10,20,-0.09,0.07,0.05607268,2
2019-06-11,1,0.06,0.05,0.049758196,2
2019-06-11,5,0.02,0.05,0.048102643,2
2019-06-11,20,-0.06,0.05,0.037822485,2
2019-06-12,1,0.05,0.06,0.06004984,2
2019-06-12,5,0.04,0.06,0.05923675,2
2019-06-12,20,0.0,0.06,0.0480742,2
2019-06-13,1,0.05,0.05,0.049769834,2
2019-06-13,5,0.05,0.05,0.048542425,2
2019-06-13,20,0.02,0.05,0.03724822,2
2019-06-14,1,0.04,0.05,0.049712144,2
2019-06-14,5,0.05,0.05,0.04878572,2
2019-06-14,20,0.02,0.05,0.03658534,2
2019-06-17,1,0.02,0.04,0.040389057,2
2019-06-17,5,0.06,0.04,0.03866888,2
2019-06-17,20,0.02,0.04,0.025376998,2
2019-06-18,1,0.04,0.02,0.019889828,2
2019-06-18,5,0.04,0.02,0.01801541,2
2019-06-18,20,0.03,0.02,0.0077904714,2
2019-06-19,1,0.05,0.04,0.03958609,2
2019-06-19,5,0.04,0.04,0.039025072,2
2019-06-19,20,0.01,0.04,0.025842082,2
2019-06-20,1,0.05,0.05,0.04616802,2
2019-06-20,5,0.03,0.05,0.05080551,2
2019-06-20,20,0.05,0.05,0.015757266,2
2019-06-21,1,0.06,0.05,0.046449903,2
2019-06-21,5,-0.01,0.05,0.04884079,2
2019-06-21,20,0.04,0.05,0.026756909,2
2019-06-24,1,0.04,0.06,0.058641788,2
2019-06-24,5,-0.01,0.06,0.05883726,2
2019-06-24,20,0.05,0.06,0.04356979,2
2019-06-25,1,0.04,0.04,0.03803983,2
2019-06-25,5,-0.01,0.04,0.03843302,2
2019-06-25,20,0.04,0.04,0.023658482,2
2019-06-26,1,0.03,0.04,0.038702507,2
2019-06-26,5,-0.04,0.04,0.038802028,2
2019-06-26,20,0.02,0.04,0.025200795,2
2019-06-27,1,-0.01,0.03,0.029224927,2
2019-06-27,5,-0.05,0.03,0.028010823,2
2019-06-27,20,0.02,0.03,0.016945906,2
2019-06-28,1,-0.01,-0.01,-0.011005347,2
2019-06-28,5,-0.05,-0.01,-0.011176455,2
2019-06-28,20,-0.01,-0.01,-0.023628708,2
2019-07-01,1,-0.01,-0.01,-0.010682199,2
2019-07-01,5,-0.09,-0.01,-0.010296124,2
2019-07-01,20,-0.01,-0.01,-0.020475287,2
2019-07-02,1,-0.04,-0.01,-0.0100152735,2
2019-07-02,5,-0.06,-0.01,-0.010659292,2
2019-07-02,20,-0.03,-0.01,-0.02210977,2
2019-07-03,1,-0.05,-0.04,-0.0405544,2
2019-07-03,5,0.0,-0.04,-0.040747605,2
2019-07-03,20,-0.06,-0.04,-0.05256484,2
2019-07-04,1,-0.05,-0.05,-0.050780818,2
2019-07-04,5,0.02,-0.05,-0.050622635,2
2019-07-04,20,-0.08,-0.05,-0.06153292,2
2019-07-05,1,-0.09,-0.05,-0.05039694,2
2019-07-05,5,0.02,-0.05,-0.050649956,2
2019-07-05,20,-0.09,-0.05,-0.06184879,2
2019-07-08,1,-0.06,-0.09,-0.08944361,2
2019-07-08,5,0.02,-0.09,-0.09175109,2
2019-07-08,20,-0.09,-0.09,-0.10067762,2
2019-07-09,1,0.0,-0.06,-0.059670758,2
2019-07-09,5,0.03,-0.06,-0.060108412,2
2019-07-09,20,-0.1,-0.06,-0.0721418,2
2019-07-10,1,0.02,0.0,0.00023866893,2
2019-07-10,5,0.01,0.0,-0.0023091012,2
2019-07-10,20,-0.11,0.0,-0.012663554,2
2019-07-11,1,0.02,0.02,0.018629244,2
2019-07-11,5,0.05,0.02,0.014341398,2
2019-07-11,20,-0.12,0.02,0.0055561764,2
2019-07-12,1,0.02,0.02,0.01900108,2
2019-07-12,5,0.04,0.02,0.0143623715,2
2019-07-12,20,-0.11,0.02,0.004058471,2
2019-07-15,1,0.03,0.02,0.018844454,2
2019-07-15,5,0.05,0.02,0.015830234,2
2019-07-15,20,-0.13,0.02,0.0023591705,2
2019-07-16,1,0.01,0.03,0.02861541,2
2019-07-16,5,0.04,0.03,0.026475566,2
2019-07-16,20,-0.15,0.03,0.015750054,2
2019-07-17,1,0.05,0.01,0.009168428,2
2019-07-17,5,0.02,0.01,0.00631898,2
2019-07-17,20,-0.2,0.01,-0.0030496959,2
2019-07-18,1,0.04,0.05,0.04937339,2
2019-07-18,5,0.02,0.05,0.047728844,2
2019-07-18,20,-0.2,0.05,0.04348556,2
2019-07-19,1,0.05,0.04,0.03903041,2
2019-07-19,5,-0.01,0.04,0.034893755,2
2019-07-19,20,-0.19,0.04,0.03243283,2
2019-07-22,1,0.04,0.05,0.04945196,2
2019-07-22,5,-0.01,0.05,0.04602911,2
2019-07-22,20,-0.17,0.05,0.03955211,2
2019-07-23,1,0.02,0.04,0.039876916,2
2019-07-23,5,-0.03,0.04,0.03641935,2
2019-07-23,20,-0.18,0.04,0.027087621,2
2019-07-24,1,0.02,0.02,0.02044141,2
2019-07-24,5,-0.06,0.02,0.017129468,2
2019-07-24,20,-0.19,0.02,0.0073438175,2
2019-07-25,1,-0.01,0.02,0.01974534,2
2019-07-25,5,-0.08,0.02,0.01839896,2
2019-07-25,20,-0.18,0.02,0.0069249338,2
2019-07-26,1,-0.01,-0.01,-0.009906458,2
2019-07-26,5,-0.09,-0.01,-0.012062168,2
2019-07-26,20,-0.2,-0.01,-0.0224529,2
2019-07-29,1,-0.03,-0.01,-0.0095387045,2
2019-07-29,5,-0.09,-0.01,-0.01035748,2
2019-07-29,20,-0.18,-0.01,-0.022446685,2
2019-07-30,1,-0.06,-0.03,-0.030472197,2
2019-07-30,5,-0.1,-0.03,-0.031108024,2
2019-07-30,20,-0.22,-0.03,-0.042844124,2
2019-07-31,1,-0.08,-0.06,-0.059799723,2
2019-07-31,5,-0.11,-0.06,-0.060430232,2
2019-07-31,20,-0.2,-0.06,-0.073208734,2
2019-08-01,1,-0.09,-0.08,-0.0803118,2
2019-08-01,5,-0.12,-0.08,-0.07963769,2
2019-08-01,20,-0.19,-0.08,-0.091906995,2
2019-08-02,1,-0.09,-0.09,-0.088295035,2
2019-08-02,5,-0.11,-0.09,-0.092572965,2
2019-08-02,20,-0.19,-0.09,-0.1175258,2
2019-08-05,1,-0.1,-0.09,-0.08954546,2
2019-08-05,5,-0.13,-0.09,-0.0894583,2
2019-08-05,20,-0.19,-0.09,-0.115662456,2
2019-08-06,1,-0.11,-0.1,-0.100352764,2
2019-08-06,5,-0.15,-0.1,-0.09999803,2
2019-08-06,20,-0.19,-0.1,-0.12272952,2
2019-08-07,1,-0.12,-0.11,-0.109385155,2
2019-08-07,5,-0.2,-0.11,-0.11058574,2
2019-08-07,20,-0.2,-0.11,-0.12743092,2
2019-08-08,1,-0.11,-0.12,-0.11866045,2
2019-08-08,5,-0.2,-0.12,-0.12016286,2
2019-08-08,20,-0.19,-0.12,-0.13615775,2
2019-08-09,1,-0.13,-0.11,-0.10987089,2
2019-08-09,5,-0.19,-0.11,-0.11136921,2
2019-08-09,20,-0.21,-0.11,-0.1238058,2
2019-08-12,1,-0.15,-0.13,-0.13014308,2
2019-08-12,5,-0.17,-0.13,-0.13210319,2
2019-08-12,20,-0.21,-0.13,-0.14311838,2
2019-08-13,1,-0.2,-0.15,-0.15060492,2
2019-08-13,5,-0.18,-0.15,-0.1501568,2
2019-08-13,20,-0.17,-0.15,-0.16449027,2
2019-08-14,1,-0.2,-0.2,-0.19961244,2
2019-08-14,5,-0.19,-0.2,-0.20044291,2
2019-08-14,20,-0.16,-0.2,-0.2120216,2
2019-08-15,1,-0.19,-0.2,-0.19945101,2
2019-08-15,5,-0.18,-0.2,-0.19734672,2
2019-08-15,20,-0.15,-0.2,-0.21360064,2
2019-08-16,1,-0.17,-0.19,-0.19053586,2
2019-08-16,5,-0.2,-0.19,-0.18868025,2
2019-08-16,20,-0.13,-0.19,-0.20341747,2
2019-08-19,1,-0.18,-0.17,-0.1704137,2
2019-08-19,5,-0.18,-0.17,-0.17177634,2
2019-08-19,20,-0.14,-0.17,-0.18259986,2
2019-08-20,1,-0.19,-0.18,-0.17995624,2
2019-08-20,5,-0.22,-0.18,-0.18340577,2
2019-08-20,20,-0.16,-0.18,-0.19274932,2
2019-08-21,1,-0.18,-0.19,-0.19050631,2
2019-08-21,5,-0.2,-0.19,-0.19209863,2
2019-08-21,20,-0.17,-0.19,-0.204446,2
2019-08-22,1,-0.2,-0.18,-0.18024464,2
2019-08-22,5,-0.19,-0.18,-0.18251073,2
2019-08-22,20,-0.17,-0.18,-0.19374077,2
2019-08-23,1,-0.18,-0.2,-0.19997436,2
2019-08-23,5,-0.19,-0.2,-0.20287172,2
2019-08-23,20,-0.18,-0.2,-0.21300992,2
2019-08-26,1,-0.22,-0.18,-0.18086587,2
2019-08-26,5,-0.19,-0.18,-0.18070078,2
2019-08-26,20,-0.19,-0.18,-0.19518426,2
2019-08-27,1,-0.2,-0.22,-0.22081876,2
2019-08-27,5,-0.19,-0.22,-0.22297236,2
2019-08-27,20,-0.22,-0.22,-0.23407859,2
2019-08-28,1,-0.19,-0.2,-0.20059048,2
2019-08-28,5,-0.2,-0.2,-0.20068353,2
2019-08-28,20,-0.19,-0.2,-0.2138877,2
2019-08-29,1,-0.19,-0.19,-0.19032948,2
2019-08-29,5,-0.19,-0.19,-0.1917438,2
2019-08-29,20,-0.21,-0.19,-0.20402004,2
2019-08-30,1,-0.19,-0.19,-0.19021712,2
2019-08-30,5,-0.21,-0.19,-0.1931819,2
2019-08-30,20,-0.21,-0.19,-0.20345604,2
2019-09-02,1,-0.19,-0.19,-0.1906036,2
2019-09-02,5,-0.21,-0.19,-0.19317028,2
2019-09-02,20,-0.21,-0.19,-0.2027759,2
2019-09-03,1,-0.2,-0.19,-0.19064465,2
2019-09-03,5,-0.17,-0.19,-0.19286247,2
2019-09-03,20,-0.18,-0.19,-0.20346059,2
2019-09-04,1,-0.19,-0.2,-0.20041752,2
2019-09-04,5,-0.16,-0.2,-0.20212597,2
2019-09-04,20,-0.17,-0.2,-0.2143261,2
2019-09-05,1,-0.21,-0.19,-0.19118206,2
2019-09-05,5,-0.15,-0.19,-0.19270755,2
2019-09-05,20,-0.17,-0.19,-0.20381391,2
2019-09-06,1,-0.21,-0.21,-0.21033375,2
2019-09-06,5,-0.13,-0.21,-0.21314056,2
2019-09-06,20,-0.18,-0.21,-0.22264402,2
2019-09-09,1,-0.17,-0.21,-0.21077572,2
2019-09-09,5,-0.14,-0.21,-0.21160431,2
2019-09-09,20,-0.16,-0.21,-0.22403158,2
2019-09-10,1,-0.16,-0.17,-0.17022473,2
2019-09-10,5,-0.16,-0.17,-0.17196836,2
2019-09-10,20,-0.16,-0.17,-0.18137828,2
2019-09-11,1,-0.15,-0.16,-0.16035175,2
2019-09-11,5,-0.17,-0.16,-0.16401932,2
2019-09-11,20,-0.16,-0.16,-0.17205027,2
2019-09-12,1,-0.13,-0.15,-0.1505007,2
2019-09-12,5,-0.17,-0.15,-0.15380704,2
2019-09-12,20,-0.13,-0.15,-0.16335908,2
2019-09-13,1,-0.14,-0.13,-0.13049534,2
2019-09-13,5,-0.18,-0.13,-0.134035,2
2019-09-13,20,-0.14,-0.13,-0.14379004,2
2019-09-16,1,-0.16,-0.14,-0.1400592,2
2019-09-16,5,-0.19,-0.14,-0.14497565,2
2019-09-16,20,-0.14,-0.14,-0.15307657,2
2019-09-17,1,-0.17,-0.16,-0.16316764,2
2019-09-17,5,-0.22,-0.16,-0.16347581,2
2019-09-17,20,-0.13,-0.16,-0.1717098,2
2019-09-18,1,-0.17,-0.17,-0.17390963,2
2019-09-18,5,-0.19,-0.17,-0.17213413,2
2019-09-18,20,-0.12,-0.17,-0.1832456,2
2019-09-19,1,-0.18,-0.17,-0.1718363,2
2019-09-19,5,-0.21,-0.17,-0.17213549,2
2019-09-19,20,-0.09,-0.17,-0.1880707,2
2019-09-20,1,-0.19,-0.18,-0.17900659,2
2019-09-20,5,-0.21,-0.18,-0.18549748,2
2019-09-20,20,-0.1,-0.18,-0.21505983,2
2019-09-23,1,-0.22,-0.19,-0.19037907,2
2019-09-23,5,-0.21,-0.19,-0.18989415,2
2019-09-23,20,-0.09,-0.19,-0.22082055,2
2019-09-24,1,-0.19,-0.22,-0.21992463,2
2019-09-24,5,-0.18,-0.22,-0.22078364,2
2019-09-24,20,-0.1,-0.22,-0.24260567,2
2019-09-25,1,-0.21,-0.19,-0.19028631,2
2019-09-25,5,-0.17,-0.19,-0.18961065,2
2019-09-25,20,-0.1,-0.19,-0.20851982,2
2019-09-26,1,-0.21,-0.21,-0.20914866,2
2019-09-26,5,-0.17,-0.21,-0.21215871,2
2019-09-26,20,-0.11,-0.21,-0.22536187,2
2019-09-27,1,-0.21,-0.21,-0.20931546,2
2019-09-27,5,-0.18,-0.21,-0.21075565,2
2019-09-27,20,-0.12,-0.21,-0.22890773,2
2019-09-30,1,-0.18,-0.21,-0.20946892,2
2019-09-30,5,-0.16,-0.21,-0.21099728,2
2019-09-30,20,-0.09,-0.21,-0.227873,2
2019-10-01,1,-0.17,-0.18,-0.181273,2
2019-10-01,5,-0.16,-0.18,-0.18276688,2
2019-10-01,20,-0.1,-0.18,-0.19031371,2
2019-10-02,1,-0.17,-0.17,-0.17132501,2
2019-10-02,5,-0.16,-0.17,-0.1728179,2
2019-10-02,20,-0.11,-0.17,-0.18618315,2
2019-10-03,1,-0.18,-0.17,-0.17039919,2
2019-10-03,5,-0.13,-0.17,-0.17237267,2
2019-10-03,20,-0.1,-0.17,-0.18950725,2
2019-10-04,1,-0.16,-0.18,-0.1801629,2
2019-10-04,5,-0.14,-0.18,-0.18208136,2
2019-10-04,20,-0.11,-0.18,-0.19970377,2
2019-10-07,1,-0.16,-0.16,-0.16010277,2
2019-10-07,5,-0.14,-0.16,-0.16217193,2
2019-10-07,20,-0.07,-0.16,-0.17734978,2
2019-10-08,1,-0.16,-0.16,-0.15995684,2
2019-10-08,5,-0.13,-0.16,-0.1635604,2
2019-10-08,20,-0.03,-0.16,-0.1749386,2
2019-10-09,1,-0.13,-0.16,-0.16021244,2
2019-10-09,5,-0.12,-0.16,-0.16278908,2
2019-10-09,20,-0.05,-0.16,-0.17453736,2
2019-10-10,1,-0.14,-0.13,-0.12987469,2
2019-10-10,5,-0.09,-0.13,-0.13298728,2
2019-10-10,20,-0.02,-0.13,-0.14334218,2
2019-10-11,1,-0.14,-0.14,-0.14031239,2
2019-10-11,5,-0.1,-0.14,-0.14447431,2
2019-10-11,20,0.0,-0.14,-0.15332943,2
2019-10-14,1,-0.13,-0.14,-0.14087875,2
2019-10-14,5,-0.09,-0.14,-0.14338425,2
2019-10-14,20,0.0,-0.14,-0.15374942,2
2019-10-15,1,-0.12,-0.13,-0.1309249,2
2019-10-15,5,-0.1,-0.13,-0.13223827,2
2019-10-15,20,0.01,-0.13,-0.14345135,2
2019-10-16,1,-0.09,-0.12,-0.122333266,2
2019-10-16,5,-0.1,-0.12,-0.12301907,2
2019-10-16,20,-0.02,-0.12,-0.13019417,2
2019-10-17,1,-0.1,-0.09,-0.092334725,2
2019-10-17,5,-0.11,-0.09,-0.093504734,2
2019-10-17,20,-0.06,-0.09,-0.10165934,2
2019-10-18,1,-0.09,-0.1,-0.10162583,2
2019-10-18,5,-0.12,-0.1,-0.1043867,2
2019-10-18,20,-0.06,-0.1,-0.11946694,2
2019-10-21,1,-0.1,-0.09,-0.09085154,2
2019-10-21,5,-0.09,-0.09,-0.093353175,2
2019-10-21,20,-0.06,-0.09,-0.10634425,2
2019-10-22,1,-0.1,-0.1,-0.10073123,2
2019-10-22,5,-0.1,-0.1,-0.103667766,2
2019-10-22,20,-0.08,-0.1,-0.11455747,2
2019-10-23,1,-0.11,-0.1,-0.10069596,2
2019-10-23,5,-0.11,-0.1,-0.10229496,2
2019-10-23,20,-0.09,-0.1,-0.11413202,2
2019-10-24,1,-0.12,-0.11,-0.11069248,2
2019-10-24,5,-0.1,-0.11,-0.11218713,2
2019-10-24,20,-0.08,-0.11,-0.12373013,2
2019-10-25,1,-0.09,-0.12,-0.12048387,2
2019-10-25,5,-0.11,-0.12,-0.1218113,2
2019-10-25,20,-0.11,-0.12,-0.13312225,2
2019-10-28,1,-0.1,-0.09,-0.08983292,2
2019-10-28,5,-0.07,-0.09,-0.0913109,2
2019-10-28,20,-0.12,-0.09,-0.10424028,2
2019-10-29,1,-0.11,-0.1,-0.100062124,2
2019-10-29,5,-0.03,-0.1,-0.10340815,2
2019-10-29,20,-0.13,-0.1,-0.11331948,2
2019-10-30,1,-0.1,-0.11,-0.110054694,2
2019-10-30,5,-0.05,-0.11,-0.11213738,2
2019-10-30,20,-0.13,-0.11,-0.12450883,2
2019-10-31,1,-0.11,-0.1,-0.09994661,2
2019-10-31,5,-0.02,-0.1,-0.100825824,2
2019-10-31,20,-0.13,-0.1,-0.11494945,2
2019-11-01,1,-0.07,-0.11,-0.108676344,2
2019-11-01,5,0.0,-0.11,-0.11312838,2
2019-11-01,20,-0.12,-0.11,-0.1413285,2
2019-11-04,1,-0.03,-0.07,-0.0689832,2
2019-11-04,5,0.0,-0.07,-0.06961993,2
2019-11-04,20,-0.08,-0.07,-0.09680967,2
2019-11-05,1,-0.05,-0.03,-0.029351087,2
2019-11-05,5,0.01,-0.03,-0.03231776,2
2019-11-05,20,-0.1,-0.03,-0.052183174,2
2019-11-06,1,-0.02,-0.05,-0.049824573,2
2019-11-06,5,-0.02,-0.05,-0.05421267,2
2019-11-06,20,-0.09,-0.05,-0.06833461,2
2019-11-07,1,0.0,-0.02,-0.020242061,2
2019-11-07,5,-0.06,-0.02,-0.021797275,2
2019-11-07,20,-0.08,-0.02,-0.03809376,2
2019-11-08,1,0.0,0.0,5.249912e-05,2
2019-11-08,5,-0.06,0.0,-0.003577598,2
2019-11-08,20,-0.07,0.0,-0.015545778,2
2019-11-11,1,0.01,0.0,-0.0002309474,2
2019-11-11,5,-0.06,0.0,-0.0037787524,2
2019-11-11,20,-0.08,0.0,-0.014930466,2
2019-11-12,1,-0.02,0.01,0.0092127705,2
2019-11-12,5,-0.08,0.01,0.006614699,2
2019-11-12,20,-0.07,0.01,-0.0051966896,2
2019-11-13,1,-0.06,-0.02,-0.021133736,2
2019-11-13,5,-0.09,-0.02,-0.02322501,2
2019-11-13,20,-0.08,-0.02,-0.03535336,2
2019-11-14,1,-0.06,-0.06,-0.060716264,2
2019-11-14,5,-0.08,-0.06,-0.06105838,2
2019-11-14,20,-0.04,-0.06,-0.07511379,2
2019-11-15,1,-0.06,-0.06,-0.060468506,2
2019-11-15,5,-0.11,-0.06,-0.059104487,2
2019-11-15,20,-0.08,-0.06,-0.07441714,2
2019-11-18,1,-0.08,-0.06,-0.06028218,2
2019-11-18,5,-0.12,-0.06,-0.060702812,2
2019-11-18,20,-0.06,-0.06,-0.07282649,2
2019-11-19,1,-0.09,-0.08,-0.08064427,2
2019-11-19,5,-0.13,-0.08,-0.08105446,2
2019-11-19,20,-0.07,-0.08,-0.09331712,2
2019-11-20,1,-0.08,-0.09,-0.090004295,2
2019-11-20,5,-0.13,-0.09,-0.09038206,2
2019-11-20,20,-0.04,-0.09,-0.10285962,2
2019-11-21,1,-0.11,-0.08,-0.07985776,2
2019-11-21,5,-0.13,-0.08,-0.07975414,2
2019-11-21,20,-0.04,-0.08,-0.09382843,2
2019-11-22,1,-0.12,-0.11,-0.109971926,2
2019-11-22,5,-0.12,-0.11,-0.112385385,2
2019-11-22,20,-0.04,-0.11,-0.122789584,2
2019-11-25,1,-0.13,-0.12,-0.119821995,2
2019-11-25,5,-0.08,-0.12,-0.12104701,2
2019-11-25,20,-0.05,-0.12,-0.1326043,2
2019-11-26,1,-0.13,-0.13,-0.12983431,2
2019-11-26,5,-0.1,-0.13,-0.13075227,2
2019-11-26,20,-0.06,-0.13,-0.14267156,2
2019-11-27,1,-0.13,-0.13,-0.13032855,2
2019-11-27,5,-0.09,-0.13,-0.13093132,2
2019-11-27,20,-0.06,-0.13,-0.14279383,2
2019-11-28,1,-0.12,-0.13,-0.13003707,2
2019-11-28,5,-0.08,-0.13,-0.13176127,2
2019-11-28,20,-0.06,-0.13,-0.14218818,2
2019-11-29,1,-0.08,-0.12,-0.12015344,2
2019-11-29,5,-0.07,-0.12,-0.12185878,2
2019-11-29,20,-0.07,-0.12,-0.13263868,2
2019-12-02,1,-0.1,-0.08,-0.080485314,2
2019-12-02,5,-0.08,-0.08,-0.082817756,2
2019-12-02,20,-0.04,-0.08,-0.092104025,2
2019-12-03,1,-0.09,-0.1,-0.10056551,2
2019-12-03,5,-0.07,-0.1,-0.10495333,2
2019-12-03,20,0.01,-0.1,-0.113116175,2
2019-12-04,1,-0.08,-0.09,-0.09148036,2
2019-12-04,5,-0.08,-0.09,-0.092083536,2
2019-12-04,20,0.01,-0.09,-0.10756032,2
2019-12-05,1,-0.07,-0.08,-0.08125471,2
2019-12-05,5,-0.04,-0.08,-0.08386329,2
2019-12-05,20,-0.04,-0.08,-0.09490371,2
2019-12-06,1,-0.08,-0.07,-0.071161926,2
2019-12-06,5,-0.08,-0.07,-0.073682316,2
2019-12-06,20,-0.08,-0.07,-0.08409843,2
2019-12-09,1,-0.07,-0.08,-0.079861596,2
2019-12-09,5,-0.06,-0.08,-0.08302307,2
2019-12-09,20,-0.05,-0.08,-0.093438506,2
2019-12-10,1,-0.08,-0.07,-0.070675224,2
2019-12-10,5,-0.07,-0.07,-0.07267143,2
2019-12-10,20,-0.06,-0.07,-0.0839095,2
2019-12-11,1,-0.04,-0.08,-0.08060712,2
2019-12-11,5,-0.04,-0.08,-0.08314067,2
2019-12-11,20,-0.04,-0.08,-0.09362582,2
2019-12-12,1,-0.08,-0.04,-0.041400064,2
2019-12-12,5,-0.04,-0.04,-0.042051293,2
2019-12-12,20,-0.03,-0.04,-0.05484896,2
2019-12-13,1,-0.06,-0.08,-0.080529235,2
2019-12-13,5,-0.04,-0.08,-0.08449395,2
2019-12-13,20,-0.06,-0.08,-0.09378201,2
2019-12-16,1,-0.07,-0.06,-0.0609826,2
2019-12-16,5,-0.05,-0.06,-0.061151028,2
2019-12-16,20,-0.05,-0.06,-0.0753332,2
2019-12-17,1,-0.04,-0.07,-0.07083083,2
2019-12-17,5,-0.06,-0.07,-0.07328173,2
2019-12-17,20,-0.08,-0.07,-0.08273045,2
2019-12-18,1,-0.04,-0.04,-0.04039937,2
2019-12-18,5,-0.06,-0.04,-0.04183497,2
2019-12-18,20,-0.1,-0.04,-0.05418231,2
2019-12-19,1,-0.04,-0.04,-0.043137427,2
2019-12-19,5,-0.06,-0.04,-0.040502016,2
2019-12-19,20,-0.09,-0.04,-0.07028654,2
2019-12-20,1,-0.05,-0.04,-0.04176634,2
2019-12-20,5,-0.07,-0.04,-0.0408493,2
2019-12-20,20,-0.07,-0.04,-0.061716158,2
2019-12-23,1,-0.06,-0.05,-0.051018927,2
2019-12-23,5,-0.04,-0.05,-0.051183973,2
2019-12-23,20,-0.09,-0.05,-0.068230346,2
2019-12-24,1,-0.06,-0.06,-0.060880285,2
2019-12-24,5,0.01,-0.06,-0.061532848,2
2019-12-24,20,-0.11,-0.06,-0.07593468,2
2019-12-25,1,-0.06,-0.06,-0.06102099,2
2019-12-25,5,0.01,-0.06,-0.06116741,2
2019-12-25,20,-0.09,-0.06,-0.07523278,2
2019-12-26,1,-0.07,-0.06,-0.060718432,2
2019-12-26,5,-0.04,-0.06,-0.061691027,2
2019-12-26,20,-0.09,-0.06,-0.07426354,2
2019-12-27,1,-0.04,-0.07,-0.07059318,2
2019-12-27,5,-0.08,-0.07,-0.07200523,2
2019-12-27,20,-0.13,-0.07,-0.08387137,2
2019-12-30,1,0.01,-0.04,-0.041353337,2
2019-12-30,5,-0.05,-0.04,-0.04208945,2
2019-12-30,20,-0.14,-0.04,-0.05392772,2
2019-12-31,1,0.01,0.01,0.008941028,2
2019-12-31,5,-0.06,0.01,0.0066662137,2
2019-12-31,20,-0.11,0.01,-0.0037768064,2
2020-01-01,1,-0.04,0.01,0.008084267,2
2020-01-01,5,-0.04,0.01,0.004651158,2
2020-01-01,20,-0.16,0.01,-0.005323805,2
2020-01-02,1,-0.08,-0.04,-0.04137942,2
2020-01-02,5,-0.03,-0.04,-0.043913625,2
2020-01-02,20,-0.15,-0.04,-0.05516666,2
2020-01-03,1,-0.05,-0.08,-0.08068492,2
2020-01-03,5,-0.06,-0.08,-0.08082663,2
2020-01-03,20,-0.16,-0.08,-0.09428264,2
2020-01-06,1,-0.06,-0.05,-0.050627522,2
2020-01-06,5,-0.05,-0.05,-0.048718043,2
2020-01-06,20,-0.17,-0.05,-0.06414806,2
2020-01-07,1,-0.04,-0.06,-0.060667984,2
2020-01-07,5,-0.08,-0.06,-0.061607886,2
2020-01-07,20,-0.14,-0.06,-0.073657,2
2020-01-08,1,-0.03,-0.04,-0.03970783,2
2020-01-08,5,-0.1,-0.04,-0.04153418,2
2020-01-08,20,-0.11,-0.04,-0.052877635,2
2020-01-09,1,-0.06,-0.03,-0.029877234,2
2020-01-09,5,-0.09,-0.03,-0.03332117,2
2020-01-09,20,-0.12,-0.03,-0.04287231,2
2020-01-10,1,-0.05,-0.06,-0.06017525,2
2020-01-10,5,-0.07,-0.06,-0.06320205,2
2020-01-10,20,-0.14,-0.06,-0.074189834,2
2020-01-13,1,-0.08,-0.05,-0.05045142,2
2020-01-13,5,-0.09,-0.05,-0.05189495,2
2020-01-13,20,-0.13,-0.05,-0.06491058,2
2020-01-14,1,-0.1,-0.08,-0.080268614,2
2020-01-14,5,-0.11,-0.08,-0.0826245,2
2020-01-14,20,-0.12,-0.08,-0.093779646,2
2020-01-15,1,-0.09,-0.1,-0.10011941,2
2020-01-15,5,-0.09,-0.1,-0.1007034,2
2020-01-15,20,-0.12,-0.1,-0.11350767,2
2020-01-16,1,-0.07,-0.09,-0.09029069,2
2020-01-16,5,-0.09,-0.09,-0.09015034,2
2020-01-16,20,-0.12,-0.09,-0.10300821,2
2020-01-17,1,-0.09,-0.07,-0.070118025,2
2020-01-17,5,-0.13,-0.07,-0.07159777,2
2020-01-17,20,-0.13,-0.07,-0.082523406,2
2020-01-20,1,-0.11,-0.09,-0.09020827,2
2020-01-20,5,-0.14,-0.09,-0.09318317,2
2020-01-20,20,-0.13,-0.09,-0.101906575,2
2020-01-21,1,-0.09,-0.11,-0.11041208,2
2020-01-21,5,-0.11,-0.11,-0.11206223,2
2020-01-21,20,-0.13,-0.11,-0.12294215,2
2020-01-22,1,-0.09,-0.09,-0.090636134,2
2020-01-22,5,-0.16,-0.09,-0.09048695,2
2020-01-22,20,-0.13,-0.09,-0.1040039,2
2020-01-23,1,-0.13,-0.09,-0.09055691,2
2020-01-23,5,-0.15,-0.09,-0.091397986,2
2020-01-23,20,-0.15,-0.09,-0.10774078,2
2020-01-24,1,-0.14,-0.13,-0.1306144,2
2020-01-24,5,-0.16,-0.13,-0.13176234,2
2020-01-24,20,-0.14,-0.13,-0.14690833,2
2020-01-27,1,-0.11,-0.14,-0.14045906,2
2020-01-27,5,-0.17,-0.14,-0.14033586,2
2020-01-27,20,-0.15,-0.14,-0.15529022,2
2020-01-28,1,-0.16,-0.11,-0.11065621,2
2020-01-28,5,-0.14,-0.11,-0.10939827,2
2020-01-28,20,-0.13,-0.11,-0.12622006,2
2020-01-29,1,-0.15,-0.16,-0.16025369,2
2020-01-29,5,-0.11,-0.16,-0.16303834,2
2020-01-29,20,-0.11,-0.16,-0.17448506,2
2020-01-30,1,-0.16,-0.15,-0.15009086,2
2020-01-30,5,-0.12,-0.15,-0.15024287,2
2020-01-30,20,-0.09,-0.15,-0.16447972,2
2020-01-31,1,-0.17,-0.16,-0.16136752,2
2020-01-31,5,-0.14,-0.16,-0.16142397,2
2020-01-31,20,-0.02,-0.16,-0.1703141,2
2020-02-03,1,-0.14,-0.17,-0.17127445,2
2020-02-03,5,-0.13,-0.17,-0.17055734,2
2020-02-03,20,-0.05,-0.17,-0.18535188,2
2020-02-04,1,-0.11,-0.14,-0.13985057,2
2020-02-04,5,-0.12,-0.14,-0.14137116,2
2020-02-04,20,-0.01,-0.14,-0.15383258,2
2020-02-05,1,-0.12,-0.11,-0.109953165,2
2020-02-05,5,-0.12,-0.11,-0.11412428,2
2020-02-05,20,0.05,-0.11,-0.12348728,2
2020-02-06,1,-0.14,-0.12,-0.120321274,2
2020-02-06,5,-0.12,-0.12,-0.12544318,2
2020-02-06,20,0.05,-0.12,-0.13398823,2
2020-02-07,1,-0.13,-0.14,-0.14080293,2
2020-02-07,5,-0.13,-0.14,-0.14385885,2
2020-02-07,20,0.02,-0.14,-0.15508619,2
2020-02-10,1,-0.12,-0.13,-0.1308215,2
2020-02-10,5,-0.13,-0.13,-0.13164477,2
2020-02-10,20,0.0,-0.13,-0.14631835,2
2020-02-11,1,-0.12,-0.12,-0.120783605,2
2020-02-11,5,-0.13,-0.12,-0.122250006,2
2020-02-11,20,0.07,-0.12,-0.13540629,2
2020-02-12,1,-0.12,-0.12,-0.12066457,2
2020-02-12,5,-0.13,-0.12,-0.12349539,2
2020-02-12,20,0.14,-0.12,-0.13419162,2
2020-02-13,1,-0.13,-0.12,-0.12070714,2
2020-02-13,5,-0.15,-0.12,-0.12338923,2
2020-02-13,20,0.17,-0.12,-0.13360962,2
2020-02-14,1,-0.13,-0.13,-0.13068399,2
2020-02-14,5,-0.14,-0.13,-0.13260217,2
2020-02-14,20,0.33,-0.13,-0.14368506,2
2020-02-17,1,-0.13,-0.13,-0.13070154,2
2020-02-17,5,-0.15,-0.13,-0.13188626,2
2020-02-17,20,0.32,-0.13,-0.14364979,2
2020-02-18,1,-0.13,-0.13,-0.130493,2
2020-02-18,5,-0.13,-0.13,-0.13201699,2
2020-02-18,20,0.29,-0.13,-0.14328091,2
2020-02-19,1,-0.15,-0.13,-0.13091771,2
2020-02-19,5,-0.11,-0.13,-0.131849,2
2020-02-19,20,0.37,-0.13,-0.14308195,2
2020-02-20,1,-0.14,-0.15,-0.15159535,2
2020-02-20,5,-0.09,-0.15,-0.15138726,2
2020-02-20,20,0.37,-0.15,-0.16990481,2
2020-02-21,1,-0.15,-0.14,-0.1408701,2
2020-02-21,5,-0.02,-0.14,-0.1400765,2
2020-02-21,20,0.31,-0.14,-0.15761833,2
2020-02-24,1,-0.13,-0.15,-0.15154202,2
2020-02-24,5,-0.05,-0.15,-0.15106161,2
2020-02-24,20,0.27,-0.15,-0.16788135,2
2020-02-25,1,-0.11,-0.13,-0.13081333,2
2020-02-25,5,-0.01,-0.13,-0.13048215,2
2020-02-25,20,0.26,-0.13,-0.14707105,2
2020-02-26,1,-0.09,-0.11,-0.111186735,2
2020-02-26,5,0.05,-0.11,-0.11218117,2
2020-02-26,20,0.26,-0.11,-0.12657517,2
2020-02-27,1,-0.02,-0.09,-0.09051946,2
2020-02-27,5,0.05,-0.09,-0.09379098,2
2020-02-27,20,0.25,-0.09,-0.10557798,2
2020-02-28,1,-0.05,-0.02,-0.020474369,2
2020-02-28,5,0.02,-0.02,-0.024065202,2
2020-02-28,20,0.28,-0.02,-0.036012247,2
2020-03-02,1,-0.01,-0.05,-0.052411135,2
2020-03-02,5,0.0,-0.05,-0.053795338,2
2020-03-02,20,0.31,-0.05,-0.070106745,2
2020-03-03,1,0.05,-0.01,-0.012331182,2
2020-03-03,5,0.07,-0.01,-0.014841772,2
2020-03-03,20,0.29,-0.01,-0.026835173,2
2020-03-04,1,0.05,0.05,0.04763149,2
2020-03-04,5,0.14,0.05,0.045801766,2
2020-03-04,20,0.23,0.05,0.03170458,2
2020-03-05,1,0.02,0.05,0.05149563,2
2020-03-05,5,0.17,0.05,0.057935923,2
2020-03-05,20,0.24,0.05,0.016314063,2
2020-03-06,1,0.0,0.02,0.018442307,2
2020-03-06,5,0.33,0.02,0.025703669,2
2020-03-06,20,0.3,0.02,-0.0017327052,2
2020-03-09,1,0.07,0.0,-0.0022768518,2
2020-03-09,5,0.32,0.0,0.0037199329,2
2020-03-09,20,0.31,0.0,-0.025397506,2
2020-03-10,1,0.14,0.07,0.06890402,2
2020-03-10,5,0.29,0.07,0.07368709,2
2020-03-10,20,0.37,0.07,0.043534998,2
2020-03-11,1,0.17,0.14,0.14176132,2
2020-03-11,5,0.37,0.14,0.13519703,2
2020-03-11,20,0.38,0.14,0.12034263,2
2020-03-12,1,0.33,0.17,0.16989444,2
2020-03-12,5,0.37,0.17,0.16175556,2
2020-03-12,20,0.37,0.17,0.15271898,2
2020-03-13,1,0.32,0.33,0.32977018,2
2020-03-13,5,0.31,0.33,0.32151553,2
2020-03-13,20,0.37,0.33,0.31322145,2
2020-03-16,1,0.29,0.32,0.31918243,2
2020-03-16,5,0.27,0.32,0.3075769,2
2020-03-16,20,0.37,0.32,0.30907938,2
2020-03-17,1,0.37,0.29,0.28942722,2
2020-03-17,5,0.26,0.29,0.2928696,2
2020-03-17,20,0.38,0.29,0.26539052,2
2020-03-18,1,0.37,0.37,0.37217522,2
2020-03-18,5,0.26,0.37,0.37569004,2
2020-03-18,20,0.31,0.37,0.35497537,2
2020-03-19,1,0.31,0.37,0.3717516,2
2020-03-19,5,0.25,0.37,0.36596915,2
2020-03-19,20,0.28,0.37,0.36379144,2
2020-03-20,1,0.27,0.31,0.3096335,2
2020-03-20,5,0.28,0.31,0.30592278,2
2020-03-20,20,0.29,0.31,0.29415533,2
2020-03-23,1,0.26,0.27,0.268477,2
2020-03-23,5,0.31,0.27,0.26854554,2
2020-03-23,20,0.29,0.27,0.2477989,2
2020-03-24,1,0.26,0.26,0.26027313,2
2020-03-24,5,0.29,0.26,0.2625611,2
2020-03-24,20,0.25,0.26,0.23846862,2
2020-03-25,1,0.25,0.26,0.261733,2
2020-03-25,5,0.23,0.26,0.26073608,2
2020-03-25,20,0.28,0.26,0.24202986,2
2020-03-26,1,0.28,0.25,0.2494413,2
2020-03-26,5,0.24,0.25,0.24950238,2
2020-03-26,20,0.27,0.25,0.23177978,2
2020-03-27,1,0.31,0.28,0.27796635,2
2020-03-27,5,0.3,0.28,0.27996346,2
2020-03-27,20,0.25,0.28,0.26188242,2
2020-03-30,1,0.29,0.31,0.30460188,2
2020-03-30,5,0.31,0.31,0.31326386,2
2020-03-30,20,0.27,0.31,0.285868,2
2020-03-31,1,0.23,0.29,0.2869574,2
2020-03-31,5,0.37,0.29,0.29278162,2
2020-03-31,20,0.25,0.29,0.26965937,2
2020-04-01,1,0.24,0.23,0.22915022,2
2020-04-01,5,0.38,0.23,0.23224899,2
2020-04-01,20,0.24,0.23,0.21091485,2
2020-04-02,1,0.3,0.24,0.23991583,2
2020-04-02,5,0.37,0.24,0.24325137,2
2020-04-02,20,0.24,0.24,0.2220526,2
2020-04-03,1,0.31,0.3,0.29980955,2
2020-04-03,5,0.37,0.3,0.30022785,2
2020-04-03,20,0.22,0.3,0.28350693,2
2020-04-06,1,0.37,0.31,0.30876583,2
2020-04-06,5,0.37,0.31,0.3062971,2
2020-04-06,20,0.26,0.31,0.2937588,2
2020-04-07,1,0.38,0.37,0.36940137,2
2020-04-07,5,0.38,0.37,0.36573306,2
2020-04-07,20,0.25,0.37,0.35501054,2
2020-04-08,1,0.37,0.38,0.3780616,2
2020-04-08,5,0.31,0.38,0.373772,2
2020-04-08,20,0.31,0.38,0.36293608,2
2020-04-09,1,0.37,0.37,0.36885154,2
2020-04-09,5,0.28,0.37,0.3659304,2
2020-04-09,20,0.27,0.37,0.3545562,2
2020-04-10,1,0.37,0.37,0.3681662,2
2020-04-10,5,0.29,0.37,0.3667326,2
2020-04-10,20,0.31,0.37,0.35406762,2
2020-04-13,1,0.38,0.37,0.3688605,2
2020-04-13,5,0.29,0.37,0.36734772,2
2020-04-13,20,0.31,0.37,0.35542372,2
2020-04-14,1,0.31,0.38,0.37892637,2
2020-04-14,5,0.25,0.38,0.3770936,2
2020-04-14,20,0.28,0.38,0.36639526,2
2020-04-15,1,0.28,0.31,0.30876526,2
2020-04-15,5,0.28,0.31,0.30705315,2
2020-04-15,20,0.27,0.31,0.29631394,2
2020-04-16,1,0.29,0.28,0.28020686,2
2020-04-16,5,0.27,0.28,0.28280517,2
2020-04-16,20,0.26,0.28,0.26354098,2
2020-04-17,1,0.29,0.29,0.2903704,2
2020-04-17,5,0.25,0.29,0.29206234,2
2020-04-17,20,0.26,0.29,0.27581275,2
2020-04-20,1,0.25,0.29,0.2894199,2
2020-04-20,5,0.27,0.29,0.28864688,2
2020-04-20,20,0.26,0.29,0.27693692,2
2020-04-21,1,0.28,0.25,0.2499715,2
2020-04-21,5,0.25,0.25,0.24883468,2
2020-04-21,20,0.3,0.25,0.23639947,2
2020-04-22,1,0.27,0.28,0.2808362,2
2020-04-22,5,0.24,0.28,0.28135735,2
2020-04-22,20,0.26,0.28,0.2653336,2
2020-04-23,1,0.25,0.27,0.26934436,2
2020-04-23,5,0.24,0.27,0.27307495,2
2020-04-23,20,0.25,0.27,0.26384822,2
2020-04-24,1,0.27,0.25,0.24907896,2
2020-04-24,5,0.22,0.25,0.24852735,2
2020-04-24,20,0.22,0.25,0.24716903,2
2020-04-27,1,0.25,0.27,0.26995477,2
2020-04-27,5,0.26,0.27,0.2697807,2
2020-04-27,20,0.21,0.27,0.26525015,2
2020-04-28,1,0.24,0.25,0.2500393,2
2020-04-28,5,0.25,0.25,0.24822538,2
2020-04-28,20,0.24,0.25,0.2413788,2
2020-04-29,1,0.24,0.24,0.23913555,2
2020-04-29,5,0.31,0.24,0.23911057,2
2020-04-29,20,0.24,0.24,0.22888982,2
2020-04-30,1,0.22,0.24,0.23940255,2
2020-04-30,5,0.27,0.24,0.23928,2
2020-04-30,20,0.26,0.24,0.22929834,2
2020-05-01,1,0.26,0.22,0.21957943,2
2020-05-01,5,0.31,0.22,0.21891125,2
2020-05-01,20,0.25,0.22,0.21019068,2
2020-05-04,1,0.25,0.26,0.2613059,2
2020-05-04,5,0.31,0.26,0.26065445,2
2020-05-04,20,0.24,0.26,0.24785247,2
2020-05-05,1,0.31,0.25,0.24980058,2
2020-05-05,5,0.28,0.25,0.24687172,2
2020-05-05,20,0.25,0.25,0.2369173,2
2020-05-06,1,0.27,0.31,0.30919132,2
2020-05-06,5,0.27,0.31,0.30638415,2
2020-05-06,20,0.3,0.31,0.29622334,2
2020-05-07,1,0.31,0.27,0.27004066,2
2020-05-07,5,0.26,0.27,0.26397645,2
2020-05-07,20,0.35,0.27,0.25670686,2
2020-05-08,1,0.31,0.31,0.30810466,2
2020-05-08,5,0.26,0.31,0.30673164,2
2020-05-08,20,0.38,0.31,0.29323712,2
2020-05-11,1,0.28,0.31,0.3083095,2
2020-05-11,5,0.26,0.31,0.30536953,2
2020-05-11,20,0.36,0.31,0.294116,2
2020-05-12,1,0.27,0.28,0.27985573,2
2020-05-12,5,0.3,0.28,0.27713165,2
2020-05-12,20,0.34,0.28,0.26557016,2
2020-05-13,1,0.26,0.27,0.26942766,2
2020-05-13,5,0.26,0.27,0.26877174,2
2020-05-13,20,0.29,0.27,0.2554582,2
2020-05-14,1,0.26,0.26,0.2597298,2
2020-05-14,5,0.25,0.26,0.25965035,2
2020-05-14,20,0.25,0.26,0.2451473,2
2020-05-15,1,0.26,0.26,0.2598726,2
2020-05-15,5,0.22,0.26,0.2590964,2
2020-05-15,20,0.25,0.26,0.24604243,2
2020-05-18,1,0.3,0.26,0.2598964,2
2020-05-18,5,0.21,0.26,0.2581798,2
2020-05-18,20,0.22,0.26,0.24656366,2
2020-05-19,1,0.26,0.3,0.3004276,2
2020-05-19,5,0.24,0.3,0.29729053,2
2020-05-19,20,0.26,0.3,0.28745875,2
2020-05-20,1,0.25,0.26,0.25718156,2
2020-05-20,5,0.24,0.26,0.25524497,2
2020-05-20,20,0.24,0.26,0.24318129,2
2020-05-21,1,0.22,0.25,0.24753337,2
2020-05-21,5,0.26,0.25,0.24904929,2
2020-05-21,20,0.22,0.25,0.24508677,2
2020-05-22,1,0.21,0.22,0.21904771,2
2020-05-22,5,0.25,0.22,0.21721996,2
2020-05-22,20,0.23,0.22,0.21919222,2
2020-05-25,1,0.24,0.21,0.210183,2
2020-05-25,5,0.24,0.21,0.20964934,2
2020-05-25,20,0.24,0.21,0.20392196,2
2020-05-26,1,0.24,0.24,0.23971367,2
2020-05-26,5,0.25,0.24,0.23904473,2
2020-05-26,20,0.24,0.24,0.23153284,2
2020-05-27,1,0.26,0.24,0.23793593,2
2020-05-27,5,0.3,0.24,0.23674051,2
2020-05-27,20,0.24,0.24,0.22749636,2
2020-05-28,1,0.25,0.26,0.25865972,2
2020-05-28,5,0.35,0.26,0.2580524,2
2020-05-28,20,0.22,0.26,0.24758157,2
2020-05-29,1,0.24,0.25,0.2490059,2
2020-05-29,5,0.38,0.25,0.24721019,2
2020-05-29,20,0.22,0.25,0.2373302,2
2020-06-01,1,0.25,0.24,0.23915482,2
2020-06-01,5,0.36,0.24,0.23837808,2
2020-06-01,20,0.22,0.24,0.2261939,2
2020-06-02,1,0.3,0.25,0.24813068,2
2020-06-02,5,0.34,0.25,0.24739873,2
2020-06-02,20,0.24,0.25,0.23626547,2
2020-06-03,1,0.35,0.3,0.2979657,2
2020-06-03,5,0.29,0.3,0.2972599,2
2020-06-03,20,0.24,0.3,0.28752962,2
2020-06-04,1,0.38,0.35,0.34884235,2
2020-06-04,5,0.25,0.35,0.34623614,2
2020-06-04,20,0.27,0.35,0.33718973,2
2020-06-05,1,0.36,0.38,0.37874097,2
2020-06-05,5,0.25,0.38,0.37473536,2
2020-06-05,20,0.26,0.38,0.3664399,2
2020-06-08,1,0.34,0.36,0.35819933,2
2020-06-08,5,0.22,0.36,0.35418326,2
2020-06-08,20,0.26,0.36,0.34539345,2
2020-06-09,1,0.29,0.34,0.3378839,2
2020-06-09,5,0.26,0.34,0.33653563,2
2020-06-09,20,0.23,0.34,0.32424518,2
2020-06-10,1,0.25,0.29,0.28885174,2
2020-06-10,5,0.24,0.29,0.28876466,2
2020-06-10,20,0.28,0.29,0.27492246,2
2020-06-11,1,0.25,0.25,0.24867432,2
2020-06-11,5,0.22,0.25,0.25085017,2
2020-06-11,20,0.25,0.25,0.23576191,2
2020-06-12,1,0.22,0.25,0.25055102,2
2020-06-12,5,0.23,0.25,0.2534515,2
2020-06-12,20,0.27,0.25,0.23412082,2
2020-06-15,1,0.26,0.22,0.22100356,2
2020-06-15,5,0.24,0.22,0.22020106,2
2020-06-15,20,0.26,0.22,0.20654885,2
2020-06-16,1,0.24,0.26,0.26037532,2
2020-06-16,5,0.24,0.26,0.26008946,2
2020-06-16,20,0.26,0.26,0.24774949,2
2020-06-17,1,0.22,0.24,0.23934819,2
2020-06-17,5,0.24,0.24,0.23644076,2
2020-06-17,20,0.26,0.24,0.22673452,2
2020-06-18,1,0.23,0.22,0.2198307,2
2020-06-18,5,0.22,0.22,0.2174983,2
2020-06-18,20,0.23,0.22,0.21070243,2
2020-06-19,1,0.24,0.23,0.23001467,2
2020-06-19,5,0.22,0.23,0.22864918,2
2020-06-19,20,0.25,0.23,0.21964723,2
2020-06-22,1,0.24,0.24,0.23963223,2
2020-06-22,5,0.22,0.24,0.23764482,2
2020-06-22,20,0.24,0.24,0.22811717,2
2020-06-23,1,0.24,0.24,0.23937334,2
2020-06-23,5,0.24,0.24,0.23679973,2
2020-06-23,20,0.24,0.24,0.22621162,2
2020-06-24,1,0.22,0.24,0.23940024,2
2020-06-24,5,0.24,0.24,0.23691078,2
2020-06-24,20,0.24,0.24,0.22678664,2
2020-06-25,1,0.22,0.22,0.22004701,2
2020-06-25,5,0.27,0.22,0.21811241,2
2020-06-25,20,0.23,0.22,0.2062858,2
2020-06-26,1,0.22,0.22,0.22041485,2
2020-06-26,5,0.26,0.22,0.21898103,2
2020-06-26,20,0.23,0.22,0.20631604,2
2020-06-29,1,0.24,0.22,0.21981145,2
2020-06-29,5,0.26,0.22,0.21874219,2
2020-06-29,20,0.24,0.22,0.20565793,2
2020-06-30,1,0.24,0.24,0.23979132,2
2020-06-30,5,0.23,0.24,0.2377977,2
2020-06-30,20,0.2,0.24,0.22609705,2
2020-07-01,1,0.27,0.24,0.23905495,2
2020-07-01,5,0.28,0.24,0.23608199,2
2020-07-01,20,0.22,0.24,0.22594434,2
2020-07-02,1,0.26,0.27,0.26956075,2
2020-07-02,5,0.25,0.27,0.26663288,2
2020-07-02,20,0.19,0.27,0.25640023,2
2020-07-03,1,0.26,0.26,0.25837287,2
2020-07-03,5,0.27,0.26,0.25550404,2
2020-07-03,20,0.2,0.26,0.24631849,2
2020-07-06,1,0.23,0.26,0.25873357,2
2020-07-06,5,0.26,0.26,0.2568142,2
2020-07-06,20,0.2,0.26,0.24590488,2
2020-07-07,1,0.28,0.23,0.22898053,2
2020-07-07,5,0.26,0.23,0.22715746,2
2020-07-07,20,0.18,0.23,0.21632607,2
2020-07-08,1,0.25,0.28,0.27964753,2
2020-07-08,5,0.26,0.28,0.2795631,2
2020-07-08,20,0.23,0.28,0.26620746,2
2020-07-09,1,0.27,0.25,0.24871604,2
2020-07-09,5,0.23,0.25,0.24606434,2
2020-07-09,20,0.2,0.25,0.23558891,2
2020-07-10,1,0.26,0.27,0.2691196,2
2020-07-10,5,0.25,0.27,0.2684401,2
2020-07-10,20,0.21,0.27,0.2550542,2
2020-07-13,1,0.26,0.26,0.25987184,2
2020-07-13,5,0.24,0.26,0.2570122,2
2020-07-13,20,0.22,0.26,0.24599908,2
2020-07-14,1,0.26,0.26,0.25926775,2
2020-07-14,5,0.24,0.26,0.25729182,2
2020-07-14,20,0.28,0.26,0.2458977,2
2020-07-15,1,0.23,0.26,0.25985146,2
2020-07-15,5,0.24,0.26,0.25786093,2
2020-07-15,20,0.31,0.26,0.24595484,2
2020-07-16,1,0.25,0.23,0.22869651,2
2020-07-16,5,0.23,0.23,0.2267115,2
2020-07-16,20,0.33,0.23,0.2172513,2
2020-07-17,1,0.24,0.25,0.24948718,2
2020-07-17,5,0.23,0.25,0.24916895,2
2020-07-17,20,0.31,0.25,0.23718528,2
2020-07-20,1,0.24,0.24,0.24001484,2
2020-07-20,5,0.24,0.24,0.2379106,2
2020-07-20,20,0.29,0.24,0.226062,2
2020-07-21,1,0.24,0.24,0.23917401,2
2020-07-21,5,0.2,0.24,0.23776601,2
2020-07-21,20,0.28,0.24,0.22706367,2
2020-07-22,1,0.23,0.24,0.23838905,2
2020-07-22,5,0.22,0.24,0.23739628,2
2020-07-22,20,0.29,0.24,0.2263785,2
2020-07-23,1,0.23,0.23,0.22150731,2
2020-07-23,5,0.19,0.23,0.22962588,2
2020-07-23,20,0.28,0.23,0.16210736,2
2020-07-24,1,0.24,0.23,0.22613838,2
2020-07-24,5,0.2,0.23,0.23141213,2
2020-07-24,20,0.26,0.23,0.19680464,2
2020-07-27,1,0.2,0.24,0.23766954,2
2020-07-27,5,0.2,0.24,0.24100685,2
2020-07-27,20,0.27,0.24,0.21609293,2
2020-07-28,1,0.22,0.2,0.19780569,2
2020-07-28,5,0.18,0.2,0.19885252,2
2020-07-28,20,0.3,0.2,0.1823398,2
2020-07-29,1,0.19,0.22,0.21860503,2
2020-07-29,5,0.23,0.22,0.22065443,2
2020-07-29,20,0.32,0.22,0.20424312,2
2020-07-30,1,0.2,0.19,0.18852782,2
2020-07-30,5,0.2,0.19,0.18886863,2
2020-07-30,20,0.37,0.19,0.17480187,2
2020-07-31,1,0.2,0.2,0.19982807,2
2020-07-31,5,0.21,0.2,0.20055678,2
2020-07-31,20,0.36,0.2,0.18512508,2
2020-08-03,1,0.18,0.2,0.19917178,2
2020-08-03,5,0.22,0.2,0.19840828,2
2020-08-03,20,0.35,0.2,0.18579172,2
2020-08-04,1,0.23,0.18,0.17950504,2
2020-08-04,5,0.28,0.18,0.17787164,2
2020-08-04,20,0.31,0.18,0.166253,2
2020-08-05,1,0.2,0.23,0.22908795,2
2020-08-05,5,0.31,0.23,0.22875434,2
2020-08-05,20,0.29,0.23,0.21600117,2
2020-08-06,1,0.21,0.2,0.19804245,2
2020-08-06,5,0.33,0.2,0.19575088,2
2020-08-06,20,0.28,0.2,0.18465886,2
2020-08-07,1,0.22,0.21,0.20946695,2
2020-08-07,5,0.31,0.21,0.20848455,2
2020-08-07,20,0.32,0.21,0.19612965,2
2020-08-10,1,0.28,0.22,0.22038442,2
2020-08-10,5,0.29,0.22,0.2180852,2
2020-08-10,20,0.32,0.22,0.20645855,2
2020-08-11,1,0.31,0.28,0.27948883,2
2020-08-11,5,0.28,0.28,0.2766406,2
2020-08-11,20,0.3,0.28,0.26634893,2
2020-08-12,1,0.33,0.31,0.30851558,2
2020-08-12,5,0.29,0.31,0.30378535,2
2020-08-12,20,0.32,0.31,0.29523084,2
2020-08-13,1,0.31,0.33,0.32837436,2
2020-08-13,5,0.28,0.33,0.3239257,2
2020-08-13,20,0.3,0.33,0.3145244,2
2020-08-14,1,0.29,0.31,0.30811813,2
2020-08-14,5,0.26,0.31,0.30447787,2
2020-08-14,20,0.29,0.31,0.2942046,2
2020-08-17,1,0.28,0.29,0.28902662,2
2020-08-17,5,0.27,0.29,0.2872066,2
2020-08-17,20,0.29,0.29,0.27476045,2
2020-08-18,1,0.29,0.28,0.27874818,2
2020-08-18,5,0.3,0.28,0.27810338,2
2020-08-18,20,0.29,0.28,0.26565212,2
2020-08-19,1,0.28,0.29,0.2889898,2
2020-08-19,5,0.32,0.29,0.2887722,2
2020-08-19,20,0.31,0.29,0.2754168,2
2020-08-20,1,0.26,0.28,0.27944025,2
2020-08-20,5,0.37,0.28,0.27799156,2
2020-08-20,20,0.31,0.28,0.27483788,2
2020-08-21,1,0.27,0.26,0.25976577,2
2020-08-21,5,0.36,0.26,0.25756222,2
2020-08-21,20,0.32,0.26,0.2559104,2
2020-08-24,1,0.3,0.27,0.27015078,2
2020-08-24,5,0.35,0.27,0.26870644,2
2020-08-24,20,0.29,0.27,0.26246896,2
2020-08-25,1,0.32,0.3,0.3000679,2
2020-08-25,5,0.31,0.3,0.29775122,2
2020-08-25,20,0.29,0.3,0.2903666,2
2020-08-26,1,0.37,0.32,0.31975275,2
2020-08-26,5,0.29,0.32,0.3158128,2
2020-08-26,20,0.29,0.32,0.3087265,2
2020-08-27,1,0.36,0.37,0.3688767,2
2020-08-27,5,0.28,0.37,0.36533126,2
2020-08-27,20,0.3,0.37,0.3567516,2
2020-08-28,1,0.35,0.36,0.35886136,2
2020-08-28,5,0.32,0.36,0.35393348,2
2020-08-28,20,0.29,0.36,0.34499815,2
2020-08-31,1,0.31,0.35,0.3485617,2
2020-08-31,5,0.32,0.35,0.34539434,2
2020-08-31,20,0.3,0.35,0.33564448,2
2020-09-01,1,0.29,0.31,0.30833402,2
2020-09-01,5,0.3,0.31,0.30681857,2
2020-09-01,20,0.3,0.31,0.2955434,2
2020-09-02,1,0.28,0.29,0.2893618,2
2020-09-02,5,0.32,0.29,0.28972667,2
2020-09-02,20,0.32,0.29,0.27651575,2
2020-09-03,1,0.32,0.28,0.27985805,2
2020-09-03,5,0.3,0.28,0.28032112,2
2020-09-03,20,0.31,0.28,0.26735866,2
2020-09-04,1,0.32,0.32,0.32031387,2
2020-09-04,5,0.29,0.32,0.3204086,2
2020-09-04,20,0.32,0.32,0.30702293,2
2020-09-07,1,0.3,0.32,0.31996894,2
2020-09-07,5,0.29,0.32,0.3162239,2
2020-09-07,20,0.37,0.32,0.3072426,2
2020-09-08,1,0.32,0.3,0.29949933,2
2020-09-08,5,0.29,0.3,0.29671037,2
2020-09-08,20,0.34,0.3,0.28621328,2
2020-09-09,1,0.3,0.32,0.32030806,2
2020-09-09,5,0.31,0.32,0.31895873,2
2020-09-09,20,0.39,0.32,0.30529517,2
2020-09-10,1,0.29,0.3,0.2994517,2
2020-09-10,5,0.31,0.3,0.29659766,2
2020-09-10,20,0.34,0.3,0.28586003,2
2020-09-11,1,0.29,0.29,0.29130065,3
2020-09-11,5,0.32,0.29,0.28584564,3
2020-09-11,20,0.37,0.29,0.28590974,3
2020-09-14,1,0.29,0.29,0.29127702,3
2020-09-14,5,0.29,0.29,0.28628016,3
2020-09-14,20,0.37,0.29,0.28648534,3
2020-09-15,1,0.31,0.29,0.29133892,3
2020-09-15,5,0.29,0.29,0.28598183,3
2020-09-15,20,0.34,0.29,0.28551543,3
2020-09-16,1,0.31,0.31,0.31147844,3
2020-09-16,5,0.29,0.31,0.30595964,3
2020-09-16,20,0.34,0.31,0.305332,3
2020-09-17,1,0.32,0.31,0.31193838,3
2020-09-17,5,0.3,0.31,0.3057734,3
2020-09-17,20,0.34,0.31,0.30424124,3
2020-09-18,1,0.29,0.32,0.32183608,3
2020-09-18,5,0.29,0.32,0.3160251,3
2020-09-18,20,0.34,0.32,0.31500566,3
2020-09-21,1,0.29,0.29,0.2918265,3
2020-09-21,5,0.3,0.29,0.28556922,3
2020-09-21,20,0.35,0.29,0.28419855,3
2020-09-22,1,0.29,0.29,0.2912456,3
2020-09-22,5,0.3,0.29,0.28723896,3
2020-09-22,20,0.38,0.29,0.28650576,3
2020-09-23,1,0.3,0.29,0.29125264,3
2020-09-23,5,0.32,0.29,0.28666255,3
2020-09-23,20,0.38,0.29,0.28644902,3
2020-09-24,1,0.29,0.3,0.3014487,3
2020-09-24,5,0.31,0.3,0.29691562,3
2020-09-24,20,0.41,0.3,0.29638284,3
2020-09-25,1,0.3,0.29,0.291723,3
2020-09-25,5,0.32,0.29,0.2863445,3
2020-09-25,20,0.4,0.29,0.2859816,3
2020-09-28,1,0.3,0.3,0.30145863,3
2020-09-28,5,0.37,0.3,0.29626295,3
2020-09-28,20,0.38,0.3,0.29623094,3
2020-09-29,1,0.32,0.3,0.30164462,3
2020-09-29,5,0.34,0.3,0.29571638,3
2020-09-29,20,0.36,0.3,0.2948491,3
2020-09-30,1,0.31,0.32,0.32170933,3
2020-09-30,5,0.39,0.32,0.31577533,3
2020-09-30,20,0.35,0.32,0.31537426,3
2020-10-01,1,0.32,0.31,0.31186253,3
2020-10-01,5,0.34,0.31,0.30513513,3
2020-10-01,20,0.38,0.31,0.30268112,3
2020-10-02,1,0.37,0.32,0.32155743,3
2020-10-02,5,0.37,0.32,0.31471282,3
2020-10-02,20,0.4,0.32,0.3138685,3
2020-10-05,1,0.34,0.37,0.37185642,3
2020-10-05,5,0.37,0.37,0.36570257,3
2020-10-05,20,0.38,0.37,0.36391732,3
2020-10-06,1,0.39,0.34,0.34243804,3
2020-10-06,5,0.34,0.34,0.3361136,3
2020-10-06,20,0.41,0.34,0.32909346,3
2020-10-07,1,0.34,0.39,0.3915016,3
2020-10-07,5,0.34,0.39,0.38569543,3
2020-10-07,20,0.35,0.39,0.38320053,3
2020-10-08,1,0.37,0.34,0.3425296,3
2020-10-08,5,0.34,0.34,0.33646822,3
2020-10-08,20,0.36,0.34,0.33127317,3
2020-10-09,1,0.37,0.37,0.37106943,3
2020-10-09,5,0.34,0.37,0.36626542,3
2020-10-09,20,0.38,0.37,0.36447516,3
2020-10-12,1,0.34,0.37,0.37177268,3
2020-10-12,5,0.35,0.37,0.36497596,3
2020-10-12,20,0.47,0.37,0.36284173,3
2020-10-13,1,0.34,0.34,0.34186655,3
2020-10-13,5,0.38,0.34,0.33532816,3
2020-10-13,20,0.5,0.34,0.33406803,3
2020-10-14,1,0.34,0.34,0.34120673,3
2020-10-14,5,0.38,0.34,0.33591568,3
2020-10-14,20,0.5,0.34,0.33678257,3
2020-10-15,1,0.34,0.34,0.3414057,3
2020-10-15,5,0.41,0.34,0.3360083,3
2020-10-15,20,0.46,0.34,0.33689502,3
2020-10-16,1,0.35,0.34,0.3415912,3
2020-10-16,5,0.4,0.34,0.33742777,3
2020-10-16,20,0.46,0.34,0.33703905,3
2020-10-19,1,0.38,0.35,0.35132757,3
2020-10-19,5,0.38,0.35,0.34610125,3
2020-10-19,20,0.47,0.35,0.34485877,3
2020-10-20,1,0.38,0.38,0.38162872,3
2020-10-20,5,0.36,0.38,0.37567937,3
2020-10-20,20,0.43,0.38,0.3735349,3
2020-10-21,1,0.41,0.38,0.38217694,3
2020-10-21,5,0.35,0.38,0.37550193,3
2020-10-21,20,0.43,0.38,0.3717946,3
2020-10-22,1,0.4,0.41,0.41387987,3
2020-10-22,5,0.38,0.41,0.40216058,3
2020-10-22,20,0.41,0.41,0.39757448,3
2020-10-23,1,0.38,0.4,0.4029023,3
2020-10-23,5,0.4,0.4,0.39435875,3
2020-10-23,20,0.39,0.4,0.38941646,3
2020-10-26,1,0.36,0.38,0.38216305,3
2020-10-26,5,0.38,0.38,0.37427038,3
2020-10-26,20,0.42,0.38,0.3727663,3
2020-10-27,1,0.35,0.36,0.361678,3
2020-10-27,5,0.41,0.36,0.3555824,3
2020-10-27,20,0.45,0.36,0.35618126,3
2020-10-28,1,0.38,0.35,0.35108677,3
2020-10-28,5,0.35,0.35,0.34523195,3
2020-10-28,20,0.43,0.35,0.34694704,3
2020-10-29,1,0.4,0.38,0.38130483,3
2020-10-29,5,0.36,0.38,0.37777004,3
2020-10-29,20,0.43,0.38,0.37776968,3
2020-10-30,1,0.38,0.4,0.40181378,3
2020-10-30,5,0.38,0.4,0.39802685,3
2020-10-30,20,0.42,0.4,0.39491737,3
2020-11-02,1,0.41,0.38,0.38190922,3
2020-11-02,5,0.47,0.38,0.3762726,3
2020-11-02,20,0.42,0.38,0.3721313,3
2020-11-03,1,0.35,0.41,0.41130215,3
2020-11-03,5,0.5,0.41,0.40515354,3
2020-11-03,20,0.48,0.41,0.40341166,3
2020-11-04,1,0.36,0.35,0.35172975,3
2020-11-04,5,0.5,0.35,0.34416094,3
2020-11-04,20,0.49,0.35,0.34028372,3
2020-11-05,1,0.38,0.36,0.36102718,3
2020-11-05,5,0.46,0.36,0.35682786,3
2020-11-05,20,0.48,0.36,0.35692957,3
2020-11-06,1,0.47,0.38,0.38129216,3
2020-11-06,5,0.46,0.38,0.37493405,3
2020-11-06,20,0.52,0.38,0.37562746,3
2020-11-09,1,0.5,0.47,0.47202012,3
2020-11-09,5,0.47,0.47,0.46580118,3
2020-11-09,20,0.48,0.47,0.46348903,3
2020-11-10,1,0.5,0.5,0.5030673,3
2020-11-10,5,0.43,0.5,0.49738744,3
2020-11-10,20,0.47,0.5,0.4852214,3
2020-11-11,1,0.46,0.5,0.50317985,3
2020-11-11,5,0.43,0.5,0.49559766,3
2020-11-11,20,0.48,0.5,0.49015957,3
2020-11-12,1,0.46,0.46,0.4623412,3
2020-11-12,5,0.41,0.46,0.45498914,3
2020-11-12,20,0.48,0.46,0.45230913,3
2020-11-13,1,0.47,0.46,0.4616497,3
2020-11-13,5,0.39,0.46,0.45668298,3
2020-11-13,20,0.46,0.46,0.45689142,3
2020-11-16,1,0.43,0.47,0.47143427,3
2020-11-16,5,0.42,0.47,0.46642122,3
2020-11-16,20,0.47,0.47,0.46722555,3
2020-11-17,1,0.43,0.43,0.43157005,3
2020-11-17,5,0.45,0.43,0.42529938,3
2020-11-17,20,0.48,0.43,0.4244111,3
2020-11-18,1,0.41,0.43,0.4309843,3
2020-11-18,5,0.43,0.43,0.42641526,3
2020-11-18,20,0.48,0.43,0.42672482,3
2020-11-19,1,0.39,0.41,0.4113625,3
2020-11-19,5,0.43,0.41,0.4047455,3
2020-11-19,20,0.49,0.41,0.4051519,3
2020-11-20,1,0.42,0.39,0.39150748,3
2020-11-20,5,0.42,0.39,0.38634455,3
2020-11-20,20,0.5,0.39,0.38663647,3
2020-11-23,1,0.45,0.42,0.42111224,3
2020-11-23,5,0.42,0.42,0.41598678,3
2020-11-23,20,0.49,0.42,0.4176864,3
2020-11-24,1,0.43,0.45,0.45198828,3
2020-11-24,5,0.48,0.45,0.4464313,3
2020-11-24,20,0.48,0.45,0.44507718,3
2020-11-25,1,0.43,0.43,0.4322565,3
2020-11-25,5,0.49,0.43,0.42533377,3
2020-11-25,20,0.5,0.43,0.42243257,3
2020-11-26,1,0.42,0.43,0.43155324,3
2020-11-26,5,0.48,0.43,0.42509738,3
2020-11-26,20,0.5,0.43,0.4238758,3
2020-11-27,1,0.42,0.42,0.42161983,3
2020-11-27,5,0.52,0.42,0.41564646,3
2020-11-27,20,0.5,0.42,0.41479182,3
2020-11-30,1,0.48,0.42,0.4214063,3
2020-11-30,5,0.48,0.42,0.41526696,3
2020-11-30,20,0.5,0.42,0.41637328,3
2020-12-01,1,0.49,0.48,0.48124188,3
2020-12-01,5,0.47,0.48,0.47494578,3
2020-12-01,20,0.5,0.48,0.475653,3
2020-12-02,1,0.48,0.49,0.4925807,3
2020-12-02,5,0.48,0.49,0.4867003,3
2020-12-02,20,0.5,0.49,0.48045284,3
2020-12-03,1,0.52,0.48,0.48222914,3
2020-12-03,5,0.48,0.48,0.47537413,3
2020-12-03,20,0.47,0.48,0.47089788,3
2020-12-04,1,0.48,0.52,0.52171403,3
2020-12-04,5,0.46,0.52,0.5144893,3
2020-12-04,20,0.47,0.52,0.5134593,3
2020-12-07,1,0.47,0.48,0.48221454,3
2020-12-07,5,0.47,0.48,0.4746175,3
2020-12-07,20,0.48,0.48,0.46975994,3
2020-12-08,1,0.48,0.47,0.4713235,3
2020-12-08,5,0.48,0.47,0.4655366,3
2020-12-08,20,0.51,0.47,0.46420628,3
2020-12-09,1,0.48,0.48,0.48125643,3
2020-12-09,5,0.48,0.48,0.47587654,3
2020-12-09,20,0.57,0.48,0.47607437,3
2020-12-10,1,0.46,0.48,0.48154345,3
2020-12-10,5,0.49,0.48,0.47605252,3
2020-12-10,20,0.61,0.48,0.4745672,3
2020-12-11,1,0.47,0.46,0.46149436,3
2020-12-11,5,0.5,0.46,0.4547796,3
2020-12-11,20,0.62,0.46,0.4551221,3
2020-12-14,1,0.48,0.47,0.4713134,3
2020-12-14,5,0.49,0.47,0.46611708,3
2020-12-14,20,0.64,0.47,0.46642876,3
2020-12-15,1,0.48,0.48,0.48158196,3
2020-12-15,5,0.48,0.48,0.47578585,3
2020-12-15,20,0.66,0.48,0.47583643,3
2020-12-16,1,0.49,0.48,0.48171678,3
2020-12-16,5,0.5,0.48,0.4753869,3
2020-12-16,20,0.65,0.48,0.47402722,3
2020-12-17,1,0.5,0.49,0.49306187,3
2020-12-17,5,0.5,0.49,0.48371613,3
2020-12-17,20,0.7,0.49,0.48137987,3
2020-12-18,1,0.49,0.5,0.50212085,3
2020-12-18,5,0.5,0.5,0.49431902,3
2020-12-18,20,0.66,0.5,0.4916342,3
2020-12-21,1,0.48,0.49,0.49224484,3
2020-12-21,5,0.5,0.49,0.48534703,3
2020-12-21,20,0.65,0.49,0.4834807,3
2020-12-22,1,0.5,0.48,0.4817051,3
2020-12-22,5,0.5,0.48,0.47620583,3
2020-12-22,20,0.65,0.48,0.47537,3
2020-12-23,1,0.5,0.5,0.5014345,3
2020-12-23,5,0.5,0.5,0.49656034,3
2020-12-23,20,0.67,0.5,0.49673438,3
2020-12-24,1,0.5,0.5,0.50160503,3
2020-12-24,5,0.47,0.5,0.49545476,3
2020-12-24,20,0.7,0.5,0.49342123,3
2020-12-25,1,0.5,0.5,0.5017156,3
2020-12-25,5,0.47,0.5,0.49498844,3
2020-12-25,20,0.66,0.5,0.49450547,3
2020-12-28,1,0.5,0.5,0.5016904,3
2020-12-28,5,0.48,0.5,0.49529505,3
2020-12-28,20,0.63,0.5,0.49486127,3
2020-12-29,1,0.5,0.5,0.5016436,3
2020-12-29,5,0.51,0.5,0.4954781,3
2020-12-29,20,0.65,0.5,0.49503615,3
2020-12-30,1,0.47,0.5,0.501556,3
2020-12-30,5,0.57,0.5,0.4951785,3
2020-12-30,20,0.64,0.5,0.49474502,3
2020-12-31,1,0.47,0.47,0.47156656,3
2020-12-31,5,0.61,0.47,0.46492857,3
2020-12-31,20,0.66,0.47,0.46489355,3
2021-01-01,1,0.48,0.47,0.47096694,3
2021-01-01,5,0.62,0.47,0.46551606,3
2021-01-01,20,0.69,0.47,0.46554074,3
2021-01-04,1,0.51,0.48,0.48130095,3
2021-01-04,5,0.64,0.48,0.47602922,3
2021-01-04,20,0.73,0.48,0.47570235,3
2021-01-05,1,0.57,0.51,0.51170045,3
2021-01-05,5,0.66,0.51,0.5062991,3
2021-01-05,20,0.75,0.51,0.50560313,3
2021-01-06,1,0.61,0.57,0.5720828,3
2021-01-06,5,0.65,0.57,0.5656258,3
2021-01-06,20,0.77,0.57,0.56262434,3
2021-01-07,1,0.62,0.61,0.61294967,3
2021-01-07,5,0.7,0.61,0.6063737,3
2021-01-07,20,0.77,0.61,0.5985274,3
2021-01-08,1,0.64,0.62,0.62315375,3
2021-01-08,5,0.66,0.62,0.6156813,3
2021-01-08,20,0.8,0.62,0.6096261,3
2021-01-11,1,0.66,0.64,0.6423977,3
2021-01-11,5,0.65,0.64,0.6351506,3
2021-01-11,20,0.81,0.64,0.62983185,3
2021-01-12,1,0.65,0.66,0.6625326,3
2021-01-12,5,0.65,0.66,0.65592885,3
2021-01-12,20,0.8,0.66,0.65258086,3
2021-01-13,1,0.7,0.65,0.65232825,3
2021-01-13,5,0.67,0.65,0.644854,3
2021-01-13,20,0.8,0.65,0.64206153,3
2021-01-14,1,0.66,0.7,0.70190513,3
2021-01-14,5,0.7,0.7,0.69436777,3
2021-01-14,20,0.8,0.7,0.69498414,3
2021-01-15,1,0.65,0.66,0.6625946,3
2021-01-15,5,0.66,0.66,0.65506333,3
2021-01-15,20,0.84,0.66,0.6507025,3
2021-01-18,1,0.65,0.65,0.65161437,3
2021-01-18,5,0.63,0.65,0.6461467,3
2021-01-18,20,0.84,0.65,0.6453049,3
2021-01-19,1,0.67,0.65,0.65129954,3
2021-01-19,5,0.65,0.65,0.64644325,3
2021-01-19,20,0.91,0.65,0.6464451,3
2021-01-20,1,0.7,0.67,0.67137057,3
2021-01-20,5,0.64,0.67,0.6656578,3
2021-01-20,20,0.9,0.67,0.6660087,3
2021-01-21,1,0.66,0.7,0.7022011,3
2021-01-21,5,0.66,0.7,0.696344,3
2021-01-21,20,0.92,0.7,0.6940227,3
2021-01-22,1,0.63,0.66,0.6626612,3
2021-01-22,5,0.69,0.66,0.6571588,3
2021-01-22,20,0.98,0.66,0.6537982,3
2021-01-25,1,0.65,0.63,0.6312021,3
2021-01-25,5,0.73,0.63,0.62807816,3
2021-01-25,20,1.0,0.63,0.6260489,3
2021-01-26,1,0.64,0.65,0.65070623,3
2021-01-26,5,0.75,0.65,0.6476133,3
2021-01-26,20,1.03,0.65,0.64807934,3
2021-01-27,1,0.66,0.64,0.64144665,3
2021-01-27,5,0.77,0.64,0.63625455,3
2021-01-27,20,1.08,0.64,0.6363288,3
2021-01-28,1,0.69,0.66,0.6614993,3
2021-01-28,5,0.77,0.66,0.65716624,3
2021-01-28,20,1.14,0.66,0.65696734,3
2021-01-29,1,0.73,0.69,0.6921008,3
2021-01-29,5,0.8,0.69,0.6875559,3
2021-01-29,20,1.05,0.69,0.68553317,3
2021-02-01,1,0.75,0.73,0.7322907,3
2021-02-01,5,0.81,0.73,0.7263019,3
2021-02-01,20,1.1,0.73,0.7222261,3
2021-02-02,1,0.77,0.75,0.7529159,3
2021-02-02,5,0.8,0.75,0.7457345,3
2021-02-02,20,1.09,0.75,0.74384093,3
2021-02-03,1,0.77,0.77,0.77255243,3
2021-02-03,5,0.8,0.77,0.7654398,3
2021-02-03,20,1.14,0.77,0.76250726,3
2021-02-04,1,0.8,0.77,0.7724066,3
2021-02-04,5,0.8,0.77,0.76482743,3
2021-02-04,20,1.21,0.77,0.76119703,3
2021-02-05,1,0.81,0.8,0.8021709,3
2021-02-05,5,0.84,0.8,0.7953443,3
2021-02-05,20,1.21,0.8,0.7936848,3
2021-02-08,1,0.8,0.81,0.8122468,3
2021-02-08,5,0.84,0.81,0.8050082,3
2021-02-08,20,1.24,0.81,0.80096817,3
2021-02-09,1,0.8,0.8,0.80240273,3
2021-02-09,5,0.91,0.8,0.79491025,3
2021-02-09,20,1.18,0.8,0.79234064,3
2021-02-10,1,0.8,0.8,0.80156696,3
2021-02-10,5,0.9,0.8,0.79421353,3
2021-02-10,20,1.17,0.8,0.79385793,3
2021-02-11,1,0.84,0.8,0.80167633,3
2021-02-11,5,0.92,0.8,0.7944944,3
2021-02-11,20,1.18,0.8,0.79530793,3
2021-02-12,1,0.84,0.84,0.841673,3
2021-02-12,5,0.98,0.84,0.835228,3
2021-02-12,20,1.27,0.84,0.8350123,3
2021-02-15,1,0.91,0.84,0.8425571,3
2021-02-15,5,1.0,0.84,0.8364259,3
2021-02-15,20,1.23,0.84,0.8331686,3
2021-02-16,1,0.9,0.91,0.9120376,3
2021-02-16,5,1.03,0.91,0.9056019,3
2021-02-16,20,1.25,0.91,0.9038511,3
2021-02-17,1,0.92,0.9,0.90293,3
2021-02-17,5,1.08,0.9,0.896851,3
2021-02-17,20,1.31,0.9,0.8879668,3
2021-02-18,1,0.98,0.92,0.9238085,3
2021-02-18,5,1.14,0.92,0.913372,3
2021-02-18,20,1.34,0.92,0.9085873,3
2021-02-19,1,1.0,0.98,0.98297507,3
2021-02-19,5,1.05,0.98,0.9744143,3
2021-02-19,20,1.33,0.98,0.9712207,3
2021-02-22,1,1.03,1.0,1.0029858,3
2021-02-22,5,1.1,1.0,0.99415916,3
2021-02-22,20,1.29,1.0,0.9867608,3
2021-02-23,1,1.08,1.03,1.0328375,3
2021-02-23,5,1.09,1.03,1.0238286,3
2021-02-23,20,1.24,1.03,1.0193352,3
2021-02-24,1,1.14,1.08,1.0829096,3
2021-02-24,5,1.14,1.08,1.0738596,3
2021-02-24,20,1.23,1.08,1.0709627,3
2021-02-25,1,1.05,1.14,1.1431633,3
2021-02-25,5,1.21,1.14,1.1338667,3
2021-02-25,20,1.23,1.14,1.1297714,3
2021-02-26,1,1.1,1.05,1.0531925,3
2021-02-26,5,1.21,1.05,1.0456473,3
2021-02-26,20,1.26,1.05,1.0347776,3
2021-03-01,1,1.09,1.1,1.1014491,3
2021-03-01,5,1.24,1.1,1.0976577,3
2021-03-01,20,1.3,1.1,1.092815,3
2021-03-02,1,1.14,1.09,1.0924737,3
2021-03-02,5,1.18,1.09,1.0864782,3
2021-03-02,20,1.3,1.09,1.0834717,3
2021-03-03,1,1.21,1.14,1.1418984,3
2021-03-03,5,1.17,1.14,1.1351185,3
2021-03-03,20,1.33,1.14,1.1350567,3
2021-03-04,1,1.21,1.21,1.2128935,3
2021-03-04,5,1.18,1.21,1.2062222,3
2021-03-04,20,1.29,1.21,1.2021712,3
2021-03-05,1,1.24,1.21,1.2136976,3
2021-03-05,5,1.27,1.21,1.206763,3
2021-03-05,20,1.29,1.21,1.1990609,3
2021-03-08,1,1.18,1.24,1.2426223,3
2021-03-08,5,1.23,1.24,1.2353925,3
2021-03-08,20,1.32,1.24,1.2317405,3
2021-03-09,1,1.17,1.18,1.1826952,3
2021-03-09,5,1.25,1.18,1.1752061,3
2021-03-09,20,1.26,1.18,1.1711287,3
2021-03-10,1,1.18,1.17,1.1710823,3
2021-03-10,5,1.31,1.17,1.1663197,3
2021-03-10,20,1.27,1.17,1.1650087,3
2021-03-11,1,1.27,1.18,1.1811749,3
2021-03-11,5,1.34,1.18,1.1761973,3
2021-03-11,20,1.24,1.18,1.1766502,3
2021-03-12,1,1.23,1.27,1.2714125,3
2021-03-12,5,1.33,1.27,1.2650319,3
2021-03-12,20,1.26,1.27,1.2646838,3
2021-03-15,1,1.25,1.23,1.2329943,3
2021-03-15,5,1.29,1.23,1.2269877,3
2021-03-15,20,1.26,1.23,1.2167886,3
2021-03-16,1,1.31,1.25,1.2516558,3
2021-03-16,5,1.24,1.25,1.2457924,3
2021-03-16,20,1.26,1.25,1.2427405,3
2021-03-17,1,1.34,1.31,1.3120493,3
2021-03-17,5,1.23,1.31,1.3052739,3
2021-03-17,20,1.29,1.31,1.3034217,3
2021-03-18,1,1.33,1.34,1.3433422,3
2021-03-18,5,1.23,1.34,1.3355451,3
2021-03-18,20,1.21,1.34,1.3312086,3
2021-03-19,1,1.29,1.33,1.3328654,3
2021-03-19,5,1.26,1.33,1.3253198,3
2021-03-19,20,1.24,1.33,1.3190415,3
2021-03-22,1,1.24,1.29,1.2920215,3
2021-03-22,5,1.3,1.29,1.2853725,3
2021-03-22,20,1.22,1.29,1.2817589,3
2021-03-23,1,1.23,1.24,1.24112,3
2021-03-23,5,1.3,1.24,1.2361066,3
2021-03-23,20,1.21,1.24,1.2355218,3
2021-03-24,1,1.23,1.23,1.2304708,3
2021-03-24,5,1.33,1.23,1.227654,3
2021-03-24,20,1.22,1.23,1.2279998,3
2021-03-25,1,1.26,1.23,1.2306727,3
2021-03-25,5,1.29,1.23,1.2267542,3
2021-03-25,20,1.21,1.23,1.228132,3
2021-03-26,1,1.3,1.26,1.26116,3
2021-03-26,5,1.29,1.26,1.2572489,3
2021-03-26,20,1.19,1.26,1.2570362,3
2021-03-29,1,1.3,1.3,1.3018192,3
2021-03-29,5,1.32,1.3,1.2964864,3
2021-03-29,20,1.2,1.3,1.2933767,3
2021-03-30,1,1.33,1.3,1.3025382,3
2021-03-30,5,1.26,1.3,1.2966721,3
2021-03-30,20,1.23,1.3,1.2911254,3
2021-03-31,1,1.29,1.33,1.3320922,3
2021-03-31,5,1.27,1.33,1.325986,3
2021-03-31,20,1.22,1.33,1.3233094,3
2021-04-01,1,1.29,1.29,1.2924596,3
2021-04-01,5,1.24,1.29,1.2853168,3
2021-04-01,20,1.25,1.29,1.2818418,3
2021-04-02,1,1.32,1.29,1.291209,3
2021-04-02,5,1.26,1.29,1.2853266,3
2021-04-02,20,1.24,1.29,1.285538,3
2021-04-05,1,1.26,1.32,1.321324,3
2021-04-05,5,1.26,1.32,1.3158987,3
2021-04-05,20,1.22,1.32,1.3147093,3
2021-04-06,1,1.27,1.26,1.262013,3
2021-04-06,5,1.26,1.26,1.2553629,3
2021-04-06,20,1.23,1.26,1.2531168,3
2021-04-07,1,1.24,1.27,1.2708714,3
2021-04-07,5,1.29,1.27,1.2672724,3
2021-04-07,20,1.21,1.27,1.2664263,3
2021-04-08,1,1.26,1.24,1.2414197,3
2021-04-08,5,1.21,1.24,1.2374567,3
2021-04-08,20,1.2,1.24,1.2368487,3
2021-04-09,1,1.26,1.26,1.2608025,3
2021-04-09,5,1.24,1.26,1.2565345,3
2021-04-09,20,1.2,1.26,1.2574975,3
2021-04-12,1,1.26,1.26,1.2615414,3
2021-04-12,5,1.22,1.26,1.2560339,3
2021-04-12,20,1.22,1.26,1.2545677,3
2021-04-13,1,1.29,1.26,1.2616158,3
2021-04-13,5,1.21,1.26,1.2561845,3
2021-04-13,20,1.24,1.26,1.2542934,3
2021-04-14,1,1.21,1.29,1.2917107,3
2021-04-14,5,1.22,1.29,1.285651,3
2021-04-14,20,1.26,1.29,1.2863511,3
2021-04-15,1,1.24,1.21,1.2122823,3
2021-04-15,5,1.21,1.21,1.2053927,3
2021-04-15,20,1.24,1.21,1.2048136,3
2021-04-16,1,1.22,1.24,1.2406503,3
2021-04-16,5,1.19,1.24,1.2380598,3
2021-04-16,20,1.23,1.24,1.2376397,3
2021-04-19,1,1.21,1.22,1.2216296,3
2021-04-19,5,1.2,1.22,1.2168125,3
2021-04-19,20,1.24,1.22,1.2154824,3
2021-04-20,1,1.22,1.21,1.2112107,3
2021-04-20,5,1.23,1.21,1.206922,3
2021-04-20,20,1.24,1.21,1.2052628,3
2021-04-21,1,1.21,1.22,1.2212892,3
2021-04-21,5,1.22,1.22,1.2171497,3
2021-04-21,20,1.25,1.22,1.2170099,3
2021-04-22,1,1.19,1.21,1.2182549,3
2021-04-22,5,1.25,1.21,1.1997066,3
2021-04-22,20,1.21,1.21,1.1937473,3
2021-04-23,1,1.2,1.19,1.1928312,3
2021-04-23,5,1.24,1.19,1.1848668,3
2021-04-23,20,1.21,1.19,1.1827408,3
2021-04-26,1,1.23,1.2,1.2017808,3
2021-04-26,5,1.22,1.2,1.195494,3
2021-04-26,20,1.21,1.2,1.1944786,3
2021-04-27,1,1.22,1.23,1.2316444,3
2021-04-27,5,1.23,1.23,1.2246705,3
2021-04-27,20,1.16,1.23,1.2237467,3
2021-04-28,1,1.25,1.22,1.2222277,3
2021-04-28,5,1.21,1.22,1.2155309,3
2021-04-28,20,1.14,1.22,1.2115402,3
2021-04-29,1,1.24,1.25,1.2516512,3
2021-04-29,5,1.2,1.25,1.2448184,3
2021-04-29,20,1.17,1.25,1.2430143,3
2021-04-30,1,1.22,1.24,1.2422788,3
2021-04-30,5,1.2,1.24,1.2349443,3
2021-04-30,20,1.17,1.24,1.2315054,3
2021-05-03,1,1.23,1.22,1.2220266,3
2021-05-03,5,1.22,1.22,1.2154197,3
2021-05-03,20,1.17,1.22,1.2137889,3
2021-05-04,1,1.21,1.23,1.231147,3
2021-05-04,5,1.24,1.23,1.2252632,3
2021-05-04,20,1.18,1.23,1.225637,3
2021-05-05,1,1.2,1.21,1.2117246,3
2021-05-05,5,1.26,1.21,1.2060803,3
2021-05-05,20,1.17,1.21,1.2064983,3
2021-05-06,1,1.2,1.2,1.2011377,3
2021-05-06,5,1.24,1.2,1.1955047,3
2021-05-06,20,1.2,1.2,1.196627,3
2021-05-07,1,1.22,1.2,1.2011026,3
2021-05-07,5,1.23,1.2,1.1949654,3
2021-05-07,20,1.15,1.2,1.1961913,3
2021-05-10,1,1.24,1.22,1.2213596,3
2021-05-10,5,1.24,1.22,1.2152703,3
2021-05-10,20,1.15,1.22,1.214728,3
2021-05-11,1,1.26,1.24,1.2417741,3
2021-05-11,5,1.24,1.24,1.2350686,3
2021-05-11,20,1.13,1.24,1.2325609,3
2021-05-12,1,1.24,1.26,1.2622305,3
2021-05-12,5,1.25,1.26,1.2554286,3
2021-05-12,20,1.09,1.26,1.2531074,3
2021-05-13,1,1.23,1.24,1.2422343,3
2021-05-13,5,1.21,1.24,1.2357492,3
2021-05-13,20,1.07,1.24,1.2318076,3
2021-05-14,1,1.24,1.23,1.2316242,3
2021-05-14,5,1.21,1.23,1.2262025,3
2021-05-14,20,1.07,1.23,1.225044,3
2021-05-17,1,1.24,1.24,1.2412839,3
2021-05-17,5,1.21,1.24,1.2353172,3
2021-05-17,20,1.07,1.24,1.2361941,3
2021-05-18,1,1.25,1.24,1.2416319,3
2021-05-18,5,1.16,1.24,1.2353038,3
2021-05-18,20,1.06,1.24,1.2348671,3
2021-05-19,1,1.21,1.25,1.2516173,3
2021-05-19,5,1.14,1.25,1.2451425,3
2021-05-19,20,1.08,1.25,1.2446771,3
2021-05-20,1,1.21,1.21,1.2199404,3
2021-05-20,5,1.17,1.21,1.197022,3
2021-05-20,20,1.02,1.21,1.1894246,3
2021-05-21,1,1.21,1.21,1.2134464,3
2021-05-21,5,1.17,1.21,1.205242,3
2021-05-21,20,0.92,1.21,1.203341,3
2021-05-24,1,1.16,1.21,1.2122884,3
2021-05-24,5,1.17,1.21,1.2053847,3
2021-05-24,20,0.97,1.21,1.2048404,3
2021-05-25,1,1.14,1.16,1.1619751,3
2021-05-25,5,1.18,1.16,1.1555066,3
2021-05-25,20,0.98,1.16,1.1559216,3
2021-05-26,1,1.17,1.14,1.1409159,3
2021-05-26,5,1.17,1.14,1.1368016,3
2021-05-26,20,1.0,1.14,1.1383027,3
2021-05-27,1,1.17,1.17,1.1707205,3
2021-05-27,5,1.2,1.17,1.1676247,3
2021-05-27,20,0.99,1.17,1.1677014,3
2021-05-28,1,1.17,1.17,1.1715357,3
2021-05-28,5,1.15,1.17,1.1665486,3
2021-05-28,20,1.01,1.17,1.1643198,3
2021-05-31,1,1.18,1.17,1.1719397,3
2021-05-31,5,1.15,1.17,1.1664236,3
2021-05-31,20,0.97,1.17,1.1658642,3
2021-06-01,1,1.17,1.18,1.1816857,3
2021-06-01,5,1.13,1.18,1.1756982,3
2021-06-01,20,0.98,1.18,1.1755596,3
2021-06-02,1,1.2,1.17,1.1714779,3
2021-06-02,5,1.09,1.17,1.1650926,3
2021-06-02,20,0.94,1.17,1.1630785,3
2021-06-03,1,1.15,1.2,1.2014985,3
2021-06-03,5,1.07,1.2,1.1955485,3
2021-06-03,20,0.94,1.2,1.195266,3
2021-06-04,1,1.15,1.15,1.1522264,3
2021-06-04,5,1.07,1.15,1.1468297,3
2021-06-04,20,0.92,1.15,1.144202,3
2021-06-07,1,1.13,1.15,1.1509665,3
2021-06-07,5,1.07,1.15,1.1469958,3
2021-06-07,20,0.94,1.15,1.1469421,3
2021-06-08,1,1.09,1.13,1.1312056,3
2021-06-08,5,1.06,1.13,1.126355,3
2021-06-08,20,0.86,1.13,1.1262168,3
2021-06-09,1,1.07,1.09,1.0911089,3
2021-06-09,5,1.08,1.09,1.0867113,3
2021-06-09,20,0.81,1.09,1.0874847,3
2021-06-10,1,1.07,1.07,1.070485,3
2021-06-10,5,1.02,1.07,1.0670741,3
2021-06-10,20,0.78,1.07,1.0681849,3
2021-06-11,1,1.07,1.07,1.0706593,3
2021-06-11,5,0.92,1.07,1.066829,3
2021-06-11,20,0.84,1.07,1.0691496,3
2021-06-14,1,1.06,1.07,1.0711381,3
2021-06-14,5,0.97,1.07,1.0675265,3
2021-06-14,20,0.84,1.07,1.0675635,3
2021-06-15,1,1.08,1.06,1.0611694,3
2021-06-15,5,0.98,1.06,1.0569122,3
2021-06-15,20,0.86,1.06,1.0549958,3
2021-06-16,1,1.02,1.08,1.0811901,3
2021-06-16,5,1.0,1.08,1.0771955,3
2021-06-16,20,0.84,1.08,1.0757203,3
2021-06-17,1,0.92,1.02,1.0220054,3
2021-06-17,5,0.99,1.02,1.0151008,3
2021-06-17,20,0.82,1.02,1.0100706,3
2021-06-18,1,0.97,0.92,0.9201048,3
2021-06-18,5,1.01,0.92,0.9168075,3
2021-06-18,20,0.81,0.92,0.9152655,3
2021-06-21,1,0.98,0.97,0.969324,3
2021-06-21,5,0.97,0.97,0.9699617,3
2021-06-21,20,0.67,0.97,0.96647644,3
2021-06-22,1,1.0,0.98,0.980915,3
2021-06-22,5,0.98,0.98,0.97758466,3
2021-06-22,20,0.71,0.98,0.973679,3
2021-06-23,1,0.99,1.0,1.0016419,3
2021-06-23,5,0.94,1.0,0.99597806,3
2021-06-23,20,0.76,1.0,0.9942092,3
2021-06-24,1,1.01,0.99,0.991905,3
2021-06-24,5,0.94,0.99,0.9847523,3
2021-06-24,20,0.74,0.99,0.9821144,3
2021-06-25,1,0.97,1.01,1.011768,3
2021-06-25,5,0.92,1.01,1.0054651,3
2021-06-25,20,0.76,1.01,1.0044719,3
2021-06-28,1,0.98,0.97,0.9719141,3
2021-06-28,5,0.94,0.97,0.9655786,3
2021-06-28,20,0.76,0.97,0.9622378,3
2021-06-29,1,0.94,0.98,0.9811448,3
2021-06-29,5,0.86,0.98,0.9765987,3
2021-06-29,20,0.72,0.98,0.975781,3
2021-06-30,1,0.94,0.94,0.9415732,3
2021-06-30,5,0.81,0.94,0.93686235,3
2021-06-30,20,0.72,0.94,0.9364594,3
2021-07-01,1,0.92,0.94,0.94110435,3
2021-07-01,5,0.78,0.94,0.93790805,3
2021-07-01,20,0.74,0.94,0.93777275,3
2021-07-02,1,0.94,0.92,0.9206436,3
2021-07-02,5,0.84,0.92,0.916252,3
2021-07-02,20,0.75,0.92,0.9159302,3
2021-07-05,1,0.86,0.94,0.9407601,3
2021-07-05,5,0.84,0.94,0.93593514,3
2021-07-05,20,0.75,0.94,0.9367521,3
2021-07-06,1,0.81,0.86,0.8616734,3
2021-07-06,5,0.86,0.86,0.85588616,3
2021-07-06,20,0.7,0.86,0.8555223,3
2021-07-07,1,0.78,0.81,0.81039745,3
2021-07-07,5,0.84,0.81,0.8091451,3
2021-07-07,20,0.69,0.81,0.8068879,3
2021-07-08,1,0.84,0.78,0.77979845,3
2021-07-08,5,0.82,0.78,0.7785761,3
2021-07-08,20,0.69,0.78,0.77890646,3
2021-07-09,1,0.84,0.84,0.8400388,3
2021-07-09,5,0.81,0.84,0.83862066,3
2021-07-09,20,0.76,0.84,0.839118,3
2021-07-12,1,0.86,0.84,0.8415824,3
2021-07-12,5,0.67,0.84,0.83753335,3
2021-07-12,20,0.77,0.84,0.83241886,3
2021-07-13,1,0.84,0.86,0.86169565,3
2021-07-13,5,0.71,0.86,0.85619396,3
2021-07-13,20,0.79,0.86,0.85336095,3
2021-07-14,1,0.82,0.84,0.84209317,3
2021-07-14,5,0.76,0.84,0.8366991,3
2021-07-14,20,0.79,0.84,0.83318233,3
2021-07-15,1,0.81,0.82,0.82145226,3
2021-07-15,5,0.74,0.82,0.81579983,3
2021-07-15,20,0.79,0.82,0.81561285,3
2021-07-16,1,0.67,0.81,0.8113541,3
2021-07-16,5,0.76,0.81,0.80681616,3
2021-07-16,20,0.74,0.81,0.8079287,3
2021-07-19,1,0.71,0.67,0.6711209,3
2021-07-19,5,0.76,0.67,0.6665976,3
2021-07-19,20,0.73,0.67,0.66756195,3
2021-07-20,1,0.76,0.71,0.70959544,3
2021-07-20,5,0.72,0.71,0.71282333,3
2021-07-20,20,0.71,0.71,0.7051729,3
2021-07-21,1,0.74,0.76,0.7609046,3
2021-07-21,5,0.72,0.76,0.7584095,3
2021-07-21,20,0.71,0.76,0.755901,3
2021-07-22,1,0.76,0.74,0.74174714,3
2021-07-22,5,0.74,0.74,0.7361039,3
2021-07-22,20,0.69,0.74,0.7279194,3
2021-07-23,1,0.76,0.76,0.76160467,3
2021-07-23,5,0.75,0.76,0.7552161,3
2021-07-23,20,0.7,0.76,0.7531037,3
2021-07-26,1,0.72,0.76,0.7620573,3
2021-07-26,5,0.75,0.76,0.75577617,3
2021-07-26,20,0.72,0.76,0.7529852,3
2021-07-27,1,0.72,0.72,0.7218023,3
2021-07-27,5,0.7,0.72,0.7150917,3
2021-07-27,20,0.73,0.72,0.71401477,3
2021-07-28,1,0.74,0.72,0.72101593,3
2021-07-28,5,0.69,0.72,0.7164705,3
2021-07-28,20,0.8,0.72,0.71646744,3
2021-07-29,1,0.75,0.74,0.7427408,3
2021-07-29,5,0.69,0.74,0.7375944,3
2021-07-29,20,0.78,0.74,0.73273945,3
2021-07-30,1,0.75,0.75,0.7515817,3
2021-07-30,5,0.76,0.75,0.74802345,3
2021-07-30,20,0.76,0.75,0.74565405,3
2021-08-02,1,0.7,0.75,0.75223666,3
2021-08-02,5,0.77,0.75,0.74820703,3
2021-08-02,20,0.75,0.75,0.746372,3
2021-08-03,1,0.69,0.7,0.70113635,3
2021-08-03,5,0.79,0.7,0.696129,3
2021-08-03,20,0.79,0.7,0.697074,3
2021-08-04,1,0.69,0.69,0.69037664,3
2021-08-04,5,0.79,0.69,0.6883081,3
2021-08-04,20,0.77,0.69,0.68693995,3
2021-08-05,1,0.76,0.69,0.69060385,3
2021-08-05,5,0.79,0.69,0.6873053,3
2021-08-05,20,0.75,0.69,0.68703866,3
2021-08-06,1,0.77,0.76,0.76093173,3
2021-08-06,5,0.74,0.76,0.7563668,3
2021-08-06,20,0.8,0.76,0.75410646,3
2021-08-09,1,0.79,0.77,0.7729287,3
2021-08-09,5,0.73,0.77,0.76850665,3
2021-08-09,20,0.8,0.77,0.7610964,3
2021-08-10,1,0.79,0.79,0.79232717,3
2021-08-10,5,0.71,0.79,0.786598,3
2021-08-10,20,0.83,0.79,0.7818655,3
2021-08-11,1,0.79,0.79,0.79222846,3
2021-08-11,5,0.71,0.79,0.78557974,3
2021-08-11,20,0.81,0.79,0.78095967,3
2021-08-12,1,0.74,0.79,0.791909,3
2021-08-12,5,0.69,0.79,0.78471106,3
2021-08-12,20,0.77,0.79,0.7825759,3
2021-08-13,1,0.73,0.74,0.74179494,3
2021-08-13,5,0.7,0.74,0.73533535,3
2021-08-13,20,0.82,0.74,0.73364437,3
2021-08-16,1,0.71,0.73,0.7308379,3
2021-08-16,5,0.72,0.73,0.72664016,3
2021-08-16,20,0.81,0.73,0.72707576,3
2021-08-17,1,0.71,0.71,0.71108574,3
2021-08-17,5,0.73,0.71,0.7070684,3
2021-08-17,20,0.77,0.71,0.708219,3
2021-08-18,1,0.69,0.71,0.71081996,3
2021-08-18,5,0.8,0.71,0.70751774,3
2021-08-18,20,0.8,0.71,0.7078438,3
2021-08-19,1,0.7,0.69,0.6947522,3
2021-08-19,5,0.78,0.69,0.6829146,3
2021-08-19,20,0.79,0.69,0.6786144,3
2021-08-20,1,0.72,0.7,0.7022368,3
2021-08-20,5,0.76,0.7,0.69710445,3
2021-08-20,20,0.83,0.7,0.69686574,3
2021-08-23,1,0.73,0.72,0.7217338,3
2021-08-23,5,0.75,0.72,0.7167359,3
2021-08-23,20,0.78,0.72,0.7159163,3
2021-08-24,1,0.8,0.73,0.7314406,3
2021-08-24,5,0.79,0.73,0.7237044,3
2021-08-24,20,0.78,0.73,0.72150904,3
2021-08-25,1,0.78,0.8,0.8017964,3
2021-08-25,5,0.77,0.8,0.7939046,3
2021-08-25,20,0.76,0.8,0.79039747,3
2021-08-26,1,0.76,0.78,0.7832305,3
2021-08-26,5,0.75,0.78,0.77604735,3
2021-08-26,20,0.85,0.78,0.76861984,3
2021-08-27,1,0.75,0.76,0.7620594,3
2021-08-27,5,0.8,0.76,0.7554611,3
2021-08-27,20,0.88,0.76,0.7529707,3
2021-08-30,1,0.79,0.75,0.75160474,3
2021-08-30,5,0.8,0.75,0.74581593,3
2021-08-30,20,0.91,0.75,0.74560964,3
2021-08-31,1,0.77,0.79,0.7913542,3
2021-08-31,5,0.83,0.79,0.7853795,3
2021-08-31,20,1.0,0.79,0.78644586,3
2021-09-01,1,0.75,0.77,0.77290076,3
2021-09-01,5,0.81,0.77,0.7669503,3
2021-09-01,20,0.98,0.77,0.76492834,3
2021-09-02,1,0.8,0.75,0.7512747,3
2021-09-02,5,0.77,0.75,0.7453202,3
2021-09-02,20,0.98,0.75,0.74498016,3
2021-09-03,1,0.8,0.8,0.8010593,3
2021-09-03,5,0.82,0.8,0.79551345,3
2021-09-03,20,0.96,0.8,0.79593223,3
2021-09-06,1,0.83,0.8,0.80219805,3
2021-09-06,5,0.81,0.8,0.7957271,3
2021-09-06,20,0.98,0.8,0.79179686,3
2021-09-07,1,0.81,0.83,0.83203906,3
2021-09-07,5,0.77,0.83,0.82530695,3
2021-09-07,20,1.01,0.83,0.8235003,3
2021-09-08,1,0.77,0.81,0.8125745,3
2021-09-08,5,0.8,0.81,0.80730844,3
2021-09-08,20,0.9,0.81,0.8040668,3
2021-09-09,1,0.82,0.77,0.77164847,3
2021-09-09,5,0.79,0.77,0.7668947,3
2021-09-09,20,0.93,0.77,0.7659505,3
2021-09-10,1,0.81,0.82,0.8207922,3
2021-09-10,5,0.83,0.82,0.81671244,3
2021-09-10,20,0.94,0.82,0.81776685,3
2021-09-13,1,0.77,0.81,0.81212974,3
2021-09-13,5,0.78,0.81,0.80682933,3
2021-09-13,20,0.94,0.81,0.8033057,3
2021-09-14,1,0.8,0.77,0.7718107,3
2021-09-14,5,0.78,0.77,0.7662947,3
2021-09-14,20,0.88,0.77,0.76534003,3
2021-09-15,1,0.79,0.8,0.80093294,3
2021-09-15,5,0.76,0.8,0.79664826,3
2021-09-15,20,0.84,0.8,0.7974638,3
2021-09-16,1,0.83,0.79,0.79272467,3
2021-09-16,5,0.85,0.79,0.78345746,3
2021-09-16,20,0.81,0.79,0.7799135,3
2021-09-17,1,0.78,0.83,0.8317773,3
2021-09-17,5,0.88,0.83,0.8250756,3
2021-09-17,20,0.82,0.83,0.8225144,3
2021-09-20,1,0.78,0.78,0.78249025,3
2021-09-20,5,0.91,0.78,0.77589285,3
2021-09-20,20,0.76,0.78,0.772029,3
2021-09-21,1,0.76,0.78,0.78135526,3
2021-09-21,5,1.0,0.78,0.7772186,3
2021-09-21,20,0.8,0.78,0.7761603,3
2021-09-22,1,0.85,0.76,0.7611252,3
2021-09-22,5,0.98,0.76,0.7558547,3
2021-09-22,20,0.84,0.76,0.7553374,3
2021-09-23,1,0.88,0.85,0.85096425,3
2021-09-23,5,0.98,0.85,0.84551275,3
2021-09-23,20,0.82,0.85,0.84560275,3
2021-09-24,1,0.91,0.88,0.88239866,3
2021-09-24,5,0.96,0.88,0.8765852,3
2021-09-24,20,0.78,0.88,0.8667431,3
2021-09-27,1,1.0,0.91,0.91278255,3
2021-09-27,5,0.98,0.91,0.90579414,3
2021-09-27,20,0.79,0.91,0.89932775,3
2021-09-28,1,0.98,1.0,1.0026876,3
2021-09-28,5,1.01,1.0,0.9944804,3
2021-09-28,20,0.77,1.0,0.98973346,3
2021-09-29,1,0.98,0.98,0.9842322,3
2021-09-29,5,0.9,0.98,0.97678185,3
2021-09-29,20,0.53,0.98,0.96847194,3
2021-09-30,1,0.96,0.98,0.9824018,3
2021-09-30,5,0.93,0.98,0.9757099,3
2021-09-30,20,0.66,0.98,0.972555,3
2021-10-01,1,0.98,0.96,0.96246964,3
2021-10-01,5,0.94,0.96,0.9559804,3
2021-10-01,20,0.64,0.96,0.9551098,3
2021-10-04,1,1.01,0.98,0.9811852,3
2021-10-04,5,0.94,0.98,0.97391367,3
2021-10-04,20,0.67,0.98,0.9763543,3
2021-10-05,1,0.9,1.01,1.0118153,3
2021-10-05,5,0.88,1.01,1.0042453,3
2021-10-05,20,0.68,1.01,1.003963,3
2021-10-06,1,0.93,0.9,0.90244764,3
2021-10-06,5,0.84,0.9,0.89540786,3
2021-10-06,20,0.68,0.9,0.891885,3
2021-10-07,1,0.94,0.93,0.9300841,3
2021-10-07,5,0.81,0.93,0.9295713,3
2021-10-07,20,0.66,0.93,0.9245902,3
2021-10-08,1,0.94,0.94,0.94114196,3
2021-10-08,5,0.82,0.94,0.93747705,3
2021-10-08,20,0.67,0.94,0.93320143,3
2021-10-11,1,0.88,0.94,0.94145983,3
2021-10-11,5,0.76,0.94,0.9357935,3
2021-10-11,20,0.68,0.94,0.9316003,3
2021-10-12,1,0.84,0.88,0.8816355,3
2021-10-12,5,0.8,0.88,0.8757879,3
2021-10-12,20,0.67,0.88,0.8733817,3
2021-10-13,1,0.81,0.84,0.8403866,3
2021-10-13,5,0.84,0.84,0.83720905,3
2021-10-13,20,0.68,0.84,0.83574736,3
2021-10-14,1,0.82,0.81,0.8101106,3
2021-10-14,5,0.82,0.81,0.80752146,3
2021-10-14,20,0.68,0.81,0.80771714,3
2021-10-15,1,0.76,0.82,0.8201445,3
2021-10-15,5,0.78,0.82,0.81662667,3
2021-10-15,20,0.69,0.82,0.8190368,3
2021-10-18,1,0.8,0.76,0.761106,3
2021-10-18,5,0.79,0.76,0.75743663,3
2021-10-18,20,0.72,0.76,0.75490254,3
2021-10-19,1,0.84,0.8,0.80002,3
2021-10-19,5,0.77,0.8,0.7985371,3
2021-10-19,20,0.72,0.8,0.7961105,3
2021-10-20,1,0.82,0.84,0.8414774,3
2021-10-20,5,0.53,0.84,0.8379347,3
2021-10-20,20,0.7,0.84,0.8329305,3
2021-10-21,1,0.78,0.82,0.8232205,3
2021-10-21,5,0.66,0.82,0.8138179,3
2021-10-21,20,0.71,0.82,0.80735326,3
2021-10-22,1,0.79,0.78,0.7818555,3
2021-10-22,5,0.64,0.78,0.77477163,3
2021-10-22,20,0.69,0.78,0.7716211,3
2021-10-25,1,0.77,0.79,0.7910099,3
2021-10-25,5,0.67,0.79,0.785841,3
2021-10-25,20,0.72,0.79,0.78487927,3
2021-10-26,1,0.53,0.77,0.7715358,3
2021-10-26,5,0.68,0.77,0.76589984,3
2021-10-26,20,0.77,0.77,0.76611465,3
2021-10-27,1,0.66,0.53,0.5310924,3
2021-10-27,5,0.68,0.53,0.5259449,3
2021-10-27,20,0.72,0.53,0.5264068,3
2021-10-28,1,0.64,0.66,0.6583095,3
2021-10-28,5,0.66,0.66,0.6689408,3
2021-10-28,20,0.72,0.66,0.65435743,3
2021-10-29,1,0.67,0.64,0.64315116,3
2021-10-29,5,0.67,0.64,0.64549106,3
2021-10-29,20,0.66,0.64,0.63608706,3
2021-11-01,1,0.68,0.67,0.6720271,3
2021-11-01,5,0.68,0.67,0.67088515,3
2021-11-01,20,0.66,0.67,0.6667841,3
2021-11-02,1,0.68,0.68,0.68228936,3
2021-11-02,5,0.67,0.68,0.6779551,3
2021-11-02,20,0.6,0.68,0.6745724,3
2021-11-03,1,0.66,0.68,0.68241626,3
2021-11-03,5,0.68,0.68,0.6768652,3
2021-11-03,20,0.55,0.68,0.67582315,3
2021-11-04,1,0.67,0.66,0.661927,3
2021-11-04,5,0.68,0.66,0.65656865,3
2021-11-04,20,0.53,0.66,0.654464,3
2021-11-05,1,0.68,0.67,0.6716047,3
2021-11-05,5,0.69,0.67,0.66636807,3
2021-11-05,20,0.44,0.67,0.66740215,3
2021-11-08,1,0.67,0.68,0.68199825,3
2021-11-08,5,0.72,0.68,0.67551,3
2021-11-08,20,0.45,0.68,0.67910266,3
2021-11-09,1,0.68,0.67,0.6719467,3
2021-11-09,5,0.72,0.67,0.6659914,3
2021-11-09,20,0.44,0.67,0.6652698,3
2021-11-10,1,0.68,0.68,0.68176013,3
2021-11-10,5,0.7,0.68,0.6755599,3
2021-11-10,20,0.49,0.68,0.6770097,3
2021-11-11,1,0.69,0.68,0.6817014,3
2021-11-11,5,0.71,0.68,0.67652977,3
2021-11-11,20,0.5,0.68,0.6727898,3
2021-11-12,1,0.72,0.69,0.6916604,3
2021-11-12,5,0.69,0.69,0.6859047,3
2021-11-12,20,0.5,0.69,0.6838212,3
2021-11-15,1,0.72,0.72,0.72190505,3
2021-11-15,5,0.72,0.72,0.7174823,3
2021-11-15,20,0.48,0.72,0.7154469,3
2021-11-16,1,0.7,0.72,0.72199094,3
2021-11-16,5,0.77,0.72,0.71621996,3
2021-11-16,20,0.48,0.72,0.71123254,3
2021-11-17,1,0.71,0.7,0.7018899,3
2021-11-17,5,0.72,0.7,0.6959198,3
2021-11-17,20,0.46,0.7,0.6933986,3
2021-11-18,1,0.69,0.71,0.7125641,3
2021-11-18,5,0.72,0.71,0.70471144,3
2021-11-18,20,0.45,0.71,0.7039454,3
2021-11-19,1,0.72,0.69,0.6920502,3
2021-11-19,5,0.66,0.69,0.685343,3
2021-11-19,20,0.41,0.69,0.6849342,3
2021-11-22,1,0.77,0.72,0.72161436,3
2021-11-22,5,0.66,0.72,0.7156097,3
2021-11-22,20,0.45,0.72,0.7171605,3
2021-11-23,1,0.72,0.77,0.77198434,3
2021-11-23,5,0.6,0.77,0.76678175,3
2021-11-23,20,0.46,0.77,0.76327854,3
2021-11-24,1,0.72,0.72,0.72284883,3
2021-11-24,5,0.55,0.72,0.71668863,3
2021-11-24,20,0.46,0.72,0.71137595,3
2021-11-25,1,0.66,0.72,0.7212232,3
2021-11-25,5,0.53,0.72,0.71643174,3
2021-11-25,20,0.46,0.72,0.714452,3
2021-11-26,1,0.66,0.66,0.6613721,3
2021-11-26,5,0.44,0.66,0.6557678,3
2021-11-26,20,0.48,0.66,0.6549126,3
2021-11-29,1,0.6,0.66,0.66094804,3
2021-11-29,5,0.45,0.66,0.6587312,3
2021-11-29,20,0.48,0.66,0.6582099,3
2021-11-30,1,0.55,0.6,0.60092634,3
2021-11-30,5,0.44,0.6,0.5968337,3
2021-11-30,20,0.48,0.6,0.597197,3
2021-12-01,1,0.53,0.55,0.5505464,3
2021-12-01,5,0.49,0.55,0.5487712,3
2021-12-01,20,0.48,0.55,0.5490207,3
2021-12-02,1,0.44,0.53,0.5295974,3
2021-12-02,5,0.5,0.53,0.5277024,3
2021-12-02,20,0.47,0.53,0.5289517,3
2021-12-03,1,0.45,0.44,0.4401696,3
2021-12-03,5,0.5,0.44,0.43829578,3
2021-12-03,20,0.47,0.44,0.43796182,3
2021-12-06,1,0.44,0.45,0.4492469,3
2021-12-06,5,0.48,0.45,0.45087904,3
2021-12-06,20,0.47,0.45,0.44931644,3
2021-12-07,1,0.49,0.44,0.44033957,3
2021-12-07,5,0.48,0.44,0.43832612,3
2021-12-07,20,0.58,0.44,0.4353418,3
2021-12-08,1,0.5,0.49,0.49060088,3
2021-12-08,5,0.46,0.49,0.48621976,3
2021-12-08,20,0.59,0.49,0.48263186,3
2021-12-09,1,0.5,0.5,0.5022624,3
2021-12-09,5,0.45,0.5,0.49673998,3
2021-12-09,20,0.63,0.5,0.49087736,3
2021-12-10,1,0.48,0.5,0.50237817,3
2021-12-10,5,0.41,0.5,0.49635252,3
2021-12-10,20,0.65,0.5,0.49455187,3
2021-12-13,1,0.48,0.48,0.48192832,3
2021-12-13,5,0.45,0.48,0.47595137,3
2021-12-13,20,0.64,0.48,0.4753965,3
2021-12-14,1,0.46,0.48,0.48158368,3
2021-12-14,5,0.46,0.48,0.47672912,3
2021-12-14,20,0.64,0.48,0.4777746,3
2021-12-15,1,0.45,0.46,0.46145648,3
2021-12-15,5,0.46,0.46,0.4570909,3
2021-12-15,20,0.62,0.46,0.45720902,3
2021-12-16,1,0.41,0.45,0.45103404,3
2021-12-16,5,0.46,0.45,0.447092,3
2021-12-16,20,0.59,0.45,0.4461403,3
2021-12-17,1,0.45,0.41,0.4109826,3
2021-12-17,5,0.48,0.41,0.40498477,3
2021-12-17,20,0.61,0.41,0.4057139,3
2021-12-20,1,0.46,0.45,0.45077506,3
2021-12-20,5,0.48,0.45,0.4473031,3
2021-12-20,20,0.58,0.45,0.44707075,3
2021-12-21,1,0.46,0.46,0.46216762,3
2021-12-21,5,0.48,0.46,0.4585305,3
2021-12-21,20,0.61,0.46,0.4567328,3
2021-12-22,1,0.46,0.46,0.46177158,3
2021-12-22,5,0.48,0.46,0.45700523,3
2021-12-22,20,0.59,0.46,0.45322692,3
2021-12-23,1,0.48,0.46,0.4616263,3
2021-12-23,5,0.47,0.46,0.45514855,3
2021-12-23,20,0.56,0.46,0.45373857,3
2021-12-24,1,0.48,0.48,0.48152542,3
2021-12-24,5,0.47,0.48,0.47504413,3
2021-12-24,20,0.54,0.48,0.47226232,3
2021-12-27,1,0.48,0.48,0.48208556,3
2021-12-27,5,0.47,0.48,0.4752859,3
2021-12-27,20,0.56,0.48,0.4731512,3
2021-12-28,1,0.48,0.48,0.48189673,3
2021-12-28,5,0.58,0.48,0.4752014,3
2021-12-28,20,0.56,0.48,0.47474977,3
2021-12-29,1,0.47,0.48,0.4817118,3
2021-12-29,5,0.59,0.48,0.47547448,3
2021-12-29,20,0.58,0.48,0.47468397,3
2021-12-30,1,0.47,0.47,0.4714911,3
2021-12-30,5,0.63,0.47,0.4659004,3
2021-12-30,20,0.51,0.47,0.46269736,3
2021-12-31,1,0.47,0.47,0.47135803,3
2021-12-31,5,0.65,0.47,0.4653749,3
2021-12-31,20,0.51,0.47,0.46476415,3
2022-01-03,1,0.58,0.47,0.47149098,3
2022-01-03,5,0.64,0.47,0.46480927,3
2022-01-03,20,0.5,0.47,0.46414527,3
2022-01-04,1,0.59,0.58,0.58124053,3
2022-01-04,5,0.64,0.58,0.5759582,3
2022-01-04,20,0.53,0.58,0.5709293,3
2022-01-05,1,0.63,0.59,0.5939633,3
2022-01-05,5,0.62,0.59,0.5883883,3
2022-01-05,20,0.52,0.59,0.57916796,3
2022-01-06,1,0.65,0.63,0.6327284,3
2022-01-06,5,0.59,0.63,0.6262827,3
2022-01-06,20,0.5,0.63,0.620137,3
2022-01-07,1,0.64,0.65,0.65313286,3
2022-01-07,5,0.61,0.65,0.64585346,3
2022-01-07,20,0.49,0.65,0.64099914,3
2022-01-10,1,0.64,0.64,0.6425,3
2022-01-10,5,0.58,0.64,0.6344904,3
2022-01-10,20,0.49,0.64,0.62939763,3
2022-01-11,1,0.62,0.64,0.6419029,3
2022-01-11,5,0.61,0.64,0.6348793,3
2022-01-11,20,0.51,0.64,0.6318487,3
2022-01-12,1,0.59,0.62,0.6217021,3
2022-01-12,5,0.59,0.62,0.61402786,3
2022-01-12,20,0.49,0.62,0.6138169,3
2022-01-13,1,0.61,0.59,0.5912345,3
2022-01-13,5,0.56,0.59,0.5840838,3
2022-01-13,20,0.45,0.59,0.5848197,3
2022-01-14,1,0.58,0.61,0.61098695,3
2022-01-14,5,0.54,0.61,0.6055823,3
2022-01-14,20,0.39,0.61,0.60710067,3
2022-01-17,1,0.61,0.58,0.5816976,3
2022-01-17,5,0.56,0.58,0.57767254,3
2022-01-17,20,0.4,0.58,0.57445365,3
2022-01-18,1,0.59,0.61,0.61083275,3
2022-01-18,5,0.56,0.61,0.60693765,3
2022-01-18,20,0.42,0.61,0.6050219,3
2022-01-19,1,0.56,0.59,0.5916563,3
2022-01-19,5,0.58,0.59,0.58750415,3
2022-01-19,20,0.42,0.59,0.5814974,3
2022-01-20,1,0.54,0.56,0.56141806,3
2022-01-20,5,0.51,0.56,0.5556825,3
2022-01-20,20,0.4,0.56,0.5542608,3
2022-01-21,1,0.56,0.54,0.5408922,3
2022-01-21,5,0.51,0.54,0.5360249,3
2022-01-21,20,0.39,0.54,0.53525066,3
2022-01-24,1,0.56,0.56,0.5611374,3
2022-01-24,5,0.5,0.56,0.5571342,3
2022-01-24,20,0.39,0.56,0.5582148,3
2022-01-25,1,0.58,0.56,0.56187785,3
2022-01-25,5,0.53,0.56,0.5580545,3
2022-01-25,20,0.38,0.56,0.5584038,3
2022-01-26,1,0.51,0.58,0.5814453,3
2022-01-26,5,0.52,0.58,0.5765754,3
2022-01-26,20,0.4,0.58,0.57524335,3
2022-01-27,1,0.51,0.51,0.5117968,3
2022-01-27,5,0.5,0.51,0.5063699,3
2022-01-27,20,0.4,0.51,0.5015776,3
2022-01-28,1,0.5,0.51,0.5105197,3
2022-01-28,5,0.49,0.51,0.5086246,3
2022-01-28,20,0.37,0.51,0.5051057,3
2022-01-31,1,0.53,0.5,0.5010126,3
2022-01-31,5,0.49,0.5,0.49776757,3
2022-01-31,20,0.39,0.5,0.49753535,3
2022-02-01,1,0.52,0.53,0.5308458,3
2022-02-01,5,0.51,0.53,0.52615166,3
2022-02-01,20,0.38,0.53,0.5257108,3
2022-02-02,1,0.5,0.52,0.52187717,3
2022-02-02,5,0.49,0.52,0.515963,3
2022-02-02,20,0.34,0.52,0.5134611,3
2022-02-03,1,0.49,0.5,0.5016135,3
2022-02-03,5,0.45,0.5,0.4954026,3
2022-02-03,20,0.3,0.5,0.49521372,3
2022-02-04,1,0.49,0.49,0.49108937,3
2022-02-04,5,0.39,0.49,0.4861386,3
2022-02-04,20,0.28,0.49,0.48447675,3
2022-02-07,1,0.51,0.49,0.49077547,3
2022-02-07,5,0.4,0.49,0.48817033,3
2022-02-07,20,0.31,0.49,0.48303258,3
2022-02-08,1,0.49,0.51,0.5109581,3
2022-02-08,5,0.42,0.51,0.50591725,3
2022-02-08,20,0.37,0.51,0.50312495,3
2022-02-09,1,0.45,0.49,0.49168727,3
2022-02-09,5,0.42,0.49,0.48651135,3
2022-02-09,20,0.39,0.49,0.4823949,3
2022-02-10,1,0.39,0.45,0.4511481,3
2022-02-10,5,0.4,0.45,0.4458332,3
2022-02-10,20,0.38,0.45,0.44414055,3
2022-02-11,1,0.4,0.39,0.3903044,3
2022-02-11,5,0.39,0.39,0.3871473,3
2022-02-11,20,0.34,0.39,0.38272852,3
2022-02-14,1,0.42,0.4,0.39999753,3
2022-02-14,5,0.39,0.4,0.39898828,3
2022-02-14,20,0.39,0.4,0.3975495,3
2022-02-15,1,0.42,0.42,0.42077598,3
2022-02-15,5,0.38,0.42,0.4183209,3
2022-02-15,20,0.38,0.42,0.41557086,3
2022-02-16,1,0.4,0.42,0.42138755,3
2022-02-16,5,0.4,0.42,0.41775495,3
2022-02-16,20,0.29,0.42,0.41236278,3
2022-02-17,1,0.39,0.4,0.40299755,3
2022-02-17,5,0.4,0.4,0.3933125,3
2022-02-17,20,0.3,0.4,0.3900973,3
2022-02-18,1,0.39,0.39,0.39200452,3
2022-02-18,5,0.37,0.39,0.38517395,3
2022-02-18,20,0.3,0.39,0.38591972,3
2022-02-21,1,0.38,0.39,0.39175013,3
2022-02-21,5,0.39,0.39,0.38549647,3
2022-02-21,20,0.3,0.39,0.3879693,3
2022-02-22,1,0.4,0.38,0.38158882,3
2022-02-22,5,0.38,0.38,0.37535378,3
2022-02-22,20,0.33,0.38,0.37699312,3
2022-02-23,1,0.4,0.4,0.40135854,3
2022-02-23,5,0.34,0.4,0.3958594,3
2022-02-23,20,0.26,0.4,0.3959337,3
2022-02-24,1,0.37,0.4,0.40171576,3
2022-02-24,5,0.3,0.4,0.39582783,3
2022-02-24,20,0.26,0.4,0.39281577,3
2022-02-25,1,0.39,0.37,0.37196708,3
2022-02-25,5,0.28,0.37,0.36691326,3
2022-02-25,20,0.2,0.37,0.36615247,3
2022-02-28,1,0.38,0.39,0.39088148,3
2022-02-28,5,0.31,0.39,0.38565305,3
2022-02-28,20,0.16,0.39,0.38535368,3
2022-03-01,1,0.34,0.38,0.38197908,3
2022-03-01,5,0.37,0.38,0.37455934,3
2022-03-01,20,0.13,0.38,0.3792735,3
2022-03-02,1,0.3,0.34,0.34197775,3
2022-03-02,5,0.39,0.34,0.33518332,3
2022-03-02,20,0.12,0.34,0.34110412,3
2022-03-03,1,0.28,0.3,0.3009891,3
2022-03-03,5,0.38,0.3,0.29612875,3
2022-03-03,20,0.13,0.3,0.2958339,3
2022-03-04,1,0.31,0.28,0.28596097,3
2022-03-04,5,0.34,0.28,0.27811295,3
2022-03-04,20,0.1,0.28,0.27887613,3
2022-03-07,1,0.37,0.31,0.31521577,3
2022-03-07,5,0.39,0.31,0.30807588,3
2022-03-07,20,0.13,0.31,0.3113878,3
2022-03-08,1,0.39,0.37,0.3731108,3
2022-03-08,5,0.38,0.37,0.36744088,3
2022-03-08,20,0.15,0.37,0.36801708,3
2022-03-09,1,0.38,0.39,0.39334288,3
2022-03-09,5,0.29,0.39,0.38926932,3
2022-03-09,20,0.17,0.39,0.38449937,3
2022-03-10,1,0.34,0.38,0.38223812,3
2022-03-10,5,0.3,0.38,0.37691414,3
2022-03-10,20,0.22,0.38,0.3690455,3
2022-03-11,1,0.39,0.34,0.34146804,3
2022-03-11,5,0.3,0.34,0.3356072,3
2022-03-11,20,0.2,0.34,0.32958558,3
2022-03-14,1,0.38,0.39,0.39059407,3
2022-03-14,5,0.3,0.39,0.38595212,3
2022-03-14,20,0.27,0.39,0.38194937,3
2022-03-15,1,0.29,0.38,0.38181517,3
2022-03-15,5,0.33,0.38,0.37829602,3
2022-03-15,20,0.3,0.38,0.36892122,3
2022-03-16,1,0.3,0.29,0.29127517,3
2022-03-16,5,0.26,0.29,0.28716904,3
2022-03-16,20,0.3,0.29,0.2815677,3
2022-03-17,1,0.3,0.3,0.3040038,3
2022-03-17,5,0.26,0.3,0.29384315,3
2022-03-17,20,0.34,0.3,0.289951,3
2022-03-18,1,0.3,0.3,0.29463363,3
2022-03-18,5,0.2,0.3,0.28997368,3
2022-03-18,20,0.34,0.3,0.2845641,3
2022-03-21,1,0.33,0.3,0.29966444,3
2022-03-21,5,0.16,0.3,0.29472288,3
2022-03-21,20,0.36,0.3,0.28940296,3
2022-03-22,1,0.26,0.33,0.33063808,3
2022-03-22,5,0.13,0.33,0.32514298,3
2022-03-22,20,0.31,0.33,0.31438488,3
2022-03-23,1,0.26,0.26,0.2617199,3
2022-03-23,5,0.12,0.26,0.25530496,3
2022-03-23,20,0.24,0.26,0.24612513,3
2022-03-24,1,0.2,0.26,0.26050502,3
2022-03-24,5,0.13,0.26,0.25747433,3
2022-03-24,20,0.25,0.26,0.2525863,3
2022-03-25,1,0.16,0.2,0.20093146,3
2022-03-25,5,0.1,0.2,0.19626698,3
2022-03-25,20,0.22,0.2,0.19344777,3
2022-03-28,1,0.13,0.16,0.15999752,3
2022-03-28,5,0.13,0.16,0.15748364,3
2022-03-28,20,0.25,0.16,0.15112585,3
2022-03-29,1,0.12,0.13,0.12984219,3
2022-03-29,5,0.15,0.13,0.12875248,3
2022-03-29,20,0.25,0.13,0.12488338,3
2022-03-30,1,0.13,0.12,0.119985946,3
2022-03-30,5,0.17,0.12,0.11769899,3
2022-03-30,20,0.3,0.12,0.11754654,3
2022-03-31,1,0.1,0.13,0.13057476,3
2022-03-31,5,0.22,0.13,0.12649404,3
2022-03-31,20,0.27,0.13,0.1287392,3
2022-04-01,1,0.13,0.1,0.10151027,3
2022-04-01,5,0.2,0.1,0.096611194,3
2022-04-01,20,0.25,0.1,0.098226264,3
2022-04-04,1,0.15,0.13,0.13073726,3
2022-04-04,5,0.27,0.13,0.12720272,3
2022-04-04,20,0.29,0.13,0.12556821,3
2022-04-05,1,0.17,0.15,0.15170199,3
2022-04-05,5,0.3,0.15,0.14670086,3
2022-04-05,20,0.25,0.15,0.14343992,3
2022-04-06,1,0.22,0.17,0.17178522,3
2022-04-06,5,0.3,0.17,0.16653888,3
2022-04-06,20,0.29,0.17,0.15844645,3
2022-04-07,1,0.2,0.22,0.2219418,3
2022-04-07,5,0.34,0.22,0.2168205,3
2022-04-07,20,0.34,0.22,0.21009468,3
2022-04-08,1,0.27,0.2,0.20278293,3
2022-04-08,5,0.34,0.2,0.19732964,3
2022-04-08,20,0.42,0.2,0.19088072,3
2022-04-11,1,0.3,0.27,0.27138394,3
2022-04-11,5,0.36,0.27,0.26661372,3
2022-04-11,20,0.41,0.27,0.26054507,3
2022-04-12,1,0.3,0.3,0.3028976,3
2022-04-12,5,0.31,0.3,0.29740587,3
2022-04-12,20,0.33,0.3,0.2889212,3
2022-04-13,1,0.34,0.3,0.30315503,3
2022-04-13,5,0.24,0.3,0.29500192,3
2022-04-13,20,0.26,0.3,0.292699,3
2022-04-14,1,0.34,0.34,0.34242183,3
2022-04-14,5,0.25,0.34,0.33462766,3
2022-04-14,20,0.28,0.34,0.3345105,3
2022-04-15,1,0.36,0.34,0.34459415,3
2022-04-15,5,0.22,0.34,0.33713675,3
2022-04-15,20,0.29,0.34,0.34051993,3
2022-04-18,1,0.31,0.36,0.3665913,3
2022-04-18,5,0.25,0.36,0.3541365,3
2022-04-18,20,0.27,0.36,0.3604682,3
2022-04-19,1,0.24,0.31,0.31376866,3
2022-04-19,5,0.25,0.31,0.3060966,3
2022-04-19,20,0.27,0.31,0.30679935,3
2022-04-20,1,0.25,0.24,0.24106489,3
2022-04-20,5,0.3,0.24,0.23746875,3
2022-04-20,20,0.2,0.24,0.23513524,3
2022-04-21,1,0.22,0.25,0.25752503,3
2022-04-21,5,0.27,0.25,0.24143717,3
2022-04-21,20,0.18,0.25,0.2385536,3
2022-04-22,1,0.25,0.22,0.2228407,3
2022-04-22,5,0.25,0.22,0.2166158,3
2022-04-22,20,0.19,0.22,0.21296129,3
2022-04-25,1,0.25,0.25,0.25168,3
2022-04-25,5,0.29,0.25,0.2484345,3
2022-04-25,20,0.19,0.25,0.2467928,3
2022-04-26,1,0.3,0.25,0.25226134,3
2022-04-26,5,0.25,0.25,0.24744436,3
2022-04-26,20,0.23,0.25,0.2483346,3
2022-04-27,1,0.27,0.3,0.3018952,3
2022-04-27,5,0.29,0.3,0.2965775,3
2022-04-27,20,0.23,0.3,0.29866466,3
2022-04-28,1,0.25,0.27,0.27279127,3
2022-04-28,5,0.34,0.27,0.26738524,3
2022-04-28,20,0.25,0.27,0.26450622,3
2022-04-29,1,0.29,0.25,0.25145915,3
2022-04-29,5,0.42,0.25,0.24648859,3
2022-04-29,20,0.23,0.25,0.24432439,3
2022-05-02,1,0.25,0.29,0.29098964,3
2022-05-02,5,0.41,0.29,0.28610927,3
2022-05-02,20,0.23,0.29,0.28349993,3
2022-05-03,1,0.29,0.25,0.25203627,3
2022-05-03,5,0.33,0.25,0.2485072,3
2022-05-03,20,0.23,0.25,0.24227986,3
2022-05-04,1,0.34,0.29,0.2908483,3
2022-05-04,5,0.26,0.29,0.28723374,3
2022-05-04,20,0.19,0.29,0.28389034,3
2022-05-05,1,0.42,0.34,0.3421686,3
2022-05-05,5,0.28,0.34,0.33563313,3
2022-05-05,20,0.16,0.34,0.3345634,3
2022-05-06,1,0.41,0.42,0.40940368,3
2022-05-06,5,0.29,0.42,0.4079951,3
2022-05-06,20,0.16,0.42,0.40521258,3
2022-05-09,1,0.33,0.41,0.409499,3
2022-05-09,5,0.27,0.41,0.4051695,3
2022-05-09,20,0.16,0.41,0.39554623,3
2022-05-10,1,0.26,0.33,0.33152276,3
2022-05-10,5,0.27,0.33,0.32459068,3
2022-05-10,20,0.15,0.33,0.32203376,3
2022-05-11,1,0.28,0.26,0.26048556,3
2022-05-11,5,0.2,0.26,0.25746185,3
2022-05-11,20,0.17,0.26,0.25521648,3
2022-05-12,1,0.29,0.28,0.27981824,3
2022-05-12,5,0.18,0.28,0.27815428,3
2022-05-12,20,0.16,0.28,0.27931118,3
2022-05-13,1,0.27,0.29,0.2916233,3
2022-05-13,5,0.19,0.29,0.2874311,3
2022-05-13,20,0.1,0.29,0.29021665,3
2022-05-16,1,0.27,0.27,0.27152893,3
2022-05-16,5,0.19,0.27,0.2659645,3
2022-05-16,20,0.12,0.27,0.26331016,3
2022-05-17,1,0.2,0.27,0.27135736,3
2022-05-17,5,0.23,0.27,0.26519713,3
2022-05-17,20,0.16,0.27,0.2663277,3
2022-05-18,1,0.18,0.2,0.2014136,3
2022-05-18,5,0.23,0.2,0.19576056,3
2022-05-18,20,0.2,0.2,0.19174623,3
2022-05-19,1,0.19,0.18,0.18061735,3
2022-05-19,5,0.25,0.18,0.17808999,3
2022-05-19,20,0.17,0.18,0.17775962,3
2022-05-20,1,0.19,0.19,0.19068964,3
2022-05-20,5,0.23,0.19,0.18676709,3
2022-05-20,20,0.17,0.19,0.18937439,3
2022-05-23,1,0.23,0.19,0.19160987,3
2022-05-23,5,0.23,0.19,0.18642092,3
2022-05-23,20,0.16,0.19,0.18958947,3
2022-05-24,1,0.23,0.23,0.23148781,3
2022-05-24,5,0.23,0.23,0.22654735,3
2022-05-24,20,0.16,0.23,0.2251989,3
2022-05-25,1,0.25,0.23,0.23275597,3
2022-05-25,5,0.19,0.23,0.22538906,3
2022-05-25,20,0.16,0.23,0.22747281,3
2022-05-26,1,0.23,0.25,0.2522939,3
2022-05-26,5,0.16,0.25,0.2453634,3
2022-05-26,20,0.19,0.25,0.24731389,3
2022-05-27,1,0.23,0.23,0.23236112,3
2022-05-27,5,0.16,0.23,0.22484069,3
2022-05-27,20,0.2,0.23,0.22526886,3
2022-05-30,1,0.23,0.23,0.23164606,3
2022-05-30,5,0.16,0.23,0.22471616,3
2022-05-30,20,0.21,0.23,0.22569442,3
2022-05-31,1,0.19,0.23,0.23158057,3
2022-05-31,5,0.15,0.23,0.22445148,3
2022-05-31,20,0.19,0.23,0.22499727,3
2022-06-01,1,0.16,0.19,0.19155611,3
2022-06-01,5,0.17,0.19,0.18607318,3
2022-06-01,20,0.15,0.19,0.18123168,3
2022-06-02,1,0.16,0.16,0.16051638,3
2022-06-02,5,0.16,0.16,0.15706307,3
2022-06-02,20,0.13,0.16,0.15132776,3
2022-06-03,1,0.16,0.16,0.1656269,3
2022-06-03,5,0.1,0.16,0.15932941,3
2022-06-03,20,0.13,0.16,0.16273466,3
2022-06-06,1,0.15,0.16,0.16591752,3
2022-06-06,5,0.12,0.16,0.1558435,3
2022-06-06,20,0.11,0.16,0.16096315,3
2022-06-07,1,0.17,0.15,0.15270741,3
2022-06-07,5,0.16,0.15,0.14716856,3
2022-06-07,20,0.08,0.15,0.14484608,3
2022-06-08,1,0.16,0.17,0.17160754,3
2022-06-08,5,0.2,0.17,0.1676118,3
2022-06-08,20,0.06,0.17,0.16571201,3
2022-06-09,1,0.1,0.16,0.16153203,3
2022-06-09,5,0.17,0.16,0.15708603,3
2022-06-09,20,0.03,0.16,0.15306169,3
2022-06-10,1,0.12,0.1,0.101212166,3
2022-06-10,5,0.17,0.1,0.09832113,3
2022-06-10,20,0.02,0.1,0.095070794,3
2022-06-13,1,0.16,0.12,0.11933154,3
2022-06-13,5,0.16,0.12,0.12030253,3
2022-06-13,20,-0.01,0.12,0.114577405,3
2022-06-14,1,0.2,0.16,0.1597565,3
2022-06-14,5,0.16,0.16,0.16068617,3
2022-06-14,20,-0.01,0.16,0.14918861,3
2022-06-15,1,0.17,0.2,0.20099562,3
2022-06-15,5,0.16,0.2,0.1992207,3
2022-06-15,20,-0.16,0.2,0.19028765,3
2022-06-16,1,0.17,0.17,0.17280303,3
2022-06-16,5,0.19,0.17,0.16610947,3
2022-06-16,20,-0.13,0.17,0.16452299,3
2022-06-17,1,0.16,0.17,0.15828395,3
2022-06-17,5,0.2,0.17,0.15695755,3
2022-06-17,20,-0.13,0.17,0.14657207,3
2022-06-20,1,0.16,0.16,0.15871088,3
2022-06-20,5,0.21,0.16,0.1547015,3
2022-06-20,20,-0.15,0.16,0.15138458,3
2022-06-21,1,0.16,0.16,0.16061491,3
2022-06-21,5,0.19,0.16,0.15333152,3
2022-06-21,20,-0.21,0.16,0.15021484,3
2022-06-22,1,0.19,0.16,0.16133799,3
2022-06-22,5,0.15,0.16,0.15348636,3
2022-06-22,20,-0.19,0.16,0.14849976,3
2022-06-23,1,0.2,0.19,0.20014524,3
2022-06-23,5,0.13,0.19,0.17704776,3
2022-06-23,20,-0.23,0.19,0.17220117,3
2022-06-24,1,0.21,0.2,0.20438354,3
2022-06-24,5,0.13,0.2,0.19409762,3
2022-06-24,20,-0.23,0.2,0.19346279,3
2022-06-27,1,0.19,0.21,0.21268451,3
2022-06-27,5,0.11,0.21,0.20339075,3
2022-06-27,20,-0.25,0.21,0.20132083,3
2022-06-28,1,0.15,0.19,0.1921807,3
2022-06-28,5,0.08,0.19,0.18399997,3
2022-06-28,20,-0.29,0.19,0.17909937,3
2022-06-29,1,0.13,0.15,0.15158248,3
2022-06-29,5,0.06,0.15,0.14452824,3
2022-06-29,20,-0.31,0.15,0.1425038,3
2022-06-30,1,0.13,0.13,0.131106,3
2022-06-30,5,0.03,0.13,0.12628204,3
2022-06-30,20,-0.31,0.13,0.12775636,3
2022-07-01,1,0.11,0.13,0.13113756,3
2022-07-01,5,0.02,0.13,0.12628222,3
2022-07-01,20,-0.35,0.13,0.13110308,3
2022-07-04,1,0.08,0.11,0.111595966,3
2022-07-04,5,-0.01,0.11,0.105639614,3
2022-07-04,20,-0.35,0.11,0.112041764,3
2022-07-05,1,0.06,0.08,0.081237495,3
2022-07-05,5,-0.01,0.08,0.07563526,3
2022-07-05,20,-0.39,0.08,0.07975429,3
2022-07-06,1,0.03,0.06,0.061259065,3
2022-07-06,5,-0.16,0.06,0.05828616,3
2022-07-06,20,-0.47,0.06,0.059888266,3
2022-07-07,1,0.02,0.03,0.030486869,3
2022-07-07,5,-0.13,0.03,0.02802786,3
2022-07-07,20,-0.48,0.03,0.026102519,3
2022-07-08,1,-0.01,0.02,0.0203162,3
2022-07-08,5,-0.13,0.02,0.017282818,3
2022-07-08,20,-0.51,0.02,0.013269498,3
2022-07-11,1,-0.01,-0.01,-0.009481925,3
2022-07-11,5,-0.15,-0.01,-0.012573221,3
2022-07-11,20,-0.55,-0.01,-0.018423816,3
2022-07-12,1,-0.16,-0.01,-0.009305414,3
2022-07-12,5,-0.21,-0.01,-0.012262948,3
2022-07-12,20,-0.57,-0.01,-0.013396963,3
2022-07-13,1,-0.13,-0.16,-0.15889986,3
2022-07-13,5,-0.19,-0.16,-0.16321263,3
2022-07-13,20,-0.51,-0.16,-0.16249137,3
2022-07-14,1,-0.13,-0.13,-0.13113904,3
2022-07-14,5,-0.23,-0.13,-0.12678224,3
2022-07-14,20,-0.47,-0.13,-0.13229425,3
2022-07-15,1,-0.15,-0.13,-0.12636198,3
2022-07-15,5,-0.23,-0.13,-0.13601954,3
2022-07-15,20,-0.5,-0.13,-0.12207359,3
2022-07-18,1,-0.21,-0.15,-0.14485861,3
2022-07-18,5,-0.25,-0.15,-0.15475258,3
2022-07-18,20,-0.51,-0.15,-0.14621077,3
2022-07-19,1,-0.19,-0.21,-0.207809,3
2022-07-19,5,-0.29,-0.21,-0.21447372,3
2022-07-19,20,-0.57,-0.21,-0.21122772,3
2022-07-20,1,-0.23,-0.19,-0.18964311,3
2022-07-20,5,-0.31,-0.19,-0.19195598,3
2022-07-20,20,-0.55,-0.19,-0.19266418,3
2022-07-21,1,-0.23,-0.23,-0.2274271,3
2022-07-21,5,-0.31,-0.23,-0.2348515,3
2022-07-21,20,-0.54,-0.23,-0.23957017,3
2022-07-22,1,-0.25,-0.23,-0.2285525,3
2022-07-22,5,-0.35,-0.23,-0.23154147,3
2022-07-22,20,-0.48,-0.23,-0.23189634,3
2022-07-25,1,-0.29,-0.25,-0.24844092,3
2022-07-25,5,-0.35,-0.25,-0.253584,3
2022-07-25,20,-0.48,-0.25,-0.24846725,3
2022-07-26,1,-0.31,-0.29,-0.28882986,3
2022-07-26,5,-0.39,-0.29,-0.29447475,3
2022-07-26,20,-0.44,-0.29,-0.29178286,3
2022-07-27,1,-0.31,-0.31,-0.3093255,3
2022-07-27,5,-0.47,-0.31,-0.31275633,3
2022-07-27,20,-0.41,-0.31,-0.31189594,3
2022-07-28,1,-0.35,-0.31,-0.30933902,3
2022-07-28,5,-0.48,-0.31,-0.31311995,3
2022-07-28,20,-0.49,-0.31,-0.3112067,3
2022-07-29,1,-0.35,-0.35,-0.36470053,3
2022-07-29,5,-0.51,-0.35,-0.36557057,3
2022-07-29,20,-0.52,-0.35,-0.3684349,3
2022-08-01,1,-0.39,-0.35,-0.35305125,3
2022-08-01,5,-0.55,-0.35,-0.35519388,3
2022-08-01,20,-0.51,-0.35,-0.3623094,3
2022-08-02,1,-0.47,-0.39,-0.39025417,3
2022-08-02,5,-0.57,-0.39,-0.39687207,3
2022-08-02,20,-0.57,-0.39,-0.39640394,3
2022-08-03,1,-0.48,-0.47,-0.46975625,3
2022-08-03,5,-0.51,-0.47,-0.4745636,3
2022-08-03,20,-0.53,-0.47,-0.48043126,3
2022-08-04,1,-0.51,-0.48,-0.48053902,3
2022-08-04,5,-0.47,-0.48,-0.48166883,3
2022-08-04,20,-0.48,-0.48,-0.48600152,3
2022-08-05,1,-0.55,-0.51,-0.50961006,3
2022-08-05,5,-0.5,-0.51,-0.5129313,3
2022-08-05,20,-0.48,-0.51,-0.51271486,3
2022-08-08,1,-0.57,-0.55,-0.5500031,3
2022-08-08,5,-0.51,-0.55,-0.55111146,3
2022-08-08,20,-0.48,-0.55,-0.55667657,3
2022-08-09,1,-0.51,-0.57,-0.57007194,3
2022-08-09,5,-0.57,-0.57,-0.57237273,3
2022-08-09,20,-0.42,-0.57,-0.57330817,3
2022-08-10,1,-0.47,-0.51,-0.5097525,3
2022-08-10,5,-0.55,-0.51,-0.51206505,3
2022-08-10,20,-0.47,-0.51,-0.5145182,3
2022-08-11,1,-0.5,-0.47,-0.4680855,3
2022-08-11,5,-0.54,-0.47,-0.47417364,3
2022-08-11,20,-0.47,-0.47,-0.4767568,3
2022-08-12,1,-0.51,-0.5,-0.49744543,3
2022-08-12,5,-0.48,-0.5,-0.50402653,3
2022-08-12,20,-0.48,-0.5,-0.5109016,3
2022-08-15,1,-0.57,-0.51,-0.50838125,3
2022-08-15,5,-0.48,-0.51,-0.5141216,3
2022-08-15,20,-0.47,-0.51,-0.51629114,3
2022-08-16,1,-0.55,-0.57,-0.5683604,3
2022-08-16,5,-0.44,-0.57,-0.5727891,3
2022-08-16,20,-0.52,-0.57,-0.57284737,3
2022-08-17,1,-0.54,-0.55,-0.548738,3
2022-08-17,5,-0.41,-0.55,-0.5521485,3
2022-08-17,20,-0.59,-0.55,-0.5608027,3
2022-08-18,1,-0.48,-0.54,-0.5391107,3
2022-08-18,5,-0.49,-0.54,-0.53782153,3
2022-08-18,20,-0.66,-0.54,-0.5450516,3
2022-08-19,1,-0.48,-0.48,-0.4788299,3
2022-08-19,5,-0.52,-0.48,-0.48063207,3
2022-08-19,20,-0.65,-0.48,-0.48454705,3
2022-08-22,1,-0.44,-0.48,-0.47745517,3
2022-08-22,5,-0.51,-0.48,-0.47993344,3
2022-08-22,20,-0.67,-0.48,-0.4879066,3
2022-08-23,1,-0.41,-0.44,-0.4382905,3
2022-08-23,5,-0.57,-0.44,-0.44194612,3
2022-08-23,20,-0.66,-0.44,-0.44797426,3
2022-08-24,1,-0.49,-0.41,-0.4077174,3
2022-08-24,5,-0.53,-0.41,-0.41408783,3
2022-08-24,20,-0.74,-0.41,-0.4202355,3
2022-08-25,1,-0.52,-0.49,-0.4875049,3
2022-08-25,5,-0.48,-0.49,-0.49422747,3
2022-08-25,20,-0.67,-0.49,-0.50048876,3
2022-08-26,1,-0.51,-0.52,-0.51926625,3
2022-08-26,5,-0.48,-0.52,-0.52216786,3
2022-08-26,20,-0.7,-0.52,-0.5248959,3
2022-08-29,1,-0.57,-0.51,-0.5095739,3
2022-08-29,5,-0.48,-0.51,-0.51174885,3
2022-08-29,20,-0.63,-0.51,-0.5138398,3
2022-08-30,1,-0.53,-0.57,-0.5690622,3
2022-08-30,5,-0.42,-0.57,-0.57184726,3
2022-08-30,20,-0.57,-0.57,-0.5764883,3
2022-08-31,1,-0.48,-0.53,-0.53006357,3
2022-08-31,5,-0.47,-0.53,-0.5306069,3
2022-08-31,20,-0.67,-0.53,-0.53479856,3
2022-09-01,1,-0.48,-0.48,-0.47848275,3
2022-09-01,5,-0.47,-0.48,-0.48132288,3
2022-09-01,20,-0.63,-0.48,-0.48576865,3
2022-09-02,1,-0.48,-0.48,-0.47765008,3
2022-09-02,5,-0.48,-0.48,-0.4812362,3
2022-09-02,20,-0.63,-0.48,-0.489297,3
2022-09-05,1,-0.42,-0.48,-0.47801527,3
2022-09-05,5,-0.47,-0.48,-0.48428452,3
2022-09-05,20,-0.62,-0.48,-0.48680684,3
2022-09-06,1,-0.47,-0.42,-0.4181916,3
2022-09-06,5,-0.52,-0.42,-0.42454472,3
2022-09-06,20,-0.62,-0.42,-0.42599076,3
2022-09-07,1,-0.47,-0.47,-0.4673239,3
2022-09-07,5,-0.59,-0.47,-0.47278908,3
2022-09-07,20,-0.58,-0.47,-0.48123774,3
2022-09-08,1,-0.48,-0.47,-0.4686773,3
2022-09-08,5,-0.66,-0.47,-0.47300473,3
2022-09-08,20,-0.67,-0.47,-0.47592393,3
2022-09-09,1,-0.47,-0.48,-0.4751234,3
2022-09-09,5,-0.65,-0.48,-0.4839336,3
2022-09-09,20,-0.67,-0.48,-0.4752786,3
2022-09-12,1,-0.52,-0.47,-0.46380824,3
2022-09-12,5,-0.67,-0.47,-0.47580573,3
2022-09-12,20,-0.67,-0.47,-0.46759802,3
2022-09-13,1,-0.59,-0.52,-0.51681465,3
2022-09-13,5,-0.66,-0.52,-0.5241356,3
2022-09-13,20,-0.62,-0.52,-0.5241845,3
2022-09-14,1,-0.66,-0.59,-0.58926725,3
2022-09-14,5,-0.74,-0.59,-0.59027976,3
2022-09-14,20,-0.61,-0.59,-0.5937737,3
2022-09-15,1,-0.65,-0.66,-0.6606668,3
2022-09-15,5,-0.67,-0.66,-0.6589535,3
2022-09-15,20,-0.7,-0.66,-0.6636627,3
2022-09-16,1,-0.67,-0.65,-0.6514306,3
2022-09-16,5,-0.7,-0.65,-0.64858794,3
2022-09-16,20,-0.67,-0.65,-0.65402097,3
2022-09-19,1,-0.66,-0.67,-0.66989064,3
2022-09-19,5,-0.63,-0.67,-0.6690895,3
2022-09-19,20,-0.69,-0.67,-0.673028,3
2022-09-20,1,-0.74,-0.66,-0.65998065,3
2022-09-20,5,-0.57,-0.66,-0.6608333,3
2022-09-20,20,-0.68,-0.66,-0.6653182,3
2022-09-21,1,-0.67,-0.74,-0.7379422,3
2022-09-21,5,-0.67,-0.74,-0.7404167,3
2022-09-21,20,-0.63,-0.74,-0.74830675,3
2022-09-22,1,-0.7,-0.67,-0.6714397,3
2022-09-22,5,-0.63,-0.67,-0.66589534,3
2022-09-22,20,-0.62,-0.67,-0.67405415,3
2022-09-23,1,-0.63,-0.7,-0.7135047,3
2022-09-23,5,-0.63,-0.7,-0.709423,3
2022-09-23,20,-0.56,-0.7,-0.7186378,3
2022-09-26,1,-0.57,-0.63,-0.633448,3
2022-09-26,5,-0.62,-0.63,-0.63315237,3
2022-09-26,20,-0.58,-0.63,-0.6405412,3
2022-09-27,1,-0.67,-0.57,-0.56895447,3
2022-09-27,5,-0.62,-0.57,-0.5729958,3
2022-09-27,20,-0.67,-0.57,-0.58253044,3
2022-09-28,1,-0.63,-0.67,-0.6673878,3
2022-09-28,5,-0.58,-0.67,-0.673876,3
2022-09-28,20,-0.59,-0.67,-0.6863334,3
2022-09-29,1,-0.63,-0.63,-0.6288335,3
2022-09-29,5,-0.67,-0.63,-0.628723,3
2022-09-29,20,-0.63,-0.63,-0.63487047,3
2022-09-30,1,-0.62,-0.63,-0.6274078,3
2022-09-30,5,-0.67,-0.63,-0.6317097,3
2022-09-30,20,-0.61,-0.63,-0.63565534,3
2022-10-03,1,-0.62,-0.62,-0.6181474,3
2022-10-03,5,-0.67,-0.62,-0.6228675,3
2022-10-03,20,-0.65,-0.62,-0.6282415,3
2022-10-04,1,-0.58,-0.62,-0.6175971,3
2022-10-04,5,-0.62,-0.62,-0.62518907,3
2022-10-04,20,-0.66,-0.62,-0.62179977,3
2022-10-05,1,-0.67,-0.58,-0.5779274,3
2022-10-05,5,-0.61,-0.58,-0.5862085,3
2022-10-05,20,-0.62,-0.58,-0.5817386,3
2022-10-06,1,-0.67,-0.67,-0.667103,3
2022-10-06,5,-0.7,-0.67,-0.67276675,3
2022-10-06,20,-0.64,-0.67,-0.6774447,3
2022-10-07,1,-0.67,-0.67,-0.66995364,3
2022-10-07,5,-0.67,-0.67,-0.67075276,3
2022-10-07,20,-0.62,-0.67,-0.6764158,3
2022-10-10,1,-0.62,-0.67,-0.6694422,3
2022-10-10,5,-0.69,-0.67,-0.67193043,3
2022-10-10,20,-0.57,-0.67,-0.67685866,3
2022-10-11,1,-0.61,-0.62,-0.6189681,3
2022-10-11,5,-0.68,-0.62,-0.62290925,3
2022-10-11,20,-0.67,-0.62,-0.62610286,3
2022-10-12,1,-0.7,-0.61,-0.6074791,3
2022-10-12,5,-0.63,-0.61,-0.6120458,3
2022-10-12,20,-0.7,-0.61,-0.61692786,3
2022-10-13,1,-0.67,-0.7,-0.69772846,3
2022-10-13,5,-0.62,-0.7,-0.7035042,3
2022-10-13,20,-0.69,-0.7,-0.7057264,3
2022-10-14,1,-0.69,-0.67,-0.6700362,3
2022-10-14,5,-0.56,-0.67,-0.67132527,3
2022-10-14,20,-0.69,-0.67,-0.67555404,3
2022-10-17,1,-0.68,-0.69,-0.688552,3
2022-10-17,5,-0.58,-0.69,-0.69132984,3
2022-10-17,20,-0.71,-0.69,-0.6951852,3
2022-10-18,1,-0.63,-0.68,-0.67913544,3
2022-10-18,5,-0.67,-0.68,-0.68395764,3
2022-10-18,20,-0.73,-0.68,-0.6870063,3
2022-10-19,1,-0.62,-0.63,-0.62832403,3
2022-10-19,5,-0.59,-0.63,-0.63345635,3
2022-10-19,20,-0.8,-0.63,-0.63559675,3
2022-10-20,1,-0.56,-0.62,-0.6174164,3
2022-10-20,5,-0.63,-0.62,-0.6209308,3
2022-10-20,20,-0.83,-0.62,-0.6278544,3
2022-10-21,1,-0.58,-0.56,-0.5582622,3
2022-10-21,5,-0.61,-0.56,-0.5624885,3
2022-10-21,20,-0.85,-0.56,-0.5713642,3
2022-10-24,1,-0.67,-0.58,-0.57682395,3
2022-10-24,5,-0.65,-0.58,-0.58416736,3
2022-10-24,20,-0.85,-0.58,-0.58914566,3
2022-10-25,1,-0.59,-0.67,-0.6682351,3
2022-10-25,5,-0.66,-0.67,-0.6741482,3
2022-10-25,20,-0.9,-0.67,-0.67788047,3
2022-10-26,1,-0.63,-0.59,-0.5896735,3
2022-10-26,5,-0.62,-0.59,-0.590687,3
2022-10-26,20,-0.94,-0.59,-0.59143025,3
2022-10-27,1,-0.61,-0.63,-0.62709063,3
2022-10-27,5,-0.64,-0.63,-0.63342774,3
2022-10-27,20,-0.96,-0.63,-0.6325436,3
2022-10-28,1,-0.65,-0.61,-0.6036685,3
2022-10-28,5,-0.62,-0.61,-0.6136053,3
2022-10-28,20,-0.97,-0.61,-0.6156314,3
2022-10-31,1,-0.66,-0.65,-0.6429784,3
2022-10-31,5,-0.57,-0.65,-0.65428436,3
2022-10-31,20,-0.96,-0.65,-0.6506663,3
2022-11-01,1,-0.62,-0.66,-0.6573986,3
2022-11-01,5,-0.67,-0.66,-0.6625384,3
2022-11-01,20,-0.96,-0.66,-0.66402775,3
2022-11-02,1,-0.64,-0.62,-0.61846983,3
2022-11-02,5,-0.7,-0.62,-0.62301433,3
2022-11-02,20,-0.93,-0.62,-0.6243528,3
2022-11-03,1,-0.62,-0.64,-0.63778955,3
2022-11-03,5,-0.69,-0.64,-0.64264137,3
2022-11-03,20,-0.96,-0.64,-0.64645904,3
2022-11-04,1,-0.57,-0.62,-0.6325846,3
2022-11-04,5,-0.69,-0.62,-0.63356894,3
2022-11-04,20,-0.99,-0.62,-0.6391381,3
2022-11-07,1,-0.67,-0.57,-0.573511,3
2022-11-07,5,-0.71,-0.57,-0.5793718,3
2022-11-07,20,-0.98,-0.57,-0.59170604,3
2022-11-08,1,-0.7,-0.67,-0.66927606,3
2022-11-08,5,-0.73,-0.67,-0.67756146,3
2022-11-08,20,-1.01,-0.67,-0.68674904,3
2022-11-09,1,-0.69,-0.7,-0.6998519,3
2022-11-09,5,-0.8,-0.7,-0.7025914,3
2022-11-09,20,-1.03,-0.7,-0.70795965,3
2022-11-10,1,-0.69,-0.69,-0.6896049,3
2022-11-10,5,-0.83,-0.69,-0.6926237,3
2022-11-10,20,-1.01,-0.69,-0.6945806,3
2022-11-11,1,-0.71,-0.69,-0.68856096,3
2022-11-11,5,-0.85,-0.69,-0.6937447,3
2022-11-11,20,-0.98,-0.69,-0.68508756,3
2022-11-14,1,-0.73,-0.71,-0.70791227,3
2022-11-14,5,-0.85,-0.71,-0.714635,3
2022-11-14,20,-0.95,-0.71,-0.7087493,3
2022-11-15,1,-0.8,-0.73,-0.7284615,3
2022-11-15,5,-0.9,-0.73,-0.7348674,3
2022-11-15,20,-0.91,-0.73,-0.7331595,3
2022-11-16,1,-0.83,-0.8,-0.7984741,3
2022-11-16,5,-0.94,-0.8,-0.803881,3
2022-11-16,20,-0.91,-0.8,-0.80049044,3
2022-11-17,1,-0.85,-0.83,-0.82956463,3
2022-11-17,5,-0.96,-0.83,-0.8311945,3
2022-11-17,20,-0.9,-0.83,-0.82842445,3
2022-11-18,1,-0.85,-0.85,-0.84993273,3
2022-11-18,5,-0.97,-0.85,-0.8514918,3
2022-11-18,20,-0.85,-0.85,-0.85240114,3
2022-11-21,1,-0.9,-0.85,-0.84979385,3
2022-11-21,5,-0.96,-0.85,-0.85116446,3
2022-11-21,20,-0.77,-0.85,-0.8537166,3
2022-11-22,1,-0.94,-0.9,-0.8991805,3
2022-11-22,5,-0.96,-0.9,-0.9012583,3
2022-11-22,20,-0.7,-0.9,-0.9035318,3
2022-11-23,1,-0.96,-0.94,-0.9398837,3
2022-11-23,5,-0.93,-0.94,-0.942002,3
2022-11-23,20,-0.7,-0.94,-0.941745,3
2022-11-24,1,-0.97,-0.96,-0.9599389,3
2022-11-24,5,-0.96,-0.96,-0.96197706,3
2022-11-24,20,-0.74,-0.96,-0.9609191,3
2022-11-25,1,-0.96,-0.97,-0.9697377,3
2022-11-25,5,-0.99,-0.97,-0.9733154,3
2022-11-25,20,-0.76,-0.97,-0.9719008,3
2022-11-28,1,-0.96,-0.96,-0.95910263,3
2022-11-28,5,-0.98,-0.96,-0.96254456,3
2022-11-28,20,-0.76,-0.96,-0.9617749,3
2022-11-29,1,-0.93,-0.96,-0.9584969,3
2022-11-29,5,-1.01,-0.96,-0.96196985,3
2022-11-29,20,-0.76,-0.96,-0.96243596,3
2022-11-30,1,-0.96,-0.93,-0.9286986,3
2022-11-30,5,-1.03,-0.93,-0.9308611,3
2022-11-30,20,-0.73,-0.93,-0.9331936,3
2022-12-01,1,-0.99,-0.96,-0.9580576,3
2022-12-01,5,-1.01,-0.96,-0.96427387,3
2022-12-01,20,-0.74,-0.96,-0.9639978,3
2022-12-02,1,-0.98,-0.99,-0.988586,3
2022-12-02,5,-0.98,-0.99,-0.99437016,3
2022-12-02,20,-0.76,-0.99,-0.989819,3
2022-12-05,1,-1.01,-0.98,-0.9789108,3
2022-12-05,5,-0.95,-0.98,-0.9833634,3
2022-12-05,20,-0.76,-0.98,-0.98069286,3
2022-12-06,1,-1.03,-1.01,-1.00858,3
2022-12-06,5,-0.91,-1.01,-1.0119126,3
2022-12-06,20,-0.81,-1.01,-1.0141518,3
2022-12-07,1,-1.01,-1.03,-1.0287949,3
2022-12-07,5,-0.91,-1.03,-1.0316302,3
2022-12-07,20,-0.85,-1.03,-1.0316228,3
2022-12-08,1,-0.98,-1.01,-1.0090623,3
2022-12-08,5,-0.9,-1.01,-1.0132167,3
2022-12-08,20,-0.86,-1.01,-1.0096066,3
2022-12-09,1,-0.95,-0.98,-0.9742964,3
2022-12-09,5,-0.85,-0.98,-0.9854165,3
2022-12-09,20,-0.88,-0.98,-0.97584873,3
2022-12-12,1,-0.91,-0.95,-0.9435121,3
2022-12-12,5,-0.77,-0.95,-0.95487934,3
2022-12-12,20,-0.85,-0.95,-0.9485883,3
2022-12-13,1,-0.91,-0.91,-0.9061664,3
2022-12-13,5,-0.7,-0.91,-0.91332185,3
2022-12-13,20,-0.82,-0.91,-0.91465116,3
2022-12-14,1,-0.9,-0.91,-0.9071174,3
2022-12-14,5,-0.7,-0.91,-0.9156539,3
2022-12-14,20,-0.86,-0.91,-0.91565967,3
2022-12-15,1,-0.85,-0.9,-0.89769846,3
2022-12-15,5,-0.74,-0.9,-0.9050635,3
2022-12-15,20,-0.9,-0.9,-0.9042543,3
2022-12-16,1,-0.77,-0.85,-0.86152345,3
2022-12-16,5,-0.76,-0.85,-0.8631778,3
2022-12-16,20,-0.78,-0.85,-0.86443293,3
2022-12-19,1,-0.7,-0.77,-0.77103317,3
2022-12-19,5,-0.76,-0.77,-0.77497536,3
2022-12-19,20,-0.72,-0.77,-0.7825551,3
2022-12-20,1,-0.7,-0.7,-0.698081,3
2022-12-20,5,-0.76,-0.7,-0.7052049,3
2022-12-20,20,-0.71,-0.7,-0.7183841,3
2022-12-21,1,-0.74,-0.7,-0.6970775,3
2022-12-21,5,-0.73,-0.7,-0.70549923,3
2022-12-21,20,-0.75,-0.7,-0.7202946,3
2022-12-22,1,-0.76,-0.74,-0.73766303,3
2022-12-22,5,-0.74,-0.74,-0.7465213,3
2022-12-22,20,-0.76,-0.74,-0.7528813,3
2022-12-23,1,-0.76,-0.76,-0.75872624,3
2022-12-23,5,-0.76,-0.76,-0.76455426,3
2022-12-23,20,-0.75,-0.76,-0.7679373,3
2022-12-26,1,-0.76,-0.76,-0.75923496,3
2022-12-26,5,-0.76,-0.76,-0.7643684,3
2022-12-26,20,-0.78,-0.76,-0.76914066,3
2022-12-27,1,-0.73,-0.76,-0.75876516,3
2022-12-27,5,-0.81,-0.76,-0.76421684,3
2022-12-27,20,-0.8,-0.76,-0.7669823,3
2022-12-28,1,-0.74,-0.73,-0.7288292,3
2022-12-28,5,-0.85,-0.73,-0.7335496,3
2022-12-28,20,-0.77,-0.73,-0.73913836,3
2022-12-29,1,-0.76,-0.74,-0.7381989,3
2022-12-29,5,-0.86,-0.74,-0.74428463,3
2022-12-29,20,-0.77,-0.74,-0.7502815,3
2022-12-30,1,-0.76,-0.76,-0.7583567,3
2022-12-30,5,-0.88,-0.76,-0.76481354,3
2022-12-30,20,-0.79,-0.76,-0.7661937,3
2023-01-02,1,-0.81,-0.76,-0.75899196,3
2023-01-02,5,-0.85,-0.76,-0.7642095,3
2023-01-02,20,-0.82,-0.76,-0.7668266,3
2023-01-03,1,-0.85,-0.81,-0.80871195,3
2023-01-03,5,-0.82,-0.81,-0.8140551,3
2023-01-03,20,-0.84,-0.81,-0.8157589,3
2023-01-04,1,-0.86,-0.85,-0.8492137,3
2023-01-04,5,-0.86,-0.85,-0.85182,3
2023-01-04,20,-0.81,-0.85,-0.8528682,3
2023-01-05,1,-0.88,-0.86,-0.85982573,3
2023-01-05,5,-0.9,-0.86,-0.8639528,3
2023-01-05,20,-0.83,-0.86,-0.85865694,3
2023-01-06,1,-0.85,-0.88,-0.87906903,3
2023-01-06,5,-0.78,-0.88,-0.8822911,3
2023-01-06,20,-0.88,-0.88,-0.88187414,3
2023-01-09,1,-0.82,-0.85,-0.8491108,3
2023-01-09,5,-0.72,-0.85,-0.85334486,3
2023-01-09,20,-0.9,-0.85,-0.8474131,3
2023-01-10,1,-0.86,-0.82,-0.818145,3
2023-01-10,5,-0.71,-0.82,-0.82539177,3
2023-01-10,20,-0.88,-0.82,-0.8215825,3
2023-01-11,1,-0.9,-0.86,-0.85715485,3
2023-01-11,5,-0.75,-0.86,-0.8630698,3
2023-01-11,20,-0.9,-0.86,-0.86559874,3
2023-01-12,1,-0.78,-0.9,-0.89851534,3
2023-01-12,5,-0.76,-0.9,-0.9032287,3
2023-01-12,20,-0.92,-0.9,-0.9023605,3
2023-01-13,1,-0.72,-0.78,-0.77914894,3
2023-01-13,5,-0.75,-0.78,-0.7831733,3
2023-01-13,20,-0.94,-0.78,-0.77903944,3
2023-01-16,1,-0.71,-0.72,-0.71577156,3
2023-01-16,5,-0.78,-0.72,-0.7196426,3
2023-01-16,20,-0.97,-0.72,-0.726634,3
2023-01-17,1,-0.75,-0.71,-0.70570207,3
2023-01-17,5,-0.8,-0.71,-0.71267796,3
2023-01-17,20,-1.0,-0.71,-0.7175236,3
2023-01-18,1,-0.76,-0.75,-0.7467194,3
2023-01-18,5,-0.77,-0.75,-0.7525141,3
2023-01-18,20,-0.9,-0.75,-0.75832784,3
2023-01-19,1,-0.75,-0.76,-0.7587836,3
2023-01-19,5,-0.77,-0.76,-0.7612823,3
2023-01-19,20,-0.85,-0.76,-0.7611166,3
2023-01-20,1,-0.78,-0.75,-0.7490305,3
2023-01-20,5,-0.79,-0.75,-0.7508287,3
2023-01-20,20,-0.86,-0.75,-0.7512737,3
2023-01-23,1,-0.8,-0.78,-0.77878445,3
2023-01-23,5,-0.82,-0.78,-0.7819517,3
2023-01-23,20,-0.86,-0.78,-0.78675085,3
2023-01-24,1,-0.77,-0.8,-0.7993492,3
2023-01-24,5,-0.84,-0.8,-0.80274755,3
2023-01-24,20,-0.8,-0.8,-0.806889,3
2023-01-25,1,-0.77,-0.77,-0.7691962,3
2023-01-25,5,-0.81,-0.77,-0.77319896,3
2023-01-25,20,-0.83,-0.77,-0.77349085,3
2023-01-26,1,-0.79,-0.77,-0.7680074,3
2023-01-26,5,-0.83,-0.77,-0.77309054,3
2023-01-26,20,-0.88,-0.77,-0.7741519,3
2023-01-27,1,-0.82,-0.79,-0.7842875,3
2023-01-27,5,-0.88,-0.79,-0.79163206,3
2023-01-27,20,-0.89,-0.79,-0.7932493,3
2023-01-30,1,-0.84,-0.82,-0.815306,3
2023-01-30,5,-0.9,-0.82,-0.82492507,3
2023-01-30,20,-0.89,-0.82,-0.8215015,3
2023-01-31,1,-0.81,-0.84,-0.8380615,3
2023-01-31,5,-0.88,-0.84,-0.8421335,3
2023-01-31,20,-0.88,-0.84,-0.8429366,3
2023-02-01,1,-0.83,-0.81,-0.80899405,3
2023-02-01,5,-0.9,-0.81,-0.8122696,3
2023-02-01,20,-0.86,-0.81,-0.812754,3
2023-02-02,1,-0.88,-0.83,-0.8280876,3
2023-02-02,5,-0.92,-0.83,-0.83411366,3
2023-02-02,20,-0.82,-0.83,-0.8307598,3
2023-02-03,1,-0.9,-0.88,-0.8866692,3
2023-02-03,5,-0.94,-0.88,-0.8889877,3
2023-02-03,20,-0.88,-0.88,-0.88765275,3
2023-02-06,1,-0.88,-0.9,-0.90217537,3
2023-02-06,5,-0.97,-0.9,-0.9015459,3
2023-02-06,20,-0.89,-0.9,-0.91128254,3
2023-02-07,1,-0.9,-0.88,-0.88076705,3
2023-02-07,5,-1.0,-0.88,-0.8814666,3
2023-02-07,20,-1.0,-0.88,-0.89060956,3
2023-02-08,1,-0.92,-0.9,-0.89911026,3
2023-02-08,5,-0.9,-0.9,-0.90271354,3
2023-02-08,20,-1.04,-0.9,-0.91059357,3
2023-02-09,1,-0.94,-0.92,-0.9190209,3
2023-02-09,5,-0.85,-0.92,-0.92349625,3
2023-02-09,20,-0.98,-0.92,-0.9271225,3
2023-02-10,1,-0.97,-0.94,-0.9390439,3
2023-02-10,5,-0.86,-0.94,-0.94303507,3
2023-02-10,20,-0.98,-0.94,-0.94705075,3
2023-02-13,1,-1.0,-0.97,-0.96957296,3
2023-02-13,5,-0.86,-0.97,-0.9742608,3
2023-02-13,20,-0.78,-0.97,-0.9788683,3
2023-02-14,1,-0.9,-1.0,-0.9995771,3
2023-02-14,5,-0.8,-1.0,-1.003436,3
2023-02-14,20,-0.85,-1.0,-1.0058601,3
2023-02-15,1,-0.85,-0.9,-0.8998293,3
2023-02-15,5,-0.83,-0.9,-0.9026644,3
2023-02-15,20,-0.73,-0.9,-0.9062229,3
2023-02-16,1,-0.86,-0.85,-0.8466193,3
2023-02-16,5,-0.88,-0.85,-0.85000384,3
2023-02-16,20,-0.83,-0.85,-0.8580259,3
2023-02-17,1,-0.86,-0.86,-0.85662323,3
2023-02-17,5,-0.89,-0.86,-0.86194414,3
2023-02-17,20,-0.77,-0.86,-0.8693605,3
2023-02-20,1,-0.8,-0.86,-0.8576,3
2023-02-20,5,-0.89,-0.86,-0.86362433,3
2023-02-20,20,-0.81,-0.86,-0.86558795,3
2023-02-21,1,-0.83,-0.8,-0.79804695,3
2023-02-21,5,-0.88,-0.8,-0.8042229,3
2023-02-21,20,-0.82,-0.8,-0.80508125,3
2023-02-22,1,-0.88,-0.83,-0.8267689,3
2023-02-22,5,-0.86,-0.83,-0.83059776,3
2023-02-22,20,-0.79,-0.83,-0.83666337,3
2023-02-23,1,-0.89,-0.88,-0.8790729,3
2023-02-23,5,-0.82,-0.88,-0.8804417,3
2023-02-23,20,-0.69,-0.88,-0.88381356,3
2023-02-24,1,-0.89,-0.89,-0.8899376,3
2023-02-24,5,-0.88,-0.89,-0.89057994,3
2023-02-24,20,-0.68,-0.89,-0.8923517,3
2023-02-27,1,-0.88,-0.89,-0.8897136,3
2023-02-27,5,-0.89,-0.89,-0.88995606,3
2023-02-27,20,-0.71,-0.89,-0.8941027,3
2023-02-28,1,-0.86,-0.88,-0.8789988,3
2023-02-28,5,-1.0,-0.88,-0.8823435,3
2023-02-28,20,-0.76,-0.88,-0.88391054,3
2023-03-01,1,-0.82,-0.86,-0.85838723,3
2023-03-01,5,-1.04,-0.86,-0.8626652,3
2023-03-01,20,-0.82,-0.86,-0.8641543,3
2023-03-02,1,-0.88,-0.82,-0.8184535,3
2023-03-02,5,-0.98,-0.82,-0.8231334,3
2023-03-02,20,-0.83,-0.82,-0.82833135,3
2023-03-03,1,-0.89,-0.88,-0.8775624,3
2023-03-03,5,-0.98,-0.88,-0.8829303,3
2023-03-03,20,-0.84,-0.88,-0.8905418,3
2023-03-06,1,-1.0,-0.89,-0.88885826,3
2023-03-06,5,-0.78,-0.89,-0.892359,3
2023-03-06,20,-0.81,-0.89,-0.8943976,3
2023-03-07,1,-1.04,-1.0,-0.99897337,3
2023-03-07,5,-0.85,-1.0,-1.003213,3
2023-03-07,20,-0.78,-1.0,-1.0039775,3
2023-03-08,1,-0.98,-1.04,-1.0407379,3
2023-03-08,5,-0.73,-1.04,-1.0388592,3
2023-03-08,20,-0.76,-1.04,-1.0446184,3
2023-03-09,1,-0.98,-0.98,-0.98074746,3
2023-03-09,5,-0.83,-0.98,-0.9798503,3
2023-03-09,20,-0.82,-0.98,-0.9825323,3
2023-03-10,1,-0.78,-0.98,-0.97814137,3
2023-03-10,5,-0.77,-0.98,-0.98169655,3
2023-03-10,20,-0.82,-0.98,-0.9826956,3
2023-03-13,1,-0.85,-0.78,-0.77798456,3
2023-03-13,5,-0.81,-0.78,-0.7831295,3
2023-03-13,20,-0.87,-0.78,-0.7784407,3
2023-03-14,1,-0.73,-0.85,-0.84441227,3
2023-03-14,5,-0.82,-0.85,-0.8492349,3
2023-03-14,20,-0.87,-0.85,-0.8544039,3
2023-03-15,1,-0.83,-0.73,-0.7272482,3
2023-03-15,5,-0.79,-0.73,-0.7330216,3
2023-03-15,20,-0.9,-0.73,-0.7336058,3
2023-03-16,1,-0.77,-0.83,-0.82449317,3
2023-03-16,5,-0.69,-0.83,-0.8318408,3
2023-03-16,20,-0.85,-0.83,-0.83300537,3
2023-03-17,1,-0.81,-0.77,-0.76813793,3
2023-03-17,5,-0.68,-0.77,-0.77100694,3
2023-03-17,20,-0.78,-0.77,-0.7720577,3
2023-03-20,1,-0.82,-0.81,-0.8064346,3
2023-03-20,5,-0.71,-0.81,-0.8136589,3
2023-03-20,20,-0.8,-0.81,-0.80799973,3
2023-03-21,1,-0.79,-0.82,-0.8179188,3
2023-03-21,5,-0.76,-0.82,-0.8236999,3
2023-03-21,20,-0.81,-0.82,-0.82141715,3
2023-03-22,1,-0.69,-0.79,-0.7876739,3
2023-03-22,5,-0.82,-0.79,-0.79219407,3
2023-03-22,20,-0.83,-0.79,-0.79790527,3
2023-03-23,1,-0.68,-0.69,-0.6881043,3
2023-03-23,5,-0.83,-0.69,-0.69149625,3
2023-03-23,20,-0.82,-0.69,-0.68825793,3
2023-03-24,1,-0.71,-0.68,-0.6836485,3
2023-03-24,5,-0.84,-0.68,-0.6845487,3
2023-03-24,20,-0.8,-0.68,-0.67975855,3
2023-03-27,1,-0.76,-0.71,-0.70912415,3
2023-03-27,5,-0.81,-0.71,-0.71235836,3
2023-03-27,20,-0.81,-0.71,-0.7120538,3
2023-03-28,1,-0.82,-0.76,-0.75894326,3
2023-03-28,5,-0.78,-0.76,-0.7633656,3
2023-03-28,20,-0.78,-0.76,-0.7700601,3
2023-03-29,1,-0.83,-0.82,-0.8197009,3
2023-03-29,5,-0.76,-0.82,-0.82343346,3
2023-03-29,20,-0.77,-0.82,-0.8269044,3
2023-03-30,1,-0.84,-0.83,-0.83028084,3
2023-03-30,5,-0.82,-0.83,-0.83226556,3
2023-03-30,20,-0.78,-0.83,-0.8347511,3
2023-03-31,1,-0.81,-0.84,-0.8395551,3
2023-03-31,5,-0.82,-0.84,-0.84302723,3
2023-03-31,20,-0.81,-0.84,-0.8432585,3
2023-04-03,1,-0.78,-0.81,-0.80901,3
2023-04-03,5,-0.87,-0.81,-0.81314415,3
2023-04-03,20,-0.8,-0.81,-0.811443,3
2023-04-04,1,-0.76,-0.78,-0.77822256,3
2023-04-04,5,-0.87,-0.78,-0.78527266,3
2023-04-04,20,-0.81,-0.78,-0.78245616,3
2023-04-05,1,-0.82,-0.76,-0.7571535,3
2023-04-05,5,-0.9,-0.76,-0.76496613,3
2023-04-05,20,-0.8,-0.76,-0.76155543,3
2023-04-06,1,-0.82,-0.82,-0.81706214,3
2023-04-06,5,-0.85,-0.82,-0.82496166,3
2023-04-06,20,-0.76,-0.82,-0.82136554,3
2023-04-07,1,-0.87,-0.82,-0.81885666,3
2023-04-07,5,-0.78,-0.82,-0.82335573,3
2023-04-07,20,-0.8,-0.82,-0.8216825,3
2023-04-10,1,-0.87,-0.87,-0.8688279,3
2023-04-10,5,-0.8,-0.87,-0.87273437,3
2023-04-10,20,-0.8,-0.87,-0.8752963,3
2023-04-11,1,-0.9,-0.87,-0.8697443,3
2023-04-11,5,-0.81,-0.87,-0.8714847,3
2023-04-11,20,-0.82,-0.87,-0.87438285,3
2023-04-12,1,-0.85,-0.9,-0.8993198,3
2023-04-12,5,-0.83,-0.9,-0.9031497,3
2023-04-12,20,-0.79,-0.9,-0.9052401,3
2023-04-13,1,-0.78,-0.85,-0.84948665,3
2023-04-13,5,-0.82,-0.85,-0.8533021,3
2023-04-13,20,-0.83,-0.85,-0.8540478,3
2023-04-14,1,-0.8,-0.78,-0.77823937,3
2023-04-14,5,-0.8,-0.78,-0.78421694,3
2023-04-14,20,-0.86,-0.78,-0.78867924,3
2023-04-17,1,-0.81,-0.8,-0.7967158,3
2023-04-17,5,-0.81,-0.8,-0.80307984,3
2023-04-17,20,-0.85,-0.8,-0.811031,3
2023-04-18,1,-0.83,-0.81,-0.8082467,3
2023-04-18,5,-0.78,-0.81,-0.8135647,3
2023-04-18,20,-0.9,-0.81,-0.81958455,3
2023-04-19,1,-0.82,-0.83,-0.8268082,3
2023-04-19,5,-0.77,-0.83,-0.835561,3
2023-04-19,20,-0.95,-0.83,-0.842898,3
2023-04-20,1,-0.8,-0.82,-0.8202125,3
2023-04-20,5,-0.78,-0.82,-0.81642264,3
2023-04-20,20,-0.9,-0.82,-0.8242328,3
2023-04-21,1,-0.81,-0.8,-0.79927593,3
2023-04-21,5,-0.81,-0.8,-0.7995611,3
2023-04-21,20,-0.88,-0.8,-0.8019681,3
2023-04-24,1,-0.78,-0.81,-0.8085579,3
2023-04-24,5,-0.8,-0.81,-0.80979437,3
2023-04-24,20,-0.88,-0.81,-0.8134972,3
2023-04-25,1,-0.77,-0.78,-0.77875745,3
2023-04-25,5,-0.81,-0.78,-0.78216964,3
2023-04-25,20,-0.88,-0.78,-0.78289354,3
2023-04-26,1,-0.78,-0.77,-0.76739687,3
2023-04-26,5,-0.8,-0.77,-0.7729256,3
2023-04-26,20,-0.9,-0.77,-0.7705082,3
2023-04-27,1,-0.81,-0.78,-0.77777696,3
2023-04-27,5,-0.76,-0.78,-0.78339094,3
2023-04-27,20,-0.93,-0.78,-0.78296477,3
2023-04-28,1,-0.8,-0.81,-0.80840313,3
2023-04-28,5,-0.8,-0.81,-0.81326705,3
2023-04-28,20,-0.97,-0.81,-0.81709504,3
2023-05-01,1,-0.81,-0.8,-0.7987671,3
2023-05-01,5,-0.8,-0.8,-0.8038832,3
2023-05-01,20,-0.99,-0.8,-0.8027019,3
2023-05-02,1,-0.8,-0.81,-0.80862373,3
2023-05-02,5,-0.82,-0.81,-0.8131132,3
2023-05-02,20,-0.99,-0.81,-0.8193615,3
2023-05-03,1,-0.76,-0.8,-0.798079,3
2023-05-03,5,-0.79,-0.8,-0.8033955,3
2023-05-03,20,-1.04,-0.8,-0.80279934,3
2023-05-04,1,-0.8,-0.76,-0.75795084,3
2023-05-04,5,-0.83,-0.76,-0.7644047,3
2023-05-04,20,-1.04,-0.76,-0.7610832,3
2023-05-05,1,-0.8,-0.8,-0.8059909,3
2023-05-05,5,-0.86,-0.8,-0.8099841,3
2023-05-05,20,-1.06,-0.8,-0.8080704,3
2023-05-08,1,-0.82,-0.8,-0.8015715,3
2023-05-08,5,-0.85,-0.8,-0.8062936,3
2023-05-08,20,-1.07,-0.8,-0.81215674,3
2023-05-09,1,-0.79,-0.82,-0.8198579,3
2023-05-09,5,-0.9,-0.82,-0.8255755,3
2023-05-09,20,-1.1,-0.82,-0.83207476,3
2023-05-10,1,-0.83,-0.79,-0.7892349,3
2023-05-10,5,-0.95,-0.79,-0.7937875,3
2023-05-10,20,-1.16,-0.79,-0.7980354,3
2023-05-11,1,-0.86,-0.83,-0.82786083,3
2023-05-11,5,-0.9,-0.83,-0.8349329,3
2023-05-11,20,-1.13,-0.83,-0.83371544,3
2023-05-12,1,-0.85,-0.86,-0.85868925,3
2023-05-12,5,-0.88,-0.86,-0.8630252,3
2023-05-12,20,-1.11,-0.86,-0.86230135,3
2023-05-15,1,-0.9,-0.85,-0.84950453,3
2023-05-15,5,-0.88,-0.85,-0.852219,3
2023-05-15,20,-1.11,-0.85,-0.8536366,3
2023-05-16,1,-0.95,-0.9,-0.898954,3
2023-05-16,5,-0.88,-0.9,-0.9034901,3
2023-05-16,20,-1.09,-0.9,-0.90649444,3
2023-05-17,1,-0.9,-0.95,-0.9493244,3
2023-05-17,5,-0.9,-0.95,-0.9534689,3
2023-05-17,20,-1.14,-0.95,-0.95608836,3
2023-05-18,1,-0.88,-0.9,-0.89989007,3
2023-05-18,5,-0.93,-0.9,-0.9020385,3
2023-05-18,20,-1.16,-0.9,-0.905076,3
2023-05-19,1,-0.88,-0.88,-0.8782531,3
2023-05-19,5,-0.97,-0.88,-0.8812051,3
2023-05-19,20,-1.21,-0.88,-0.8880209,3
2023-05-22,1,-0.88,-0.88,-0.87814665,3
2023-05-22,5,-0.99,-0.88,-0.88269407,3
2023-05-22,20,-1.21,-0.88,-0.8892142,3
2023-05-23,1,-0.9,-0.88,-0.87842995,3
2023-05-23,5,-0.99,-0.88,-0.8837057,3
2023-05-23,20,-1.24,-0.88,-0.8883336,3
2023-05-24,1,-0.93,-0.9,-0.8984087,3
2023-05-24,5,-1.04,-0.9,-0.9042771,3
2023-05-24,20,-1.25,-0.9,-0.90628135,3
2023-05-25,1,-0.97,-0.93,-0.9289671,3
2023-05-25,5,-1.04,-0.93,-0.93284667,3
2023-05-25,20,-1.29,-0.93,-0.93523145,3
2023-05-26,1,-0.99,-0.97,-0.96978784,3
2023-05-26,5,-1.06,-0.97,-0.97189254,3
2023-05-26,20,-1.3,-0.97,-0.97686845,3
2023-05-29,1,-0.99,-0.99,-0.9899429,3
2023-05-29,5,-1.07,-0.99,-0.9920813,3
2023-05-29,20,-1.31,-0.99,-0.99457145,3
2023-05-30,1,-1.04,-0.99,-0.98976123,3
2023-05-30,5,-1.1,-0.99,-0.9930244,3
2023-05-30,20,-1.28,-0.99,-0.99432427,3
2023-05-31,1,-1.04,-1.04,-1.0388288,3
2023-05-31,5,-1.16,-1.04,-1.0436183,3
2023-05-31,20,-1.3,-1.04,-1.0412335,3
2023-06-01,1,-1.06,-1.04,-1.0396096,3
2023-06-01,5,-1.13,-1.04,-1.0427418,3
2023-06-01,20,-1.3,-1.04,-1.040769,3
2023-06-02,1,-1.07,-1.06,-1.0592504,3
2023-06-02,5,-1.11,-1.06,-1.0651944,3
2023-06-02,20,-1.32,-1.06,-1.0613719,3
2023-06-05,1,-1.1,-1.07,-1.0690633,3
2023-06-05,5,-1.11,-1.07,-1.0740561,3
2023-06-05,20,-1.32,-1.07,-1.0754399,3
2023-06-06,1,-1.16,-1.1,-1.0989301,3
2023-06-06,5,-1.09,-1.1,-1.1033939,3
2023-06-06,20,-1.31,-1.1,-1.1043444,3
2023-06-07,1,-1.13,-1.16,-1.1594142,3
2023-06-07,5,-1.14,-1.16,-1.1630858,3
2023-06-07,20,-1.27,-1.16,-1.16408,3
2023-06-08,1,-1.11,-1.13,-1.1302644,3
2023-06-08,5,-1.16,-1.13,-1.1320682,3
2023-06-08,20,-1.26,-1.13,-1.1354836,3
2023-06-09,1,-1.11,-1.11,-1.1044874,3
2023-06-09,5,-1.21,-1.11,-1.1113021,3
2023-06-09,20,-1.23,-1.11,-1.1133262,3
2023-06-12,1,-1.09,-1.11,-1.1050912,3
2023-06-12,5,-1.21,-1.11,-1.1150484,3
2023-06-12,20,-1.23,-1.11,-1.1129675,3
2023-06-13,1,-1.14,-1.09,-1.0871572,3
2023-06-13,5,-1.24,-1.09,-1.093618,3
2023-06-13,20,-1.27,-1.09,-1.0937097,3
2023-06-14,1,-1.16,-1.14,-1.138165,3
2023-06-14,5,-1.25,-1.14,-1.1439722,3
2023-06-14,20,-1.24,-1.14,-1.1499193,3
2023-06-15,1,-1.21,-1.16,-1.1593479,3
2023-06-15,5,-1.29,-1.16,-1.1628244,3
2023-06-15,20,-1.23,-1.16,-1.1665041,3
2023-06-16,1,-1.21,-1.21,-1.2090877,3
2023-06-16,5,-1.3,-1.21,-1.2130804,3
2023-06-16,20,-1.27,-1.21,-1.211621,3
2023-06-19,1,-1.24,-1.21,-1.2101809,3
2023-06-19,5,-1.31,-1.21,-1.2134377,3
2023-06-19,20,-1.27,-1.21,-1.2133639,3
2023-06-20,1,-1.25,-1.24,-1.2392364,3
2023-06-20,5,-1.28,-1.24,-1.2427295,3
2023-06-20,20,-1.26,-1.24,-1.2434115,3
2023-06-21,1,-1.29,-1.25,-1.2492385,3
2023-06-21,5,-1.3,-1.25,-1.2517763,3
2023-06-21,20,-1.28,-1.25,-1.2523806,3
2023-06-22,1,-1.3,-1.29,-1.2892609,3
2023-06-22,5,-1.3,-1.29,-1.2936717,3
2023-06-22,20,-1.14,-1.29,-1.292412,3
2023-06-23,1,-1.31,-1.3,-1.2997326,3
2023-06-23,5,-1.32,-1.3,-1.3027574,3
2023-06-23,20,-1.17,-1.3,-1.3050877,3
2023-06-26,1,-1.28,-1.31,-1.3091418,3
2023-06-26,5,-1.32,-1.31,-1.312421,3
2023-06-26,20,-1.19,-1.31,-1.3123254,3
2023-06-27,1,-1.3,-1.28,-1.2791651,3
2023-06-27,5,-1.31,-1.28,-1.2838869,3
2023-06-27,20,-1.2,-1.28,-1.2826011,3
2023-06-28,1,-1.3,-1.3,-1.2957026,3
2023-06-28,5,-1.27,-1.3,-1.3046846,3
2023-06-28,20,-1.2,-1.3,-1.3099089,3
2023-06-29,1,-1.32,-1.3,-1.2995487,3
2023-06-29,5,-1.26,-1.3,-1.2974956,3
2023-06-29,20,-1.16,-1.3,-1.3015822,3
2023-06-30,1,-1.32,-1.32,-1.3198774,3
2023-06-30,5,-1.23,-1.32,-1.3174437,3
2023-06-30,20,-1.17,-1.32,-1.3263202,3
2023-07-03,1,-1.31,-1.32,-1.3200146,3
2023-07-03,5,-1.23,-1.32,-1.3210357,3
2023-07-03,20,-1.18,-1.32,-1.324248,3
2023-07-04,1,-1.27,-1.31,-1.3094177,3
2023-07-04,5,-1.27,-1.31,-1.3116989,3
2023-07-04,20,-1.12,-1.31,-1.3164041,3
2023-07-05,1,-1.26,-1.27,-1.2687801,3
2023-07-05,5,-1.24,-1.27,-1.2731365,3
2023-07-05,20,-1.08,-1.27,-1.2763529,3
2023-07-06,1,-1.23,-1.26,-1.2578036,3
2023-07-06,5,-1.23,-1.26,-1.2619854,3
2023-07-06,20,-1.01,-1.26,-1.2685784,3
2023-07-07,1,-1.23,-1.23,-1.2283086,3
2023-07-07,5,-1.27,-1.23,-1.232123,3
2023-07-07,20,-1.02,-1.23,-1.2390618,3
2023-07-10,1,-1.27,-1.23,-1.2279606,3
2023-07-10,5,-1.27,-1.23,-1.2343531,3
2023-07-10,20,-1.02,-1.23,-1.240357,3
2023-07-11,1,-1.24,-1.27,-1.267819,3
2023-07-11,5,-1.26,-1.27,-1.27481,3
2023-07-11,20,-1.02,-1.27,-1.2764581,3
2023-07-12,1,-1.23,-1.24,-1.2391702,3
2023-07-12,5,-1.28,-1.24,-1.2446266,3
2023-07-12,20,-1.08,-1.24,-1.2444648,3
2023-07-13,1,-1.27,-1.23,-1.2279564,3
2023-07-13,5,-1.14,-1.23,-1.2360204,3
2023-07-13,20,-1.04,-1.23,-1.230937,3
2023-07-14,1,-1.27,-1.27,-1.2629825,3
2023-07-14,5,-1.17,-1.27,-1.2757692,3
2023-07-14,20,-1.02,-1.27,-1.2766889,3
2023-07-17,1,-1.26,-1.27,-1.265682,3
2023-07-17,5,-1.19,-1.27,-1.275361,3
2023-07-17,20,-1.04,-1.27,-1.2718521,3
2023-07-18,1,-1.28,-1.26,-1.2573141,3
2023-07-18,5,-1.2,-1.26,-1.2641559,3
2023-07-18,20,-1.04,-1.26,-1.263078,3
2023-07-19,1,-1.14,-1.28,-1.2764904,3
2023-07-19,5,-1.2,-1.28,-1.2825747,3
2023-07-19,20,-1.03,-1.28,-1.2869259,3
2023-07-20,1,-1.17,-1.14,-1.1390425,3
2023-07-20,5,-1.16,-1.14,-1.1403081,3
2023-07-20,20,-1.0,-1.14,-1.1412704,3
2023-07-21,1,-1.19,-1.17,-1.1700644,4
2023-07-21,5,-1.17,-1.17,-1.1699697,4
2023-07-21,20,-1.05,-1.17,-1.1610878,4
2023-07-24,1,-1.2,-1.19,-1.1901658,4
2023-07-24,5,-1.18,-1.19,-1.1876296,4
2023-07-24,20,-1.02,-1.19,-1.1815724,4
2023-07-25,1,-1.2,-1.2,-1.1992302,4
2023-07-25,5,-1.12,-1.2,-1.194355,4
2023-07-25,20,-1.02,-1.2,-1.1928734,4
2023-07-26,1,-1.16,-1.2,-1.199257,4
2023-07-26,5,-1.08,-1.2,-1.1996342,4
2023-07-26,20,-1.07,-1.2,-1.2137529,4
2023-07-27,1,-1.17,-1.16,-1.1610998,4
2023-07-27,5,-1.01,-1.16,-1.1584663,4
2023-07-27,20,-1.07,-1.16,-1.1649119,4
2023-07-28,1,-1.18,-1.17,-1.1732242,4
2023-07-28,5,-1.02,-1.17,-1.1745375,4
2023-07-28,20,-1.08,-1.17,-1.1815121,4
2023-07-31,1,-1.12,-1.18,-1.1842633,4
2023-07-31,5,-1.02,-1.18,-1.1887354,4
2023-07-31,20,-1.11,-1.18,-1.1931149,4
2023-08-01,1,-1.08,-1.12,-1.1219866,4
2023-08-01,5,-1.02,-1.12,-1.1243018,4
2023-08-01,20,-1.1,-1.12,-1.1322623,4
2023-08-02,1,-1.01,-1.08,-1.0818847,4
2023-08-02,5,-1.08,-1.08,-1.0911057,4
2023-08-02,20,-1.08,-1.08,-1.100723,4
2023-08-03,1,-1.02,-1.01,-1.0130486,4
2023-08-03,5,-1.04,-1.01,-1.0237869,4
2023-08-03,20,-1.08,-1.01,-1.0283096,4
2023-08-04,1,-1.02,-1.02,-1.0213832,4
2023-08-04,5,-1.02,-1.02,-1.0351067,4
2023-08-04,20,-0.99,-1.02,-1.03262,4
2023-08-07,1,-1.02,-1.02,-1.0262747,4
2023-08-07,5,-1.04,-1.02,-1.0331608,4
2023-08-07,20,-0.99,-1.02,-1.0300819,4
2023-08-08,1,-1.08,-1.02,-1.023822,4
2023-08-08,5,-1.04,-1.02,-1.0307492,4
2023-08-08,20,-0.97,-1.02,-1.0329921,4
2023-08-09,1,-1.04,-1.08,-1.085357,4
2023-08-09,5,-1.03,-1.08,-1.0909431,4
2023-08-09,20,-1.0,-1.08,-1.0952286,4
2023-08-10,1,-1.02,-1.04,-1.0428845,4
2023-08-10,5,-1.0,-1.04,-1.046238,4
2023-08-10,20,-0.97,-1.04,-1.0705094,4
2023-08-11,1,-1.04,-1.02,-1.0211192,4
2023-08-11,5,-1.05,-1.02,-1.0270463,4
2023-08-11,20,-0.99,-1.02,-1.0492276,4
2023-08-14,1,-1.04,-1.04,-1.0406739,4
2023-08-14,5,-1.02,-1.04,-1.0491736,4
2023-08-14,20,-0.98,-1.04,-1.0676084,4
2023-08-15,1,-1.03,-1.04,-1.0414362,4
2023-08-15,5,-1.02,-1.04,-1.0506964,4
2023-08-15,20,-1.01,-1.04,-1.0801615,4
2023-08-16,1,-1.0,-1.03,-1.0313491,4
2023-08-16,5,-1.07,-1.03,-1.0398378,4
2023-08-16,20,-1.01,-1.03,-1.0785241,4
2023-08-17,1,-1.05,-1.0,-1.0013956,4
2023-08-17,5,-1.07,-1.0,-1.0136617,4
2023-08-17,20,-1.0,-1.0,-1.0643474,4
2023-08-18,1,-1.02,-1.05,-1.0542784,4
2023-08-18,5,-1.08,-1.05,-1.0667111,4
2023-08-18,20,-0.99,-1.05,-1.1252941,4
2023-08-21,1,-1.02,-1.02,-1.0244042,4
2023-08-21,5,-1.11,-1.02,-1.0350741,4
2023-08-21,20,-1.02,-1.02,-1.0974125,4
2023-08-22,1,-1.07,-1.02,-1.0239922,4
2023-08-22,5,-1.1,-1.02,-1.0353009,4
2023-08-22,20,-1.05,-1.02,-1.0993679,4
2023-08-23,1,-1.07,-1.07,-1.0747445,4
2023-08-23,5,-1.08,-1.07,-1.0856438,4
2023-08-23,20,-1.07,-1.07,-1.1477573,4
2023-08-24,1,-1.08,-1.07,-1.0752487,4
2023-08-24,5,-1.08,-1.07,-1.0800202,4
2023-08-24,20,-1.0,-1.07,-1.1393858,4
2023-08-25,1,-1.11,-1.08,-1.0836085,4
2023-08-25,5,-0.99,-1.08,-1.0900233,4
2023-08-25,20,-1.01,-1.08,-1.1441941,4
2023-08-28,1,-1.1,-1.11,-1.1136535,4
2023-08-28,5,-0.99,-1.11,-1.1222864,4
2023-08-28,20,-0.92,-1.11,-1.1832957,4
2023-08-29,1,-1.08,-1.1,-1.1037688,4
2023-08-29,5,-0.97,-1.1,-1.1103389,4
2023-08-29,20,-0.9,-1.1,-1.1751955,4
2023-08-30,1,-1.08,-1.08,-1.0849259,4
2023-08-30,5,-1.0,-1.08,-1.0887953,4
2023-08-30,20,-0.87,-1.08,-1.1445675,4
2023-08-31,1,-0.99,-1.08,-1.0843782,4
2023-08-31,5,-0.97,-1.08,-1.0900699,4
2023-08-31,20,-0.85,-1.08,-1.1393263,4
2023-09-01,1,-0.99,-0.99,-0.99436194,4
2023-09-01,5,-0.99,-0.99,-1.0008651,4
2023-09-01,20,-0.84,-0.99,-1.0466717,4
2023-09-04,1,-0.97,-0.99,-0.99454546,4
2023-09-04,5,-0.98,-0.99,-1.0065985,4
2023-09-04,20,-0.84,-0.99,-1.04528,4
2023-09-05,1,-1.0,-0.97,-0.9749992,4
2023-09-05,5,-1.01,-0.97,-0.98822325,4
2023-09-05,20,-0.71,-0.97,-1.0242512,4
2023-09-06,1,-0.97,-1.0,-1.0039226,4
2023-09-06,5,-1.01,-1.0,-1.0199118,4
2023-09-06,20,-0.76,-1.0,-1.0588285,4
2023-09-07,1,-0.99,-0.97,-0.9735015,4
2023-09-07,5,-1.0,-0.97,-0.9884109,4
2023-09-07,20,-0.66,-0.97,-1.0334985,4
2023-09-08,1,-0.98,-0.99,-0.9958142,4
2023-09-08,5,-0.99,-0.99,-1.0070392,4
2023-09-08,20,-0.7,-0.99,-1.0497028,4
2023-09-11,1,-1.01,-0.98,-0.9844902,4
2023-09-11,5,-1.02,-0.98,-0.99344414,4
2023-09-11,20,-0.7,-0.98,-1.034378,4
2023-09-12,1,-1.01,-1.01,-1.0126138,4
2023-09-12,5,-1.05,-1.01,-1.019418,4
2023-09-12,20,-0.73,-1.01,-1.0505922,4
2023-09-13,1,-1.0,-1.01,-1.0101788,4
2023-09-13,5,-1.07,-1.01,-1.0091684,4
2023-09-13,20,-0.82,-1.01,-1.0200626,4
2023-09-14,1,-0.99,-1.0,-0.99988234,4
2023-09-14,5,-1.0,-1.0,-0.99567336,4
2023-09-14,20,-0.78,-1.0,-0.996126,4
2023-09-15,1,-1.02,-0.99,-0.9891067,4
2023-09-15,5,-1.01,-0.99,-0.9870862,4
2023-09-15,20,-0.88,-0.99,-0.988051,4
2023-09-18,1,-1.05,-1.02,-1.0185525,4
2023-09-18,5,-0.92,-1.02,-1.0168169,4
2023-09-18,20,-0.86,-1.02,-1.0092533,4
2023-09-19,1,-1.07,-1.05,-1.0484422,4
2023-09-19,5,-0.9,-1.05,-1.043546,4
2023-09-19,20,-0.82,-1.05,-1.0390784,4
2023-09-20,1,-1.0,-1.07,-1.0658548,4
2023-09-20,5,-0.87,-1.07,-1.0664726,4
2023-09-20,20,-0.8,-1.07,-1.0686483,4
2023-09-21,1,-1.01,-1.0,-0.9974474,4
2023-09-21,5,-0.85,-1.0,-0.99720883,4
2023-09-21,20,-0.7,-1.0,-1.0123051,4
2023-09-22,1,-0.92,-1.01,-1.0069335,4
2023-09-22,5,-0.84,-1.01,-1.0160346,4
2023-09-22,20,-0.71,-1.01,-1.0348675,4
2023-09-25,1,-0.9,-0.92,-0.9208579,4
2023-09-25,5,-0.84,-0.92,-0.92613584,4
2023-09-25,20,-0.71,-0.92,-0.9427433,4
2023-09-26,1,-0.87,-0.9,-0.9004895,4
2023-09-26,5,-0.71,-0.9,-0.9108313,4
2023-09-26,20,-0.69,-0.9,-0.9203555,4
2023-09-27,1,-0.85,-0.87,-0.87294805,4
2023-09-27,5,-0.76,-0.87,-0.88447803,4
2023-09-27,20,-0.62,-0.87,-0.89527166,4
2023-09-28,1,-0.84,-0.85,-0.8534117,4
2023-09-28,5,-0.66,-0.85,-0.86640346,4
2023-09-28,20,-0.64,-0.85,-0.88018435,4
2023-09-29,1,-0.84,-0.84,-0.8450291,4
2023-09-29,5,-0.7,-0.84,-0.855331,4
2023-09-29,20,-0.61,-0.84,-0.8664687,4
2023-10-02,1,-0.71,-0.84,-0.8452766,4
2023-10-02,5,-0.7,-0.84,-0.8554323,4
2023-10-02,20,-0.63,-0.84,-0.86960137,4
2023-10-03,1,-0.76,-0.71,-0.71272945,4
2023-10-03,5,-0.73,-0.71,-0.72599363,4
2023-10-03,20,-0.58,-0.71,-0.7482606,4
2023-10-04,1,-0.66,-0.76,-0.76354784,4
2023-10-04,5,-0.82,-0.76,-0.78054845,4
2023-10-04,20,-0.61,-0.76,-0.79219925,4
2023-10-05,1,-0.7,-0.66,-0.6652613,4
2023-10-05,5,-0.78,-0.66,-0.67674464,4
2023-10-05,20,-0.7,-0.66,-0.69111156,4
2023-10-06,1,-0.7,-0.7,-0.7073667,4
2023-10-06,5,-0.88,-0.7,-0.7164632,4
2023-10-06,20,-0.64,-0.7,-0.7171123,4
2023-10-09,1,-0.73,-0.7,-0.703567,4
2023-10-09,5,-0.86,-0.7,-0.7127005,4
2023-10-09,20,-0.64,-0.7,-0.7283976,4
2023-10-10,1,-0.82,-0.73,-0.7335417,4
2023-10-10,5,-0.82,-0.73,-0.7410099,4
2023-10-10,20,-0.68,-0.73,-0.76344067,4
2023-10-11,1,-0.78,-0.82,-0.8231473,4
2023-10-11,5,-0.8,-0.82,-0.8219754,4
2023-10-11,20,-0.76,-0.82,-0.8378615,4
2023-10-12,1,-0.88,-0.78,-0.78048766,4
2023-10-12,5,-0.7,-0.78,-0.7766774,4
2023-10-12,20,-0.72,-0.78,-0.80539286,4
2023-10-13,1,-0.86,-0.88,-0.8795594,4
2023-10-13,5,-0.71,-0.88,-0.88449866,4
2023-10-13,20,-0.73,-0.88,-0.91868246,4
2023-10-16,1,-0.82,-0.86,-0.8595739,4
2023-10-16,5,-0.71,-0.86,-0.86167634,4
2023-10-16,20,-0.73,-0.86,-0.9076123,4
2023-10-17,1,-0.8,-0.82,-0.8186747,4
2023-10-17,5,-0.69,-0.82,-0.8221889,4
2023-10-17,20,-0.72,-0.82,-0.8680515,4
2023-10-18,1,-0.7,-0.8,-0.7986866,4
2023-10-18,5,-0.62,-0.8,-0.80453753,4
2023-10-18,20,-0.76,-0.8,-0.83430517,4
2023-10-19,1,-0.71,-0.7,-0.69953454,4
2023-10-19,5,-0.64,-0.7,-0.7079559,4
2023-10-19,20,-0.76,-0.7,-0.73507625,4
2023-10-20,1,-0.71,-0.71,-0.71185863,4
2023-10-20,5,-0.61,-0.71,-0.7221559,4
2023-10-20,20,-0.79,-0.71,-0.73422134,4
2023-10-23,1,-0.69,-0.71,-0.714251,4
2023-10-23,5,-0.63,-0.71,-0.72114843,4
2023-10-23,20,-0.76,-0.71,-0.73042244,4
2023-10-24,1,-0.62,-0.69,-0.69544,4
2023-10-24,5,-0.58,-0.69,-0.69885457,4
2023-10-24,20,-0.74,-0.69,-0.7069598,4
2023-10-25,1,-0.64,-0.62,-0.6254402,4
2023-10-25,5,-0.61,-0.62,-0.6288633,4
2023-10-25,20,-0.75,-0.62,-0.63207215,4
2023-10-26,1,-0.61,-0.64,-0.64305836,4
2023-10-26,5,-0.7,-0.64,-0.6532838,4
2023-10-26,20,-0.72,-0.64,-0.6527823,4
2023-10-27,1,-0.63,-0.61,-0.61580783,4
2023-10-27,5,-0.64,-0.61,-0.623179,4
2023-10-27,20,-0.73,-0.61,-0.6312785,4
2023-10-30,1,-0.58,-0.63,-0.6359704,4
2023-10-30,5,-0.64,-0.63,-0.6420818,4
2023-10-30,20,-0.76,-0.63,-0.64438254,4
2023-10-31,1,-0.61,-0.58,-0.58246726,4
2023-10-31,5,-0.68,-0.58,-0.5862668,4
2023-10-31,20,-0.71,-0.58,-0.5899956,4
2023-11-01,1,-0.7,-0.61,-0.61372435,4
2023-11-01,5,-0.76,-0.61,-0.61848027,4
2023-11-01,20,-0.66,-0.61,-0.61593485,4
2023-11-02,1,-0.64,-0.7,-0.70380676,4
2023-11-02,5,-0.72,-0.7,-0.7024327,4
2023-11-02,20,-0.64,-0.7,-0.69832104,4
2023-11-03,1,-0.64,-0.64,-0.64090127,4
2023-11-03,5,-0.73,-0.64,-0.6341443,4
2023-11-03,20,-0.64,-0.64,-0.6498404,4
2023-11-06,1,-0.68,-0.64,-0.64175266,4
2023-11-06,5,-0.73,-0.64,-0.6323266,4
2023-11-06,20,-0.66,-0.64,-0.6231304,4
2023-11-07,1,-0.76,-0.68,-0.67818457,4
2023-11-07,5,-0.72,-0.68,-0.67371243,4
2023-11-07,20,-0.73,-0.68,-0.6661924,4
2023-11-08,1,-0.72,-0.76,-0.7607655,4
2023-11-08,5,-0.76,-0.76,-0.7580334,4
2023-11-08,20,-0.77,-0.76,-0.76344085,4
2023-11-09,1,-0.73,-0.72,-0.71896124,4
2023-11-09,5,-0.76,-0.72,-0.70923734,4
2023-11-09,20,-0.75,-0.72,-0.7138454,4
2023-11-10,1,-0.73,-0.73,-0.7267245,4
2023-11-10,5,-0.79,-0.73,-0.7235132,4
2023-11-10,20,-0.78,-0.73,-0.72668654,4
2023-11-13,1,-0.72,-0.73,-0.7284719,4
2023-11-13,5,-0.76,-0.73,-0.7241272,4
2023-11-13,20,-0.78,-0.73,-0.72596294,4
2023-11-14,1,-0.76,-0.72,-0.71863556,4
2023-11-14,5,-0.74,-0.72,-0.7151048,4
2023-11-14,20,-0.82,-0.72,-0.7179123,4
2023-11-15,1,-0.76,-0.76,-0.76171154,4
2023-11-15,5,-0.75,-0.76,-0.7532284,4
2023-11-15,20,-0.73,-0.76,-0.7440815,4
2023-11-16,1,-0.79,-0.76,-0.75727755,4
2023-11-16,5,-0.72,-0.76,-0.7507121,4
2023-11-16,20,-0.77,-0.76,-0.7502096,4
2023-11-17,1,-0.76,-0.79,-0.7901158,4
2023-11-17,5,-0.73,-0.79,-0.78542143,4
2023-11-17,20,-0.83,-0.79,-0.78591776,4
2023-11-20,1,-0.74,-0.76,-0.7584247,4
2023-11-20,5,-0.76,-0.76,-0.7531094,4
2023-11-20,20,-0.82,-0.76,-0.7583346,4
2023-11-21,1,-0.75,-0.74,-0.73983645,4
2023-11-21,5,-0.71,-0.74,-0.73685575,4
2023-11-21,20,-0.86,-0.74,-0.73808134,4
2023-11-22,1,-0.72,-0.75,-0.7524587,4
2023-11-22,5,-0.66,-0.75,-0.75190437,4
2023-11-22,20,-0.85,-0.75,-0.7577269,4
2023-11-23,1,-0.73,-0.72,-0.7200333,4
2023-11-23,5,-0.64,-0.72,-0.7142094,4
2023-11-23,20,-0.83,-0.72,-0.7192715,4
2023-11-24,1,-0.76,-0.73,-0.7296208,4
2023-11-24,5,-0.64,-0.73,-0.7225184,4
2023-11-24,20,-0.78,-0.73,-0.7156465,4
2023-11-27,1,-0.71,-0.76,-0.75753856,4
2023-11-27,5,-0.66,-0.76,-0.7487157,4
2023-11-27,20,-0.78,-0.76,-0.7411533,4
2023-11-28,1,-0.66,-0.71,-0.70870566,4
2023-11-28,5,-0.73,-0.71,-0.69714373,4
2023-11-28,20,-0.78,-0.71,-0.6864466,4
2023-11-29,1,-0.64,-0.66,-0.6600256,4
2023-11-29,5,-0.77,-0.66,-0.65041643,4
2023-11-29,20,-0.85,-0.66,-0.62908554,4
2023-11-30,1,-0.64,-0.64,-0.6416096,4
2023-11-30,5,-0.75,-0.64,-0.6351719,4
2023-11-30,20,-0.81,-0.64,-0.6072922,4
2023-12-01,1,-0.66,-0.64,-0.63841236,4
2023-12-01,5,-0.78,-0.64,-0.63428545,4
2023-12-01,20,-0.78,-0.64,-0.6046235,4
2023-12-04,1,-0.73,-0.66,-0.6615059,4
2023-12-04,5,-0.78,-0.66,-0.65437824,4
2023-12-04,20,-0.78,-0.66,-0.627893,4
2023-12-05,1,-0.77,-0.73,-0.72813183,4
2023-12-05,5,-0.82,-0.73,-0.72161263,4
2023-12-05,20,-0.78,-0.73,-0.6979379,4
2023-12-06,1,-0.75,-0.77,-0.7685972,4
2023-12-06,5,-0.73,-0.77,-0.7567262,4
2023-12-06,20,-0.82,-0.77,-0.7424256,4
2023-12-07,1,-0.78,-0.75,-0.74764675,4
2023-12-07,5,-0.77,-0.75,-0.7323041,4
2023-12-07,20,-0.81,-0.75,-0.7197385,4
2023-12-08,1,-0.78,-0.78,-0.777407,4
2023-12-08,5,-0.83,-0.78,-0.7659044,4
2023-12-08,20,-0.8,-0.78,-0.75133294,4
2023-12-11,1,-0.82,-0.78,-0.77552605,4
2023-12-11,5,-0.82,-0.78,-0.7671323,4
2023-12-11,20,-0.81,-0.78,-0.76358986,4
2023-12-12,1,-0.73,-0.82,-0.8168386,4
2023-12-12,5,-0.86,-0.82,-0.80875796,4
2023-12-12,20,-0.79,-0.82,-0.8054699,4
2023-12-13,1,-0.77,-0.73,-0.7277059,4
2023-12-13,5,-0.85,-0.73,-0.7195846,4
2023-12-13,20,-0.77,-0.73,-0.72309405,4
2023-12-14,1,-0.83,-0.77,-0.7726579,4
2023-12-14,5,-0.83,-0.77,-0.76644164,4
2023-12-14,20,-0.74,-0.77,-0.7543395,4
2023-12-15,1,-0.82,-0.83,-0.8294832,4
2023-12-15,5,-0.78,-0.83,-0.815431,4
2023-12-15,20,-0.57,-0.83,-0.79841894,4
2023-12-18,1,-0.86,-0.82,-0.8167959,4
2023-12-18,5,-0.78,-0.82,-0.8013132,4
2023-12-18,20,-0.57,-0.82,-0.79008657,4
2023-12-19,1,-0.85,-0.86,-0.8561604,4
2023-12-19,5,-0.78,-0.86,-0.8452851,4
2023-12-19,20,-0.55,-0.86,-0.83333737,4
2023-12-20,1,-0.83,-0.85,-0.84631354,4
2023-12-20,5,-0.85,-0.85,-0.83486193,4
2023-12-20,20,-0.6,-0.85,-0.83085686,4
2023-12-21,1,-0.78,-0.83,-0.82823724,4
2023-12-21,5,-0.81,-0.83,-0.81683373,4
2023-12-21,20,-0.56,-0.83,-0.8051984,4
2023-12-22,1,-0.78,-0.78,-0.7775995,4
2023-12-22,5,-0.78,-0.78,-0.76949203,4
2023-12-22,20,-0.59,-0.78,-0.7549031,4
2023-12-25,1,-0.78,-0.78,-0.7786699,4
2023-12-25,5,-0.78,-0.78,-0.7726294,4
2023-12-25,20,-0.62,-0.78,-0.749321,4
2023-12-26,1,-0.85,-0.78,-0.77873635,4
2023-12-26,5,-0.78,-0.78,-0.77285564,4
2023-12-26,20,-0.59,-0.78,-0.7488705,4
2023-12-27,1,-0.81,-0.85,-0.8493726,4
2023-12-27,5,-0.82,-0.85,-0.844698,4
2023-12-27,20,-0.53,-0.85,-0.82418144,4
2023-12-28,1,-0.78,-0.81,-0.8090974,4
2023-12-28,5,-0.81,-0.81,-0.79885644,4
2023-12-28,20,-0.53,-0.81,-0.7902052,4
2023-12-29,1,-0.78,-0.78,-0.7783262,4
2023-12-29,5,-0.8,-0.78,-0.7715435,4
2023-12-29,20,-0.54,-0.78,-0.75496393,4
2024-01-01,1,-0.78,-0.78,-0.7792414,4
2024-01-01,5,-0.81,-0.78,-0.77832377,4
2024-01-01,20,-0.57,-0.78,-0.7670738,4
2024-01-02,1,-0.82,-0.78,-0.7791329,4
2024-01-02,5,-0.79,-0.78,-0.77458787,4
2024-01-02,20,-0.63,-0.78,-0.7549895,4
2024-01-03,1,-0.81,-0.82,-0.81819224,4
2024-01-03,5,-0.77,-0.82,-0.81753993,4
2024-01-03,20,-0.65,-0.82,-0.8007433,4
2024-01-04,1,-0.8,-0.81,-0.80958706,4
2024-01-04,5,-0.74,-0.81,-0.8052405,4
2024-01-04,20,-0.68,-0.81,-0.7971438,4
2024-01-05,1,-0.81,-0.8,-0.7981819,4
2024-01-05,5,-0.57,-0.8,-0.7965402,4
2024-01-05,20,-0.68,-0.8,-0.79319185,4
2024-01-08,1,-0.79,-0.81,-0.80800563,4
2024-01-08,5,-0.57,-0.81,-0.8072344,4
2024-01-08,20,-0.65,-0.81,-0.804047,4
2024-01-09,1,-0.77,-0.79,-0.7902767,4
2024-01-09,5,-0.55,-0.79,-0.78773856,4
2024-01-09,20,-0.65,-0.79,-0.785944,4
2024-01-10,1,-0.74,-0.77,-0.7706418,4
2024-01-10,5,-0.6,-0.77,-0.76895666,4
2024-01-10,20,-0.65,-0.77,-0.76313,4
2024-01-11,1,-0.57,-0.74,-0.74101806,4
2024-01-11,5,-0.56,-0.74,-0.74131244,4
2024-01-11,20,-0.63,-0.74,-0.73704565,4
2024-01-12,1,-0.57,-0.57,-0.5740258,4
2024-01-12,5,-0.59,-0.57,-0.57582575,4
2024-01-12,20,-0.66,-0.57,-0.571522,4
2024-01-15,1,-0.55,-0.57,-0.5757745,4
2024-01-15,5,-0.62,-0.57,-0.5802239,4
2024-01-15,20,-0.67,-0.57,-0.5575525,4
2024-01-16,1,-0.6,-0.55,-0.5536234,4
2024-01-16,5,-0.59,-0.55,-0.5566468,4
2024-01-16,20,-0.7,-0.55,-0.5337353,4
2024-01-17,1,-0.56,-0.6,-0.6006979,4
2024-01-17,5,-0.53,-0.6,-0.6080805,4
2024-01-17,20,-0.7,-0.6,-0.58802015,4
2024-01-18,1,-0.59,-0.56,-0.5607147,4
2024-01-18,5,-0.53,-0.56,-0.57032096,4
2024-01-18,20,-0.7,-0.56,-0.5771932,4
2024-01-19,1,-0.62,-0.59,-0.5918106,4
2024-01-19,5,-0.54,-0.59,-0.6012065,4
2024-01-19,20,-0.71,-0.59,-0.6128892,4
2024-01-22,1,-0.59,-0.62,-0.622003,4
2024-01-22,5,-0.57,-0.62,-0.6306326,4
2024-01-22,20,-0.71,-0.62,-0.66032636,4
2024-01-23,1,-0.53,-0.59,-0.59229046,4
2024-01-23,5,-0.63,-0.59,-0.59708357,4
2024-01-23,20,-0.66,-0.59,-0.6347055,4
2024-01-24,1,-0.53,-0.53,-0.5330389,4
2024-01-24,5,-0.65,-0.53,-0.5398887,4
2024-01-24,20,-0.64,-0.53,-0.5779977,4
2024-01-25,1,-0.54,-0.53,-0.53399456,4
2024-01-25,5,-0.68,-0.53,-0.5433836,4
2024-01-25,20,-0.69,-0.53,-0.5710538,4
2024-01-26,1,-0.57,-0.54,-0.54544604,4
2024-01-26,5,-0.68,-0.54,-0.5541606,4
2024-01-26,20,-0.71,-0.54,-0.58010525,4
2024-01-29,1,-0.63,-0.57,-0.57403934,4
2024-01-29,5,-0.65,-0.57,-0.5815655,4
2024-01-29,20,-0.71,-0.57,-0.60986614,4
2024-01-30,1,-0.65,-0.63,-0.6336442,4
2024-01-30,5,-0.65,-0.63,-0.63699937,4
2024-01-30,20,-0.68,-0.63,-0.6669575,4
2024-01-31,1,-0.68,-0.65,-0.6503462,4
2024-01-31,5,-0.65,-0.65,-0.64919204,4
2024-01-31,20,-0.67,-0.65,-0.6778306,4
2024-02-01,1,-0.68,-0.68,-0.6798909,4
2024-02-01,5,-0.63,-0.68,-0.6740585,4
2024-02-01,20,-0.7,-0.68,-0.69548076,4
2024-02-02,1,-0.65,-0.68,-0.6801773,4
2024-02-02,5,-0.66,-0.68,-0.6715667,4
2024-02-02,20,-0.67,-0.68,-0.6853554,4
2024-02-05,1,-0.65,-0.65,-0.647325,4
2024-02-05,5,-0.67,-0.65,-0.6503928,4
2024-02-05,20,-0.68,-0.65,-0.6741632,4
2024-02-06,1,-0.65,-0.65,-0.64761806,4
2024-02-06,5,-0.7,-0.65,-0.659216,4
2024-02-06,20,-0.68,-0.65,-0.69389695,4
2024-02-07,1,-0.63,-0.65,-0.6523855,4
2024-02-07,5,-0.7,-0.65,-0.6594896,4
2024-02-07,20,-0.73,-0.65,-0.69211,4
2024-02-08,1,-0.66,-0.63,-0.6323719,4
2024-02-08,5,-0.7,-0.63,-0.6387492,4
2024-02-08,20,-0.73,-0.63,-0.6730655,4
2024-02-09,1,-0.67,-0.66,-0.66235864,4
2024-02-09,5,-0.71,-0.66,-0.67238814,4
2024-02-09,20,-0.7,-0.66,-0.71377707,4
2024-02-12,1,-0.7,-0.67,-0.67322,4
2024-02-12,5,-0.71,-0.67,-0.6844194,4
2024-02-12,20,-0.72,-0.67,-0.7457797,4
2024-02-13,1,-0.7,-0.7,-0.70312685,4
2024-02-13,5,-0.66,-0.7,-0.7121293,4
2024-02-13,20,-0.72,-0.7,-0.77201927,4
2024-02-14,1,-0.7,-0.7,-0.7001322,4
2024-02-14,5,-0.64,-0.7,-0.71253824,4
2024-02-14,20,-0.72,-0.7,-0.7668069,4
2024-02-15,1,-0.71,-0.7,-0.70161635,4
2024-02-15,5,-0.69,-0.7,-0.70771277,4
2024-02-15,20,-0.7,-0.7,-0.7485788,4
2024-02-16,1,-0.71,-0.71,-0.71256876,4
2024-02-16,5,-0.71,-0.71,-0.7168348,4
2024-02-16,20,-0.71,-0.71,-0.75971127,4
2024-02-19,1,-0.66,-0.71,-0.7111885,4
2024-02-19,5,-0.71,-0.71,-0.71805245,4
2024-02-19,20,-0.69,-0.71,-0.7643472,4
2024-02-20,1,-0.64,-0.66,-0.662159,4
2024-02-20,5,-0.68,-0.66,-0.6689642,4
2024-02-20,20,-0.66,-0.66,-0.7170186,4
2024-02-21,1,-0.69,-0.64,-0.6458535,4
2024-02-21,5,-0.67,-0.64,-0.65459764,4
2024-02-21,20,-0.64,-0.64,-0.6922583,4
2024-02-22,1,-0.71,-0.69,-0.6949424,4
2024-02-22,5,-0.7,-0.69,-0.70333546,4
2024-02-22,20,-0.64,-0.69,-0.74090236,4
2024-02-23,1,-0.71,-0.71,-0.71292,4
2024-02-23,5,-0.67,-0.71,-0.71984786,4
2024-02-23,20,-0.66,-0.71,-0.76896,4
2024-02-26,1,-0.68,-0.71,-0.71309304,4
2024-02-26,5,-0.68,-0.71,-0.7154191,4
2024-02-26,20,-0.65,-0.71,-0.7657651,4
2024-02-27,1,-0.67,-0.68,-0.682765,4
2024-02-27,5,-0.68,-0.68,-0.68762076,4
2024-02-27,20,-0.67,-0.68,-0.7395752,4
2024-02-28,1,-0.7,-0.67,-0.67265797,4
2024-02-28,5,-0.73,-0.67,-0.6789268,4
2024-02-28,20,-0.69,-0.67,-0.719962,4
2024-02-29,1,-0.67,-0.7,-0.7047731,4
2024-02-29,5,-0.73,-0.7,-0.71206254,4
2024-02-29,20,-0.72,-0.7,-0.7508571,4
2024-03-01,1,-0.68,-0.67,-0.6738036,4
2024-03-01,5,-0.7,-0.67,-0.6802733,4
2024-03-01,20,-0.72,-0.67,-0.7227068,4
2024-03-04,1,-0.68,-0.68,-0.6833735,4
2024-03-04,5,-0.72,-0.68,-0.68310046,4
2024-03-04,20,-0.68,-0.68,-0.692758,4
2024-03-05,1,-0.73,-0.68,-0.6803017,4
2024-03-05,5,-0.72,-0.68,-0.6784999,4
2024-03-05,20,-0.63,-0.68,-0.6787898,4
2024-03-06,1,-0.73,-0.73,-0.7325209,4
2024-03-06,5,-0.72,-0.73,-0.73044443,4
2024-03-06,20,-0.63,-0.73,-0.73388815,4
2024-03-07,1,-0.7,-0.73,-0.72989714,4
2024-03-07,5,-0.7,-0.73,-0.7256412,4
2024-03-07,20,-0.65,-0.73,-0.7388497,4
2024-03-08,1,-0.72,-0.7,-0.6989622,4
2024-03-08,5,-0.71,-0.7,-0.6925728,4
2024-03-08,20,-0.63,-0.7,-0.6999541,4
2024-03-11,1,-0.72,-0.72,-0.71902627,4
2024-03-11,5,-0.69,-0.72,-0.7128441,4
2024-03-11,20,-0.62,-0.72,-0.70451134,4
2024-03-12,1,-0.72,-0.72,-0.7182327,4
2024-03-12,5,-0.66,-0.72,-0.71217847,4
2024-03-12,20,-0.65,-0.72,-0.70407194,4
2024-03-13,1,-0.7,-0.72,-0.71671784,4
2024-03-13,5,-0.64,-0.72,-0.7099817,4
2024-03-13,20,-0.66,-0.72,-0.6950345,4
2024-03-14,1,-0.71,-0.7,-0.69707614,4
2024-03-14,5,-0.64,-0.7,-0.69101393,4
2024-03-14,20,-0.52,-0.7,-0.67860174,4
2024-03-15,1,-0.69,-0.71,-0.7067037,4
2024-03-15,5,-0.66,-0.71,-0.7077884,4
2024-03-15,20,-0.53,-0.71,-0.70001894,4
2024-03-18,1,-0.66,-0.69,-0.688287,4
2024-03-18,5,-0.65,-0.69,-0.6886746,4
2024-03-18,20,-0.49,-0.69,-0.68384707,4
2024-03-19,1,-0.64,-0.66,-0.6594378,4
2024-03-19,5,-0.67,-0.66,-0.6609262,4
2024-03-19,20,-0.48,-0.66,-0.65597266,4
2024-03-20,1,-0.64,-0.64,-0.64375496,4
2024-03-20,5,-0.69,-0.64,-0.648756,4
2024-03-20,20,-0.5,-0.64,-0.65276885,4
2024-03-21,1,-0.66,-0.64,-0.64381003,4
2024-03-21,5,-0.72,-0.64,-0.64593965,4
2024-03-21,20,-0.49,-0.64,-0.6412414,4
2024-03-22,1,-0.65,-0.66,-0.6615365,4
2024-03-22,5,-0.72,-0.66,-0.65940565,4
2024-03-22,20,-0.51,-0.66,-0.64572734,4
2024-03-25,1,-0.67,-0.65,-0.65188146,4
2024-03-25,5,-0.68,-0.65,-0.64921117,4
2024-03-25,20,-0.5,-0.65,-0.64009374,4
2024-03-26,1,-0.69,-0.67,-0.67033535,4
2024-03-26,5,-0.63,-0.67,-0.6673777,4
2024-03-26,20,-0.5,-0.67,-0.6561024,4
2024-03-27,1,-0.72,-0.69,-0.68983066,4
2024-03-27,5,-0.63,-0.69,-0.6853906,4
2024-03-27,20,-0.48,-0.69,-0.6801379,4
2024-03-28,1,-0.72,-0.72,-0.7199893,4
2024-03-28,5,-0.65,-0.72,-0.7140055,4
2024-03-28,20,-0.49,-0.72,-0.7119387,4
2024-03-29,1,-0.68,-0.72,-0.71828955,4
2024-03-29,5,-0.63,-0.72,-0.7100276,4
2024-03-29,20,-0.51,-0.72,-0.7111753,4
2024-04-01,1,-0.63,-0.68,-0.6789321,4
2024-04-01,5,-0.62,-0.68,-0.67424923,4
2024-04-01,20,-0.54,-0.68,-0.68344307,4
2024-04-02,1,-0.63,-0.63,-0.6272208,4
2024-04-02,5,-0.65,-0.63,-0.6301398,4
2024-04-02,20,-0.52,-0.63,-0.6354734,4
2024-04-03,1,-0.65,-0.63,-0.6304036,4
2024-04-03,5,-0.66,-0.63,-0.636826,4
2024-04-03,20,-0.54,-0.63,-0.64160615,4
2024-04-04,1,-0.63,-0.65,-0.650843,4
2024-04-04,5,-0.52,-0.65,-0.65422153,4
2024-04-04,20,-0.52,-0.65,-0.65231436,4
2024-04-05,1,-0.62,-0.63,-0.63179207,4
2024-04-05,5,-0.53,-0.63,-0.6326757,4
2024-04-05,20,-0.51,-0.63,-0.6377796,4
2024-04-08,1,-0.65,-0.62,-0.6214345,4
2024-04-08,5,-0.49,-0.62,-0.6302188,4
2024-04-08,20,-0.54,-0.62,-0.6474834,4
2024-04-09,1,-0.66,-0.65,-0.6509585,4
2024-04-09,5,-0.48,-0.65,-0.656968,4
2024-04-09,20,-0.58,-0.65,-0.6637894,4
2024-04-10,1,-0.52,-0.66,-0.66127527,4
2024-04-10,5,-0.5,-0.66,-0.6605365,4
2024-04-10,20,-0.56,-0.66,-0.6635081,4
2024-04-11,1,-0.53,-0.52,-0.51789576,4
2024-04-11,5,-0.49,-0.52,-0.5281075,4
2024-04-11,20,-0.58,-0.52,-0.5481256,4
2024-04-12,1,-0.49,-0.53,-0.5330819,4
2024-04-12,5,-0.51,-0.53,-0.5425565,4
2024-04-12,20,-0.6,-0.53,-0.5441425,4
2024-04-15,1,-0.48,-0.49,-0.49454126,4
2024-04-15,5,-0.5,-0.49,-0.501963,4
2024-04-15,20,-0.61,-0.49,-0.50060827,4
2024-04-16,1,-0.5,-0.48,-0.48164982,4
2024-04-16,5,-0.5,-0.48,-0.49346322,4
2024-04-16,20,-0.59,-0.48,-0.49510473,4
2024-04-17,1,-0.49,-0.5,-0.5026882,4
2024-04-17,5,-0.48,-0.5,-0.5157203,4
2024-04-17,20,-0.61,-0.5,-0.52883434,4
2024-04-18,1,-0.51,-0.49,-0.49510086,4
2024-04-18,5,-0.49,-0.49,-0.503524,4
2024-04-18,20,-0.63,-0.49,-0.52694577,4
2024-04-19,1,-0.5,-0.51,-0.5137004,4
2024-04-19,5,-0.51,-0.51,-0.52290213,4
2024-04-19,20,-0.61,-0.51,-0.55318123,4
2024-04-22,1,-0.5,-0.5,-0.50311106,4
2024-04-22,5,-0.54,-0.5,-0.5093904,4
2024-04-22,20,-0.61,-0.5,-0.53999203,4
2024-04-23,1,-0.48,-0.5,-0.5030459,4
2024-04-23,5,-0.52,-0.5,-0.5083045,4
2024-04-23,20,-0.59,-0.5,-0.53770113,4
2024-04-24,1,-0.49,-0.48,-0.48259002,4
2024-04-24,5,-0.54,-0.48,-0.48656446,4
2024-04-24,20,-0.6,-0.48,-0.5116805,4
2024-04-25,1,-0.51,-0.49,-0.49235398,4
2024-04-25,5,-0.52,-0.49,-0.4995688,4
2024-04-25,20,-0.59,-0.49,-0.5224965,4
2024-04-26,1,-0.54,-0.51,-0.51120234,4
2024-04-26,5,-0.51,-0.51,-0.51941293,4
2024-04-26,20,-0.64,-0.51,-0.54443544,4
2024-04-29,1,-0.52,-0.54,-0.5418209,4
2024-04-29,5,-0.54,-0.54,-0.5469313,4
2024-04-29,20,-0.64,-0.54,-0.57582295,4
2024-04-30,1,-0.54,-0.52,-0.52124965,4
2024-04-30,5,-0.58,-0.52,-0.5225763,4
2024-04-30,20,-0.59,-0.52,-0.5503899,4
2024-05-01,1,-0.52,-0.54,-0.5420699,4
2024-05-01,5,-0.56,-0.54,-0.5501946,4
2024-05-01,20,-0.56,-0.54,-0.59012645,4
2024-05-02,1,-0.51,-0.52,-0.5236081,4
2024-05-02,5,-0.58,-0.52,-0.5300051,4
2024-05-02,20,-0.56,-0.52,-0.5742166,4
2024-05-03,1,-0.54,-0.51,-0.5142984,4
2024-05-03,5,-0.6,-0.51,-0.51813716,4
2024-05-03,20,-0.55,-0.51,-0.5545099,4
2024-05-06,1,-0.58,-0.54,-0.54382724,4
2024-05-06,5,-0.61,-0.54,-0.5438935,4
2024-05-06,20,-0.59,-0.54,-0.55813867,4
2024-05-07,1,-0.56,-0.58,-0.58150387,4
2024-05-07,5,-0.59,-0.58,-0.5816861,4
2024-05-07,20,-0.61,-0.58,-0.59858894,4
2024-05-08,1,-0.58,-0.56,-0.5602416,4
2024-05-08,5,-0.61,-0.56,-0.56016666,4
2024-05-08,20,-0.55,-0.56,-0.58265424,4
2024-05-09,1,-0.6,-0.58,-0.57886297,4
2024-05-09,5,-0.63,-0.58,-0.5737203,4
2024-05-09,20,-0.54,-0.58,-0.5700301,4
2024-05-10,1,-0.61,-0.6,-0.5994263,4
2024-05-10,5,-0.61,-0.6,-0.595473,4
2024-05-10,20,-0.53,-0.6,-0.60442036,4
2024-05-13,1,-0.59,-0.61,-0.60739833,4
2024-05-13,5,-0.61,-0.61,-0.60347474,4
2024-05-13,20,-0.49,-0.61,-0.6128814,4
2024-05-14,1,-0.61,-0.59,-0.58817035,4
2024-05-14,5,-0.59,-0.59,-0.58264685,4
2024-05-14,20,-0.5,-0.59,-0.5883014,4
2024-05-15,1,-0.63,-0.61,-0.60900337,4
2024-05-15,5,-0.6,-0.61,-0.60158926,4
2024-05-15,20,-0.52,-0.61,-0.59294975,4
2024-05-16,1,-0.61,-0.63,-0.62961215,4
2024-05-16,5,-0.59,-0.63,-0.61971736,4
2024-05-16,20,-0.54,-0.63,-0.60996616,4
2024-05-17,1,-0.61,-0.61,-0.60791355,4
2024-05-17,5,-0.64,-0.61,-0.5994127,4
2024-05-17,20,-0.55,-0.61,-0.5926096,4
2024-05-20,1,-0.59,-0.61,-0.6077145,4
2024-05-20,5,-0.64,-0.61,-0.60235316,4
2024-05-20,20,-0.56,-0.61,-0.5936326,4
2024-05-21,1,-0.6,-0.59,-0.58825237,4
2024-05-21,5,-0.59,-0.59,-0.58517164,4
2024-05-21,20,-0.56,-0.59,-0.58045375,4
2024-05-22,1,-0.59,-0.6,-0.6017227,4
2024-05-22,5,-0.56,-0.6,-0.6014745,4
2024-05-22,20,-0.56,-0.6,-0.59897995,4
2024-05-23,1,-0.64,-0.59,-0.5900447,4
2024-05-23,5,-0.56,-0.59,-0.5874624,4
2024-05-23,20,-0.56,-0.59,-0.58333325,4
2024-05-24,1,-0.64,-0.64,-0.63916427,4
2024-05-24,5,-0.55,-0.64,-0.6367094,4
2024-05-24,20,-0.56,-0.64,-0.62836564,4
2024-05-27,1,-0.59,-0.64,-0.6383406,4
2024-05-27,5,-0.59,-0.64,-0.6317154,4
2024-05-27,20,-0.57,-0.64,-0.6326411,4
2024-05-28,1,-0.56,-0.59,-0.5880292,4
2024-05-28,5,-0.61,-0.59,-0.57990646,4
2024-05-28,20,-0.6,-0.59,-0.5779445,4
2024-05-29,1,-0.56,-0.56,-0.55769545,4
2024-05-29,5,-0.55,-0.56,-0.5543903,4
2024-05-29,20,-0.57,-0.56,-0.5431926,4
2024-05-30,1,-0.55,-0.56,-0.5584112,4
2024-05-30,5,-0.54,-0.56,-0.5605707,4
2024-05-30,20,-0.55,-0.56,-0.54890907,4
2024-05-31,1,-0.59,-0.55,-0.5517574,4
2024-05-31,5,-0.53,-0.55,-0.55188936,4
2024-05-31,20,-0.49,-0.55,-0.5438868,4
2024-06-03,1,-0.61,-0.59,-0.59263647,4
2024-06-03,5,-0.49,-0.59,-0.59203196,4
2024-06-03,20,-0.49,-0.59,-0.5869052,4
2024-06-04,1,-0.55,-0.61,-0.6115863,4
2024-06-04,5,-0.5,-0.61,-0.60471123,4
2024-06-04,20,-0.44,-0.61,-0.59634596,4
2024-06-05,1,-0.54,-0.55,-0.5506369,4
2024-06-05,5,-0.52,-0.55,-0.5408143,4
2024-06-05,20,-0.46,-0.55,-0.5263989,4
2024-06-06,1,-0.53,-0.54,-0.5415983,4
2024-06-06,5,-0.54,-0.54,-0.5357978,4
2024-06-06,20,-0.44,-0.54,-0.5133773,4
2024-06-07,1,-0.49,-0.53,-0.53577363,4
2024-06-07,5,-0.55,-0.53,-0.5313292,4
2024-06-07,20,-0.44,-0.53,-0.5269757,4
2024-06-10,1,-0.5,-0.49,-0.4902156,4
2024-06-10,5,-0.56,-0.49,-0.49042565,4
2024-06-10,20,-0.46,-0.49,-0.4861127,4
2024-06-11,1,-0.52,-0.5,-0.5010373,4
2024-06-11,5,-0.56,-0.5,-0.50354546,4
2024-06-11,20,-0.44,-0.5,-0.4950065,4
2024-06-12,1,-0.54,-0.52,-0.522696,4
2024-06-12,5,-0.56,-0.52,-0.5211106,4
2024-06-12,20,-0.45,-0.52,-0.51434356,4
2024-06-13,1,-0.55,-0.54,-0.54159564,4
2024-06-13,5,-0.56,-0.54,-0.53407705,4
2024-06-13,20,-0.42,-0.54,-0.5269803,4
2024-06-14,1,-0.56,-0.55,-0.5508209,4
2024-06-14,5,-0.56,-0.55,-0.5416201,4
2024-06-14,20,-0.42,-0.55,-0.53221023,4
2024-06-17,1,-0.56,-0.56,-0.55989987,4
2024-06-17,5,-0.57,-0.56,-0.54970366,4
2024-06-17,20,-0.39,-0.56,-0.53882974,4
2024-06-18,1,-0.56,-0.56,-0.5574215,4
2024-06-18,5,-0.6,-0.56,-0.5504759,4
2024-06-18,20,-0.42,-0.56,-0.5447801,4
2024-06-19,1,-0.56,-0.56,-0.5594227,4
2024-06-19,5,-0.57,-0.56,-0.552009,4
2024-06-19,20,-0.45,-0.56,-0.5472144,4
2024-06-20,1,-0.56,-0.56,-0.5585602,4
2024-06-20,5,-0.55,-0.56,-0.5505901,4
2024-06-20,20,-0.33,-0.56,-0.5405533,4
2024-06-21,1,-0.57,-0.56,-0.5577305,4
2024-06-21,5,-0.49,-0.56,-0.55075026,4
2024-06-21,20,-0.33,-0.56,-0.53938323,4
2024-06-24,1,-0.6,-0.57,-0.56813633,4
2024-06-24,5,-0.49,-0.57,-0.5610994,4
2024-06-24,20,-0.33,-0.57,-0.54720134,4
2024-06-25,1,-0.57,-0.6,-0.597835,4
2024-06-25,5,-0.44,-0.6,-0.5894596,4
2024-06-25,20,-0.31,-0.6,-0.57616645,4
2024-06-26,1,-0.55,-0.57,-0.56664914,4
2024-06-26,5,-0.46,-0.57,-0.55721325,4
2024-06-26,20,-0.24,-0.57,-0.5472127,4
2024-06-27,1,-0.49,-0.55,-0.5464979,4
2024-06-27,5,-0.44,-0.55,-0.54461426,4
2024-06-27,20,-0.26,-0.55,-0.5374601,4
2024-06-28,1,-0.49,-0.49,-0.48974234,4
2024-06-28,5,-0.44,-0.49,-0.4880765,4
2024-06-28,20,-0.28,-0.49,-0.47954565,4
2024-07-01,1,-0.44,-0.49,-0.48980853,4
2024-07-01,5,-0.46,-0.49,-0.49300018,4
2024-07-01,20,-0.29,-0.49,-0.48027164,4
2024-07-02,1,-0.46,-0.44,-0.43794903,4
2024-07-02,5,-0.44,-0.44,-0.44575873,4
2024-07-02,20,-0.27,-0.44,-0.44116062,4
2024-07-03,1,-0.44,-0.46,-0.4628486,4
2024-07-03,5,-0.45,-0.46,-0.46855864,4
2024-07-03,20,-0.28,-0.46,-0.45691487,4
2024-07-04,1,-0.44,-0.44,-0.44290987,4
2024-07-04,5,-0.42,-0.44,-0.44381455,4
2024-07-04,20,-0.25,-0.44,-0.43547413,4
2024-07-05,1,-0.46,-0.44,-0.44228587,4
2024-07-05,5,-0.42,-0.44,-0.4431623,4
2024-07-05,20,-0.18,-0.44,-0.4332047,4
2024-07-08,1,-0.44,-0.46,-0.46223676,4
2024-07-08,5,-0.39,-0.46,-0.45833948,4
2024-07-08,20,-0.18,-0.46,-0.437625,4
2024-07-09,1,-0.45,-0.44,-0.4402591,4
2024-07-09,5,-0.42,-0.44,-0.43509036,4
2024-07-09,20,-0.15,-0.44,-0.4191403,4
2024-07-10,1,-0.42,-0.45,-0.4500367,4
2024-07-10,5,-0.45,-0.45,-0.44709337,4
2024-07-10,20,-0.16,-0.45,-0.43173975,4
2024-07-11,1,-0.42,-0.42,-0.42020157,4
2024-07-11,5,-0.33,-0.42,-0.41667995,4
2024-07-11,20,-0.17,-0.42,-0.40733072,4
2024-07-12,1,-0.39,-0.42,-0.42204425,4
2024-07-12,5,-0.33,-0.42,-0.41755623,4
2024-07-12,20,-0.22,-0.42,-0.3996014,4
2024-07-15,1,-0.42,-0.39,-0.39077774,4
2024-07-15,5,-0.33,-0.39,-0.3854597,4
2024-07-15,20,-0.22,-0.39,-0.3661891,4
2024-07-16,1,-0.45,-0.42,-0.41940254,4
2024-07-16,5,-0.31,-0.42,-0.4165174,4
2024-07-16,20,-0.21,-0.42,-0.39160067,4
2024-07-17,1,-0.33,-0.45,-0.45129454,4
2024-07-17,5,-0.24,-0.45,-0.44723287,4
2024-07-17,20,-0.22,-0.45,-0.4330214,4
2024-07-18,1,-0.33,-0.33,-0.32924026,4
2024-07-18,5,-0.26,-0.33,-0.32031256,4
2024-07-18,20,-0.24,-0.33,-0.31019977,4
2024-07-19,1,-0.33,-0.33,-0.33083928,4
2024-07-19,5,-0.28,-0.33,-0.3290086,4
2024-07-19,20,-0.25,-0.33,-0.30547196,4
2024-07-22,1,-0.31,-0.33,-0.3292672,4
2024-07-22,5,-0.29,-0.33,-0.32739946,4
2024-07-22,20,-0.26,-0.33,-0.30509144,4
2024-07-23,1,-0.24,-0.31,-0.30979943,4
2024-07-23,5,-0.27,-0.31,-0.3074943,4
2024-07-23,20,-0.26,-0.31,-0.2869519,4
2024-07-24,1,-0.26,-0.24,-0.2404856,4
2024-07-24,5,-0.28,-0.24,-0.2368836,4
2024-07-24,20,-0.24,-0.24,-0.21180888,4
2024-07-25,1,-0.28,-0.26,-0.2611149,4
2024-07-25,5,-0.25,-0.26,-0.26084203,4
2024-07-25,20,-0.23,-0.26,-0.22889134,4
2024-07-26,1,-0.29,-0.28,-0.28616306,4
2024-07-26,5,-0.18,-0.28,-0.28686154,4
2024-07-26,20,-0.2,-0.28,-0.27751616,4
2024-07-29,1,-0.27,-0.29,-0.2928645,4
2024-07-29,5,-0.18,-0.29,-0.28629452,4
2024-07-29,20,-0.2,-0.29,-0.27912197,4
2024-07-30,1,-0.28,-0.27,-0.2708326,4
2024-07-30,5,-0.15,-0.27,-0.26192605,4
2024-07-30,20,-0.18,-0.27,-0.2542486,4
2024-07-31,1,-0.25,-0.28,-0.2805697,4
2024-07-31,5,-0.16,-0.28,-0.27219036,4
2024-07-31,20,-0.19,-0.28,-0.25909078,4
2024-08-01,1,-0.18,-0.25,-0.24992138,4
2024-08-01,5,-0.17,-0.25,-0.23851648,4
2024-08-01,20,-0.18,-0.25,-0.22293556,4
2024-08-02,1,-0.18,-0.18,-0.1817775,4
2024-08-02,5,-0.22,-0.18,-0.17309527,4
2024-08-02,20,-0.17,-0.18,-0.15116724,4
2024-08-05,1,-0.15,-0.18,-0.18429014,4
2024-08-05,5,-0.22,-0.18,-0.17887516,4
2024-08-05,20,-0.17,-0.18,-0.1541126,4
2024-08-06,1,-0.16,-0.15,-0.15114124,4
2024-08-06,5,-0.21,-0.15,-0.14302164,4
2024-08-06,20,-0.19,-0.15,-0.11421181,4
2024-08-07,1,-0.17,-0.16,-0.15817551,4
2024-08-07,5,-0.22,-0.16,-0.15221739,4
2024-08-07,20,-0.16,-0.16,-0.121886745,4
2024-08-08,1,-0.22,-0.17,-0.16696693,4
2024-08-08,5,-0.24,-0.17,-0.16073257,4
2024-08-08,20,-0.16,-0.17,-0.13616769,4
2024-08-09,1,-0.22,-0.22,-0.2171098,4
2024-08-09,5,-0.25,-0.22,-0.21211103,4
2024-08-09,20,-0.09,-0.22,-0.19116251,4
2024-08-12,1,-0.21,-0.22,-0.21774985,4
2024-08-12,5,-0.26,-0.22,-0.20818576,4
2024-08-12,20,-0.09,-0.22,-0.19373132,4
2024-08-13,1,-0.22,-0.21,-0.2085642,4
2024-08-13,5,-0.26,-0.21,-0.19839723,4
2024-08-13,20,-0.08,-0.21,-0.18163098,4
2024-08-14,1,-0.24,-0.22,-0.21922995,4
2024-08-14,5,-0.24,-0.22,-0.20892082,4
2024-08-14,20,-0.11,-0.22,-0.1885434,4
2024-08-15,1,-0.25,-0.24,-0.23837438,4
2024-08-15,5,-0.23,-0.24,-0.22697683,4
2024-08-15,20,-0.09,-0.24,-0.20581129,4
2024-08-16,1,-0.26,-0.25,-0.24627134,4
2024-08-16,5,-0.2,-0.25,-0.23918909,4
2024-08-16,20,-0.04,-0.25,-0.22781098,4
2024-08-19,1,-0.26,-0.26,-0.2576474,4
2024-08-19,5,-0.2,-0.26,-0.24887782,4
2024-08-19,20,-0.02,-0.26,-0.23733121,4
2024-08-20,1,-0.24,-0.26,-0.25756305,4
2024-08-20,5,-0.18,-0.26,-0.24627168,4
2024-08-20,20,-0.02,-0.26,-0.2321749,4
2024-08-21,1,-0.23,-0.24,-0.23894265,4
2024-08-21,5,-0.19,-0.24,-0.2279442,4
2024-08-21,20,0.0,-0.24,-0.21195796,4
2024-08-22,1,-0.2,-0.23,-0.22876836,4
2024-08-22,5,-0.18,-0.23,-0.21786986,4
2024-08-22,20,0.03,-0.23,-0.19509126,4
2024-08-23,1,-0.2,-0.2,-0.19705112,4
2024-08-23,5,-0.17,-0.2,-0.18927717,4
2024-08-23,20,0.02,-0.2,-0.16548297,4
2024-08-26,1,-0.18,-0.2,-0.19899033,4
2024-08-26,5,-0.17,-0.2,-0.1901228,4
2024-08-26,20,0.03,-0.2,-0.16096063,4
2024-08-27,1,-0.19,-0.18,-0.17787597,4
2024-08-27,5,-0.19,-0.18,-0.16767992,4
2024-08-27,20,0.05,-0.18,-0.13728952,4
2024-08-28,1,-0.18,-0.19,-0.18809083,4
2024-08-28,5,-0.16,-0.19,-0.17948656,4
2024-08-28,20,0.06,-0.19,-0.146844,4
2024-08-29,1,-0.17,-0.18,-0.17785023,4
2024-08-29,5,-0.16,-0.18,-0.16947058,4
2024-08-29,20,0.04,-0.18,-0.13994452,4
2024-08-30,1,-0.17,-0.17,-0.16790864,4
2024-08-30,5,-0.09,-0.17,-0.1614185,4
2024-08-30,20,0.04,-0.17,-0.13357233,4
2024-09-02,1,-0.19,-0.17,-0.16823906,4
2024-09-02,5,-0.09,-0.17,-0.16496429,4
2024-09-02,20,0.04,-0.17,-0.14184445,4
2024-09-03,1,-0.16,-0.19,-0.18899432,4
2024-09-03,5,-0.08,-0.19,-0.18486048,4
2024-09-03,20,0.01,-0.19,-0.16346307,4
2024-09-04,1,-0.16,-0.16,-0.16048428,4
2024-09-04,5,-0.11,-0.16,-0.15428734,4
2024-09-04,20,0.04,-0.16,-0.13561995,4
2024-09-05,1,-0.09,-0.16,-0.16116196,4
2024-09-05,5,-0.09,-0.16,-0.1535473,4
2024-09-05,20,0.04,-0.16,-0.12763138,4
2024-09-06,1,-0.09,-0.09,-0.095195435,4
2024-09-06,5,-0.04,-0.09,-0.08872824,4
2024-09-06,20,-0.02,-0.09,-0.082493715,4
2024-09-09,1,-0.08,-0.09,-0.09350326,4
2024-09-09,5,-0.02,-0.09,-0.08903102,4
2024-09-09,20,-0.04,-0.09,-0.06713998,4
2024-09-10,1,-0.11,-0.08,-0.081454426,4
2024-09-10,5,-0.02,-0.08,-0.075280696,4
2024-09-10,20,-0.03,-0.08,-0.05358316,4
2024-09-11,1,-0.09,-0.11,-0.11160004,4
2024-09-11,5,0.0,-0.11,-0.10531809,4
2024-09-11,20,0.0,-0.11,-0.08165273,4
2024-09-12,1,-0.04,-0.09,-0.08936204,4
2024-09-12,5,0.03,-0.09,-0.07953036,4
2024-09-12,20,0.04,-0.09,-0.061019637,4
2024-09-13,1,-0.02,-0.04,-0.038664617,4
2024-09-13,5,0.02,-0.04,-0.030330043,4
2024-09-13,20,0.14,-0.04,-0.007919855,4
2024-09-16,1,-0.02,-0.02,-0.020370118,4
2024-09-16,5,0.03,-0.02,-0.014383161,4
2024-09-16,20,0.14,-0.02,0.014581673,4
2024-09-17,1,0.0,-0.02,-0.020710804,4
2024-09-17,5,0.05,-0.02,-0.014562091,4
2024-09-17,20,0.12,-0.02,0.017246455,4
2024-09-18,1,0.03,0.0,-0.002336079,4
2024-09-18,5,0.06,0.0,0.0018357474,4
2024-09-18,20,0.13,0.0,0.01750324,4
2024-09-19,1,0.02,0.03,0.03038681,4
2024-09-19,5,0.04,0.03,0.036598332,4
2024-09-19,20,0.14,0.03,0.05753575,4
2024-09-20,1,0.03,0.02,0.028227098,4
2024-09-20,5,0.04,0.02,0.03761515,4
2024-09-20,20,0.16,0.02,0.04921612,4
2024-09-23,1,0.05,0.03,0.034916572,4
2024-09-23,5,0.04,0.03,0.05089432,4
2024-09-23,20,0.19,0.03,0.060593884,4
2024-09-24,1,0.06,0.05,0.054226737,4
2024-09-24,5,0.01,0.05,0.07049537,4
2024-09-24,20,0.2,0.05,0.08575951,4
2024-09-25,1,0.04,0.06,0.06312161,4
2024-09-25,5,0.04,0.06,0.07759985,4
2024-09-25,20,0.2,0.06,0.09950621,4
2024-09-26,1,0.04,0.04,0.043619834,4
2024-09-26,5,0.04,0.04,0.05587021,4
2024-09-26,20,0.16,0.04,0.08110086,4
2024-09-27,1,0.04,0.04,0.043015774,4
2024-09-27,5,-0.02,0.04,0.055638652,4
2024-09-27,20,0.17,0.04,0.07845212,4
2024-09-30,1,0.01,0.04,0.0415493,4
2024-09-30,5,-0.04,0.04,0.05345349,4
2024-09-30,20,0.17,0.04,0.07769343,4
2024-10-01,1,0.04,0.01,0.012990966,4
2024-10-01,5,-0.03,0.01,0.023109624,4
2024-10-01,20,0.18,0.01,0.044913977,4
2024-10-02,1,0.04,0.04,0.04155504,4
2024-10-02,5,0.0,0.04,0.054198522,4
2024-10-02,20,0.16,0.04,0.072979555,4
2024-10-03,1,-0.02,0.04,0.042351976,4
2024-10-03,5,0.04,0.04,0.05159627,4
2024-10-03,20,0.15,0.04,0.073299766,4
2024-10-04,1,-0.04,-0.02,-0.017292354,4
2024-10-04,5,0.14,-0.02,-0.012121173,4
2024-10-04,20,0.19,-0.02,0.0047658104,4
2024-10-07,1,-0.03,-0.04,-0.03595588,4
2024-10-07,5,0.14,-0.04,-0.036547385,4
2024-10-07,20,0.15,-0.04,-0.04336625,4
2024-10-08,1,0.0,-0.03,-0.026963096,4
2024-10-08,5,0.12,-0.03,-0.029032895,4
2024-10-08,20,0.11,-0.03,-0.05018463,4
2024-10-09,1,0.04,0.0,0.0005109068,4
2024-10-09,5,0.13,0.0,-0.0024186415,4
2024-10-09,20,0.15,0.0,-0.02830629,4
2024-10-10,1,0.14,0.04,0.03865888,4
2024-10-10,5,0.14,0.04,0.03397974,4
2024-10-10,20,0.15,0.04,0.011302827,4
2024-10-11,1,0.14,0.14,0.13703686,4
2024-10-11,5,0.16,0.14,0.12928115,4
2024-10-11,20,0.1,0.14,0.110392675,4
2024-10-14,1,0.12,0.14,0.13407435,4
2024-10-14,5,0.19,0.14,0.12557387,4
2024-10-14,20,0.1,0.14,0.12304919,4
2024-10-15,1,0.13,0.12,0.11485515,4
2024-10-15,5,0.2,0.12,0.106803246,4
2024-10-15,20,0.09,0.12,0.10313882,4
2024-10-16,1,0.14,0.13,0.123430386,4
2024-10-16,5,0.2,0.13,0.11422786,4
2024-10-16,20,0.14,0.13,0.09802428,4
2024-10-17,1,0.16,0.14,0.13469687,4
2024-10-17,5,0.16,0.14,0.1313681,4
2024-10-17,20,0.1,0.14,0.1205138,4
2024-10-18,1,0.19,0.16,0.1561293,4
2024-10-18,5,0.17,0.16,0.14793736,4
2024-10-18,20,0.12,0.16,0.1256651,4
2024-10-21,1,0.2,0.19,0.18538888,4
2024-10-21,5,0.17,0.19,0.17831933,4
2024-10-21,20,0.11,0.19,0.16027787,4
2024-10-22,1,0.2,0.2,0.19690697,4
2024-10-22,5,0.18,0.2,0.18358992,4
2024-10-22,20,0.11,0.2,0.15922162,4
2024-10-23,1,0.16,0.2,0.19531615,4
2024-10-23,5,0.16,0.2,0.18213898,4
2024-10-23,20,0.11,0.2,0.14921193,4
2024-10-24,1,0.17,0.16,0.15575412,4
2024-10-24,5,0.15,0.16,0.14248265,4
2024-10-24,20,0.07,0.16,0.10605,4
2024-10-25,1,0.17,0.17,0.15888844,4
2024-10-25,5,0.19,0.17,0.15875839,4
2024-10-25,20,0.07,0.17,0.120782316,4
2024-10-28,1,0.18,0.17,0.16468224,4
2024-10-28,5,0.15,0.17,0.1635137,4
2024-10-28,20,0.05,0.17,0.11925032,4
2024-10-29,1,0.16,0.18,0.17649382,4
2024-10-29,5,0.11,0.18,0.17463423,4
2024-10-29,20,0.04,0.18,0.13212098,4
2024-10-30,1,0.15,0.16,0.15652536,4
2024-10-30,5,0.15,0.16,0.15466464,4
2024-10-30,20,0.03,0.16,0.11653037,4
2024-10-31,1,0.19,0.15,0.14740165,4
2024-10-31,5,0.15,0.15,0.14505836,4
2024-10-31,20,0.04,0.15,0.102968104,4
2024-11-01,1,0.15,0.19,0.18823683,4
2024-11-01,5,0.1,0.19,0.18848884,4
2024-11-01,20,0.05,0.19,0.155056,4
2024-11-04,1,0.11,0.15,0.15032348,4
2024-11-04,5,0.1,0.15,0.14833209,4
2024-11-04,20,0.02,0.15,0.13672823,4
2024-11-05,1,0.15,0.11,0.10964074,4
2024-11-05,5,0.09,0.11,0.11332685,4
2024-11-05,20,0.05,0.11,0.10349214,4
2024-11-06,1,0.15,0.15,0.15059651,4
2024-11-06,5,0.14,0.15,0.15850046,4
2024-11-06,20,0.06,0.15,0.14773269,4
2024-11-07,1,0.1,0.15,0.15251197,4
2024-11-07,5,0.1,0.15,0.14796942,4
2024-11-07,20,0.04,0.15,0.13178526,4
2024-11-08,1,0.1,0.1,0.09848625,4
2024-11-08,5,0.12,0.1,0.099877276,4
2024-11-08,20,0.09,0.1,0.09138474,4
2024-11-11,1,0.09,0.1,0.10695178,4
2024-11-11,5,0.11,0.1,0.10908176,4
2024-11-11,20,0.12,0.1,0.08436634,4
2024-11-12,1,0.14,0.09,0.09409341,4
2024-11-12,5,0.11,0.09,0.09700162,4
2024-11-12,20,0.13,0.09,0.077203095,4
2024-11-13,1,0.1,0.14,0.14400294,4
2024-11-13,5,0.11,0.14,0.13762239,4
2024-11-13,20,0.14,0.14,0.10294744,4
2024-11-14,1,0.12,0.1,0.099607624,4
2024-11-14,5,0.07,0.1,0.09193376,4
2024-11-14,20,0.16,0.1,0.056884147,4
2024-11-15,1,0.11,0.12,0.11872617,4
2024-11-15,5,0.07,0.12,0.111879066,4
2024-11-15,20,0.16,0.12,0.072638266,4
2024-11-18,1,0.11,0.11,0.106776625,4
2024-11-18,5,0.05,0.11,0.09941638,4
2024-11-18,20,0.17,0.11,0.057395466,4
2024-11-19,1,0.11,0.11,0.107261956,4
2024-11-19,5,0.04,0.11,0.10190767,4
2024-11-19,20,0.14,0.11,0.063246034,4
2024-11-20,1,0.07,0.11,0.10851599,4
2024-11-20,5,0.03,0.11,0.10634307,4
2024-11-20,20,0.17,0.11,0.07369429,4
2024-11-21,1,0.07,0.07,0.0692121,4
2024-11-21,5,0.04,0.07,0.06368972,4
2024-11-21,20,0.26,0.07,0.029751208,4
2024-11-22,1,0.05,0.07,0.06975593,4
2024-11-22,5,0.05,0.07,0.063306265,4
2024-11-22,20,0.22,0.07,0.01672304,4
2024-11-25,1,0.04,0.05,0.04850318,4
2024-11-25,5,0.02,0.05,0.043053806,4
2024-11-25,20,0.25,0.05,-0.0047528483,4
2024-11-26,1,0.03,0.04,0.03688561,4
2024-11-26,5,0.05,0.04,0.03604059,4
2024-11-26,20,0.26,0.04,-0.0016485713,4
2024-11-27,1,0.04,0.03,0.027339697,4
2024-11-27,5,0.06,0.03,0.020584205,4
2024-11-27,20,0.26,0.03,-0.025262164,4
2024-11-28,1,0.05,0.04,0.037527706,4
2024-11-28,5,0.04,0.04,0.033431288,4
2024-11-28,20,0.26,0.04,-0.0087227,4
2024-11-29,1,0.02,0.05,0.04770647,4
2024-11-29,5,0.09,0.05,0.042855676,4
2024-11-29,20,0.3,0.05,0.0029764771,4
2024-12-02,1,0.05,0.02,0.016376466,4
2024-12-02,5,0.12,0.02,0.0126530565,4
2024-12-02,20,0.28,0.02,-0.018605158,4
2024-12-03,1,0.06,0.05,0.047534205,4
2024-12-03,5,0.13,0.05,0.04068587,4
2024-12-03,20,0.3,0.05,0.00080939755,4
2024-12-04,1,0.04,0.06,0.057375904,4
2024-12-04,5,0.14,0.06,0.04837595,4
2024-12-04,20,0.3,0.06,0.0085370615,4
2024-12-05,1,0.09,0.04,0.036499605,4
2024-12-05,5,0.16,0.04,0.029743796,4
2024-12-05,20,0.29,0.04,0.0028331317,4
2024-12-06,1,0.12,0.09,0.08657453,4
2024-12-06,5,0.16,0.09,0.07956335,4
2024-12-06,20,0.3,0.09,0.041007638,4
2024-12-09,1,0.13,0.12,0.11487977,4
2024-12-09,5,0.17,0.12,0.10686726,4
2024-12-09,20,0.32,0.12,0.08130641,4
2024-12-10,1,0.14,0.13,0.12608938,4
2024-12-10,5,0.14,0.13,0.11510958,4
2024-12-10,20,0.36,0.13,0.09427917,4
2024-12-11,1,0.16,0.14,0.13742457,4
2024-12-11,5,0.17,0.14,0.12927064,4
2024-12-11,20,0.38,0.14,0.12392527,4
2024-12-12,1,0.16,0.16,0.15762231,4
2024-12-12,5,0.26,0.16,0.14848848,4
2024-12-12,20,0.4,0.16,0.13701266,4
2024-12-13,1,0.17,0.16,0.14970036,4
2024-12-13,5,0.22,0.16,0.14783734,4
2024-12-13,20,0.37,0.16,0.13318259,4
2024-12-16,1,0.14,0.17,0.16643526,4
2024-12-16,5,0.25,0.17,0.16524553,4
2024-12-16,20,0.36,0.17,0.1384798,4
2024-12-17,1,0.17,0.14,0.13648145,4
2024-12-17,5,0.26,0.14,0.13677567,4
2024-12-17,20,0.39,0.14,0.11242701,4
2024-12-18,1,0.26,0.17,0.16743743,4
2024-12-18,5,0.26,0.17,0.16642347,4
2024-12-18,20,0.38,0.17,0.13504714,4
2024-12-19,1,0.22,0.26,0.25854614,4
2024-12-19,5,0.26,0.26,0.25411764,4
2024-12-19,20,0.39,0.26,0.2262332,4
2024-12-20,1,0.25,0.22,0.22501853,4
2024-12-20,5,0.3,0.22,0.21854356,4
2024-12-20,20,0.37,0.22,0.21325305,4
2024-12-23,1,0.26,0.25,0.25146443,4
2024-12-23,5,0.28,0.25,0.25442064,4
2024-12-23,20,0.36,0.25,0.24612099,4
2024-12-24,1,0.26,0.26,0.260977,4
2024-12-24,5,0.3,0.26,0.26008567,4
2024-12-24,20,0.33,0.26,0.2541562,4
2024-12-25,1,0.26,0.26,0.2598769,4
2024-12-25,5,0.3,0.26,0.2612018,4
2024-12-25,20,0.34,0.26,0.26080117,4
2024-12-26,1,0.3,0.26,0.2594092,4
2024-12-26,5,0.29,0.26,0.26119643,4
2024-12-26,20,0.37,0.26,0.26008996,4
2024-12-27,1,0.28,0.3,0.29909956,4
2024-12-27,5,0.3,0.3,0.30142182,4
2024-12-27,20,0.37,0.3,0.30017474,4
2024-12-30,1,0.3,0.28,0.27871832,4
2024-12-30,5,0.32,0.28,0.27683195,4
2024-12-30,20,0.33,0.28,0.27815846,4
2024-12-31,1,0.3,0.3,0.298538,4
2024-12-31,5,0.36,0.3,0.30271983,4
2024-12-31,20,0.37,0.3,0.3095502,4
2025-01-01,1,0.29,0.3,0.2993948,4
2025-01-01,5,0.38,0.3,0.30139124,4
2025-01-01,20,0.39,0.3,0.3104622,4
2025-01-02,1,0.3,0.29,0.28945786,4
2025-01-02,5,0.4,0.29,0.29140595,4
2025-01-02,20,0.38,0.29,0.29886645,4
2025-01-03,1,0.32,0.3,0.29948846,4
2025-01-03,5,0.37,0.3,0.3018362,4
2025-01-03,20,0.41,0.3,0.30726907,4
2025-01-06,1,0.36,0.32,0.31976265,4
2025-01-06,5,0.36,0.32,0.3199481,4
2025-01-06,20,0.4,0.32,0.32309964,4
2025-01-07,1,0.38,0.36,0.36023098,4
2025-01-07,5,0.39,0.36,0.36219922,4
2025-01-07,20,0.39,0.36,0.36921647,4
2025-01-08,1,0.4,0.38,0.38043192,4
2025-01-08,5,0.38,0.38,0.38004792,4
2025-01-08,20,0.36,0.38,0.3951943,4
2025-01-09,1,0.37,0.4,0.3991062,4
2025-01-09,5,0.39,0.4,0.39781383,4
2025-01-09,20,0.37,0.4,0.41703972,4
2025-01-10,1,0.36,0.37,0.3688798,4
2025-01-10,5,0.37,0.37,0.36813024,4
2025-01-10,20,0.38,0.37,0.39054638,4
2025-01-13,1,0.39,0.36,0.3615939,4
2025-01-13,5,0.36,0.36,0.36010212,4
2025-01-13,20,0.4,0.36,0.3734971,4
2025-01-14,1,0.38,0.39,0.39113596,4
2025-01-14,5,0.33,0.39,0.39097452,4
2025-01-14,20,0.4,0.39,0.39702284,4
2025-01-15,1,0.39,0.38,0.37988603,4
2025-01-15,5,0.34,0.38,0.3819366,4
2025-01-15,20,0.41,0.38,0.39598083,4
2025-01-16,1,0.37,0.39,0.38862675,4
2025-01-16,5,0.37,0.39,0.3960822,4
2025-01-16,20,0.37,0.39,0.4156895,4
2025-01-17,1,0.36,0.37,0.3680802,4
2025-01-17,5,0.37,0.37,0.37280926,4
2025-01-17,20,0.37,0.37,0.3903313,4
2025-01-20,1,0.33,0.36,0.35987833,4
2025-01-20,5,0.33,0.36,0.3647557,4
2025-01-20,20,0.37,0.36,0.378501,4
2025-01-21,1,0.34,0.33,0.33171275,4
2025-01-21,5,0.37,0.33,0.34092772,4
2025-01-21,20,0.39,0.33,0.35408866,4
2025-01-22,1,0.37,0.34,0.34109184,4
2025-01-22,5,0.39,0.34,0.34986642,4
2025-01-22,20,0.38,0.34,0.3574146,4
2025-01-23,1,0.37,0.37,0.3719178,4
2025-01-23,5,0.38,0.37,0.37912783,4
2025-01-23,20,0.4,0.37,0.38862956,4
2025-01-24,1,0.33,0.37,0.37187344,4
2025-01-24,5,0.41,0.37,0.3755752,4
2025-01-24,20,0.37,0.37,0.3881678,4
2025-01-27,1,0.37,0.33,0.3309368,4
2025-01-27,5,0.4,0.33,0.33643824,4
2025-01-27,20,0.38,0.33,0.3505175,4
2025-01-28,1,0.39,0.37,0.36956245,4
2025-01-28,5,0.39,0.37,0.37725493,4
2025-01-28,20,0.35,0.37,0.38628176,4
2025-01-29,1,0.38,0.39,0.38984165,4
2025-01-29,5,0.36,0.39,0.39438477,4
2025-01-29,20,0.33,0.39,0.40925685,4
2025-01-30,1,0.41,0.38,0.37946668,4
2025-01-30,5,0.37,0.38,0.3820454,4
2025-01-30,20,0.34,0.38,0.3987368,4
2025-01-31,1,0.4,0.41,0.4042219,4
2025-01-31,5,0.38,0.41,0.40738973,4
2025-01-31,20,0.33,0.41,0.40701047,4
2025-02-03,1,0.39,0.4,0.39777938,4
2025-02-03,5,0.4,0.4,0.39874613,4
2025-02-03,20,0.35,0.4,0.40321857,4
2025-02-04,1,0.36,0.39,0.38704717,4
2025-02-04,5,0.4,0.39,0.38652876,4
2025-02-04,20,0.39,0.39,0.3829397,4
2025-02-05,1,0.37,0.36,0.36007726,4
2025-02-05,5,0.41,0.36,0.3689819,4
2025-02-05,20,0.41,0.36,0.36919746,4
2025-02-06,1,0.38,0.37,0.37094972,4
2025-02-06,5,0.37,0.37,0.3826725,4
2025-02-06,20,0.44,0.37,0.38633972,4
2025-02-07,1,0.4,0.38,0.3816916,4
2025-02-07,5,0.37,0.38,0.39031565,4
2025-02-07,20,0.44,0.38,0.39923084,4
2025-02-10,1,0.4,0.4,0.402764,4
2025-02-10,5,0.37,0.4,0.4115389,4
2025-02-10,20,0.45,0.4,0.42879224,4
2025-02-11,1,0.41,0.4,0.40183583,4
2025-02-11,5,0.39,0.4,0.40780082,4
2025-02-11,20,0.48,0.4,0.42873496,4
2025-02-12,1,0.37,0.41,0.411937,4
2025-02-12,5,0.38,0.41,0.41736922,4
2025-02-12,20,0.49,0.41,0.43654504,4
2025-02-13,1,0.37,0.37,0.37257427,4
2025-02-13,5,0.4,0.37,0.37407896,4
2025-02-13,20,0.48,0.37,0.3889339,4
2025-02-14,1,0.37,0.37,0.37079507,4
2025-02-14,5,0.37,0.37,0.37914515,4
2025-02-14,20,0.49,0.37,0.3922546,4
2025-02-17,1,0.39,0.37,0.37137893,4
2025-02-17,5,0.38,0.37,0.38328573,4
2025-02-17,20,0.47,0.37,0.4037556,4
2025-02-18,1,0.38,0.39,0.39188504,4
2025-02-18,5,0.35,0.39,0.4021627,4
2025-02-18,20,0.48,0.39,0.42287287,4
2025-02-19,1,0.4,0.38,0.38334364,4
2025-02-19,5,0.33,0.38,0.38845643,4
2025-02-19,20,0.48,0.38,0.410419,4
2025-02-20,1,0.37,0.4,0.401479,4
2025-02-20,5,0.34,0.4,0.40689453,4
2025-02-20,20,0.47,0.4,0.42569774,4
2025-02-21,1,0.38,0.37,0.37045982,4
2025-02-21,5,0.33,0.37,0.37701714,4
2025-02-21,20,0.49,0.37,0.39989382,4
2025-02-24,1,0.35,0.38,0.3800543,4
2025-02-24,5,0.35,0.38,0.3893379,4
2025-02-24,20,0.52,0.38,0.40854162,4
2025-02-25,1,0.33,0.35,0.3504397,4
2025-02-25,5,0.39,0.35,0.3590837,4
2025-02-25,20,0.5,0.35,0.38097626,4
2025-02-26,1,0.34,0.33,0.32970485,4
2025-02-26,5,0.41,0.33,0.3396399,4
2025-02-26,20,0.51,0.33,0.35686636,4
2025-02-27,1,0.33,0.34,0.34040448,4
2025-02-27,5,0.44,0.34,0.35054046,4
2025-02-27,20,0.54,0.34,0.36463797,4
2025-02-28,1,0.35,0.33,0.33107838,4
2025-02-28,5,0.44,0.33,0.33541706,4
2025-02-28,20,0.53,0.33,0.34375408,4
2025-03-03,1,0.39,0.35,0.3502724,4
2025-03-03,5,0.45,0.35,0.3570272,4
2025-03-03,20,0.51,0.35,0.3645391,4
2025-03-04,1,0.41,0.39,0.38924485,4
2025-03-04,5,0.48,0.39,0.39740574,4
2025-03-04,20,0.49,0.39,0.41254288,4
2025-03-05,1,0.44,0.41,0.41004503,4
2025-03-05,5,0.49,0.41,0.41090757,4
2025-03-05,20,0.5,0.41,0.42462057,4
2025-03-06,1,0.44,0.44,0.441243,4
2025-03-06,5,0.48,0.44,0.44281366,4
2025-03-06,20,0.54,0.44,0.45522302,4
2025-03-07,1,0.45,0.44,0.44062284,4
2025-03-07,5,0.49,0.44,0.44273165,4
2025-03-07,20,0.52,0.44,0.46211106,4
2025-03-10,1,0.48,0.45,0.45075008,4
2025-03-10,5,0.47,0.45,0.4503379,4
2025-03-10,20,0.58,0.45,0.4686416,4
2025-03-11,1,0.49,0.48,0.47731224,4
2025-03-11,5,0.48,0.48,0.47852194,4
2025-03-11,20,0.65,0.48,0.49858654,4
2025-03-12,1,0.48,0.49,0.48932022,4
2025-03-12,5,0.48,0.49,0.48849717,4
2025-03-12,20,0.56,0.49,0.51049554,4
2025-03-13,1,0.49,0.48,0.48048118,4
2025-03-13,5,0.47,0.48,0.4818922,4
2025-03-13,20,0.6,0.48,0.503507,4
2025-03-14,1,0.47,0.49,0.48342204,4
2025-03-14,5,0.49,0.49,0.48290873,4
2025-03-14,20,0.58,0.49,0.48265046,4
2025-03-17,1,0.48,0.47,0.46730134,4
2025-03-17,5,0.52,0.47,0.46829453,4
2025-03-17,20,0.54,0.47,0.4694781,4
2025-03-18,1,0.48,0.48,0.48002976,4
2025-03-18,5,0.5,0.48,0.48529908,4
2025-03-18,20,0.58,0.48,0.4857407,4
2025-03-19,1,0.47,0.48,0.48164394,4
2025-03-19,5,0.51,0.48,0.48581436,4
2025-03-19,20,0.56,0.48,0.49450538,4
2025-03-20,1,0.49,0.47,0.4710832,4
2025-03-20,5,0.54,0.47,0.47377303,4
2025-03-20,20,0.61,0.47,0.47909194,4
2025-03-21,1,0.52,0.49,0.4906888,4
2025-03-21,5,0.53,0.49,0.49153212,4
2025-03-21,20,0.61,0.49,0.4895536,4
2025-03-24,1,0.5,0.52,0.52023154,4
2025-03-24,5,0.51,0.52,0.5196691,4
2025-03-24,20,0.68,0.52,0.5190557,4
2025-03-25,1,0.51,0.5,0.50140315,4
2025-03-25,5,0.49,0.5,0.49666864,4
2025-03-25,20,0.65,0.5,0.49650696,4
2025-03-26,1,0.54,0.51,0.51016253,4
2025-03-26,5,0.5,0.51,0.5091607,4
2025-03-26,20,0.61,0.51,0.5078512,4
2025-03-27,1,0.53,0.54,0.5408728,4
2025-03-27,5,0.54,0.54,0.5398058,4
2025-03-27,20,0.59,0.54,0.5411188,4
2025-03-28,1,0.51,0.53,0.5298485,4
2025-03-28,5,0.52,0.53,0.5265914,4
2025-03-28,20,0.58,0.53,0.5327655,4
2025-03-31,1,0.49,0.51,0.50736517,4
2025-03-31,5,0.58,0.51,0.5089485,4
2025-03-31,20,0.6,0.51,0.5183978,4
2025-04-01,1,0.5,0.49,0.48782614,4
2025-04-01,5,0.65,0.49,0.48912555,4
2025-04-01,20,0.58,0.49,0.49233964,4
2025-04-02,1,0.54,0.5,0.49886358,4
2025-04-02,5,0.56,0.5,0.5043263,4
2025-04-02,20,0.6,0.5,0.50701773,4
2025-04-03,1,0.52,0.54,0.54025555,4
2025-04-03,5,0.6,0.54,0.543946,4
2025-04-03,20,0.6,0.54,0.5453757,4
2025-04-04,1,0.58,0.52,0.5190401,4
2025-04-04,5,0.58,0.52,0.5275491,4
2025-04-04,20,0.64,0.52,0.541538,4
2025-04-07,1,0.65,0.58,0.57964617,4
2025-04-07,5,0.54,0.58,0.58432233,4
2025-04-07,20,0.62,0.58,0.5975989,4
2025-04-08,1,0.56,0.65,0.65209067,4
2025-04-08,5,0.58,0.65,0.6492374,4
2025-04-08,20,0.62,0.65,0.6659599,4
2025-04-09,1,0.6,0.56,0.5620324,4
2025-04-09,5,0.56,0.56,0.555763,4
2025-04-09,20,0.59,0.56,0.57752246,4
2025-04-10,1,0.58,0.6,0.6030973,4
2025-04-10,5,0.61,0.6,0.59813136,4
2025-04-10,20,0.62,0.6,0.5935772,4
2025-04-11,1,0.54,0.58,0.5828217,4
2025-04-11,5,0.61,0.58,0.5788727,4
2025-04-11,20,0.63,0.58,0.57496434,4
2025-04-14,1,0.58,0.54,0.5440122,4
2025-04-14,5,0.68,0.54,0.54090136,4
2025-04-14,20,0.61,0.54,0.53415006,4
2025-04-15,1,0.56,0.58,0.58106804,4
2025-04-15,5,0.65,0.58,0.5833964,4
2025-04-15,20,0.63,0.58,0.57769084,4
2025-04-16,1,0.61,0.56,0.55744255,4
2025-04-16,5,0.61,0.56,0.55909765,4
2025-04-16,20,0.66,0.56,0.5635763,4
2025-04-17,1,0.61,0.61,0.6094383,4
2025-04-17,5,0.59,0.61,0.617544,4
2025-04-17,20,0.63,0.61,0.62604016,4
2025-04-18,1,0.68,0.61,0.610621,4
2025-04-18,5,0.58,0.61,0.6164951,4
2025-04-18,20,0.64,0.61,0.6369844,4
2025-04-21,1,0.65,0.68,0.68085194,4
2025-04-21,5,0.6,0.68,0.68719506,4
2025-04-21,20,0.64,0.68,0.7091694,4
2025-04-22,1,0.61,0.65,0.6512197,4
2025-04-22,5,0.58,0.65,0.6536757,4
2025-04-22,20,0.66,0.65,0.68480116,4
2025-04-23,1,0.59,0.61,0.61100906,4
2025-04-23,5,0.6,0.61,0.6164237,4
2025-04-23,20,0.69,0.61,0.6416853,4
2025-04-24,1,0.58,0.59,0.5911998,4
2025-04-24,5,0.6,0.59,0.5981833,4
2025-04-24,20,0.66,0.59,0.6151436,4
2025-04-25,1,0.6,0.58,0.5803686,4
2025-04-25,5,0.64,0.58,0.5909063,4
2025-04-25,20,0.65,0.58,0.6070624,4
2025-04-28,1,0.58,0.6,0.60109586,4
2025-04-28,5,0.62,0.6,0.61263996,4
2025-04-28,20,0.64,0.6,0.62815434,4
2025-04-29,1,0.6,0.58,0.580315,4
2025-04-29,5,0.62,0.58,0.59134626,4
2025-04-29,20,0.61,0.58,0.6129487,4
2025-04-30,1,0.6,0.6,0.601263,4
2025-04-30,5,0.59,0.6,0.613738,4
2025-04-30,20,0.62,0.6,0.63399184,4
2025-05-01,1,0.64,0.6,0.6014108,4
2025-05-01,5,0.62,0.6,0.61301386,4
2025-05-01,20,0.61,0.6,0.6379331,4
2025-05-02,1,0.62,0.64,0.6428075,4
2025-05-02,5,0.63,0.64,0.6483518,4
2025-05-02,20,0.61,0.64,0.66469395,4
2025-05-05,1,0.62,0.62,0.62313044,4
2025-05-05,5,0.61,0.62,0.62667876,4
2025-05-05,20,0.65,0.62,0.64944524,4
2025-05-06,1,0.59,0.62,0.6226931,4
2025-05-06,5,0.63,0.62,0.62634856,4
2025-05-06,20,0.66,0.62,0.64371186,4
2025-05-07,1,0.62,0.59,0.59057033,4
2025-05-07,5,0.66,0.59,0.5972314,4
2025-05-07,20,0.64,0.59,0.61654884,4
2025-05-08,1,0.63,0.62,0.62120295,4
2025-05-08,5,0.63,0.62,0.63142246,4
2025-05-08,20,0.63,0.62,0.6506445,4
2025-05-09,1,0.61,0.63,0.6324303,4
2025-05-09,5,0.64,0.63,0.63268477,4
2025-05-09,20,0.65,0.63,0.64667773,4
2025-05-12,1,0.63,0.61,0.61055505,4
2025-05-12,5,0.64,0.61,0.6115557,4
2025-05-12,20,0.66,0.61,0.6246431,4
2025-05-13,1,0.66,0.63,0.6315395,4
2025-05-13,5,0.66,0.63,0.628146,4
2025-05-13,20,0.65,0.63,0.62737924,4
2025-05-14,1,0.63,0.66,0.66027206,4
2025-05-14,5,0.69,0.66,0.6559352,4
2025-05-14,20,0.67,0.66,0.64847344,4
2025-05-15,1,0.64,0.63,0.62918067,4
2025-05-15,5,0.66,0.63,0.6231838,4
2025-05-15,20,0.65,0.63,0.61525065,4
2025-05-16,1,0.64,0.64,0.636867,4
2025-05-16,5,0.65,0.64,0.63407683,4
2025-05-16,20,0.66,0.64,0.6187505,4
2025-05-19,1,0.66,0.64,0.6368739,4
2025-05-19,5,0.64,0.64,0.6354672,4
2025-05-19,20,0.68,0.64,0.6231811,4
2025-05-20,1,0.69,0.66,0.6574867,4
2025-05-20,5,0.61,0.66,0.65270656,4
2025-05-20,20,0.67,0.66,0.63013417,4
2025-05-21,1,0.66,0.69,0.6862442,4
2025-05-21,5,0.62,0.69,0.68180615,4
2025-05-21,20,0.65,0.69,0.66547,4
2025-05-22,1,0.65,0.66,0.66011655,4
2025-05-22,5,0.61,0.66,0.65982854,4
2025-05-22,20,0.65,0.66,0.65830326,4
2025-05-23,1,0.64,0.65,0.64970016,4
2025-05-23,5,0.61,0.65,0.6528055,4
2025-05-23,20,0.66,0.65,0.6477003,4
2025-05-26,1,0.61,0.64,0.64085263,4
2025-05-26,5,0.65,0.64,0.64961547,4
2025-05-26,20,0.66,0.64,0.65043014,4
2025-05-27,1,0.62,0.61,0.6111868,4
2025-05-27,5,0.66,0.61,0.617934,4
2025-05-27,20,0.65,0.61,0.6150779,4
2025-05-28,1,0.61,0.62,0.6200904,4
2025-05-28,5,0.64,0.62,0.62810916,4
2025-05-28,20,0.67,0.62,0.62637836,4
2025-05-29,1,0.61,0.61,0.61015886,4
2025-05-29,5,0.63,0.61,0.6113312,4
2025-05-29,20,0.71,0.61,0.60137373,4
2025-05-30,1,0.65,0.61,0.6104185,4
2025-05-30,5,0.65,0.61,0.6165828,4
2025-05-30,20,0.71,0.61,0.6181229,4
2025-06-02,1,0.66,0.65,0.65076005,4
2025-06-02,5,0.66,0.65,0.6578979,4
2025-06-02,20,0.69,0.65,0.6613237,4
2025-06-03,1,0.64,0.66,0.66183555,4
2025-06-03,5,0.65,0.66,0.6680935,4
2025-06-03,20,0.69,0.66,0.68500924,4
2025-06-04,1,0.63,0.64,0.64072406,4
2025-06-04,5,0.67,0.64,0.6445131,4
2025-06-04,20,0.7,0.64,0.66076475,4
2025-06-05,1,0.65,0.63,0.63031757,4
2025-06-05,5,0.65,0.63,0.6402704,4
2025-06-05,20,0.69,0.63,0.66211593,4
2025-06-06,1,0.66,0.65,0.65248424,4
2025-06-06,5,0.66,0.65,0.66384107,4
2025-06-06,20,0.68,0.65,0.6880032,4
2025-06-09,1,0.65,0.66,0.66391355,4
2025-06-09,5,0.68,0.66,0.66870284,4
2025-06-09,20,0.71,0.66,0.6907827,4
2025-06-10,1,0.67,0.65,0.65170103,4
2025-06-10,5,0.67,0.65,0.65827715,4
2025-06-10,20,0.73,0.65,0.68342006,4
2025-06-11,1,0.65,0.67,0.67131656,4
2025-06-11,5,0.65,0.67,0.6794605,4
2025-06-11,20,0.71,0.67,0.70342577,4
2025-06-12,1,0.66,0.65,0.6499606,4
2025-06-12,5,0.65,0.65,0.6586503,4
2025-06-12,20,0.71,0.65,0.6865586,4
2025-06-13,1,0.68,0.66,0.6611701,4
2025-06-13,5,0.66,0.66,0.6738752,4
2025-06-13,20,0.76,0.66,0.7007691,4
2025-06-16,1,0.67,0.68,0.68260586,4
2025-06-16,5,0.66,0.68,0.69277006,4
2025-06-16,20,0.75,0.68,0.71970284,4
2025-06-17,1,0.65,0.67,0.67300415,4
2025-06-17,5,0.65,0.67,0.6814879,4
2025-06-17,20,0.77,0.67,0.7095425,4
2025-06-18,1,0.65,0.65,0.6502787,4
2025-06-18,5,0.67,0.65,0.6576456,4
2025-06-18,20,0.76,0.65,0.68130827,4
2025-06-19,1,0.66,0.65,0.6506747,4
2025-06-19,5,0.71,0.65,0.6572162,4
2025-06-19,20,0.76,0.65,0.6754459,4
2025-06-20,1,0.66,0.66,0.66062784,4
2025-06-20,5,0.71,0.66,0.66622645,4
2025-06-20,20,0.75,0.66,0.6819849,4
2025-06-23,1,0.65,0.66,0.6603385,4
2025-06-23,5,0.69,0.66,0.6650971,4
2025-06-23,20,0.72,0.66,0.67818564,4
2025-06-24,1,0.67,0.65,0.6495693,4
2025-06-24,5,0.69,0.65,0.6551671,4
2025-06-24,20,0.72,0.65,0.6685437,4
2025-06-25,1,0.71,0.67,0.67039454,4
2025-06-25,5,0.7,0.67,0.6796982,4
2025-06-25,20,0.74,0.67,0.6950052,4
2025-06-26,1,0.71,0.71,0.7103455,4
2025-06-26,5,0.69,0.71,0.7178822,4
2025-06-26,20,0.72,0.71,0.7378819,4
2025-06-27,1,0.69,0.71,0.71011704,4
2025-06-27,5,0.68,0.71,0.7185557,4
2025-06-27,20,0.71,0.71,0.74567705,4
2025-06-30,1,0.69,0.69,0.69119346,4
2025-06-30,5,0.71,0.69,0.6971814,4
2025-06-30,20,0.71,0.69,0.72251,4
2025-07-01,1,0.7,0.69,0.69088054,4
2025-07-01,5,0.73,0.69,0.7001081,4
2025-07-01,20,0.7,0.69,0.72214204,4
2025-07-02,1,0.69,0.7,0.7017786,4
2025-07-02,5,0.71,0.7,0.7101233,4
2025-07-02,20,0.69,0.7,0.73139966,4
2025-07-03,1,0.68,0.69,0.69218135,4
2025-07-03,5,0.71,0.69,0.69845104,4
2025-07-03,20,0.69,0.69,0.7174345,4
2025-07-04,1,0.71,0.68,0.68324643,4
2025-07-04,5,0.76,0.68,0.69023675,4
2025-07-04,20,0.69,0.68,0.70698917,4
2025-07-07,1,0.73,0.71,0.7123602,4
2025-07-07,5,0.75,0.71,0.71934325,4
2025-07-07,20,0.69,0.71,0.7362979,4
2025-07-08,1,0.71,0.73,0.73167807,4
2025-07-08,5,0.77,0.73,0.7337728,4
2025-07-08,20,0.69,0.73,0.75102866,4
2025-07-09,1,0.71,0.71,0.710553,4
2025-07-09,5,0.76,0.71,0.71145827,4
2025-07-09,20,0.7,0.71,0.72964656,4
2025-07-10,1,0.76,0.71,0.70855355,4
2025-07-10,5,0.76,0.71,0.7123012,4
2025-07-10,20,0.7,0.71,0.7254513,4
2025-07-11,1,0.75,0.76,0.7596358,4
2025-07-11,5,0.75,0.76,0.76351184,4
2025-07-11,20,0.72,0.76,0.7738407,4
2025-07-14,1,0.77,0.75,0.7505491,4
2025-07-14,5,0.72,0.75,0.75024724,4
2025-07-14,20,0.71,0.75,0.76585096,4
2025-07-15,1,0.76,0.77,0.7699181,4
2025-07-15,5,0.72,0.77,0.77062523,4
2025-07-15,20,0.73,0.77,0.7823614,4
2025-07-16,1,0.76,0.76,0.76123774,4
2025-07-16,5,0.74,0.76,0.75908625,4
2025-07-16,20,0.71,0.76,0.77149713,4
2025-07-17,1,0.75,0.76,0.7595422,4
2025-07-17,5,0.72,0.76,0.7610015,4
2025-07-17,20,0.72,0.76,0.77377737,4
2025-07-18,1,0.72,0.75,0.7496178,4
2025-07-18,5,0.71,0.75,0.7503425,4
2025-07-18,20,0.74,0.75,0.7605537,4
2025-07-21,1,0.72,0.72,0.719551,4
2025-07-21,5,0.71,0.72,0.7233555,4
2025-07-21,20,0.75,0.72,0.7313547,4
2025-07-22,1,0.74,0.72,0.720028,4
2025-07-22,5,0.7,0.72,0.72756296,4
2025-07-22,20,0.74,0.72,0.7323195,4
2025-07-23,1,0.72,0.74,0.7405927,4
2025-07-23,5,0.69,0.74,0.7491486,4
2025-07-23,20,0.75,0.74,0.7550846,4
2025-07-24,1,0.71,0.72,0.7215089,4
2025-07-24,5,0.69,0.72,0.7260894,4
2025-07-24,20,0.75,0.72,0.732776,4
2025-07-25,1,0.71,0.71,0.71058685,4
2025-07-25,5,0.69,0.71,0.70789224,4
2025-07-25,20,0.74,0.71,0.6919714,4
2025-07-28,1,0.7,0.71,0.7091607,4
2025-07-28,5,0.69,0.71,0.7078084,4
2025-07-28,20,0.75,0.71,0.69508374,4
2025-07-29,1,0.69,0.7,0.6989323,4
2025-07-29,5,0.69,0.7,0.6950723,4
2025-07-29,20,0.76,0.7,0.67474294,4
2025-07-30,1,0.69,0.69,0.6872246,4
2025-07-30,5,0.7,0.69,0.6860775,4
2025-07-30,20,0.76,0.69,0.6686572,4
2025-07-31,1,0.69,0.69,0.6885539,4
2025-07-31,5,0.7,0.69,0.6841,4
2025-07-31,20,0.73,0.69,0.6588898,4
2025-08-01,1,0.69,0.69,0.6881802,4
2025-08-01,5,0.72,0.69,0.6846016,4
2025-08-01,20,0.74,0.69,0.66056615,4
2025-08-04,1,0.69,0.69,0.68706584,4
2025-08-04,5,0.71,0.69,0.69040906,4
2025-08-04,20,0.74,0.69,0.68196595,4
2025-08-05,1,0.7,0.69,0.6888106,4
2025-08-05,5,0.73,0.69,0.6918381,4
2025-08-05,20,0.78,0.69,0.6876911,4
2025-08-06,1,0.7,0.7,0.6996784,4
2025-08-06,5,0.71,0.7,0.7017618,4
2025-08-06,20,0.77,0.7,0.6974955,4
2025-08-07,1,0.72,0.7,0.6999992,4
2025-08-07,5,0.72,0.7,0.7019564,4
2025-08-07,20,0.73,0.7,0.70041835,4
2025-08-08,1,0.71,0.72,0.720281,4
2025-08-08,5,0.74,0.72,0.72110546,4
2025-08-08,20,0.73,0.72,0.7202464,4
2025-08-11,1,0.73,0.71,0.71029174,4
2025-08-11,5,0.75,0.71,0.70820796,4
2025-08-11,20,0.71,0.71,0.7074439,4
2025-08-12,1,0.71,0.73,0.72993475,4
2025-08-12,5,0.74,0.73,0.7288351,4
2025-08-12,20,0.7,0.73,0.7291416,4
2025-08-13,1,0.72,0.71,0.71033275,4
2025-08-13,5,0.75,0.71,0.7116281,4
2025-08-13,20,0.67,0.71,0.7227509,4
2025-08-14,1,0.74,0.72,0.71963364,4
2025-08-14,5,0.75,0.72,0.7239211,4
2025-08-14,20,0.66,0.72,0.73238313,4
2025-08-15,1,0.75,0.74,0.7407578,4
2025-08-15,5,0.74,0.74,0.7423848,4
2025-08-15,20,0.68,0.74,0.7512272,4
2025-08-18,1,0.74,0.75,0.7503649,4
2025-08-18,5,0.75,0.75,0.7493883,4
2025-08-18,20,0.68,0.75,0.755484,4
2025-08-19,1,0.75,0.74,0.7394732,4
2025-08-19,5,0.76,0.74,0.7379903,4
2025-08-19,20,0.7,0.74,0.74273306,4
2025-08-20,1,0.75,0.75,0.74700135,4
2025-08-20,5,0.76,0.75,0.7440517,4
2025-08-20,20,0.69,0.75,0.73827124,4
2025-08-21,1,0.74,0.75,0.7472686,4
2025-08-21,5,0.73,0.75,0.7463947,4
2025-08-21,20,0.71,0.75,0.7441377,4
2025-08-22,1,0.75,0.74,0.7395361,4
2025-08-22,5,0.74,0.74,0.7401049,4
2025-08-22,20,0.74,0.74,0.74519193,4
2025-08-25,1,0.76,0.75,0.7493591,4
2025-08-25,5,0.74,0.75,0.75622743,4
2025-08-25,20,0.74,0.75,0.7677527,4
2025-08-26,1,0.76,0.76,0.7607612,4
2025-08-26,5,0.78,0.76,0.7677767,4
2025-08-26,20,0.74,0.76,0.7837669,4
2025-08-27,1,0.73,0.76,0.7603137,4
2025-08-27,5,0.77,0.76,0.76720244,4
2025-08-27,20,0.75,0.76,0.786243,4
2025-08-28,1,0.74,0.73,0.7308435,4
2025-08-28,5,0.73,0.73,0.73976564,4
2025-08-28,20,0.73,0.73,0.76296496,4
2025-08-29,1,0.74,0.74,0.7422287,4
2025-08-29,5,0.73,0.74,0.75505126,4
2025-08-29,20,0.73,0.74,0.7749485,4
2025-09-01,1,0.78,0.74,0.7421119,4
2025-09-01,5,0.71,0.74,0.75173616,4
2025-09-01,20,0.7,0.74,0.77021235,4
2025-09-02,1,0.77,0.78,0.78195226,4
2025-09-02,5,0.7,0.78,0.7907338,4
2025-09-02,20,0.7,0.78,0.8095575,4
2025-09-03,1,0.73,0.77,0.77152085,4
2025-09-03,5,0.67,0.77,0.7747329,4
2025-09-03,20,0.73,0.77,0.7964434,4
2025-09-04,1,0.73,0.73,0.7296803,4
2025-09-04,5,0.66,0.73,0.7349078,4
2025-09-04,20,0.73,0.73,0.7538134,4
2025-09-05,1,0.71,0.73,0.7302357,4
2025-09-05,5,0.68,0.73,0.7384747,4
2025-09-05,20,0.74,0.73,0.75182927,4
2025-09-08,1,0.7,0.71,0.70987546,4
2025-09-08,5,0.68,0.71,0.71960604,4
2025-09-08,20,0.74,0.71,0.73543215,4
2025-09-09,1,0.67,0.7,0.7010719,4
2025-09-09,5,0.7,0.7,0.7135634,4
2025-09-09,20,0.74,0.7,0.7303024,4
2025-09-10,1,0.66,0.67,0.6724122,4
2025-09-10,5,0.69,0.67,0.6824271,4
2025-09-10,20,0.73,0.67,0.6949174,4
2025-09-11,1,0.68,0.66,0.6619993,4
2025-09-11,5,0.71,0.66,0.6729773,4
2025-09-11,20,0.73,0.66,0.6810343,4
2025-09-12,1,0.68,0.68,0.68216276,4
2025-09-12,5,0.74,0.68,0.6943318,4
2025-09-12,20,0.71,0.68,0.7049052,4
2025-09-15,1,0.7,0.68,0.68278474,4
2025-09-15,5,0.74,0.68,0.69084686,4
2025-09-15,20,0.71,0.68,0.7027702,4
2025-09-16,1,0.69,0.7,0.7022369,4
2025-09-16,5,0.74,0.7,0.71128935,4
2025-09-16,20,0.71,0.7,0.72469443,4
2025-09-17,1,0.71,0.69,0.692146,4
2025-09-17,5,0.75,0.69,0.7006699,4
2025-09-17,20,0.7,0.69,0.71952397,4
2025-09-18,1,0.74,0.71,0.7122562,4
2025-09-18,5,0.73,0.71,0.71863204,4
2025-09-18,20,0.7,0.71,0.73430103,4
2025-09-19,1,0.74,0.74,0.7436484,4
2025-09-19,5,0.73,0.74,0.7519966,4
2025-09-19,20,0.72,0.74,0.765957,4
2025-09-22,1,0.74,0.74,0.7424114,4
2025-09-22,5,0.7,0.74,0.750417,4
2025-09-22,20,0.69,0.74,0.77129567,4
2025-09-23,1,0.75,0.74,0.7421351,4
2025-09-23,5,0.7,0.74,0.74905264,4
2025-09-23,20,0.69,0.74,0.76962715,4
2025-09-24,1,0.73,0.75,0.75115955,4
2025-09-24,5,0.73,0.75,0.7588397,4
2025-09-24,20,0.69,0.75,0.77967805,4
2025-09-25,1,0.73,0.73,0.7314337,4
2025-09-25,5,0.73,0.73,0.73536664,4
2025-09-25,20,0.7,0.73,0.7542941,4
2025-09-26,1,0.7,0.73,0.73148626,4
2025-09-26,5,0.74,0.73,0.7354423,4
2025-09-26,20,0.71,0.73,0.7465611,4
2025-09-29,1,0.7,0.7,0.70119506,4
2025-09-29,5,0.74,0.7,0.70472324,4
2025-09-29,20,0.69,0.7,0.7121052,4
2025-09-30,1,0.73,0.7,0.70084935,4
2025-09-30,5,0.74,0.7,0.7087294,4
2025-09-30,20,0.68,0.7,0.7129515,4
2025-10-01,1,0.73,0.73,0.7313668,4
2025-10-01,5,0.73,0.73,0.7386921,4
2025-10-01,20,0.72,0.73,0.74345225,4
2025-10-02,1,0.74,0.73,0.72937095,4
2025-10-02,5,0.73,0.73,0.7348642,4
2025-10-02,20,0.71,0.73,0.7455664,4
2025-10-03,1,0.74,0.74,0.7398302,4
2025-10-03,5,0.71,0.74,0.74584484,4
2025-10-03,20,0.72,0.74,0.7606369,4
2025-10-06,1,0.74,0.74,0.74067646,4
2025-10-06,5,0.71,0.74,0.74520737,4
2025-10-06,20,0.73,0.74,0.7592523,4
2025-10-07,1,0.73,0.74,0.7415604,4
2025-10-07,5,0.71,0.74,0.74428374,4
2025-10-07,20,0.72,0.74,0.75515145,4
2025-10-08,1,0.73,0.73,0.73026484,4
2025-10-08,5,0.7,0.73,0.73569787,4
2025-10-08,20,0.74,0.73,0.7503224,4
2025-10-09,1,0.71,0.73,0.7305616,4
2025-10-09,5,0.7,0.73,0.737252,4
2025-10-09,20,0.71,0.73,0.7523095,4
2025-10-10,1,0.71,0.71,0.71058995,4
2025-10-10,5,0.72,0.71,0.7151594,4
2025-10-10,20,0.73,0.71,0.72783065,4
2025-10-13,1,0.71,0.71,0.7095933,4
2025-10-13,5,0.69,0.71,0.7179132,4
2025-10-13,20,0.72,0.71,0.73053676,4
2025-10-14,1,0.7,0.71,0.7106329,4
2025-10-14,5,0.69,0.71,0.7183382,4
2025-10-14,20,0.72,0.71,0.7300126,4
2025-10-15,1,0.7,0.7,0.7001451,4
2025-10-15,5,0.69,0.7,0.7060059,4
2025-10-15,20,0.69,0.7,0.7156187,4
2025-10-16,1,0.72,0.7,0.70133346,4
2025-10-16,5,0.7,0.7,0.7072835,4
2025-10-16,20,0.71,0.7,0.7147125,4
2025-10-17,1,0.69,0.72,0.7177592,4
2025-10-17,5,0.71,0.72,0.7178438,4
2025-10-17,20,0.74,0.72,0.70378387,4
2025-10-20,1,0.69,0.69,0.6882228,4
2025-10-20,5,0.69,0.69,0.6847431,4
2025-10-20,20,0.74,0.69,0.6681297,4
2025-10-21,1,0.69,0.69,0.68922484,4
2025-10-21,5,0.68,0.69,0.68845403,4
2025-10-21,20,0.76,0.69,0.67281556,4
2025-10-22,1,0.7,0.69,0.69091344,4
2025-10-22,5,0.72,0.69,0.6904303,4
2025-10-22,20,0.76,0.69,0.6778005,4
2025-10-23,1,0.71,0.7,0.7011959,4
2025-10-23,5,0.71,0.7,0.7013336,4
2025-10-23,20,0.75,0.7,0.6925406,4
2025-10-24,1,0.69,0.71,0.7116358,4
2025-10-24,5,0.72,0.71,0.7105345,4
2025-10-24,20,0.76,0.71,0.70472354,4
2025-10-27,1,0.68,0.69,0.69041324,4
2025-10-27,5,0.73,0.69,0.6879711,4
2025-10-27,20,0.75,0.69,0.68214345,4
2025-10-28,1,0.72,0.68,0.6798885,4
2025-10-28,5,0.72,0.68,0.67866135,4
2025-10-28,20,0.75,0.68,0.6684203,4
2025-10-29,1,0.71,0.72,0.7199434,4
2025-10-29,5,0.74,0.72,0.72086287,4
2025-10-29,20,0.73,0.72,0.70988524,4
2025-10-30,1,0.72,0.71,0.7107059,4
2025-10-30,5,0.71,0.71,0.70574415,4
2025-10-30,20,0.72,0.71,0.6921453,4
2025-10-31,1,0.73,0.72,0.722166,4
2025-10-31,5,0.73,0.72,0.7242029,4
2025-10-31,20,0.73,0.72,0.70870656,4
2025-11-03,1,0.72,0.73,0.73133236,4
2025-11-03,5,0.72,0.73,0.73280054,4
2025-11-03,20,0.76,0.73,0.72638124,4
2025-11-04,1,0.74,0.72,0.72081524,4
2025-11-04,5,0.72,0.72,0.7214968,4
2025-11-04,20,0.78,0.72,0.72241855,4
2025-11-05,1,0.71,0.74,0.73979676,4
2025-11-05,5,0.69,0.74,0.74159664,4
2025-11-05,20,0.79,0.74,0.73950326,4
2025-11-06,1,0.73,0.71,0.7107073,4
2025-11-06,5,0.71,0.71,0.7088054,4
2025-11-06,20,0.8,0.71,0.7086101,4
2025-11-07,1,0.72,0.73,0.7298161,4
2025-11-07,5,0.74,0.73,0.7335285,4
2025-11-07,20,0.78,0.73,0.7321679,4
2025-11-10,1,0.72,0.72,0.7200201,4
2025-11-10,5,0.74,0.72,0.7244558,4
2025-11-10,20,0.78,0.72,0.72769773,4
2025-11-11,1,0.69,0.72,0.7213256,4
2025-11-11,5,0.76,0.72,0.72638446,4
2025-11-11,20,0.77,0.72,0.72949183,4
2025-11-12,1,0.71,0.69,0.69118077,4
2025-11-12,5,0.76,0.69,0.69625944,4
2025-11-12,20,0.79,0.69,0.702689,4
2025-11-13,1,0.74,0.71,0.71118623,4
2025-11-13,5,0.75,0.71,0.7200681,4
2025-11-13,20,0.8,0.71,0.7279358,4
2025-11-14,1,0.74,0.74,0.74104816,4
2025-11-14,5,0.76,0.74,0.7462973,4
2025-11-14,20,0.82,0.74,0.75569564,4
2025-11-17,1,0.76,0.74,0.7406148,4
2025-11-17,5,0.75,0.74,0.74290043,4
2025-11-17,20,0.83,0.74,0.7559688,4
2025-11-18,1,0.76,0.76,0.75925034,4
2025-11-18,5,0.75,0.76,0.7623865,4
2025-11-18,20,0.82,0.76,0.7766496,4
2025-11-19,1,0.75,0.76,0.7602472,4
2025-11-19,5,0.73,0.76,0.7674678,4
2025-11-19,20,0.82,0.76,0.79270834,4
2025-11-20,1,0.76,0.75,0.75075114,4
2025-11-20,5,0.72,0.75,0.7572568,4
2025-11-20,20,0.81,0.75,0.7821786,4
2025-11-21,1,0.75,0.76,0.7603453,4
2025-11-21,5,0.73,0.76,0.76807773,4
2025-11-21,20,0.86,0.76,0.79151255,4
2025-11-24,1,0.75,0.75,0.7498355,4
2025-11-24,5,0.76,0.75,0.7580081,4
2025-11-24,20,0.86,0.75,0.7832332,4
2025-11-25,1,0.73,0.75,0.75068635,4
2025-11-25,5,0.78,0.75,0.76049143,4
2025-11-25,20,0.85,0.75,0.7839864,4
2025-11-26,1,0.72,0.73,0.73081833,4
2025-11-26,5,0.79,0.73,0.7413338,4
2025-11-26,20,0.83,0.73,0.7648896,4
2025-11-27,1,0.73,0.72,0.7221614,4
2025-11-27,5,0.8,0.72,0.73525554,4
2025-11-27,20,0.83,0.72,0.7560078,4
2025-11-28,1,0.76,0.73,0.7322864,4
2025-11-28,5,0.78,0.73,0.7432427,4
2025-11-28,20,0.83,0.73,0.7569823,4
2025-12-01,1,0.78,0.76,0.7625567,4
2025-12-01,5,0.78,0.76,0.772945,4
2025-12-01,20,0.83,0.76,0.7898814,4
2025-12-02,1,0.79,0.78,0.78300387,4
2025-12-02,5,0.77,0.78,0.78907895,4
2025-12-02,20,0.83,0.78,0.81078064,4
2025-12-03,1,0.8,0.79,0.7913599,4
2025-12-03,5,0.79,0.79,0.7965538,4
2025-12-03,20,0.84,0.79,0.8221152,4
2025-12-04,1,0.78,0.8,0.80064297,4
2025-12-04,5,0.8,0.8,0.8081117,4
2025-12-04,20,0.84,0.8,0.8376274,4
2025-12-05,1,0.78,0.78,0.78176767,4
2025-12-05,5,0.82,0.78,0.78757644,4
2025-12-05,20,0.86,0.78,0.816917,4
2025-12-08,1,0.77,0.78,0.7828383,4
2025-12-08,5,0.83,0.78,0.7914038,4
2025-12-08,20,0.85,0.78,0.8136547,4
2025-12-09,1,0.79,0.77,0.7730097,4
2025-12-09,5,0.82,0.77,0.7804889,4
2025-12-09,20,0.84,0.77,0.8024716,4
2025-12-10,1,0.8,0.79,0.7925766,4
2025-12-10,5,0.82,0.79,0.79984975,4
2025-12-10,20,0.83,0.79,0.8203182,4
2025-12-11,1,0.82,0.8,0.8004677,4
2025-12-11,5,0.81,0.8,0.80803156,4
2025-12-11,20,0.83,0.8,0.8331706,4
2025-12-12,1,0.83,0.82,0.8255747,4
2025-12-12,5,0.86,0.82,0.8375358,4
2025-12-12,20,0.83,0.82,0.851852,4
2025-12-15,1,0.82,0.83,0.83452904,4
2025-12-15,5,0.86,0.83,0.84394014,4
2025-12-15,20,0.84,0.83,0.8642669,4
2025-12-16,1,0.82,0.82,0.8230066,4
2025-12-16,5,0.85,0.82,0.8319515,4
2025-12-16,20,0.86,0.82,0.8538871,4
2025-12-17,1,0.81,0.82,0.82204527,4
2025-12-17,5,0.83,0.82,0.8322262,4
2025-12-17,20,0.83,0.82,0.85325646,4
2025-12-18,1,0.86,0.81,0.81203496,4
2025-12-18,5,0.83,0.81,0.82054,4
2025-12-18,20,0.82,0.81,0.84180886,4
2025-12-19,1,0.86,0.86,0.86146814,4
2025-12-19,5,0.83,0.86,0.8719343,4
2025-12-19,20,0.83,0.86,0.89296633,4
2025-12-22,1,0.85,0.86,0.8613298,4
2025-12-22,5,0.83,0.86,0.86712366,4
2025-12-22,20,0.85,0.86,0.8929851,4
2025-12-23,1,0.83,0.85,0.851672,4
2025-12-23,5,0.83,0.85,0.8591717,4
2025-12-23,20,0.87,0.85,0.88430774,4
2025-12-24,1,0.83,0.83,0.8322143,4
2025-12-24,5,0.84,0.83,0.84126574,4
2025-12-24,20,0.86,0.83,0.8642994,4
2025-12-25,1,0.83,0.83,0.8321802,4
2025-12-25,5,0.84,0.83,0.84356743,4
2025-12-25,20,0.84,0.83,0.86532176,4
2025-12-26,1,0.83,0.83,0.83226687,4
2025-12-26,5,0.86,0.83,0.84288967,4
2025-12-26,20,0.81,0.83,0.86555773,4
2025-12-29,1,0.83,0.83,0.83195937,4
2025-12-29,5,0.85,0.83,0.8421404,4
2025-12-29,20,0.8,0.83,0.86491483,4
2025-12-30,1,0.84,0.83,0.83151734,4
2025-12-30,5,0.84,0.83,0.84138733,4
2025-12-30,20,0.83,0.83,0.8647412,4
2025-12-31,1,0.84,0.84,0.8420405,4
2025-12-31,5,0.83,0.84,0.85072845,4
2025-12-31,20,0.84,0.84,0.87246233,4
2026-01-01,1,0.86,0.84,0.84215575,4
2026-01-01,5,0.83,0.84,0.84806865,4
2026-01-01,20,0.84,0.84,0.8676508,4
2026-01-02,1,0.85,0.86,0.8615459,4
2026-01-02,5,0.83,0.86,0.86802626,4
2026-01-02,20,0.86,0.86,0.887328,4
2026-01-05,1,0.84,0.85,0.8507792,4
2026-01-05,5,0.84,0.85,0.85533106,4
2026-01-05,20,0.86,0.85,0.87655514,4
2026-01-06,1,0.83,0.84,0.84029925,4
2026-01-06,5,0.86,0.84,0.8458449,4
2026-01-06,20,0.86,0.84,0.8647157,4
2026-01-07,1,0.83,0.83,0.8308673,4
2026-01-07,5,0.83,0.83,0.83671516,4
2026-01-07,20,0.85,0.83,0.85208964,4
2026-01-08,1,0.83,0.83,0.8300691,4
2026-01-08,5,0.82,0.83,0.8360132,4
2026-01-08,20,0.85,0.83,0.84672534,4
2026-01-09,1,0.84,0.83,0.8305558,4
2026-01-09,5,0.83,0.83,0.8325666,4
2026-01-09,20,0.85,0.83,0.8348438,4
2026-01-12,1,0.86,0.84,0.839663,4
2026-01-12,5,0.85,0.84,0.84170246,4
2026-01-12,20,0.85,0.84,0.84190875,4
2026-01-13,1,0.83,0.86,0.859837,4
2026-01-13,5,0.87,0.86,0.8621913,4
2026-01-13,20,0.83,0.86,0.8634712,4
2026-01-14,1,0.82,0.83,0.8288077,4
2026-01-14,5,0.86,0.83,0.83004224,4
2026-01-14,20,0.82,0.83,0.83373684,4
2026-01-15,1,0.83,0.82,0.8196381,4
2026-01-15,5,0.84,0.82,0.82413906,4
2026-01-15,20,0.79,0.82,0.82586014,4
2026-01-16,1,0.85,0.83,0.83031416,4
2026-01-16,5,0.81,0.83,0.83282083,4
2026-01-16,20,0.78,0.83,0.82815427,4
2026-01-19,1,0.87,0.85,0.85062146,4
2026-01-19,5,0.8,0.85,0.84738594,4
2026-01-19,20,0.78,0.85,0.83236027,4
2026-01-20,1,0.86,0.87,0.8696,4
2026-01-20,5,0.83,0.87,0.8668138,4
2026-01-20,20,0.78,0.87,0.85320586,4
2026-01-21,1,0.84,0.86,0.8599817,4
2026-01-21,5,0.84,0.86,0.85381997,4
2026-01-21,20,0.79,0.86,0.83833814,4
2026-01-22,1,0.81,0.84,0.8380699,4
2026-01-22,5,0.84,0.84,0.8333879,4
2026-01-22,20,0.78,0.84,0.8152744,4
2026-01-23,1,0.8,0.81,0.80865216,4
2026-01-23,5,0.86,0.81,0.8045347,4
2026-01-23,20,0.78,0.81,0.78127176,4
2026-01-26,1,0.83,0.8,0.7995312,4
2026-01-26,5,0.86,0.8,0.7980538,4
2026-01-26,20,0.75,0.8,0.76893604,4
2026-01-27,1,0.84,0.83,0.8295031,4
2026-01-27,5,0.86,0.83,0.8287707,4
2026-01-27,20,0.74,0.83,0.79805577,4
2026-01-28,1,0.84,0.84,0.83986783,4
2026-01-28,5,0.85,0.84,0.83913636,4
2026-01-28,20,0.74,0.84,0.82058555,4
2026-01-29,1,0.86,0.84,0.84035873,4
2026-01-29,5,0.85,0.84,0.8393378,4
2026-01-29,20,0.74,0.84,0.83038396,4
2026-01-30,1,0.86,0.86,0.8599781,4
2026-01-30,5,0.85,0.86,0.8606273,4
2026-01-30,20,0.74,0.86,0.8575123,4
2026-02-02,1,0.86,0.86,0.85943127,4
2026-02-02,5,0.85,0.86,0.8567492,4
2026-02-02,20,0.73,0.86,0.85729903,4
2026-02-03,1,0.85,0.86,0.8592363,4
2026-02-03,5,0.83,0.86,0.85353327,4
2026-02-03,20,0.73,0.86,0.85391283,4
2026-02-04,1,0.85,0.85,0.8492238,4
2026-02-04,5,0.82,0.85,0.8482576,4
2026-02-04,20,0.74,0.85,0.8540059,4
2026-02-05,1,0.85,0.85,0.84989864,4
2026-02-05,5,0.79,0.85,0.85044324,4
2026-02-05,20,0.76,0.85,0.8544277,4
2026-02-06,1,0.85,0.85,0.84876114,4
2026-02-06,5,0.78,0.85,0.8540052,4
2026-02-06,20,0.77,0.85,0.86594886,4
2026-02-09,1,0.83,0.85,0.8504548,4
2026-02-09,5,0.78,0.85,0.85681957,4
2026-02-09,20,0.73,0.85,0.86996883,4
2026-02-10,1,0.82,0.83,0.83131427,4
2026-02-10,5,0.78,0.83,0.8390995,4
2026-02-10,20,0.74,0.83,0.8523235,4
2026-02-11,1,0.79,0.82,0.82106364,4
2026-02-11,5,0.79,0.82,0.8309152,4
2026-02-11,20,0.76,0.82,0.8437539,4
2026-02-12,1,0.78,0.79,0.7921719,4
2026-02-12,5,0.78,0.79,0.80064094,4
2026-02-12,20,0.7,0.79,0.81424284,4
2026-02-13,1,0.78,0.78,0.7810041,4
2026-02-13,5,0.78,0.78,0.7923987,4
2026-02-13,20,0.72,0.78,0.8067689,4
2026-02-16,1,0.78,0.78,0.7813593,4
2026-02-16,5,0.75,0.78,0.7937365,4
2026-02-16,20,0.72,0.78,0.8104962,4
2026-02-17,1,0.79,0.78,0.78209895,4
2026-02-17,5,0.74,0.78,0.79328424,4
2026-02-17,20,0.72,0.78,0.80980194,4
2026-02-18,1,0.78,0.79,0.7916473,4
2026-02-18,5,0.74,0.79,0.7999246,4
2026-02-18,20,0.7,0.79,0.81387043,4
2026-02-19,1,0.78,0.78,0.78208095,4
2026-02-19,5,0.74,0.78,0.78791606,4
2026-02-19,20,0.6,0.78,0.8009273,4
2026-02-20,1,0.75,0.78,0.7814557,4
2026-02-20,5,0.74,0.78,0.7882095,4
2026-02-20,20,0.49,0.78,0.79987067,4
2026-02-23,1,0.74,0.75,0.75138867,4
2026-02-23,5,0.73,0.75,0.75849897,4
2026-02-23,20,0.58,0.75,0.7701259,4
2026-02-24,1,0.74,0.74,0.7410876,4
2026-02-24,5,0.73,0.74,0.75060815,4
2026-02-24,20,0.6,0.74,0.7585959,4
2026-02-25,1,0.74,0.74,0.74141645,4
2026-02-25,5,0.74,0.74,0.7482045,4
2026-02-25,20,0.58,0.74,0.7490553,4
2026-02-26,1,0.74,0.74,0.74146336,4
2026-02-26,5,0.76,0.74,0.74704933,4
2026-02-26,20,0.59,0.74,0.7450646,4
2026-02-27,1,0.73,0.74,0.7401036,4
2026-02-27,5,0.77,0.74,0.74421227,4
2026-02-27,20,0.63,0.74,0.73927236,4
2026-03-02,1,0.73,0.73,0.7300823,4
2026-03-02,5,0.73,0.73,0.7371367,4
2026-03-02,20,0.63,0.73,0.740828,4
2026-03-03,1,0.74,0.73,0.73262614,4
2026-03-03,5,0.74,0.73,0.73644596,4
2026-03-03,20,0.64,0.73,0.74190176,4
2026-03-04,1,0.76,0.74,0.74165255,4
2026-03-04,5,0.76,0.74,0.7446428,4
2026-03-04,20,0.68,0.74,0.7464792,4
2026-03-05,1,0.77,0.76,0.7616905,4
2026-03-05,5,0.7,0.76,0.764319,4
2026-03-05,20,0.67,0.76,0.76874876,4
2026-03-06,1,0.73,0.77,0.7708454,4
2026-03-06,5,0.72,0.77,0.7695453,4
2026-03-06,20,0.67,0.77,0.7711014,4
2026-03-09,1,0.74,0.73,0.73051643,4
2026-03-09,5,0.72,0.73,0.7299878,4
2026-03-09,20,0.64,0.73,0.73242116,4
2026-03-10,1,0.76,0.74,0.7403029,4
2026-03-10,5,0.72,0.74,0.74154603,4
2026-03-10,20,0.63,0.74,0.73258924,4
2026-03-11,1,0.7,0.76,0.76014924,4
2026-03-11,5,0.7,0.76,0.75850844,4
2026-03-11,20,0.65,0.76,0.74417365,4
2026-03-12,1,0.72,0.7,0.7007439,4
2026-03-12,5,0.6,0.7,0.6973685,4
2026-03-12,20,0.67,0.7,0.69174534,4
2026-03-13,1,0.72,0.72,0.721427,4
2026-03-13,5,0.49,0.72,0.71605253,4
2026-03-13,20,0.69,0.72,0.6926891,4
2026-03-16,1,0.72,0.72,0.7185274,4
2026-03-16,5,0.58,0.72,0.7113978,4
2026-03-16,20,0.67,0.72,0.67920965,4
2026-03-17,1,0.7,0.72,0.71618754,4
2026-03-17,5,0.6,0.72,0.7089443,4
2026-03-17,20,0.67,0.72,0.6828067,4
2026-03-18,1,0.6,0.7,0.6967416,4
2026-03-18,5,0.58,0.7,0.6965849,4
2026-03-18,20,0.68,0.7,0.67632425,4
2026-03-19,1,0.49,0.6,0.5997938,4
2026-03-19,5,0.59,0.6,0.6003484,4
2026-03-19,20,0.7,0.6,0.5792791,4
2026-03-20,1,0.58,0.49,0.49154842,4
2026-03-20,5,0.63,0.49,0.4941508,4
2026-03-20,20,0.67,0.49,0.45596498,4
2026-03-23,1,0.6,0.58,0.5830809,4
2026-03-23,5,0.63,0.58,0.58075756,4
2026-03-23,20,0.68,0.58,0.51805633,4
2026-03-24,1,0.58,0.6,0.59902817,4
2026-03-24,5,0.64,0.6,0.5994098,4
2026-03-24,20,0.66,0.6,0.5472846,4
2026-03-25,1,0.59,0.58,0.57864004,4
2026-03-25,5,0.68,0.58,0.5729316,4
2026-03-25,20,0.65,0.58,0.52701867,4
2026-03-26,1,0.63,0.59,0.58652353,4
2026-03-26,5,0.67,0.59,0.5814144,4
2026-03-26,20,0.63,0.59,0.5347382,4
2026-03-27,1,0.63,0.63,0.62712175,4
2026-03-27,5,0.67,0.63,0.616988,4
2026-03-27,20,0.64,0.63,0.56114924,4
2026-03-30,1,0.64,0.63,0.6247808,4
2026-03-30,5,0.64,0.63,0.6135253,4
2026-03-30,20,0.67,0.63,0.555318,4
2026-03-31,1,0.68,0.64,0.6330646,4
2026-03-31,5,0.63,0.64,0.6246857,4
2026-03-31,20,0.63,0.64,0.5819084,4
2026-04-01,1,0.67,0.68,0.6727748,4
2026-04-01,5,0.65,0.68,0.66568583,4
2026-04-01,20,0.57,0.68,0.6280689,4
2026-04-02,1,0.67,0.67,0.663899,4
2026-04-02,5,0.67,0.67,0.6553915,4
2026-04-02,20,0.6,0.67,0.62411624,4
2026-04-03,1,0.64,0.67,0.664278,4
2026-04-03,5,0.69,0.67,0.6552462,4
2026-04-03,20,0.59,0.67,0.6210526,4
2026-04-06,1,0.63,0.64,0.63521725,4
2026-04-06,5,0.67,0.64,0.6243846,4
2026-04-06,20,0.57,0.64,0.5817466,4
2026-04-07,1,0.65,0.63,0.6259697,4
2026-04-07,5,0.67,0.63,0.6165663,4
2026-04-07,20,0.59,0.63,0.56615984,4
2026-04-08,1,0.67,0.65,0.6461404,4
2026-04-08,5,0.68,0.65,0.6383488,4
2026-04-08,20,0.6,0.65,0.5837672,4
2026-04-09,1,0.69,0.67,0.6656038,4
2026-04-09,5,0.7,0.67,0.66018397,4
2026-04-09,20,0.59,0.67,0.6150815,4
2026-04-10,1,0.67,0.69,0.6866446,4
2026-04-10,5,0.67,0.69,0.6815042,4
2026-04-10,20,0.61,0.69,0.65380055,4
2026-04-13,1,0.67,0.67,0.6669821,4
2026-04-13,5,0.68,0.67,0.65974224,4
2026-04-13,20,0.61,0.67,0.6379863,4
2026-04-14,1,0.68,0.67,0.66632974,4
2026-04-14,5,0.66,0.67,0.65732867,4
2026-04-14,20,0.62,0.67,0.61828583,4
2026-04-15,1,0.7,0.68,0.67645603,4
2026-04-15,5,0.65,0.68,0.6708549,4
2026-04-15,20,0.62,0.68,0.6366404,4
2026-04-16,1,0.67,0.7,0.69803464,4
2026-04-16,5,0.63,0.7,0.6919709,4
2026-04-16,20,0.6,0.7,0.66798806,4
2026-04-17,1,0.68,0.67,0.67042094,4
2026-04-17,5,0.64,0.67,0.67041326,4
2026-04-17,20,0.63,0.67,0.6769861,4
2026-04-20,1,0.66,0.68,0.6817244,4
2026-04-20,5,0.67,0.68,0.6933373,4
2026-04-20,20,0.63,0.68,0.7180423,4
2026-04-21,1,0.65,0.66,0.6629943,4
2026-04-21,5,0.63,0.66,0.6687388,4
2026-04-21,20,0.66,0.66,0.6870443,4
2026-04-22,1,0.63,0.65,0.6534846,4
2026-04-22,5,0.57,0.65,0.6573084,4
2026-04-22,20,0.65,0.65,0.6647377,4
2026-04-23,1,0.64,0.63,0.6323139,4
2026-04-23,5,0.6,0.63,0.63541573,4
2026-04-23,20,0.63,0.63,0.636536,4
2026-04-24,1,0.67,0.64,0.6425975,4
2026-04-24,5,0.59,0.64,0.6436262,4
2026-04-24,20,0.61,0.64,0.63647795,4
2026-04-27,1,0.63,0.67,0.67050475,4
2026-04-27,5,0.57,0.67,0.67234814,4
2026-04-27,20,0.62,0.67,0.6658746,4
2026-04-28,1,0.57,0.63,0.63082254,4
2026-04-28,5,0.59,0.63,0.631077,4
2026-04-28,20,0.63,0.63,0.6292355,4
2026-04-29,1,0.6,0.57,0.57055545,4
2026-04-29,5,0.6,0.57,0.5683409,4
2026-04-29,20,0.61,0.57,0.554275,4
2026-04-30,1,0.59,0.6,0.6014842,4
2026-04-30,5,0.59,0.6,0.5969104,4
2026-04-30,20,0.6,0.6,0.559637,4
2026-05-01,1,0.57,0.59,0.5897754,4
2026-05-01,5,0.61,0.59,0.5883583,4
2026-05-01,20,0.64,0.59,0.5564555,4
2026-05-04,1,0.59,0.57,0.56984955,4
2026-05-04,5,0.61,0.57,0.5692673,4
2026-05-04,20,0.62,0.57,0.541335,4
2026-05-05,1,0.6,0.59,0.5906843,4
2026-05-05,5,0.62,0.59,0.58602864,4
2026-05-05,20,0.61,0.59,0.5513327,4
2026-05-06,1,0.59,0.6,0.5982534,4
2026-05-06,5,0.62,0.6,0.593835,4
2026-05-06,20,0.62,0.6,0.5611574,4
2026-05-07,1,0.61,0.59,0.585689,4
2026-05-07,5,0.6,0.59,0.58129746,4
2026-05-07,20,0.63,0.59,0.5493805,4
2026-05-08,1,0.61,0.61,0.6071619,4
2026-05-08,5,0.63,0.61,0.5985766,4
2026-05-08,20,0.61,0.61,0.5557625,4
2026-05-11,1,0.62,0.61,0.6051248,4
2026-05-11,5,0.63,0.61,0.59659207,4
2026-05-11,20,0.66,0.61,0.55393726,4
2026-05-12,1,0.62,0.62,0.6161275,4
2026-05-12,5,0.66,0.62,0.6057189,4
2026-05-12,20,0.64,0.62,0.560765,4
2026-05-13,1,0.6,0.62,0.6154218,4
2026-05-13,5,0.65,0.62,0.6031315,4
2026-05-13,20,0.66,0.62,0.54829246,4
2026-05-14,1,0.63,0.6,0.5948759,4
2026-05-14,5,0.63,0.6,0.5834069,4
2026-05-14,20,0.64,0.6,0.5266065,4
2026-05-15,1,0.63,0.63,0.62495035,4
2026-05-15,5,0.61,0.63,0.6137499,4
2026-05-15,20,0.64,0.63,0.54860765,4
2026-05-18,1,0.66,0.63,0.6256748,4
2026-05-18,5,0.62,0.63,0.6119139,4
2026-05-18,20,0.65,0.63,0.54270005,4
2026-05-19,1,0.65,0.66,0.65597934,4
2026-05-19,5,0.63,0.66,0.6427589,4
2026-05-19,20,0.63,0.66,0.5841968,4
2026-05-20,1,0.63,0.65,0.64785475,4
2026-05-20,5,0.61,0.65,0.6366805,4
2026-05-20,20,0.6,0.65,0.59223604,4
2026-05-21,1,0.61,0.63,0.6255588,4
2026-05-21,5,0.6,0.63,0.6171631,4
2026-05-21,20,0.6,0.63,0.57675827,4
2026-05-22,1,0.62,0.61,0.6068264,4
2026-05-22,5,0.64,0.61,0.5984433,4
2026-05-22,20,0.61,0.61,0.55981904,4
2026-05-25,1,0.63,0.62,0.6164381,4
2026-05-25,5,0.62,0.62,0.60791075,4
2026-05-25,20,0.62,0.62,0.5552875,4
2026-05-26,1,0.61,0.63,0.6255254,4
2026-05-26,5,0.61,0.63,0.6169714,4
2026-05-26,20,0.66,0.63,0.55803764,4
2026-05-27,1,0.6,0.61,0.60530704,4
2026-05-27,5,0.62,0.61,0.59941596,4
2026-05-27,20,0.63,0.61,0.56021345,4
2026-05-28,1,0.64,0.6,0.59735376,4
2026-05-28,5,0.63,0.6,0.5936446,4
2026-05-28,20,0.64,0.6,0.5671345,4
2026-05-29,1,0.62,0.64,0.6370102,4
2026-05-29,5,0.61,0.64,0.63278115,4
2026-05-29,20,0.64,0.64,0.5952109,4
2026-06-01,1,0.61,0.62,0.6161551,4
2026-06-01,5,0.66,0.62,0.6101868,4
2026-06-01,20,0.64,0.62,0.5781734,4
2026-06-02,1,0.62,0.61,0.6078545,4
2026-06-02,5,0.64,0.61,0.60081947,4
2026-06-02,20,0.64,0.61,0.57309544,4
