origin_date,horizon,actual,var_aic,naive
2012-01-19,1,1.02,0.9763223855015571,0.98
2012-01-26,1,0.99,1.0020772279623034,1.01
2012-02-02,1,0.9699999999999998,0.94859535335714,0.95
2012-02-09,1,0.9799999999999998,0.9967358604538126,0.9999999999999998
2012-02-16,1,0.9599999999999996,0.9561004296362793,0.9599999999999996
2012-02-23,1,0.95,0.9571334341666689,0.9599999999999996
2012-03-01,1,0.8599999999999999,0.897194228772236,0.8999999999999999
2012-03-08,1,0.8399999999999999,0.8358019372585093,0.8399999999999999
2012-03-15,1,0.9600000000000002,0.9379565273743533,0.94
2012-03-22,1,0.9500000000000002,0.9612341632287745,0.9600000000000002
2012-03-29,1,0.91,0.898638450315739,0.9000000000000001
2012-04-05,1,0.8799999999999999,0.8767893304789396,0.8799999999999999
2012-04-12,1,0.79,0.8146006325778017,0.8199999999999998
2012-04-19,1,0.71,0.7082335499615449,0.71
2012-04-26,1,0.6599999999999999,0.6777175563140043,0.6799999999999997
2012-05-03,1,0.77,0.6963987417864531,0.7
2012-05-10,1,0.6699999999999999,0.7458176154918947,0.75
2012-05-17,1,0.6699999999999999,0.6586501307705833,0.6599999999999999
2012-05-24,1,0.73,0.7181680758333534,0.7200000000000002
2012-05-31,1,0.7400000000000001,0.6799078323273771,0.6799999999999999
2012-06-07,1,0.77,0.7568969891891549,0.76
2012-06-14,1,0.76,0.7483468048876092,0.75
2012-06-21,1,0.74,0.7006257631050425,0.7
2012-06-28,1,0.71,0.7204187708619058,0.72
2012-07-05,1,0.71,0.6993119819202659,0.7
2012-07-12,1,0.6499999999999999,0.6575298035836646,0.6599999999999999
2012-07-19,1,0.6600000000000001,0.6665487166981835,0.6699999999999999
2012-07-26,1,0.6399999999999999,0.6241009342888836,0.6299999999999999
2012-08-02,1,0.6499999999999999,0.6090385037994432,0.6099999999999999
2012-08-09,1,0.6500000000000001,0.6475264011404559,0.6500000000000001
2012-08-16,1,0.74,0.7179109345383047,0.72
2012-08-23,1,0.6800000000000002,0.687774616174586,0.6900000000000002
2012-08-30,1,0.6200000000000001,0.6379880166419339,0.6400000000000001
2012-09-06,1,0.6700000000000002,0.6755990495362979,0.6800000000000002
2012-09-13,1,0.77,0.7071766326792,0.71
2012-09-20,1,0.7100000000000002,0.7086776725012592,0.7100000000000002
2012-09-27,1,0.6599999999999999,0.6471055056413929,0.6499999999999999
2012-10-04,1,0.6700000000000002,0.6662114586751745,0.6699999999999999
2012-10-11,1,0.6600000000000001,0.6569962117591414,0.6600000000000001
2012-10-18,1,0.75,0.7690743618041899,0.7699999999999998
2012-10-25,1,0.72,0.7481548298851067,0.75
2012-11-01,1,0.71,0.7061321211091423,0.71
2012-11-08,1,0.6299999999999999,0.6459403126003157,0.6499999999999999
2012-11-15,1,0.6199999999999999,0.6494496878304047,0.6499999999999999
2012-11-22,1,0.6699999999999999,0.6583867311380742,0.6599999999999999
2012-11-29,1,0.6299999999999999,0.6186281476596821,0.6199999999999999
2012-12-06,1,0.6499999999999999,0.6474883576681405,0.6499999999999999
2012-12-13,1,0.6699999999999999,0.6775537523356859,0.6799999999999999
2012-12-20,1,0.6799999999999999,0.7084405737872879,0.7100000000000002
2012-12-27,1,0.6400000000000001,0.6484708570016331,0.6500000000000001
2013-01-03,1,0.73,0.7283322661758891,0.73
2013-01-10,1,0.75,0.7683616793858536,0.77
2013-01-17,1,0.74,0.7472757734077782,0.75
2013-01-24,1,0.81,0.7696617153864745,0.7699999999999998
2013-01-31,1,0.8500000000000001,0.8270548623845758,0.8300000000000001
2013-02-07,1,0.8599999999999999,0.839214563523794,0.8400000000000001
2013-02-14,1,0.8799999999999999,0.8679621665122136,0.8700000000000001
2013-02-21,1,0.8699999999999999,0.8705517108949992,0.8699999999999999
2013-02-28,1,0.8600000000000001,0.8798955182213802,0.8800000000000001
2013-03-07,1,0.95,0.9178172250906594,0.92
2013-03-14,1,0.8999999999999999,0.9483473962737469,0.95
2013-03-21,1,0.8300000000000001,0.8359631562518868,0.8400000000000001
2013-03-28,1,0.76,0.7589516325138448,0.76
2013-04-04,1,0.77,0.7976913103770622,0.8
2013-04-11,1,0.79,0.7966081069953012,0.8
2013-04-18,1,0.77,0.7573771175304648,0.76
2013-04-25,1,0.7699999999999999,0.7854830267690353,0.79
2013-05-02,1,0.81,0.7585752855446478,0.7599999999999999
2013-05-09,1,0.8799999999999999,0.8278563444443489,0.8300000000000001
2013-05-16,1,0.91,0.8682329625211409,0.8699999999999999
2013-05-23,1,0.92,0.9168862584576192,0.92
2013-05-30,1,0.98,0.9867107607778424,0.9899999999999998
2013-06-06,1,1.02,0.9847074936764874,0.99
2013-06-13,1,1.02,1.0157804827185142,1.02
2013-06-20,1,1.2200000000000002,1.1470847124311745,1.14
2013-06-27,1,1.22,1.2174058561407433,1.22
2013-07-04,1,1.3199999999999998,1.2287095924456586,1.2300000000000002
2013-07-11,1,1.2900000000000005,1.3015697406705318,1.31
2013-07-18,1,1.2799999999999998,1.3094688120940596,1.3099999999999998
2013-07-25,1,1.3000000000000005,1.306859681068046,1.31
2013-08-01,1,1.3300000000000003,1.3632426028077491,1.36
2013-08-08,1,1.35,1.3475497178012423,1.3500000000000003
2013-08-15,1,1.5000000000000002,1.4725634969716144,1.4700000000000002
2013-08-22,1,1.5,1.5438022973290728,1.5400000000000005
2013-08-29,1,1.42,1.409997515235304,1.41
2013-09-05,1,1.4699999999999998,1.5118794653830712,1.5099999999999998
2013-09-12,1,1.4799999999999998,1.4996538199188967,1.4999999999999998
2013-09-19,1,1.47,1.4767541497921628,1.4800000000000002
2013-09-26,1,1.35,1.3606517859698177,1.36
2013-10-03,1,1.39,1.3588484321294914,1.36
2013-10-10,1,1.38,1.3791949312216891,1.38
2013-10-17,1,1.35,1.3763441767345619,1.38
2013-10-24,1,1.33,1.3308304223409968,1.3299999999999998
2013-10-31,1,1.38,1.3181570062125978,1.3199999999999998
2013-11-07,1,1.4700000000000002,1.4204051399534154,1.42
2013-11-14,1,1.44,1.4585886248784585,1.46
2013-11-21,1,1.5,1.553855077649665,1.5499999999999998
2013-11-28,1,1.4499999999999995,1.4494125370662823,1.45
2013-12-05,1,1.6,1.5877876956031343,1.59
2013-12-12,1,1.56,1.5611349097550873,1.56
2013-12-19,1,1.5599999999999998,1.5606352219105473,1.5600000000000005
2013-12-26,1,1.64,1.5894307076623349,1.5900000000000003
2014-01-02,1,1.61,1.6080356047593296,1.6100000000000003
2014-01-09,1,1.54,1.5799702202096442,1.58
2014-01-16,1,1.48,1.4774894105333491,1.48
2014-01-23,1,1.43,1.439921480842157,1.4400000000000002
2014-01-30,1,1.39,1.3996298978802617,1.4
2014-02-06,1,1.41,1.4503105997753343,1.4500000000000002
2014-02-13,1,1.45,1.4277661539953597,1.4300000000000002
2014-02-20,1,1.4,1.4410092372961216,1.44
2014-02-27,1,1.42,1.4195454249768706,1.4200000000000002
2014-03-06,1,1.47,1.4479727429296274,1.45
2014-03-13,1,1.38,1.3651833392211334,1.37
2014-03-20,1,1.41,1.4313811014765319,1.43
2014-03-27,1,1.37,1.3666879959068974,1.37
2014-04-03,1,1.4,1.4394972847964023,1.44
2014-04-10,1,1.35,1.3785975730617541,1.38
2014-04-17,1,1.38,1.3863693706954046,1.38
2014-04-24,1,1.35,1.348189247467062,1.35
2014-05-01,1,1.28,1.3083395847710309,1.3099999999999998
2014-05-08,1,1.2999999999999998,1.2990370562491418,1.3
2014-05-15,1,1.2199999999999998,1.2279804013657831,1.2299999999999998
2014-05-22,1,1.2499999999999998,1.2703889333118064,1.2699999999999998
2014-05-29,1,1.1900000000000002,1.1994842578736842,1.2
2014-06-05,1,1.2599999999999998,1.267753513040127,1.27
2014-06-12,1,1.22,1.226027415395682,1.2299999999999998
2014-06-19,1,1.16,1.1992204603155743,1.2
2014-06-26,1,1.13,1.1268609837913286,1.13
2014-07-03,1,1.2000000000000002,1.1888186364618223,1.19
2014-07-10,1,1.11,1.1086856932052747,1.11
2014-07-17,1,1.08,1.0669763935883165,1.07
2014-07-24,1,1.0299999999999998,1.0593648396306627,1.06
2014-07-31,1,1.05,1.0584843300212081,1.06
2014-08-07,1,1.01,0.9972785527594529,0.9999999999999998
2014-08-14,1,0.97,0.9880596447792793,0.9899999999999998
2014-08-21,1,0.9799999999999998,0.988530726386255,0.99
2014-08-28,1,0.8899999999999999,0.8973977620709762,0.8999999999999999
2014-09-04,1,0.9999999999999998,0.9998895616901661,1.0
2014-09-11,1,1.0800000000000003,1.0625585139489697,1.0600000000000005
2014-09-18,1,1.08,1.1093594429606404,1.11
2014-09-25,1,1.0300000000000002,1.0286417188366606,1.0299999999999998
2014-10-02,1,0.9700000000000002,1.0001286681633492,1.0
2014-10-09,1,0.9599999999999996,0.9694080812216684,0.9699999999999998
2014-10-16,1,0.98,1.008245099433137,1.0099999999999998
2014-10-23,1,1.0099999999999998,1.0012974296849377,1.0
2014-10-30,1,1.0299999999999998,1.0097536979557362,1.0099999999999998
2014-11-06,1,1.0099999999999998,1.061099870285411,1.06
2014-11-13,1,1.0199999999999998,1.030026586220497,1.03
2014-11-20,1,0.97,1.0077555467935362,1.01
2014-11-27,1,0.9000000000000001,0.9109519312125791,0.91
2014-12-04,1,0.92,0.8996489966083061,0.8999999999999999
2014-12-11,1,0.79,0.8092122505621303,0.81
2014-12-18,1,0.81,0.8389437974392683,0.8400000000000001
2014-12-25,1,0.8399999999999999,0.838926362757775,0.8399999999999999
2015-01-01,1,0.74,0.7788852692524786,0.78
2015-01-08,1,0.71,0.7291036716735064,0.73
2015-01-15,1,0.66,0.6682261982042124,0.6699999999999999
2015-01-22,1,0.91,0.8691023191395567,0.8699999999999999
2015-01-29,1,0.87,0.9259946754641596,0.9200000000000002
2015-02-05,1,0.95,0.9159697844664392,0.9200000000000002
2015-02-12,1,1.0,0.9635920005929413,0.97
2015-02-19,1,1.02,1.0290254367359997,1.03
2015-02-26,1,0.8300000000000001,0.8534468539230292,0.8600000000000001
2015-03-05,1,0.98,0.9001848721845419,0.9
2015-03-12,1,0.93,0.9179780253524384,0.92
2015-03-19,1,0.8400000000000001,0.8388335349746714,0.8400000000000001
2015-03-26,1,0.8500000000000001,0.8470807760030092,0.85
2015-04-02,1,0.8200000000000001,0.8184780570397242,0.8200000000000001
2015-04-09,1,0.8500000000000001,0.8614360402219398,0.8600000000000001
2015-04-16,1,0.7899999999999999,0.7856741662822577,0.7900000000000001
2015-04-23,1,0.7999999999999999,0.8167450008301038,0.82
2015-04-30,1,0.95,0.9120623424385382,0.91
2015-05-07,1,1.04,1.0585620874363295,1.06
2015-05-14,1,1.0699999999999998,1.1302000801889966,1.13
2015-05-21,1,1.09,1.0775194841720592,1.08
2015-05-28,1,1.0500000000000005,1.0391615537956622,1.04
2015-06-04,1,1.1800000000000002,1.159665321687404,1.16
2015-06-11,1,1.16,1.1471367686050171,1.15
2015-06-18,1,1.12,1.1690298891284001,1.17
2015-06-25,1,1.2400000000000002,1.1986791221191313,1.2000000000000002
2015-07-02,1,1.21,1.2628977876900658,1.26
2015-07-09,1,1.18,1.1301002779844964,1.13
2015-07-16,1,1.14,1.1472926758525435,1.15
2015-07-23,1,1.05,1.0824523058077438,1.08
2015-07-30,1,1.03,1.0400623858057914,1.04
2015-08-06,1,0.98,0.9973465620073809,1.0
2015-08-13,1,0.98,0.9912908995986557,0.99
2015-08-20,1,0.94,0.9391025132001168,0.94
2015-08-27,1,1.02,1.047417907574357,1.0499999999999998
2015-09-03,1,1.0,1.0275722336152933,1.03
2015-09-10,1,1.01,1.029169276840649,1.03
2015-09-17,1,1.0,1.0495458110555986,1.05
2015-09-24,1,0.99,0.9488556896865409,0.95
2015-10-01,1,0.8899999999999999,0.9072676688491138,0.91
2015-10-08,1,0.96,0.9597814643811201,0.96
2015-10-15,1,0.93,0.9093799479101649,0.91
2015-10-22,1,0.97,0.929026143170653,0.93
2015-10-29,1,0.97,0.9802315167147123,0.98
2015-11-05,1,1.0499999999999998,1.0192876281062444,1.02
2015-11-12,1,1.04,1.0503172190913166,1.0499999999999998
2015-11-19,1,1.0100000000000002,0.9986323662888806,1.0
2015-11-26,1,0.93,0.9491309676321978,0.95
2015-12-03,1,0.95,0.9712759069615317,0.97
2015-12-10,1,0.93,0.9390098730721586,0.94
2015-12-17,1,0.8899999999999999,0.9104837709079603,0.91
2015-12-24,1,0.8800000000000001,0.8784384351550187,0.8800000000000001
2015-12-31,1,0.91,0.9083762133255129,0.91
2016-01-07,1,0.8700000000000001,0.9086896044921294,0.91
2016-01-14,1,0.8599999999999999,0.9101760500181727,0.91
2016-01-21,1,0.8600000000000001,0.8043437541396254,0.81
2016-01-28,1,0.8,0.8090378192453601,0.81
2016-02-04,1,0.7599999999999999,0.7685229293536965,0.7699999999999999
2016-02-11,1,0.69,0.6380215767942398,0.64
2016-02-18,1,0.6700000000000002,0.680231107263112,0.6800000000000002
2016-02-25,1,0.6799999999999999,0.6370165496067717,0.6399999999999999
2016-03-03,1,0.73,0.7094740427071162,0.71
2016-03-10,1,0.7800000000000001,0.7393809519132618,0.74
2016-03-17,1,0.75,0.7566525592512605,0.76
2016-03-24,1,0.71,0.7101637035682612,0.71
2016-03-31,1,0.7,0.688854969107588,0.69
2016-04-07,1,0.6699999999999999,0.6298544723477678,0.6299999999999999
2016-04-14,1,0.67,0.68885363035939,0.6900000000000001
2016-04-21,1,0.84,0.832142614324425,0.83
2016-04-28,1,0.82,0.8086468071036407,0.8099999999999999
2016-05-05,1,0.79,0.77832333172907,0.7800000000000001
2016-05-12,1,0.72,0.7587046082728603,0.76
2016-05-19,1,0.7300000000000001,0.7211065434640875,0.7200000000000001
2016-05-26,1,0.7000000000000001,0.707741338286964,0.7100000000000001
2016-06-02,1,0.6799999999999999,0.6791081739730813,0.68
2016-06-09,1,0.6300000000000001,0.6693353539236319,0.6699999999999999
2016-06-16,1,0.6000000000000001,0.589300806933476,0.5900000000000001
2016-06-23,1,0.6299999999999999,0.6786050961437127,0.68
2016-06-30,1,0.54,0.5392536485084954,0.54
2016-07-07,1,0.49,0.5091938226148891,0.51
2016-07-14,1,0.5400000000000001,0.507687044528053,0.51
2016-07-21,1,0.53,0.529948492320411,0.5300000000000001
2016-07-28,1,0.49,0.47827607182377413,0.4800000000000001
2016-08-04,1,0.55,0.5084363395592694,0.51
2016-08-11,1,0.49,0.49768012138989565,0.5
2016-08-18,1,0.5100000000000001,0.46743371465839045,0.4700000000000001
2016-08-25,1,0.4800000000000001,0.4787951737167134,0.4800000000000001
2016-09-01,1,0.4700000000000001,0.4392788331952436,0.4399999999999999
2016-09-08,1,0.57,0.5188592955575282,0.5200000000000001
2016-09-15,1,0.61,0.6292033723974654,0.63
2016-09-22,1,0.52,0.5272442501477671,0.5300000000000001
2016-09-29,1,0.48,0.45792258969449157,0.4599999999999999
2016-10-06,1,0.58,0.5697941853685078,0.57
2016-10-13,1,0.63,0.5784914506825295,0.58
2016-10-20,1,0.6099999999999999,0.6200941203628744,0.6199999999999999
2016-10-27,1,0.66,0.6494614949500133,0.65
2016-11-03,1,0.6399999999999999,0.659260940387477,0.6599999999999999
2016-11-10,1,0.8099999999999999,0.8093512312393207,0.8099999999999999
2016-11-17,1,0.9,0.8795995325509254,0.88
2016-11-24,1,0.9,0.90965426036925,0.91
2016-12-01,1,0.8999999999999999,0.9077659178404777,0.91
2016-12-08,1,0.99,0.9291596542715721,0.93
2016-12-15,1,1.0100000000000002,1.0220899325458772,1.02
2016-12-22,1,1.0,0.9854347909352202,0.99
2016-12-29,1,0.98,0.9592177977204038,0.96
2017-01-05,1,0.97,0.948944898205413,0.95
2017-01-12,1,0.92,0.8775151303073824,0.8799999999999999
2017-01-19,1,0.97,0.9602120046676029,0.96
2017-01-26,1,0.98,0.9997379235206877,1.0
2017-02-02,1,1.0,0.988859867505802,0.99
2017-02-09,1,0.92,0.9288265283429398,0.93
2017-02-16,1,0.93,0.9488120501896037,0.95
2017-02-23,1,0.8500000000000001,0.9090433991762474,0.91
2017-03-02,1,0.94,0.9192905335119721,0.92
2017-03-09,1,0.97,0.9897127419804488,0.99
2017-03-16,1,0.96,0.9780809089945925,0.98
2017-03-23,1,0.8899999999999999,0.9193225673179868,0.92
2017-03-30,1,0.8799999999999999,0.888356201807544,0.8899999999999999
2017-04-06,1,0.8300000000000001,0.8292597265746562,0.8300000000000001
2017-04-13,1,0.76,0.7587635119117001,0.76
2017-04-20,1,0.75,0.7385961815573167,0.74
2017-04-27,1,0.8200000000000001,0.8416819458880516,0.8400000000000001
2017-05-04,1,0.86,0.8496683027804682,0.85
2017-05-11,1,0.89,0.8998942457637501,0.9000000000000001
2017-05-18,1,0.7899999999999999,0.7687211868454555,0.7699999999999999
2017-05-25,1,0.73,0.7390487962420113,0.74
2017-06-01,1,0.71,0.729280134684589,0.73
2017-06-08,1,0.6799999999999999,0.7092855512128712,0.71
2017-06-15,1,0.63,0.6196554618378167,0.62
2017-06-22,1,0.58,0.5679613611545808,0.57
2017-06-29,1,0.6599999999999999,0.6184776900043534,0.6199999999999999
2017-07-06,1,0.72,0.6988896594011619,0.7000000000000002
2017-07-13,1,0.71,0.698290008617029,0.7
2017-07-20,1,0.6299999999999999,0.6391047761185397,0.6399999999999999
2017-07-27,1,0.6999999999999997,0.6993855290378652,0.7
2017-08-03,1,0.6799999999999999,0.649728525386897,0.6499999999999999
2017-08-10,1,0.6400000000000001,0.629617593835597,0.6300000000000001
2017-08-17,1,0.6300000000000001,0.6189779477963052,0.6200000000000001
2017-08-24,1,0.6100000000000001,0.6181279309627096,0.6199999999999999
2017-08-31,1,0.5699999999999998,0.5782143989746054,0.5800000000000001
2017-09-07,1,0.47,0.46790926989444265,0.47
2017-09-14,1,0.4899999999999997,0.4891530853592299,0.4899999999999997
2017-09-21,1,0.5099999999999998,0.5296812407606802,0.53
2017-09-28,1,0.5800000000000001,0.5800131862588479,0.5800000000000001
2017-10-05,1,0.5799999999999998,0.5799520378165933,0.5800000000000001
2017-10-12,1,0.4899999999999997,0.5191062613793981,0.52
2017-10-19,1,0.5599999999999998,0.5295647177392645,0.53
2017-10-26,1,0.56,0.5798032444376623,0.5799999999999998
2017-11-02,1,0.51,0.5487991980984479,0.55
2017-11-09,1,0.5,0.478272079331665,0.48
2017-11-16,1,0.49,0.4885017555709568,0.49
2017-11-23,1,0.4499999999999999,0.45950355909120383,0.4599999999999999
2017-11-30,1,0.3799999999999999,0.4593709969341712,0.4599999999999999
2017-12-07,1,0.3500000000000001,0.3599575154423416,0.3600000000000001
2017-12-14,1,0.28,0.28738433095485777,0.29
2017-12-21,1,0.3600000000000001,0.3568244823859666,0.3499999999999998
2017-12-28,1,0.3600000000000001,0.3383692253822584,0.3399999999999998
2018-01-04,1,0.3799999999999999,0.37864724146477163,0.3800000000000001
2018-01-11,1,0.4200000000000001,0.4092068107596851,0.4099999999999999
2018-01-18,1,0.4299999999999999,0.41897014838320956,0.4199999999999999
2018-01-25,1,0.4499999999999997,0.4389565979397112,0.4400000000000001
2018-02-01,1,0.5099999999999998,0.5088859454928076,0.51
2018-02-08,1,0.5700000000000001,0.5297680729251143,0.5299999999999998
2018-02-15,1,0.49,0.5275065278688125,0.53
2018-02-22,1,0.47,0.500276838222949,0.4999999999999998
2018-03-01,1,0.4300000000000001,0.4098453607722654,0.4099999999999999
2018-03-08,1,0.4399999999999999,0.44898657650494017,0.4499999999999999
2018-03-15,1,0.3800000000000001,0.39016267174391484,0.3900000000000001
2018-03-22,1,0.3399999999999998,0.3488219346899865,0.3499999999999998
2018-03-29,1,0.3199999999999998,0.319815071203136,0.3199999999999998
2018-04-05,1,0.3500000000000001,0.3690015703176638,0.3700000000000001
2018-04-12,1,0.3699999999999999,0.38854171154755174,0.3900000000000001
2018-04-19,1,0.4000000000000001,0.40911806298358927,0.4099999999999999
2018-04-26,1,0.4299999999999999,0.43961727882407187,0.4400000000000001
2018-05-03,1,0.4200000000000001,0.4094792598534244,0.4099999999999999
2018-05-10,1,0.4199999999999999,0.4279969503366419,0.4299999999999999
2018-05-17,1,0.4500000000000002,0.4591420186813668,0.4599999999999999
2018-05-24,1,0.3900000000000001,0.41978139460013825,0.4200000000000001
2018-05-31,1,0.3200000000000003,0.32956095999277335,0.33
2018-06-07,1,0.3900000000000001,0.3699823504380365,0.3700000000000001
2018-06-14,1,0.3300000000000003,0.3398014109088377,0.3400000000000001
2018-06-21,1,0.33,0.3193444972238199,0.32
2018-06-28,1,0.26,0.27780088931047503,0.2799999999999998
2018-07-05,1,0.2199999999999999,0.22862885528978455,0.2300000000000002
2018-07-12,1,0.2200000000000002,0.2195542196667185,0.2200000000000002
2018-07-19,1,0.2100000000000002,0.17991354421186476,0.1799999999999999
2018-07-26,1,0.2299999999999999,0.2288557102244103,0.2299999999999999
2018-08-02,1,0.2600000000000002,0.2792453484751507,0.2799999999999998
2018-08-09,1,0.1899999999999999,0.2190511815667701,0.2200000000000002
2018-08-16,1,0.1499999999999999,0.169181530529108,0.1699999999999999
2018-08-23,1,0.1299999999999999,0.12930928303301803,0.1299999999999999
2018-08-30,1,0.1600000000000001,0.16997615695564325,0.1699999999999999
2018-09-06,1,0.1800000000000001,0.16895874944975675,0.1699999999999999
2018-09-13,1,0.2099999999999999,0.17877796243889799,0.1799999999999997
2018-09-20,1,0.25,0.23823101560914522,0.2399999999999997
2018-09-27,1,0.2099999999999999,0.2196971774888018,0.2200000000000002
2018-10-04,1,0.2800000000000002,0.24945032778728246,0.25
2018-10-11,1,0.2200000000000002,0.2199444660583671,0.2200000000000002
2018-10-18,1,0.2000000000000001,0.17971888177598722,0.1800000000000001
2018-10-25,1,0.1300000000000003,0.13939654288058656,0.1400000000000001
2018-11-01,1,0.1799999999999997,0.15861089086418959,0.1600000000000001
2018-11-08,1,0.1699999999999999,0.1791028189723741,0.1800000000000001
2018-11-15,1,0.1399999999999996,0.13932752465772122,0.1399999999999996
2018-11-22,1,0.1099999999999998,0.11829870438665605,0.1199999999999996
2018-11-29,1,0.1099999999999998,0.10927956074371198,0.1099999999999998
2018-12-06,1,0.0699999999999998,0.09068090446722002,0.09
2018-12-13,1,0.08,0.08918556058815823,0.0899999999999998
2018-12-20,1,0.08,0.07937375735259311,0.08
2018-12-27,1,0.0899999999999998,0.08978217432380425,0.09
2019-01-03,1,0.0799999999999998,0.058876304231558874,0.06
2019-01-10,1,0.06,0.06920613076145853,0.07
2019-01-17,1,0.0899999999999998,0.08982072052108792,0.09
2019-01-24,1,0.09,0.0695550642073955,0.0699999999999998
2019-01-31,1,0.1299999999999999,0.10931685968894,0.1099999999999998
2019-02-07,1,0.1099999999999998,0.11067719854926035,0.1100000000000001
2019-02-14,1,0.1099999999999998,0.11025373000333226,0.1099999999999998
2019-02-21,1,0.1099999999999998,0.1192887870879249,0.1199999999999998
2019-02-28,1,0.1699999999999999,0.15926570163570986,0.1599999999999999
2019-03-07,1,0.1100000000000001,0.14007486814765305,0.1399999999999999
2019-03-14,1,0.0899999999999998,0.09935796256503125,0.1
2019-03-21,1,0.06,0.06935900967385351,0.0699999999999998
2019-03-28,1,0.07,0.058810426310071065,0.06
2019-04-04,1,0.1099999999999998,0.1095237682105869,0.1099999999999998
2019-04-11,1,0.1500000000000001,0.1294626085102545,0.1299999999999999
2019-04-18,1,0.1499999999999999,0.1503812506529696,0.1499999999999999
2019-04-25,1,0.1399999999999999,0.1487365318792915,0.1499999999999999
2019-05-02,1,0.1300000000000001,0.13893764350392643,0.1399999999999999
2019-05-09,1,0.09,0.09945376632972254,0.0999999999999998
2019-05-16,1,0.0899999999999998,0.08881169633650077,0.0899999999999998
2019-05-23,1,0.05,0.0608999279461376,0.0599999999999998
2019-05-30,1,0.06,0.028953668244404502,0.03
2019-06-06,1,0.06,0.0783591524275672,0.08
2019-06-13,1,0.05,0.049660768849381046,0.05
2019-06-20,1,0.05,0.048009627741250095,0.05
2019-06-27,1,-0.01,0.029279169296032345,0.03
2019-07-04,1,-0.05,-0.051140234684388185,-0.05
2019-07-11,1,0.02,0.018695945079837406,0.02
2019-07-18,1,0.04,0.050491226568670715,0.05
2019-07-25,1,-0.01,0.01900575403778175,0.02
2019-08-01,1,-0.0899999999999998,-0.07895827031590205,-0.08
2019-08-08,1,-0.1099999999999998,-0.12202106779529524,-0.1200000000000001
2019-08-15,1,-0.1900000000000001,-0.19986592273572582,-0.1999999999999999
2019-08-22,1,-0.2000000000000001,-0.1816226597969865,-0.1799999999999999
2019-08-29,1,-0.1900000000000001,-0.19111265717203063,-0.1900000000000001
2019-09-05,1,-0.2099999999999999,-0.1935287343090829,-0.1899999999999999
2019-09-12,1,-0.1299999999999999,-0.1512086041236448,-0.1500000000000001
2019-09-19,1,-0.1800000000000001,-0.17103448417433245,-0.1700000000000001
2019-09-26,1,-0.2099999999999999,-0.21088925064820807,-0.2099999999999999
2019-10-03,1,-0.1799999999999999,-0.16905418510966402,-0.1699999999999999
2019-10-10,1,-0.1399999999999999,-0.13208639004555917,-0.1300000000000001
2019-10-17,1,-0.0999999999999998,-0.0911708027013178,-0.0899999999999998
2019-10-24,1,-0.1199999999999998,-0.11127265045854894,-0.1099999999999998
2019-10-31,1,-0.1100000000000001,-0.10002978966935304,-0.1
2019-11-07,1,0.0,-0.021627746494160497,-0.0199999999999997
2019-11-14,1,-0.06,-0.06011279158367415,-0.06
2019-11-21,1,-0.1100000000000001,-0.08192693887462416,-0.08
2019-11-28,1,-0.1200000000000001,-0.13069962682806271,-0.1300000000000001
2019-12-05,1,-0.0699999999999998,-0.08199839185677969,-0.0799999999999998
2019-12-12,1,-0.0799999999999998,-0.04177347748256559,-0.04
2019-12-19,1,-0.0399999999999998,-0.04029799888672085,-0.04
2019-12-26,1,-0.0699999999999998,-0.060888049323623315,-0.0599999999999998
2020-01-02,1,-0.08,-0.04029935229356025,-0.0399999999999998
2020-01-09,1,-0.0599999999999998,-0.030081250126866806,-0.0299999999999998
2020-01-16,1,-0.0699999999999998,-0.09134813162018729,-0.0899999999999998
2020-01-23,1,-0.1299999999999999,-0.09018640506030408,-0.09
2020-01-30,1,-0.1599999999999999,-0.15071170713267149,-0.1499999999999999
2020-02-06,1,-0.1399999999999999,-0.12062862115324768,-0.1199999999999998
2020-02-13,1,-0.1299999999999999,-0.1208897899539924,-0.1200000000000001
2020-02-20,1,-0.1399999999999999,-0.15040808515547685,-0.1499999999999999
2020-02-27,1,-0.0199999999999997,-0.08902159150583058,-0.09
2020-03-05,1,0.02,0.05255734322133984,0.0499999999999999
2020-03-12,1,0.3299999999999999,0.17072295840208718,0.17
2020-03-19,1,0.3099999999999999,0.3706688711894158,0.37
2020-03-26,1,0.2799999999999999,0.24678393362889856,0.25
2020-04-02,1,0.3,0.23840018219941325,0.24
2020-04-09,1,0.37,0.36960747179554104,0.37
2020-04-16,1,0.29,0.2794037095614337,0.2799999999999999
2020-04-23,1,0.2499999999999999,0.2683805286455231,0.2699999999999999
2020-04-30,1,0.22,0.23951790360725017,0.24
2020-05-07,1,0.3099999999999999,0.26861408353645494,0.27
2020-05-14,1,0.26,0.25960501744212766,0.26
2020-05-21,1,0.22,0.24969370936467572,0.25
2020-05-28,1,0.25,0.2591951410935575,0.26
2020-06-04,1,0.38,0.34956512288112485,0.35
2020-06-11,1,0.25,0.25063491527884624,0.25
2020-06-18,1,0.23,0.21928783810576552,0.22
2020-06-25,1,0.22,0.21963694609106746,0.22
2020-07-02,1,0.26,0.26892053811346306,0.2700000000000001
2020-07-09,1,0.27,0.2495220771514828,0.25
2020-07-16,1,0.25,0.22927818817288242,0.2299999999999999
2020-07-23,1,0.2299999999999999,0.22902515079207922,0.2299999999999999
2020-07-30,1,0.2,0.1899412753423539,0.19
2020-08-06,1,0.2099999999999999,0.19981140163058442,0.2
2020-08-13,1,0.31,0.32854694163299264,0.33
2020-08-20,1,0.26,0.27967718195569424,0.28
2020-08-27,1,0.36,0.36918274433897447,0.37
2020-09-03,1,0.3199999999999999,0.2798586708247799,0.28
2020-09-10,1,0.29,0.299467708679293,0.3
2020-09-17,1,0.3199999999999999,0.30964796576528697,0.3099999999999999
2020-09-24,1,0.29,0.29974012656047794,0.3
2020-10-01,1,0.32,0.3090761540954362,0.31
2020-10-08,1,0.37,0.33809153127719194,0.3399999999999999
2020-10-15,1,0.3399999999999999,0.3404484248941153,0.3399999999999999
2020-10-22,1,0.4,0.409385364086007,0.41
2020-10-29,1,0.4,0.3795651715285931,0.38
2020-11-05,1,0.38,0.3586052986038138,0.36
2020-11-12,1,0.4599999999999999,0.46068271351255974,0.4599999999999999
2020-11-19,1,0.39,0.40968591392408243,0.41
2020-11-26,1,0.42,0.4296722228185393,0.4299999999999999
2020-12-03,1,0.52,0.479045789292257,0.48
2020-12-10,1,0.4599999999999999,0.4788543572436727,0.48
2020-12-17,1,0.5,0.4889750849623068,0.49
2020-12-24,1,0.5,0.49944771316632797,0.5
2020-12-31,1,0.47,0.4689908928669642,0.47
2021-01-07,1,0.6200000000000001,0.6097535311789538,0.6100000000000001
2021-01-14,1,0.66,0.6989591773761342,0.7
2021-01-21,1,0.6599999999999999,0.6990105106987535,0.7
2021-01-28,1,0.69,0.6597742440143046,0.6599999999999999
2021-02-04,1,0.8,0.7695471343067379,0.77
2021-02-11,1,0.8400000000000001,0.7994594697845446,0.8
2021-02-18,1,0.98,0.919238049725967,0.92
2021-02-25,1,1.05,1.1386115223291164,1.14
2021-03-04,1,1.21,1.209474960723833,1.21
2021-03-11,1,1.27,1.1787342769250326,1.18
2021-03-18,1,1.33,1.3396862631468816,1.34
2021-03-25,1,1.26,1.2304141201586243,1.23
2021-04-01,1,1.29,1.2894307964909237,1.29
2021-04-08,1,1.26,1.239361479338265,1.24
2021-04-15,1,1.24,1.2096461032459582,1.21
2021-04-22,1,1.19,1.2093997856032026,1.21
2021-04-29,1,1.24,1.2490005444592895,1.25
2021-05-06,1,1.2,1.1988285640645011,1.2
2021-05-13,1,1.23,1.240521391156124,1.24
2021-05-20,1,1.21,1.2094444239688247,1.21
2021-05-27,1,1.17,1.169052975808206,1.17
2021-06-03,1,1.15,1.2000562644550028,1.2
2021-06-10,1,1.0699999999999998,1.0699528686535642,1.0699999999999998
2021-06-17,1,0.9200000000000002,1.0200676686187042,1.02
2021-06-24,1,1.01,0.989698609103064,0.99
2021-07-01,1,0.9200000000000002,0.9395856509637959,0.94
2021-07-08,1,0.8400000000000001,0.7804822489458898,0.78
2021-07-15,1,0.81,0.820539336655651,0.8200000000000001
2021-07-22,1,0.76,0.7395468036304039,0.74
2021-07-29,1,0.75,0.7378894173622731,0.74
2021-08-05,1,0.76,0.6878436969943632,0.69
2021-08-12,1,0.74,0.7894866801713798,0.79
2021-08-19,1,0.7,0.6904522538737302,0.69
2021-08-26,1,0.76,0.7794001451600375,0.78
2021-09-02,1,0.7999999999999999,0.7495057352641362,0.7499999999999999
2021-09-09,1,0.8200000000000001,0.7692327773721069,0.7699999999999999
2021-09-16,1,0.8300000000000001,0.7887854815973222,0.79
2021-09-23,1,0.8799999999999999,0.8478855989931412,0.8500000000000001
2021-09-30,1,0.96,0.9796096572500771,0.98
2021-10-07,1,0.94,0.9286182517752701,0.93
2021-10-14,1,0.8200000000000001,0.8109323261906408,0.81
2021-10-21,1,0.7799999999999999,0.8181910485548634,0.82
2021-10-28,1,0.6399999999999999,0.6580089303599266,0.6599999999999999
2021-11-04,1,0.67,0.6608011862063959,0.6599999999999999
2021-11-11,1,0.69,0.6795120917595349,0.6799999999999999
2021-11-18,1,0.69,0.7095963551869232,0.71
2021-11-25,1,0.66,0.7193962540627578,0.72
2021-12-02,1,0.4399999999999999,0.5299149817840368,0.53
2021-12-09,1,0.5,0.5007960094477404,0.5
2021-12-16,1,0.41,0.4499567529982905,0.45
2021-12-23,1,0.48,0.45912926321932446,0.4599999999999999
2021-12-30,1,0.47,0.4696569451200976,0.47
2022-01-06,1,0.6499999999999999,0.6281628802661329,0.6299999999999999
2022-01-13,1,0.6100000000000001,0.5898883263400768,0.5899999999999999
2022-01-20,1,0.54,0.5597020072667296,0.56
2022-01-27,1,0.51,0.5111568133709433,0.51
2022-02-03,1,0.49,0.4995416076639929,0.5
2022-02-10,1,0.3900000000000001,0.4485870101837303,0.4499999999999999
2022-02-17,1,0.3899999999999999,0.40038958736254343,0.3999999999999999
2022-02-24,1,0.3699999999999999,0.40068130247626316,0.3999999999999999
2022-03-03,1,0.28,0.30591693790818975,0.3
2022-03-10,1,0.3400000000000001,0.3786782460622073,0.3799999999999999
2022-03-17,1,0.3,0.298918266722234,0.3
2022-03-24,1,0.2000000000000001,0.25847535754134293,0.2600000000000002
2022-03-31,1,0.1,0.12986960203853307,0.1299999999999999
2022-04-07,1,0.1999999999999997,0.2194256485209125,0.2200000000000002
2022-04-14,1,0.3399999999999998,0.34742806301939455,0.3399999999999998
2022-04-21,1,0.2200000000000002,0.24862491876331966,0.25
2022-04-28,1,0.25,0.26933811370274935,0.27
2022-05-05,1,0.4199999999999999,0.3375144835104995,0.3399999999999998
2022-05-12,1,0.29,0.2804877655398979,0.2799999999999998
2022-05-19,1,0.1899999999999999,0.18057501578069146,0.1799999999999997
2022-05-26,1,0.2299999999999999,0.24881167857982564,0.25
2022-06-02,1,0.1599999999999997,0.16777141889860714,0.1600000000000001
2022-06-09,1,0.1,0.16033734979446357,0.1600000000000001
2022-06-16,1,0.1699999999999999,0.1703427371949442,0.1699999999999999
2022-06-23,1,0.1999999999999997,0.19132268139457173,0.1899999999999999
2022-06-30,1,0.1299999999999999,0.1304616988464286,0.1299999999999999
2022-07-07,1,0.02,0.02836159620507763,0.0300000000000002
2022-07-14,1,-0.1300000000000003,-0.1156453298897252,-0.1299999999999999
2022-07-21,1,-0.2299999999999999,-0.22885854084075444,-0.2299999999999999
2022-07-28,1,-0.3500000000000001,-0.30924065724150934,-0.31
2022-08-04,1,-0.5099999999999998,-0.4800403804615309,-0.48
2022-08-11,1,-0.5,-0.47212388635843394,-0.4700000000000002
2022-08-18,1,-0.48,-0.5411359113726416,-0.54
2022-08-25,1,-0.52,-0.49031373733116534,-0.4900000000000002
2022-09-01,1,-0.48,-0.48089696728789116,-0.48
2022-09-08,1,-0.48,-0.46428178311200435,-0.4700000000000002
2022-09-15,1,-0.6499999999999999,-0.661312906527969,-0.6599999999999997
2022-09-22,1,-0.7000000000000002,-0.6715550944140939,-0.6699999999999999
2022-09-29,1,-0.6299999999999999,-0.6317818838969187,-0.6299999999999999
2022-10-06,1,-0.6699999999999999,-0.6725676323550849,-0.6700000000000004
2022-10-13,1,-0.6699999999999995,-0.7007261775331233,-0.7000000000000002
2022-10-20,1,-0.56,-0.6228298515181329,-0.6200000000000001
2022-10-27,1,-0.6099999999999999,-0.6260494945412844,-0.6299999999999999
2022-11-03,1,-0.6200000000000001,-0.6418821845226325,-0.6399999999999997
2022-11-10,1,-0.69,-0.687233891685245,-0.69
2022-11-17,1,-0.8500000000000001,-0.831602646388296,-0.8300000000000001
2022-11-24,1,-0.9699999999999998,-0.9601042315887839,-0.96
2022-12-01,1,-0.9899999999999998,-0.9592419233678368,-0.96
2022-12-08,1,-0.98,-1.0073783671414456,-1.0100000000000002
2022-12-15,1,-0.8500000000000001,-0.9004727154216075,-0.9000000000000004
2022-12-22,1,-0.7600000000000002,-0.7415430713908507,-0.7399999999999998
2022-12-29,1,-0.7599999999999998,-0.7404113883797526,-0.7399999999999998
2023-01-05,1,-0.8800000000000003,-0.8611397102332926,-0.8600000000000003
2023-01-12,1,-0.7799999999999998,-0.8993863726900654,-0.8999999999999999
2023-01-19,1,-0.75,-0.7618414313565006,-0.7599999999999998
2023-01-26,1,-0.79,-0.768697989348425,-0.77
2023-02-02,1,-0.8799999999999999,-0.8306209060973659,-0.8300000000000001
2023-02-09,1,-0.94,-0.9220624547412292,-0.92
2023-02-16,1,-0.8600000000000003,-0.8503363714337536,-0.8499999999999996
2023-02-23,1,-0.8900000000000001,-0.8806033290176547,-0.8800000000000003
2023-03-02,1,-0.8799999999999999,-0.8214663938043046,-0.8199999999999998
2023-03-09,1,-0.98,-0.9791723046667589,-0.9800000000000004
2023-03-16,1,-0.77,-0.8311279964297109,-0.8300000000000001
2023-03-23,1,-0.6799999999999997,-0.6926270368687097,-0.69
2023-03-30,1,-0.8400000000000003,-0.8308900306944192,-0.8299999999999996
2023-04-06,1,-0.8199999999999998,-0.820424800241474,-0.8199999999999998
2023-04-13,1,-0.7800000000000002,-0.8525691340503515,-0.8500000000000001
2023-04-20,1,-0.7999999999999998,-0.8199127581238098,-0.8199999999999998
2023-04-27,1,-0.81,-0.7821476533637276,-0.7799999999999998
2023-05-04,1,-0.8000000000000003,-0.7615695649418593,-0.7599999999999998
2023-05-11,1,-0.8599999999999999,-0.8294825775946513,-0.8300000000000001
2023-05-18,1,-0.8800000000000003,-0.9026041475055215,-0.8999999999999999
2023-05-25,1,-0.9699999999999998,-0.9313380559910935,-0.9300000000000006
2023-06-01,1,-1.06,-1.0406417724827433,-1.04
2023-06-08,1,-1.1100000000000003,-1.1279539045577966,-1.1300000000000003
2023-06-15,1,-1.2099999999999995,-1.1595763593572799,-1.16
2023-06-22,1,-1.3000000000000005,-1.2920388353238903,-1.29
2023-06-29,1,-1.3200000000000005,-1.3034339360884208,-1.3000000000000005
2023-07-06,1,-1.23,-1.2623170966816948,-1.2599999999999998
2023-07-13,1,-1.2699999999999996,-1.2267721338846578,-1.2300000000000004
2023-07-20,1,-1.17,-1.1438925324516653,-1.14
2023-07-27,1,-1.17,-1.1637562686238534,-1.1599999999999997
2023-08-03,1,-1.0200000000000005,-1.0127988543748319,-1.0099999999999998
2023-08-10,1,-1.02,-1.0424457069090463,-1.04
2023-08-17,1,-1.0499999999999998,-1.001359482132089,-1.0000000000000004
2023-08-24,1,-1.08,-1.0717588300338161,-1.0699999999999998
2023-08-31,1,-0.9899999999999998,-1.080784357822756,-1.0799999999999996
2023-09-07,1,-0.9900000000000002,-0.970596429653179,-0.9700000000000002
2023-09-14,1,-0.9900000000000002,-1.0011751318261422,-1.0000000000000004
2023-09-21,1,-1.0099999999999998,-1.002512645522958,-1.0
2023-09-28,1,-0.8399999999999999,-0.8505421854801187,-0.8500000000000005
2023-10-05,1,-0.6999999999999993,-0.6613202300729922,-0.6600000000000001
2023-10-12,1,-0.8799999999999994,-0.7829701197566832,-0.7800000000000002
2023-10-19,1,-0.71,-0.7032838769296976,-0.7000000000000002
2023-10-26,1,-0.6099999999999999,-0.6386088142752119,-0.6399999999999997
2023-11-02,1,-0.6399999999999997,-0.698661723380204,-0.6999999999999997
2023-11-09,1,-0.7299999999999995,-0.7236125030500524,-0.7200000000000002
2023-11-16,1,-0.7899999999999996,-0.759908803177758,-0.7600000000000002
2023-11-23,1,-0.73,-0.7221690038058007,-0.7199999999999998
2023-11-30,1,-0.6400000000000001,-0.6419025728672006,-0.6400000000000001
2023-12-07,1,-0.7800000000000002,-0.7510854048681486,-0.75
2023-12-14,1,-0.8300000000000001,-0.7688704577636285,-0.77
2023-12-21,1,-0.7800000000000002,-0.8318994112639478,-0.8300000000000001
2023-12-28,1,-0.7799999999999998,-0.8122658290256565,-0.81
2024-01-04,1,-0.7999999999999998,-0.8123147935963415,-0.81
2024-01-11,1,-0.5699999999999998,-0.7410351187659397,-0.7400000000000002
2024-01-18,1,-0.5899999999999999,-0.5621521583170797,-0.5599999999999996
2024-01-25,1,-0.5399999999999996,-0.530559882390265,-0.5299999999999998
2024-02-01,1,-0.6799999999999997,-0.6788290701583896,-0.6800000000000002
2024-02-08,1,-0.6600000000000001,-0.6323779787168435,-0.6300000000000003
2024-02-15,1,-0.71,-0.7007563924727855,-0.7000000000000002
2024-02-22,1,-0.71,-0.6900331221831362,-0.69
2024-02-29,1,-0.6699999999999995,-0.6997992649347141,-0.6999999999999997
2024-03-07,1,-0.7000000000000002,-0.7310582127593002,-0.73
2024-03-14,1,-0.71,-0.7024390392148029,-0.6999999999999997
2024-03-21,1,-0.6599999999999997,-0.6412730356820671,-0.6400000000000006
2024-03-28,1,-0.7199999999999998,-0.7205889441416369,-0.7199999999999998
2024-04-04,1,-0.6299999999999999,-0.6499043299682596,-0.6500000000000004
2024-04-11,1,-0.5299999999999998,-0.5235773360388871,-0.52
2024-04-18,1,-0.5100000000000002,-0.4916391376699812,-0.4900000000000002
2024-04-25,1,-0.5100000000000002,-0.49124911257959053,-0.4899999999999997
2024-05-02,1,-0.5100000000000002,-0.5209179185121581,-0.52
2024-05-09,1,-0.6000000000000001,-0.5804729469320506,-0.5800000000000001
2024-05-16,1,-0.6100000000000003,-0.6302938921212307,-0.6300000000000003
2024-05-23,1,-0.6400000000000001,-0.5910877922365868,-0.5899999999999999
2024-05-30,1,-0.5499999999999998,-0.5603524447850377,-0.5599999999999996
2024-06-06,1,-0.5300000000000002,-0.5433335636810148,-0.54
2024-06-13,1,-0.5500000000000003,-0.5395013159848402,-0.54
2024-06-20,1,-0.56,-0.5611762332316027,-0.56
2024-06-27,1,-0.4900000000000002,-0.5511749548174728,-0.5499999999999994
2024-07-04,1,-0.4399999999999999,-0.4414719273863314,-0.4399999999999999
2024-07-11,1,-0.4199999999999999,-0.42089279307110283,-0.4199999999999999
2024-07-18,1,-0.33,-0.33353464430056257,-0.33
2024-07-25,1,-0.2800000000000002,-0.2619684102611841,-0.2599999999999998
2024-08-01,1,-0.1800000000000001,-0.2505804675517515,-0.25
2024-08-08,1,-0.2200000000000002,-0.17074793031448024,-0.1699999999999999
2024-08-15,1,-0.25,-0.2408803505728828,-0.2400000000000002
2024-08-22,1,-0.2000000000000001,-0.23141126385679436,-0.2299999999999999
2024-08-29,1,-0.1699999999999999,-0.1812735475223495,-0.1800000000000001
2024-09-05,1,-0.0899999999999998,-0.16271507716327888,-0.1599999999999997
2024-09-12,1,-0.04,-0.09094863408946645,-0.0899999999999998
2024-09-19,1,0.02,0.028827469080526358,0.0300000000000002
2024-09-26,1,0.04,0.03982034873863567,0.0399999999999995
2024-10-03,1,-0.02,0.038893435793056944,0.04
2024-10-10,1,0.1400000000000001,0.039344490416884356,0.04
2024-10-17,1,0.1599999999999997,0.138776917053669,0.1400000000000001
2024-10-24,1,0.1699999999999999,0.15771788521733252,0.1600000000000001
2024-10-31,1,0.1899999999999999,0.14999695617344783,0.1500000000000003
2024-11-07,1,0.1,0.1502692025184678,0.1500000000000003
2024-11-14,1,0.1200000000000001,0.10068874108602854,0.0999999999999996
2024-11-21,1,0.0699999999999998,0.06902636498574331,0.0699999999999998
2024-11-28,1,0.0499999999999998,0.03924364929011335,0.04
2024-12-05,1,0.0899999999999998,0.039589185773329594,0.04
2024-12-12,1,0.1600000000000001,0.15692351746169436,0.1600000000000001
2024-12-19,1,0.2200000000000002,0.25699890021333277,0.2599999999999998
2024-12-26,1,0.2999999999999998,0.25950254974309206,0.2600000000000002
2025-01-02,1,0.2999999999999998,0.2899507693392568,0.29
2025-01-09,1,0.3700000000000001,0.39902593983094276,0.3999999999999999
2025-01-16,1,0.3699999999999996,0.39036387492106733,0.3899999999999997
2025-01-23,1,0.3699999999999996,0.36882089862582207,0.3699999999999996
2025-01-30,1,0.4099999999999997,0.37947063718232377,0.3799999999999999
2025-02-06,1,0.3799999999999999,0.3694126189197019,0.3700000000000001
2025-02-13,1,0.3699999999999996,0.3707090067206453,0.3700000000000001
2025-02-20,1,0.3700000000000001,0.3985751987171745,0.4000000000000003
2025-02-27,1,0.33,0.3399301356696468,0.3400000000000003
2025-03-06,1,0.4399999999999999,0.43744170721099823,0.4399999999999999
2025-03-13,1,0.4900000000000002,0.47972244594625424,0.48
2025-03-20,1,0.4900000000000002,0.46975632837458725,0.4700000000000002
2025-03-27,1,0.5299999999999998,0.5396075564435984,0.54
2025-04-03,1,0.52,0.5375125904787461,0.54
2025-04-10,1,0.5799999999999996,0.5974903812626194,0.6000000000000001
2025-04-17,1,0.6099999999999999,0.6078454224097767,0.6099999999999999
2025-04-24,1,0.5800000000000001,0.5904928121392865,0.5900000000000003
2025-05-01,1,0.6400000000000001,0.5995016281673315,0.6000000000000001
2025-05-08,1,0.6299999999999999,0.6188387183057213,0.6200000000000001
2025-05-15,1,0.6400000000000001,0.6312038431664577,0.6300000000000003
2025-05-22,1,0.6499999999999999,0.6606969701540596,0.6599999999999997
2025-05-29,1,0.6100000000000003,0.6099304891450585,0.6099999999999999
2025-06-05,1,0.6499999999999999,0.6295539350961805,0.6299999999999999
2025-06-12,1,0.6600000000000001,0.64977984452116,0.6499999999999999
2025-06-19,1,0.6599999999999997,0.6500438763748605,0.6499999999999999
2025-06-26,1,0.71,0.7079788531099979,0.71
2025-07-03,1,0.6800000000000002,0.6893257435106559,0.69
2025-07-10,1,0.7599999999999998,0.7093301550912989,0.71
2025-07-17,1,0.75,0.7599637754172289,0.7599999999999998
2025-07-24,1,0.71,0.7203332030798631,0.7199999999999998
2025-07-31,1,0.69,0.690165011977112,0.6900000000000004
2025-08-07,1,0.7199999999999998,0.6996857378260896,0.7000000000000002
2025-08-14,1,0.7399999999999998,0.7195860597254053,0.7200000000000002
2025-08-21,1,0.7400000000000002,0.7496528141510346,0.75
2025-08-28,1,0.7399999999999998,0.7300250551039047,0.73
2025-09-04,1,0.73,0.7308463779362722,0.73
2025-09-11,1,0.6800000000000002,0.6598824129201836,0.6600000000000001
2025-09-18,1,0.7400000000000002,0.7092003003545291,0.71
2025-09-25,1,0.73,0.7301623661982514,0.73
2025-10-02,1,0.7399999999999998,0.72988772311229,0.73
2025-10-09,1,0.71,0.7298710415840786,0.73
2025-10-16,1,0.7199999999999998,0.6999365760508766,0.7000000000000002
2025-10-23,1,0.71,0.6992037107172028,0.6999999999999997
2025-10-30,1,0.7200000000000002,0.71071219545562,0.71
2025-11-06,1,0.73,0.7108492805008383,0.71
2025-11-13,1,0.7400000000000002,0.7089636191345292,0.71
2025-11-20,1,0.7600000000000002,0.7503671538571656,0.75
2025-11-27,1,0.73,0.7198018648696096,0.7200000000000002
2025-12-04,1,0.7799999999999998,0.7991393905162575,0.7999999999999998
2025-12-11,1,0.8199999999999998,0.7990167910412694,0.7999999999999998
2025-12-18,1,0.8600000000000003,0.810022912577748,0.81
2025-12-25,1,0.8300000000000001,0.8296744337937677,0.8300000000000001
2026-01-01,1,0.8600000000000003,0.8396772984312662,0.8399999999999999
2026-01-08,1,0.8300000000000001,0.8299150810701825,0.8300000000000001
2026-01-15,1,0.8300000000000001,0.8201743082691989,0.8200000000000003
2026-01-22,1,0.81,0.8401716791126068,0.8399999999999999
2026-01-29,1,0.8599999999999999,0.8393508302370066,0.8400000000000003
2026-02-05,1,0.8500000000000001,0.8499437501935738,0.8500000000000001
2026-02-12,1,0.7799999999999998,0.791030483072103,0.7899999999999996
2026-02-19,1,0.7800000000000002,0.780133877654362,0.7800000000000002
2026-02-26,1,0.7399999999999998,0.7398775093807352,0.7399999999999998
2026-03-05,1,0.77,0.7586840578216905,0.7599999999999998
2026-03-12,1,0.7199999999999998,0.7010180171890135,0.7000000000000002
2026-03-19,1,0.4900000000000002,0.6020838546877674,0.6000000000000001
2026-03-26,1,0.6299999999999999,0.5889228499848469,0.5899999999999999
2026-04-02,1,0.6700000000000004,0.6701688575337489,0.6700000000000004
2026-04-09,1,0.6900000000000004,0.668850237901704,0.6699999999999999
2026-04-16,1,0.6699999999999999,0.6987494107590287,0.7000000000000002
2026-04-23,1,0.6400000000000001,0.6302484330511291,0.6299999999999999
2026-04-30,1,0.5899999999999999,0.5989069305021775,0.6000000000000001
2026-05-07,1,0.6100000000000003,0.5897494122193848,0.5899999999999999
2026-05-14,1,0.6300000000000003,0.600367484035665,0.6000000000000001
2026-05-21,1,0.6099999999999999,0.6306435143739727,0.6299999999999999
2026-05-28,1,0.6400000000000001,0.5999982302345378,0.6000000000000001
2012-01-19,5,1.01,0.9669768883343921,0.98
2012-01-26,5,0.95,0.993603278168086,1.01
2012-02-02,5,0.9999999999999998,0.9389420975114304,0.95
2012-02-09,5,0.9599999999999996,0.9877807440284407,0.9999999999999998
2012-02-16,5,0.9599999999999996,0.9468860088949547,0.9599999999999996
2012-02-23,5,0.8999999999999999,0.9482347344103165,0.9599999999999996
2012-03-01,5,0.8399999999999999,0.8877728095034816,0.8999999999999999
2012-03-08,5,0.94,0.8261153209122541,0.8399999999999999
2012-03-15,5,0.9600000000000002,0.9288137412593693,0.94
2012-03-22,5,0.9000000000000001,0.952861925034358,0.9600000000000002
2012-03-29,5,0.8799999999999999,0.8900526147629907,0.9000000000000001
2012-04-05,5,0.8199999999999998,0.8679496267118217,0.8799999999999999
2012-04-12,5,0.71,0.8050657703081364,0.8199999999999998
2012-04-19,5,0.6799999999999997,0.6981784480330936,0.71
2012-04-26,5,0.7,0.6679062411461075,0.6799999999999997
2012-05-03,5,0.75,0.6866589997460947,0.7
2012-05-10,5,0.6599999999999999,0.7363302238920196,0.75
2012-05-17,5,0.7200000000000002,0.6487795948774702,0.6599999999999999
2012-05-24,5,0.6799999999999999,0.7087550014009831,0.7200000000000002
2012-05-31,5,0.76,0.6703642550064134,0.6799999999999999
2012-06-07,5,0.75,0.747839777321272,0.76
2012-06-14,5,0.7,0.7391320769977875,0.75
2012-06-21,5,0.72,0.6911912494120603,0.7
2012-06-28,5,0.7,0.7113639631392872,0.72
2012-07-05,5,0.6599999999999999,0.6899441839150242,0.7
2012-07-12,5,0.6699999999999999,0.6484039254529578,0.6599999999999999
2012-07-19,5,0.6299999999999999,0.6571619465130849,0.6699999999999999
2012-07-26,5,0.6099999999999999,0.6146619799207185,0.6299999999999999
2012-08-02,5,0.6500000000000001,0.5996710301113176,0.6099999999999999
2012-08-09,5,0.72,0.6384915865380552,0.6500000000000001
2012-08-16,5,0.6900000000000002,0.7091517031926053,0.72
2012-08-23,5,0.6400000000000001,0.679201393082414,0.6900000000000002
2012-08-30,5,0.6800000000000002,0.62906804527627,0.6400000000000001
2012-09-06,5,0.71,0.666427785289401,0.6800000000000002
2012-09-13,5,0.7100000000000002,0.6988312079898308,0.71
2012-09-20,5,0.6499999999999999,0.7004098466294619,0.7100000000000002
2012-09-27,5,0.6699999999999999,0.6384978107017943,0.6499999999999999
2012-10-04,5,0.6600000000000001,0.65754957500855,0.6699999999999999
2012-10-11,5,0.7699999999999998,0.6483505190353683,0.6600000000000001
2012-10-18,5,0.75,0.7613896806772622,0.7699999999999998
2012-10-25,5,0.71,0.7399238982543075,0.75
2012-11-01,5,0.6499999999999999,0.6981365337861752,0.71
2012-11-08,5,0.6499999999999999,0.6377290445596571,0.6499999999999999
2012-11-15,5,0.6599999999999999,0.6410129192781712,0.6499999999999999
2012-11-22,5,0.6199999999999999,0.6501754488601922,0.6599999999999999
2012-11-29,5,0.6499999999999999,0.6104489955464076,0.6199999999999999
2012-12-06,5,0.6799999999999999,0.6393185808720327,0.6499999999999999
2012-12-13,5,0.7100000000000002,0.6694479095332649,0.6799999999999999
2012-12-20,5,0.6500000000000001,0.7007254873544596,0.7100000000000002
2012-12-27,5,0.73,0.6407123274173804,0.6500000000000001
2013-01-03,5,0.77,0.7205709317671517,0.73
2013-01-10,5,0.75,0.7608661934141183,0.77
2013-01-17,5,0.7699999999999998,0.7396505569035514,0.75
2013-01-24,5,0.8300000000000001,0.7623544216383973,0.7699999999999998
2013-01-31,5,0.8400000000000001,0.8204083090442298,0.8300000000000001
2013-02-07,5,0.8700000000000001,0.8325063804881769,0.8400000000000001
2013-02-14,5,0.8699999999999999,0.8617156493602327,0.8700000000000001
2013-02-21,5,0.8800000000000001,0.8643268060173314,0.8699999999999999
2013-02-28,5,0.92,0.8736072120995992,0.8800000000000001
2013-03-07,5,0.95,0.9115668815216865,0.92
2013-03-14,5,0.8400000000000001,0.9423289412299628,0.95
2013-03-21,5,0.76,0.8299072503365872,0.8400000000000001
2013-03-28,5,0.8,0.7522112744946619,0.76
2013-04-04,5,0.8,0.7914343516540121,0.8
2013-04-11,5,0.76,0.7903661121860516,0.8
2013-04-18,5,0.79,0.7508393645346406,0.76
2013-04-25,5,0.7599999999999999,0.7790869005407234,0.79
2013-05-02,5,0.8300000000000001,0.7520945334874009,0.7599999999999999
2013-05-09,5,0.8699999999999999,0.8217445169575986,0.8300000000000001
2013-05-16,5,0.92,0.8625635098962599,0.8699999999999999
2013-05-23,5,0.9899999999999998,0.9112730457558416,0.92
2013-05-30,5,0.99,0.9815237432006146,0.9899999999999998
2013-06-06,5,1.02,0.9797122059390684,0.99
2013-06-13,5,1.14,1.0110823911338889,1.02
2013-06-20,5,1.22,1.1418487166662168,1.14
2013-06-27,5,1.2300000000000002,1.2137142070070568,1.22
2013-07-04,5,1.31,1.2247449671827195,1.2300000000000002
2013-07-11,5,1.3099999999999998,1.2984537175719504,1.31
2013-07-18,5,1.31,1.305732884785861,1.3099999999999998
2013-07-25,5,1.36,1.3033248885427124,1.31
2013-08-01,5,1.3500000000000003,1.3592418587749295,1.36
2013-08-08,5,1.4700000000000002,1.3443085493004556,1.3500000000000003
2013-08-15,5,1.5400000000000005,1.4694512473101078,1.4700000000000002
2013-08-22,5,1.41,1.5412519500861297,1.5400000000000005
2013-08-29,5,1.5099999999999998,1.4069841216984558,1.41
2013-09-05,5,1.4999999999999998,1.5087950115548143,1.5099999999999998
2013-09-12,5,1.4800000000000002,1.4970342083104209,1.4999999999999998
2013-09-19,5,1.36,1.4741239434983302,1.4800000000000002
2013-09-26,5,1.36,1.3573467563762065,1.36
2013-10-03,5,1.38,1.355630054157751,1.36
2013-10-10,5,1.38,1.3760014428491076,1.38
2013-10-17,5,1.3299999999999998,1.3735714502044765,1.38
2013-10-24,5,1.3199999999999998,1.3275777521308605,1.3299999999999998
2013-10-31,5,1.42,1.314858894867985,1.3199999999999998
2013-11-07,5,1.46,1.4175682125198958,1.42
2013-11-14,5,1.5499999999999998,1.4559888388379343,1.46
2013-11-21,5,1.45,1.551589626295862,1.5499999999999998
2013-11-28,5,1.59,1.4467006682662262,1.45
2013-12-05,5,1.56,1.5855348997104597,1.59
2013-12-12,5,1.5600000000000005,1.5587749184836446,1.56
2013-12-19,5,1.5900000000000003,1.5582377159854048,1.5600000000000005
2013-12-26,5,1.6100000000000003,1.5873147669138354,1.5900000000000003
2014-01-02,5,1.58,1.6060829724250696,1.6100000000000003
2014-01-09,5,1.48,1.5779375875990034,1.58
2014-01-16,5,1.4400000000000002,1.4751208947982362,1.48
2014-01-23,5,1.4,1.4374704804001839,1.4400000000000002
2014-01-30,5,1.4500000000000002,1.3967772862793415,1.4
2014-02-06,5,1.4300000000000002,1.4475875534942653,1.4500000000000002
2014-02-13,5,1.44,1.4251937242040893,1.4300000000000002
2014-02-20,5,1.4200000000000002,1.4383791293646038,1.44
2014-02-27,5,1.45,1.4169664561144508,1.4200000000000002
2014-03-06,5,1.37,1.4452987512972315,1.45
2014-03-13,5,1.43,1.3624372762844874,1.37
2014-03-20,5,1.37,1.4287636133603647,1.43
2014-03-27,5,1.44,1.3638997760330607,1.37
2014-04-03,5,1.38,1.4369923973199414,1.44
2014-04-10,5,1.38,1.3759373864909077,1.38
2014-04-17,5,1.35,1.3835303562797823,1.38
2014-04-24,5,1.3099999999999998,1.3453315529085623,1.35
2014-05-01,5,1.3,1.305466752246157,1.3099999999999998
2014-05-08,5,1.2299999999999998,1.2960582944075005,1.3
2014-05-15,5,1.2699999999999998,1.2247700059863804,1.2299999999999998
2014-05-22,5,1.2,1.2673229273027062,1.2699999999999998
2014-05-29,5,1.27,1.196122662041816,1.2
2014-06-05,5,1.2299999999999998,1.2647134812538405,1.27
2014-06-12,5,1.2,1.2228664063447952,1.2299999999999998
2014-06-19,5,1.13,1.1960166517980833,1.2
2014-06-26,5,1.19,1.1233431808590877,1.13
2014-07-03,5,1.11,1.185594852812843,1.19
2014-07-10,5,1.07,1.1051520591697885,1.11
2014-07-17,5,1.06,1.0634392672899564,1.07
2014-07-24,5,1.06,1.0555294464946543,1.06
2014-07-31,5,0.9999999999999998,1.0548273389946674,1.06
2014-08-07,5,0.9899999999999998,0.9934990959205003,0.9999999999999998
2014-08-14,5,0.99,0.9842591073278286,0.9899999999999998
2014-08-21,5,0.8999999999999999,0.984726152927557,0.99
2014-08-28,5,1.0,0.893229618846052,0.8999999999999999
2014-09-04,5,1.0600000000000005,0.9960450114079589,1.0
2014-09-11,5,1.11,1.0590283089244978,1.0600000000000005
2014-09-18,5,1.0299999999999998,1.1059131693299222,1.11
2014-09-25,5,1.0,1.0251526686152757,1.0299999999999998
2014-10-02,5,0.9699999999999998,0.9964232787962556,1.0
2014-10-09,5,1.0099999999999998,0.9656292486405692,0.9699999999999998
2014-10-16,5,1.0,1.004496073037384,1.0099999999999998
2014-10-23,5,1.0099999999999998,0.9975637057735998,1.0
2014-10-30,5,1.06,1.0060058680505088,1.0099999999999998
2014-11-06,5,1.03,1.0574828743370088,1.06
2014-11-13,5,1.01,1.0264124934529648,1.03
2014-11-20,5,0.91,1.0042105689573355,1.01
2014-11-27,5,0.8999999999999999,0.9070504246985026,0.91
2014-12-04,5,0.81,0.8959317239868729,0.8999999999999999
2014-12-11,5,0.8400000000000001,0.8048828029656803,0.81
2014-12-18,5,0.8399999999999999,0.8347718925576858,0.8400000000000001
2014-12-25,5,0.78,0.8348702161626972,0.8399999999999999
2015-01-01,5,0.73,0.774655507513682,0.78
2015-01-08,5,0.6699999999999999,0.7245747197307562,0.73
2015-01-15,5,0.8699999999999999,0.6640627044539948,0.6699999999999999
2015-01-22,5,0.9200000000000002,0.8652193339190256,0.8699999999999999
2015-01-29,5,0.9200000000000002,0.9217553668281344,0.9200000000000002
2015-02-05,5,0.97,0.9121477549861376,0.9200000000000002
2015-02-12,5,1.03,0.9602832976588492,0.97
2015-02-19,5,0.8600000000000001,1.0256430219115176,1.03
2015-02-26,5,0.9,0.8494590855137188,0.8600000000000001
2015-03-05,5,0.92,0.8965000595985699,0.9
2015-03-12,5,0.8400000000000001,0.9143453886513507,0.92
2015-03-19,5,0.85,0.8350789423425431,0.8400000000000001
2015-03-26,5,0.8200000000000001,0.8429015678681863,0.85
2015-04-02,5,0.8600000000000001,0.814570338764001,0.8200000000000001
2015-04-09,5,0.7900000000000001,0.8576105617573456,0.8600000000000001
2015-04-16,5,0.82,0.7816011038204911,0.7900000000000001
2015-04-23,5,0.91,0.8128986567011282,0.82
2015-04-30,5,1.06,0.9085106172212672,0.91
2015-05-07,5,1.13,1.055374141739764,1.06
2015-05-14,5,1.08,1.1273182760396807,1.13
2015-05-21,5,1.04,1.0744594530733662,1.08
2015-05-28,5,1.16,1.0359784242584513,1.04
2015-06-04,5,1.15,1.15696947779471,1.16
2015-06-11,5,1.17,1.144332395168815,1.15
2015-06-18,5,1.2000000000000002,1.1661569171421955,1.17
2015-06-25,5,1.26,1.195898686462288,1.2000000000000002
2015-07-02,5,1.13,1.2603912572470206,1.26
2015-07-09,5,1.15,1.1272394814509585,1.13
2015-07-16,5,1.08,1.1445883585041732,1.15
2015-07-23,5,1.04,1.0803175349679963,1.08
2015-07-30,5,1.0,1.0372099232456031,1.04
2015-08-06,5,0.99,0.9941150543605248,1.0
2015-08-13,5,0.94,0.9882892288182019,0.99
2015-08-20,5,1.0499999999999998,0.9358586770184094,0.94
2015-08-27,5,1.03,1.0444114505603375,1.0499999999999998
2015-09-03,5,1.03,1.0244984756376063,1.03
2015-09-10,5,1.05,1.0261543995205984,1.03
2015-09-17,5,0.95,1.0467666473489852,1.05
2015-09-24,5,0.91,0.9456614089765363,0.95
2015-10-01,5,0.96,0.9040848922796891,0.91
2015-10-08,5,0.91,0.9564417141176378,0.96
2015-10-15,5,0.93,0.9060875556101827,0.91
2015-10-22,5,0.98,0.9257603451836625,0.93
2015-10-29,5,1.02,0.9770616564260955,0.98
2015-11-05,5,1.0499999999999998,1.0162513725639986,1.02
2015-11-12,5,1.0,1.047442054130398,1.0499999999999998
2015-11-19,5,0.95,0.9957182820539219,1.0
2015-11-26,5,0.97,0.9460132581835003,0.95
2015-12-03,5,0.94,0.9681422675532434,0.97
2015-12-10,5,0.91,0.9359347281310114,0.94
2015-12-17,5,0.8800000000000001,0.9075255972232859,0.91
2015-12-24,5,0.91,0.8752809222645767,0.8800000000000001
2015-12-31,5,0.91,0.9051638318714382,0.91
2016-01-07,5,0.91,0.9055699162319824,0.91
2016-01-14,5,0.81,0.9077415311703261,0.91
2016-01-21,5,0.81,0.8007749922433643,0.81
2016-01-28,5,0.7699999999999999,0.8055720704251095,0.81
2016-02-04,5,0.64,0.7650966892529895,0.7699999999999999
2016-02-11,5,0.6800000000000002,0.6342115680941183,0.64
2016-02-18,5,0.6399999999999999,0.6766554709455465,0.6800000000000002
2016-02-25,5,0.71,0.6333021012816344,0.6399999999999999
2016-03-03,5,0.74,0.7058805955979149,0.71
2016-03-10,5,0.76,0.7358315641421554,0.74
2016-03-17,5,0.71,0.7533674815271661,0.76
2016-03-24,5,0.69,0.706643283624934,0.71
2016-03-31,5,0.6299999999999999,0.6853236711227795,0.69
2016-04-07,5,0.6900000000000001,0.6260509282406326,0.6299999999999999
2016-04-14,5,0.83,0.6853241055756288,0.6900000000000001
2016-04-21,5,0.8099999999999999,0.8283259381560738,0.83
2016-04-28,5,0.7800000000000001,0.8051853093361488,0.8099999999999999
2016-05-05,5,0.76,0.7751793694980583,0.7800000000000001
2016-05-12,5,0.7200000000000001,0.7552222726081746,0.76
2016-05-19,5,0.7100000000000001,0.71770260159676,0.7200000000000001
2016-05-26,5,0.68,0.704324407992358,0.7100000000000001
2016-06-02,5,0.6699999999999999,0.67563434139606,0.68
2016-06-09,5,0.5900000000000001,0.6660020579434325,0.6699999999999999
2016-06-16,5,0.68,0.5857173633403482,0.5900000000000001
2016-06-23,5,0.54,0.6750227620473359,0.68
2016-06-30,5,0.51,0.5354522218278185,0.54
2016-07-07,5,0.51,0.5052844438482833,0.51
2016-07-14,5,0.5300000000000001,0.5037195169676884,0.51
2016-07-21,5,0.4800000000000001,0.5261875211477766,0.5300000000000001
2016-07-28,5,0.51,0.4744079432276609,0.4800000000000001
2016-08-04,5,0.5,0.5047325320821479,0.51
2016-08-11,5,0.4700000000000001,0.4937380214020289,0.5
2016-08-18,5,0.4800000000000001,0.463693205432418,0.4700000000000001
2016-08-25,5,0.4399999999999999,0.4749684147308582,0.4800000000000001
2016-09-01,5,0.5200000000000001,0.43536816550044216,0.4399999999999999
2016-09-08,5,0.63,0.5149873662259999,0.5200000000000001
2016-09-15,5,0.5300000000000001,0.6256182578932514,0.63
2016-09-22,5,0.4599999999999999,0.5234606810557766,0.5300000000000001
2016-09-29,5,0.57,0.45409447180805973,0.4599999999999999
2016-10-06,5,0.58,0.5662226061239599,0.57
2016-10-13,5,0.6199999999999999,0.5748284932180016,0.58
2016-10-20,5,0.65,0.6166476256915575,0.6199999999999999
2016-10-27,5,0.6599999999999999,0.645995138493222,0.65
2016-11-03,5,0.8099999999999999,0.6558977395313124,0.6599999999999999
2016-11-10,5,0.88,0.8063876139805772,0.8099999999999999
2016-11-17,5,0.91,0.876716954923617,0.88
2016-11-24,5,0.91,0.9068176643478639,0.91
2016-12-01,5,0.93,0.9048472846777159,0.91
2016-12-08,5,1.02,0.9262802343796477,0.93
2016-12-15,5,0.99,1.019802225306108,1.02
2016-12-22,5,0.96,0.9831148885992791,0.99
2016-12-29,5,0.95,0.9565248858537857,0.96
2017-01-05,5,0.8799999999999999,0.9463660735933631,0.95
2017-01-12,5,0.96,0.8746539253867014,0.8799999999999999
2017-01-19,5,1.0,0.957620787254664,0.96
2017-01-26,5,0.99,0.9972987289642681,1.0
2017-02-02,5,0.93,0.9863235874700329,0.99
2017-02-09,5,0.95,0.9261537894552659,0.93
2017-02-16,5,0.91,0.9465868264811741,0.95
2017-02-23,5,0.92,0.9063970906408059,0.91
2017-03-02,5,0.99,0.9166352559595239,0.92
2017-03-09,5,0.98,0.9872809928294781,0.99
2017-03-16,5,0.92,0.9754702420225578,0.98
2017-03-23,5,0.8899999999999999,0.9167829526073967,0.92
2017-03-30,5,0.8300000000000001,0.8855859553691487,0.8899999999999999
2017-04-06,5,0.76,0.826479886302679,0.8300000000000001
2017-04-13,5,0.74,0.7558054883811623,0.76
2017-04-20,5,0.8400000000000001,0.7355421450148262,0.74
2017-04-27,5,0.85,0.8385392625897498,0.8400000000000001
2017-05-04,5,0.9000000000000001,0.8471063307815122,0.85
2017-05-11,5,0.7699999999999999,0.8972651679560594,0.9000000000000001
2017-05-18,5,0.74,0.7659363945903426,0.7699999999999999
2017-05-25,5,0.73,0.7361435414174547,0.74
2017-06-01,5,0.71,0.7262635881326642,0.73
2017-06-08,5,0.62,0.7063640232376897,0.71
2017-06-15,5,0.57,0.6163747214207159,0.62
2017-06-22,5,0.6199999999999999,0.5646823389446628,0.57
2017-06-29,5,0.7000000000000002,0.6151142043113667,0.6199999999999999
2017-07-06,5,0.7,0.6959462432427488,0.7000000000000002
2017-07-13,5,0.6399999999999999,0.6952541303804665,0.7
2017-07-20,5,0.7,0.6358307610468902,0.6399999999999999
2017-07-27,5,0.6499999999999999,0.6962877777586944,0.7
2017-08-03,5,0.6300000000000001,0.6466162065878341,0.6499999999999999
2017-08-10,5,0.6200000000000001,0.6265527360526524,0.6300000000000001
2017-08-17,5,0.6199999999999999,0.6157927883978874,0.6200000000000001
2017-08-24,5,0.5800000000000001,0.6152958470739824,0.6199999999999999
2017-08-31,5,0.47,0.5749517314739512,0.5800000000000001
2017-09-07,5,0.4899999999999997,0.4643676023853597,0.47
2017-09-14,5,0.53,0.4857157511794607,0.4899999999999997
2017-09-21,5,0.5800000000000001,0.5264219632851397,0.53
2017-09-28,5,0.5800000000000001,0.5770837306614236,0.5800000000000001
2017-10-05,5,0.52,0.5768879743050899,0.5800000000000001
2017-10-12,5,0.53,0.5157279536891928,0.52
2017-10-19,5,0.5799999999999998,0.5263912664176054,0.53
2017-10-26,5,0.55,0.5767961038784537,0.5799999999999998
2017-11-02,5,0.48,0.5455940496015868,0.55
2017-11-09,5,0.49,0.47494029766099516,0.48
2017-11-16,5,0.4599999999999999,0.48511220708262814,0.49
2017-11-23,5,0.4599999999999999,0.4562285009414833,0.4599999999999999
2017-11-30,5,0.3600000000000001,0.45615654825434526,0.4599999999999999
2017-12-07,5,0.29,0.356496638377934,0.3600000000000001
2017-12-14,5,0.3499999999999998,0.2836040124693441,0.29
2017-12-21,5,0.3399999999999998,0.35307088348289667,0.3499999999999998
2017-12-28,5,0.3800000000000001,0.3347571657988454,0.3399999999999998
2018-01-04,5,0.4099999999999999,0.3752230143732938,0.3800000000000001
2018-01-11,5,0.4199999999999999,0.40573081275634615,0.4099999999999999
2018-01-18,5,0.4400000000000001,0.4155896520087701,0.4199999999999999
2018-01-25,5,0.51,0.43577942070401615,0.4400000000000001
2018-02-01,5,0.5299999999999998,0.505769597894792,0.51
2018-02-08,5,0.53,0.5267924501297919,0.5299999999999998
2018-02-15,5,0.4999999999999998,0.5247097135607212,0.53
2018-02-22,5,0.4099999999999999,0.497239534575339,0.4999999999999998
2018-03-01,5,0.4499999999999999,0.40659556078851566,0.4099999999999999
2018-03-08,5,0.3900000000000001,0.44571796389396934,0.4499999999999999
2018-03-15,5,0.3499999999999998,0.3869879363036281,0.3900000000000001
2018-03-22,5,0.3199999999999998,0.3456434562593991,0.3499999999999998
2018-03-29,5,0.3700000000000001,0.3163653946408965,0.3199999999999998
2018-04-05,5,0.3900000000000001,0.3656270565387433,0.3700000000000001
2018-04-12,5,0.4099999999999999,0.3853399434305517,0.3900000000000001
2018-04-19,5,0.4400000000000001,0.4057547266637027,0.4099999999999999
2018-04-26,5,0.4099999999999999,0.43644024318570057,0.4400000000000001
2018-05-03,5,0.4299999999999999,0.4064458378719839,0.4099999999999999
2018-05-10,5,0.4599999999999999,0.4247837986610211,0.4299999999999999
2018-05-17,5,0.4200000000000001,0.4559571396213469,0.4599999999999999
2018-05-24,5,0.33,0.4167025285241153,0.4200000000000001
2018-05-31,5,0.3700000000000001,0.32643266750086003,0.33
2018-06-07,5,0.3400000000000001,0.3669606677059999,0.3700000000000001
2018-06-14,5,0.32,0.33660650795883235,0.3400000000000001
2018-06-21,5,0.2799999999999998,0.3162013899332494,0.32
2018-06-28,5,0.2300000000000002,0.2741630534424582,0.2799999999999998
2018-07-05,5,0.2200000000000002,0.22526744406608426,0.2300000000000002
2018-07-12,5,0.1799999999999999,0.21605689058803756,0.2200000000000002
2018-07-19,5,0.2299999999999999,0.17628956663387899,0.1799999999999999
2018-07-26,5,0.2799999999999998,0.22540459912014163,0.2299999999999999
2018-08-02,5,0.2200000000000002,0.2759114393284458,0.2799999999999998
2018-08-09,5,0.1699999999999999,0.21572420723338429,0.2200000000000002
2018-08-16,5,0.1299999999999999,0.16575246002282223,0.1699999999999999
2018-08-23,5,0.1699999999999999,0.1257617664761151,0.1299999999999999
2018-08-30,5,0.1699999999999999,0.16656436610704922,0.1699999999999999
2018-09-06,5,0.1799999999999997,0.16544211226103206,0.1699999999999999
2018-09-13,5,0.2399999999999997,0.1753457469858003,0.1799999999999997
2018-09-20,5,0.2200000000000002,0.23495141847953108,0.2399999999999997
2018-09-27,5,0.25,0.21639997206418127,0.2200000000000002
2018-10-04,5,0.2200000000000002,0.24631448952895973,0.25
2018-10-11,5,0.1800000000000001,0.21661750334036736,0.2200000000000002
2018-10-18,5,0.1400000000000001,0.17633743653984163,0.1800000000000001
2018-10-25,5,0.1600000000000001,0.13591720106935024,0.1400000000000001
2018-11-01,5,0.1800000000000001,0.1551659291907536,0.1600000000000001
2018-11-08,5,0.1399999999999996,0.17569593429863137,0.1800000000000001
2018-11-15,5,0.1199999999999996,0.13582856045815134,0.1399999999999996
2018-11-22,5,0.1099999999999998,0.11472820693986135,0.1199999999999996
2018-11-29,5,0.09,0.10571146545811745,0.1099999999999998
2018-12-06,5,0.0899999999999998,0.08720769658948681,0.09
2018-12-13,5,0.08,0.08567493722293748,0.0899999999999998
2018-12-20,5,0.09,0.0757725730315247,0.08
2018-12-27,5,0.06,0.08630191140370308,0.09
2019-01-03,5,0.07,0.055602924303265966,0.06
2019-01-10,5,0.09,0.06567489391509973,0.07
2019-01-17,5,0.0699999999999998,0.08639752959420473,0.09
2019-01-24,5,0.1099999999999998,0.06616725442011238,0.0699999999999998
2019-01-31,5,0.1100000000000001,0.10596231775612627,0.1099999999999998
2019-02-07,5,0.1099999999999998,0.10744664820985922,0.1100000000000001
2019-02-14,5,0.1199999999999998,0.1069472304162796,0.1099999999999998
2019-02-21,5,0.1599999999999999,0.11575827928208478,0.1199999999999998
2019-02-28,5,0.1399999999999999,0.15590412284130972,0.1599999999999999
2019-03-07,5,0.1,0.1368957921154009,0.1399999999999999
2019-03-14,5,0.0699999999999998,0.09592468580407155,0.1
2019-03-21,5,0.06,0.06599445548889928,0.0699999999999998
2019-03-28,5,0.1099999999999998,0.05527199364147595,0.06
2019-04-04,5,0.1299999999999999,0.10618865328443927,0.1099999999999998
2019-04-11,5,0.1499999999999999,0.12613598969283787,0.1299999999999999
2019-04-18,5,0.1499999999999999,0.1471057265371473,0.1499999999999999
2019-04-25,5,0.1399999999999999,0.14538020899956303,0.1499999999999999
2019-05-02,5,0.0999999999999998,0.13554448306809694,0.1399999999999999
2019-05-09,5,0.0899999999999998,0.0960986064146077,0.0999999999999998
2019-05-16,5,0.0599999999999998,0.0854357355563287,0.0899999999999998
2019-05-23,5,0.03,0.05766926481663483,0.0599999999999998
2019-05-30,5,0.08,0.02555961026404488,0.03
2019-06-06,5,0.05,0.07488830004086386,0.08
2019-06-13,5,0.05,0.0464090267322429,0.05
2019-06-20,5,0.03,0.044466322258304526,0.05
2019-06-27,5,-0.05,0.025859345388620315,0.03
2019-07-04,5,0.02,-0.054881672940229546,-0.05
2019-07-11,5,0.05,0.0151875065910141,0.02
2019-07-18,5,0.02,0.04726121837535743,0.05
2019-07-25,5,-0.08,0.015571798004245704,0.02
2019-08-01,5,-0.1200000000000001,-0.08235749712500988,-0.08
2019-08-08,5,-0.1999999999999999,-0.12572394284921132,-0.1200000000000001
2019-08-15,5,-0.1799999999999999,-0.20347843273635005,-0.1999999999999999
2019-08-22,5,-0.1900000000000001,-0.1855488448736822,-0.1799999999999999
2019-08-29,5,-0.1899999999999999,-0.1948919353813213,-0.1900000000000001
2019-09-05,5,-0.1500000000000001,-0.1974582443467926,-0.1899999999999999
2019-09-12,5,-0.1700000000000001,-0.1548452691154989,-0.1500000000000001
2019-09-19,5,-0.2099999999999999,-0.17471175552458365,-0.1700000000000001
2019-09-26,5,-0.1699999999999999,-0.21459222871220232,-0.2099999999999999
2019-10-03,5,-0.1300000000000001,-0.17258887972908185,-0.1699999999999999
2019-10-10,5,-0.0899999999999998,-0.1358530681534812,-0.1300000000000001
2019-10-17,5,-0.1099999999999998,-0.09455674423462457,-0.0899999999999998
2019-10-24,5,-0.1,-0.11479982573574743,-0.1099999999999998
2019-10-31,5,-0.0199999999999997,-0.1034933707851958,-0.1
2019-11-07,5,-0.06,-0.025077927121433377,-0.0199999999999997
2019-11-14,5,-0.08,-0.0634990857527622,-0.06
2019-11-21,5,-0.1300000000000001,-0.08548182869704052,-0.08
2019-11-28,5,-0.0799999999999998,-0.1342060534186789,-0.1300000000000001
2019-12-05,5,-0.04,-0.08562222461223673,-0.0799999999999998
2019-12-12,5,-0.04,-0.04520097962135548,-0.04
2019-12-19,5,-0.0599999999999998,-0.043528516116046925,-0.04
2019-12-26,5,-0.0399999999999998,-0.06428413356079667,-0.0599999999999998
2020-01-02,5,-0.0299999999999998,-0.04360908806707037,-0.0399999999999998
2020-01-09,5,-0.0899999999999998,-0.03329091068846293,-0.0299999999999998
2020-01-16,5,-0.09,-0.09470214765423154,-0.0899999999999998
2020-01-23,5,-0.1499999999999999,-0.09352676713750889,-0.09
2020-01-30,5,-0.1199999999999998,-0.15423283116419828,-0.1499999999999999
2020-02-06,5,-0.1200000000000001,-0.1240860959178664,-0.1199999999999998
2020-02-13,5,-0.1499999999999999,-0.12433079599256712,-0.1200000000000001
2020-02-20,5,-0.09,-0.1537425210075238,-0.1499999999999999
2020-02-27,5,0.0499999999999999,-0.09230338220138944,-0.09
2020-03-05,5,0.17,0.049362214863927716,0.0499999999999999
2020-03-12,5,0.37,0.16776707818022227,0.17
2020-03-19,5,0.25,0.36798730584041295,0.37
2020-03-26,5,0.24,0.24389309892501904,0.25
2020-04-02,5,0.37,0.23553606753275302,0.24
2020-04-09,5,0.2799999999999999,0.3669063000116961,0.37
2020-04-16,5,0.2699999999999999,0.27671183810081396,0.2799999999999999
2020-04-23,5,0.24,0.26552377178945313,0.2699999999999999
2020-04-30,5,0.27,0.2366734022671618,0.24
2020-05-07,5,0.26,0.26578101255393805,0.27
2020-05-14,5,0.25,0.25685760809457275,0.26
2020-05-21,5,0.26,0.24698512404295023,0.25
2020-05-28,5,0.35,0.256376694997216,0.26
2020-06-04,5,0.25,0.34689221752341054,0.35
2020-06-11,5,0.22,0.24813489342063347,0.25
2020-06-18,5,0.22,0.21651678382015466,0.22
2020-06-25,5,0.2700000000000001,0.21690378195625654,0.22
2020-07-02,5,0.25,0.2660788377127086,0.2700000000000001
2020-07-09,5,0.2299999999999999,0.24680821059191066,0.25
2020-07-16,5,0.2299999999999999,0.2265216759271811,0.2299999999999999
2020-07-23,5,0.19,0.22623486450483546,0.2299999999999999
2020-07-30,5,0.2,0.18721271260190517,0.19
2020-08-06,5,0.33,0.19706662104999073,0.2
2020-08-13,5,0.28,0.3258397678715893,0.33
2020-08-20,5,0.37,0.2770219942355773,0.28
2020-08-27,5,0.28,0.3665451954451125,0.37
2020-09-03,5,0.3,0.2772516666473604,0.28
2020-09-10,5,0.3099999999999999,0.2968490932860775,0.3
2020-09-17,5,0.3,0.3070524482104431,0.3099999999999999
2020-09-24,5,0.31,0.29712281233340504,0.3
2020-10-01,5,0.3399999999999999,0.3064358654848151,0.31
2020-10-08,5,0.3399999999999999,0.33548340403550625,0.3399999999999999
2020-10-15,5,0.41,0.33797701007383724,0.3399999999999999
2020-10-22,5,0.38,0.4069137554134338,0.41
2020-10-29,5,0.36,0.377067198887541,0.38
2020-11-05,5,0.4599999999999999,0.3560091191567291,0.36
2020-11-12,5,0.41,0.4584546142716621,0.4599999999999999
2020-11-19,5,0.4299999999999999,0.4072944272568086,0.41
2020-11-26,5,0.48,0.42728153223803783,0.4299999999999999
2020-12-03,5,0.48,0.4766878660068152,0.48
2020-12-10,5,0.49,0.47646820574097937,0.48
2020-12-17,5,0.5,0.48661483406645306,0.49
2020-12-24,5,0.47,0.497159581413642,0.5
2020-12-31,5,0.6100000000000001,0.4666452196115974,0.47
2021-01-07,5,0.7,0.6076074020340677,0.6100000000000001
2021-01-14,5,0.7,0.6968511536114224,0.7
2021-01-21,5,0.6599999999999999,0.6969422759247431,0.7
2021-01-28,5,0.77,0.6577268804768918,0.6599999999999999
2021-02-04,5,0.8,0.7676615595819631,0.77
2021-02-11,5,0.92,0.7975906930941551,0.8
2021-02-18,5,1.14,0.9174984362402663,0.92
2021-02-25,5,1.21,1.1372349383573839,1.14
2021-03-04,5,1.18,1.208190927638579,1.21
2021-03-11,5,1.34,1.1773153305293487,1.18
2021-03-18,5,1.23,1.3385948932803005,1.34
2021-03-25,5,1.29,1.229202664059463,1.23
2021-04-01,5,1.24,1.2883003508987838,1.29
2021-04-08,5,1.21,1.2381628417380732,1.24
2021-04-15,5,1.21,1.2084046631027479,1.21
2021-04-22,5,1.25,1.2080679692499634,1.21
2021-04-29,5,1.2,1.2477384235134932,1.25
2021-05-06,5,1.24,1.1974713094623022,1.2
2021-05-13,5,1.21,1.239363413461791,1.24
2021-05-20,5,1.17,1.2081980667944636,1.21
2021-05-27,5,1.2,1.1677123865214927,1.17
2021-06-03,5,1.0699999999999998,1.1988473538007516,1.2
2021-06-10,5,1.02,1.0685172712515887,1.0699999999999998
2021-06-17,5,0.99,1.0188202663111858,1.02
2021-06-24,5,0.94,0.9882192824229652,0.99
2021-07-01,5,0.78,0.9379915125688547,0.94
2021-07-08,5,0.8200000000000001,0.7786504480473365,0.78
2021-07-15,5,0.74,0.8188306127788058,0.8200000000000001
2021-07-22,5,0.74,0.7377030159569574,0.74
2021-07-29,5,0.69,0.7360456002966331,0.74
2021-08-05,5,0.79,0.6859506137597589,0.69
2021-08-12,5,0.69,0.7877835173980372,0.79
2021-08-19,5,0.78,0.6887433898130971,0.69
2021-08-26,5,0.7499999999999999,0.7776989739549345,0.78
2021-09-02,5,0.7699999999999999,0.7476800008474203,0.7499999999999999
2021-09-09,5,0.79,0.7674325897141339,0.7699999999999999
2021-09-16,5,0.8500000000000001,0.7870937004142314,0.79
2021-09-23,5,0.98,0.8460816578686241,0.8500000000000001
2021-09-30,5,0.93,0.9781027009436967,0.98
2021-10-07,5,0.81,0.9269715311064229,0.93
2021-10-14,5,0.82,0.8091141286614145,0.81
2021-10-21,5,0.6599999999999999,0.8164888165225997,0.82
2021-10-28,5,0.6599999999999999,0.6560775119529877,0.6599999999999999
2021-11-04,5,0.6799999999999999,0.6589017361690384,0.6599999999999999
2021-11-11,5,0.71,0.6776281964270763,0.6799999999999999
2021-11-18,5,0.72,0.7077849885364447,0.71
2021-11-25,5,0.53,0.7175586234469205,0.72
2021-12-02,5,0.5,0.5278710241642208,0.53
2021-12-09,5,0.45,0.49866713523402967,0.5
2021-12-16,5,0.4599999999999999,0.44770479492804105,0.45
2021-12-23,5,0.47,0.4569178072359715,0.4599999999999999
2021-12-30,5,0.6299999999999999,0.4675030509990896,0.47
2022-01-06,5,0.5899999999999999,0.6263067104743442,0.6299999999999999
2022-01-13,5,0.56,0.5879034311916095,0.5899999999999999
2022-01-20,5,0.51,0.5577077593751226,0.56
2022-01-27,5,0.5,0.5091737551895488,0.51
2022-02-03,5,0.4499999999999999,0.49741176678557847,0.5
2022-02-10,5,0.3999999999999999,0.44641862924951176,0.4499999999999999
2022-02-17,5,0.3999999999999999,0.3981542426101645,0.3999999999999999
2022-02-24,5,0.3,0.39856492451341996,0.3999999999999999
2022-03-03,5,0.3799999999999999,0.3032656824627809,0.3
2022-03-10,5,0.3,0.3764407195147576,0.3799999999999999
2022-03-17,5,0.2600000000000002,0.2965580336087603,0.3
2022-03-24,5,0.1299999999999999,0.25607700942960965,0.2600000000000002
2022-03-31,5,0.2200000000000002,0.12738778067982562,0.1299999999999999
2022-04-07,5,0.3399999999999998,0.21700804221051342,0.2200000000000002
2022-04-14,5,0.25,0.34474518598060727,0.3399999999999998
2022-04-21,5,0.27,0.2462731941895524,0.25
2022-04-28,5,0.3399999999999998,0.26701499673841067,0.27
2022-05-05,5,0.2799999999999998,0.3352341794397965,0.3399999999999998
2022-05-12,5,0.1799999999999997,0.27825253079658613,0.2799999999999998
2022-05-19,5,0.25,0.1781168032866771,0.1799999999999997
2022-05-26,5,0.1600000000000001,0.24640967315322324,0.25
2022-06-02,5,0.1600000000000001,0.165114293648837,0.1600000000000001
2022-06-09,5,0.1699999999999999,0.1579889893723012,0.1600000000000001
2022-06-16,5,0.1899999999999999,0.1678804804253026,0.1699999999999999
2022-06-23,5,0.1299999999999999,0.18895731378022412,0.1899999999999999
2022-06-30,5,0.0300000000000002,0.1279550183392021,0.1299999999999999
2022-07-07,5,-0.1299999999999999,0.025733747706362133,0.0300000000000002
2022-07-14,5,-0.2299999999999999,-0.11905786776280917,-0.1299999999999999
2022-07-21,5,-0.31,-0.2317504710916183,-0.2299999999999999
2022-07-28,5,-0.48,-0.3122451725430532,-0.31
2022-08-04,5,-0.4700000000000002,-0.48326418224488205,-0.48
2022-08-11,5,-0.54,-0.47538148104547395,-0.4700000000000002
2022-08-18,5,-0.4900000000000002,-0.5443198066757806,-0.54
2022-08-25,5,-0.48,-0.49344278915179507,-0.4900000000000002
2022-09-01,5,-0.4700000000000002,-0.48415117652250633,-0.48
2022-09-08,5,-0.6599999999999997,-0.4677559240470806,-0.4700000000000002
2022-09-15,5,-0.6699999999999999,-0.6646940750819814,-0.6599999999999997
2022-09-22,5,-0.6299999999999999,-0.6749318720513381,-0.6699999999999999
2022-09-29,5,-0.6700000000000004,-0.6351166719028505,-0.6299999999999999
2022-10-06,5,-0.7000000000000002,-0.6758038566755556,-0.6700000000000004
2022-10-13,5,-0.6200000000000001,-0.7041085963849635,-0.7000000000000002
2022-10-20,5,-0.6299999999999999,-0.6261550240499819,-0.6200000000000001
2022-10-27,5,-0.6399999999999997,-0.6294052333425242,-0.6299999999999999
2022-11-03,5,-0.69,-0.645152144189919,-0.6399999999999997
2022-11-10,5,-0.8300000000000001,-0.6906903194015811,-0.69
2022-11-17,5,-0.96,-0.8351188358180341,-0.8300000000000001
2022-11-24,5,-0.96,-0.9638130677705631,-0.96
2022-12-01,5,-1.0100000000000002,-0.9629483969384375,-0.96
2022-12-08,5,-0.9000000000000004,-1.0112029114465455,-1.0100000000000002
2022-12-15,5,-0.7399999999999998,-0.9040840966510425,-0.9000000000000004
2022-12-22,5,-0.7399999999999998,-0.7448928174030343,-0.7399999999999998
2022-12-29,5,-0.8600000000000003,-0.7438373471311387,-0.7399999999999998
2023-01-05,5,-0.8999999999999999,-0.864667144237485,-0.8600000000000003
2023-01-12,5,-0.7599999999999998,-0.9029600450679054,-0.8999999999999999
2023-01-19,5,-0.77,-0.7651950852577667,-0.7599999999999998
2023-01-26,5,-0.8300000000000001,-0.7721236438084365,-0.77
2023-02-02,5,-0.92,-0.834102497597188,-0.8300000000000001
2023-02-09,5,-0.8499999999999996,-0.925621781952738,-0.92
2023-02-16,5,-0.8800000000000003,-0.8539288405533834,-0.8499999999999996
2023-02-23,5,-0.8199999999999998,-0.8840757004903984,-0.8800000000000003
2023-03-02,5,-0.9800000000000004,-0.8249912026201988,-0.8199999999999998
2023-03-09,5,-0.8300000000000001,-0.9828177240048256,-0.9800000000000004
2023-03-16,5,-0.69,-0.8344825039918481,-0.8300000000000001
2023-03-23,5,-0.8299999999999996,-0.6959994158694398,-0.69
2023-03-30,5,-0.8199999999999998,-0.8343484993739121,-0.8299999999999996
2023-04-06,5,-0.8500000000000001,-0.8238088221711712,-0.8199999999999998
2023-04-13,5,-0.8199999999999998,-0.8560861787053557,-0.8500000000000001
2023-04-20,5,-0.7799999999999998,-0.8233432511295389,-0.8199999999999998
2023-04-27,5,-0.7599999999999998,-0.7855154265709349,-0.7799999999999998
2023-05-04,5,-0.8300000000000001,-0.7649558045521064,-0.7599999999999998
2023-05-11,5,-0.8999999999999999,-0.8328543903502043,-0.8300000000000001
2023-05-18,5,-0.9300000000000006,-0.906118934848122,-0.8999999999999999
2023-05-25,5,-1.04,-0.934838973178486,-0.9300000000000006
2023-06-01,5,-1.1300000000000003,-1.0443192692977517,-1.04
2023-06-08,5,-1.16,-1.1317916327017412,-1.1300000000000003
2023-06-15,5,-1.29,-1.163355250271351,-1.16
2023-06-22,5,-1.3000000000000005,-1.2959352747167412,-1.29
2023-06-29,5,-1.2599999999999998,-1.3073501294258092,-1.3000000000000005
2023-07-06,5,-1.2300000000000004,-1.2661669326446126,-1.2599999999999998
2023-07-13,5,-1.14,-1.2306848541204058,-1.2300000000000004
2023-07-20,5,-1.1599999999999997,-1.1477242745577942,-1.14
2023-07-27,5,-1.0099999999999998,-1.1675018653047746,-1.1599999999999997
2023-08-03,5,-1.04,-1.0163800728835264,-1.0099999999999998
2023-08-10,5,-1.0000000000000004,-1.0460534500956182,-1.04
2023-08-17,5,-1.0699999999999998,-1.0049189406420918,-1.0000000000000004
2023-08-24,5,-1.0799999999999996,-1.0753639180982004,-1.0699999999999998
2023-08-31,5,-0.9700000000000002,-1.0844168577733762,-1.0799999999999996
2023-09-07,5,-1.0000000000000004,-0.9741084810745291,-0.9700000000000002
2023-09-14,5,-1.0,-1.0047094174057927,-1.0000000000000004
2023-09-21,5,-0.8500000000000005,-1.0060383636326058,-1.0
2023-09-28,5,-0.6600000000000001,-0.8539243872716148,-0.8500000000000005
2023-10-05,5,-0.7800000000000002,-0.6645273501654801,-0.6600000000000001
2023-10-12,5,-0.7000000000000002,-0.7861797127374497,-0.7800000000000002
2023-10-19,5,-0.6399999999999997,-0.70641185148447,-0.7000000000000002
2023-10-26,5,-0.6999999999999997,-0.6417245082287354,-0.6399999999999997
2023-11-02,5,-0.7200000000000002,-0.7018491651972483,-0.6999999999999997
2023-11-09,5,-0.7600000000000002,-0.7267342639652498,-0.7200000000000002
2023-11-16,5,-0.7199999999999998,-0.7631255573779762,-0.7600000000000002
2023-11-23,5,-0.6400000000000001,-0.7253309218573555,-0.7199999999999998
2023-11-30,5,-0.75,-0.644949723225479,-0.6400000000000001
2023-12-07,5,-0.77,-0.7542776216460741,-0.75
2023-12-14,5,-0.8300000000000001,-0.7721586749248236,-0.77
2023-12-21,5,-0.81,-0.8351628907424437,-0.8300000000000001
2023-12-28,5,-0.81,-0.8154720428557684,-0.81
2024-01-04,5,-0.7400000000000002,-0.8155059172985986,-0.81
2024-01-11,5,-0.5599999999999996,-0.7441837165459895,-0.7400000000000002
2024-01-18,5,-0.5299999999999998,-0.5650905723167328,-0.5599999999999996
2024-01-25,5,-0.6800000000000002,-0.5334550499140139,-0.5299999999999998
2024-02-01,5,-0.6300000000000003,-0.6819413946912904,-0.6800000000000002
2024-02-08,5,-0.7000000000000002,-0.6353706542254107,-0.6300000000000003
2024-02-15,5,-0.69,-0.7038587392978839,-0.7000000000000002
2024-02-22,5,-0.6999999999999997,-0.6930913759316211,-0.69
2024-02-29,5,-0.73,-0.7028918408190676,-0.6999999999999997
2024-03-07,5,-0.6999999999999997,-0.7341805789193748,-0.73
2024-03-14,5,-0.6400000000000006,-0.7054695972226626,-0.6999999999999997
2024-03-21,5,-0.7199999999999998,-0.6442742539748362,-0.6400000000000006
2024-03-28,5,-0.6500000000000004,-0.723662570242645,-0.7199999999999998
2024-04-04,5,-0.52,-0.6529385791709931,-0.6500000000000004
2024-04-11,5,-0.4900000000000002,-0.5264633043186061,-0.52
2024-04-18,5,-0.4899999999999997,-0.4944565311709226,-0.4900000000000002
2024-04-25,5,-0.52,-0.4940593805520308,-0.4899999999999997
2024-05-02,5,-0.5800000000000001,-0.5237974759600648,-0.52
2024-05-09,5,-0.6300000000000003,-0.5833976837115576,-0.5800000000000001
2024-05-16,5,-0.5899999999999999,-0.6332569448880623,-0.6300000000000003
2024-05-23,5,-0.5599999999999996,-0.5939881567561172,-0.5899999999999999
2024-05-30,5,-0.54,-0.5632514225647726,-0.5599999999999996
2024-06-06,5,-0.54,-0.5460550232468027,-0.54
2024-06-13,5,-0.56,-0.5423563616919208,-0.54
2024-06-20,5,-0.5499999999999994,-0.5640367276303275,-0.56
2024-06-27,5,-0.4399999999999999,-0.554028482797021,-0.5499999999999994
2024-07-04,5,-0.4199999999999999,-0.44420331588256784,-0.4399999999999999
2024-07-11,5,-0.33,-0.42360885318712954,-0.4199999999999999
2024-07-18,5,-0.2599999999999998,-0.33611097173189136,-0.33
2024-07-25,5,-0.25,-0.26436374891545794,-0.2599999999999998
2024-08-01,5,-0.1699999999999999,-0.2530976199366104,-0.25
2024-08-08,5,-0.2400000000000002,-0.17316621322880066,-0.1699999999999999
2024-08-15,5,-0.2299999999999999,-0.24336269152134574,-0.2400000000000002
2024-08-22,5,-0.1800000000000001,-0.23387997255978082,-0.2299999999999999
2024-08-29,5,-0.1599999999999997,-0.1836903043576802,-0.1800000000000001
2024-09-05,5,-0.0899999999999998,-0.16499000996801158,-0.1599999999999997
2024-09-12,5,0.0300000000000002,-0.09326658686344041,-0.0899999999999998
2024-09-19,5,0.0399999999999995,0.02663401840979754,0.0300000000000002
2024-09-26,5,0.04,0.03763197133611721,0.0399999999999995
2024-10-03,5,0.04,0.03673551527158476,0.04
2024-10-10,5,0.1400000000000001,0.03720321066523702,0.04
2024-10-17,5,0.1600000000000001,0.13671885958364435,0.1400000000000001
2024-10-24,5,0.1500000000000003,0.15585988122528044,0.1600000000000001
2024-10-31,5,0.1500000000000003,0.1479351909598891,0.1500000000000003
2024-11-07,5,0.0999999999999996,0.148190215171053,0.1500000000000003
2024-11-14,5,0.0699999999999998,0.09857283567917978,0.0999999999999996
2024-11-21,5,0.04,0.06686262104664145,0.0699999999999998
2024-11-28,5,0.04,0.03708458505892583,0.04
2024-12-05,5,0.1600000000000001,0.037415679949106405,0.04
2024-12-12,5,0.2599999999999998,0.15512547835955587,0.1600000000000001
2024-12-19,5,0.2600000000000002,0.2551405269409033,0.2599999999999998
2024-12-26,5,0.29,0.2575820916306585,0.2600000000000002
2025-01-02,5,0.3999999999999999,0.288061323149764,0.29
2025-01-09,5,0.3899999999999997,0.3972662969039278,0.3999999999999999
2025-01-16,5,0.3699999999999996,0.3886065557902284,0.3899999999999997
2025-01-23,5,0.3799999999999999,0.3670433685389592,0.3699999999999996
2025-01-30,5,0.3700000000000001,0.37778357147573866,0.3799999999999999
2025-02-06,5,0.3700000000000001,0.3676360682505804,0.3700000000000001
2025-02-13,5,0.4000000000000003,0.36887399792827247,0.3700000000000001
2025-02-20,5,0.3400000000000003,0.3968289146389692,0.4000000000000003
2025-02-27,5,0.4399999999999999,0.3381439821790586,0.3400000000000003
2025-03-06,5,0.48,0.4357424337498065,0.4399999999999999
2025-03-13,5,0.4700000000000002,0.47816139503896904,0.48
2025-03-20,5,0.54,0.4680746983184488,0.4700000000000002
2025-03-27,5,0.54,0.538043973469844,0.54
2025-04-03,5,0.6000000000000001,0.5359026094630467,0.54
2025-04-10,5,0.6099999999999999,0.5959703189906851,0.6000000000000001
2025-04-17,5,0.5900000000000003,0.6063652634879767,0.6099999999999999
2025-04-24,5,0.6000000000000001,0.588930131093886,0.5900000000000003
2025-05-01,5,0.6200000000000001,0.5979674316039743,0.6000000000000001
2025-05-08,5,0.6300000000000003,0.6173685836389168,0.6200000000000001
2025-05-15,5,0.6599999999999997,0.6296849698774276,0.6300000000000003
2025-05-22,5,0.6099999999999999,0.6592030972617836,0.6599999999999997
2025-05-29,5,0.6299999999999999,0.6084043587829614,0.6099999999999999
2025-06-05,5,0.6499999999999999,0.6280374367452854,0.6299999999999999
2025-06-12,5,0.6499999999999999,0.6482724295211051,0.6499999999999999
2025-06-19,5,0.71,0.6485747630698665,0.6499999999999999
2025-06-26,5,0.69,0.7065928757247254,0.71
2025-07-03,5,0.71,0.6878787504179863,0.69
2025-07-10,5,0.7599999999999998,0.7079159568511457,0.71
2025-07-17,5,0.7199999999999998,0.7586160763881583,0.7599999999999998
2025-07-24,5,0.6900000000000004,0.7189216294033749,0.7199999999999998
2025-07-31,5,0.7000000000000002,0.6887504895031434,0.6900000000000004
2025-08-07,5,0.7200000000000002,0.6982792595883575,0.7000000000000002
2025-08-14,5,0.75,0.7182085692859794,0.7200000000000002
2025-08-21,5,0.73,0.7482812715048657,0.75
2025-08-28,5,0.73,0.7286171605833052,0.73
2025-09-04,5,0.6600000000000001,0.729482211070783,0.73
2025-09-11,5,0.71,0.6584279602239602,0.6600000000000001
2025-09-18,5,0.73,0.7079702684421639,0.71
2025-09-25,5,0.73,0.7287768713909089,0.73
2025-10-02,5,0.73,0.7285301288085424,0.73
2025-10-09,5,0.7000000000000002,0.7285231330883428,0.73
2025-10-16,5,0.6999999999999997,0.6985600904904663,0.7000000000000002
2025-10-23,5,0.71,0.6978281322516773,0.6999999999999997
2025-10-30,5,0.71,0.7094528631438004,0.71
2025-11-06,5,0.71,0.7094306041579985,0.71
2025-11-13,5,0.75,0.707610401441883,0.71
2025-11-20,5,0.7200000000000002,0.7490394893229348,0.75
2025-11-27,5,0.7999999999999998,0.7184198918507362,0.7200000000000002
2025-12-04,5,0.7999999999999998,0.7978664861738308,0.7999999999999998
2025-12-11,5,0.81,0.7977369062364351,0.7999999999999998
2025-12-18,5,0.8300000000000001,0.8087387782850158,0.81
2025-12-25,5,0.8399999999999999,0.8284267867310408,0.8300000000000001
2026-01-01,5,0.8300000000000001,0.8384408169687253,0.8399999999999999
2026-01-08,5,0.8200000000000003,0.8286740033269007,0.8300000000000001
2026-01-15,5,0.8399999999999999,0.8189071646669714,0.8200000000000003
2026-01-22,5,0.8400000000000003,0.8389141472075993,0.8399999999999999
2026-01-29,5,0.8500000000000001,0.8381137097223544,0.8400000000000003
2026-02-05,5,0.7899999999999996,0.8487354684880665,0.8500000000000001
2026-02-12,5,0.7800000000000002,0.7897300639700198,0.7899999999999996
2026-02-19,5,0.7399999999999998,0.7788355657304535,0.7800000000000002
2026-02-26,5,0.7599999999999998,0.7385676559907581,0.7399999999999998
2026-03-05,5,0.7000000000000002,0.7574017498550139,0.7599999999999998
2026-03-12,5,0.6000000000000001,0.6995546569618228,0.7000000000000002
2026-03-19,5,0.5899999999999999,0.6004961832316036,0.6000000000000001
2026-03-26,5,0.6700000000000004,0.5874655693774096,0.5899999999999999
2026-04-02,5,0.6699999999999999,0.6687794104851644,0.6700000000000004
2026-04-09,5,0.7000000000000002,0.6674900340446435,0.6699999999999999
2026-04-16,5,0.6299999999999999,0.6974156081375846,0.7000000000000002
2026-04-23,5,0.6000000000000001,0.6288124687336226,0.6299999999999999
2026-04-30,5,0.5899999999999999,0.5975080793245029,0.6000000000000001
2026-05-07,5,0.6000000000000001,0.5882897736739012,0.5899999999999999
2026-05-14,5,0.6299999999999999,0.5989135215376462,0.6000000000000001
2026-05-21,5,0.6000000000000001,0.629215314640211,0.6299999999999999
2026-05-28,5,0.6300000000000003,0.5985407863564387,0.6000000000000001
2012-01-19,20,0.9599999999999996,0.9325657992949333,0.98
2012-01-26,20,0.9599999999999996,0.9603161019233337,1.01
2012-02-02,20,0.8999999999999999,0.9043791718127007,0.95
2012-02-09,20,0.8399999999999999,0.9549655278283397,0.9999999999999998
2012-02-16,20,0.94,0.9132112538641141,0.9599999999999996
2012-02-23,20,0.9600000000000002,0.9149192664415398,0.9599999999999996
2012-03-01,20,0.9000000000000001,0.8530674401011588,0.8999999999999999
2012-03-08,20,0.8799999999999999,0.790014274417105,0.8399999999999999
2012-03-15,20,0.8199999999999998,0.8958788368376347,0.94
2012-03-22,20,0.71,0.9208863260146783,0.9600000000000002
2012-03-29,20,0.6799999999999997,0.8566631800409445,0.9000000000000001
2012-04-05,20,0.7,0.8342653244420022,0.8799999999999999
2012-04-12,20,0.75,0.7700042005383496,0.8199999999999998
2012-04-19,20,0.6599999999999999,0.6606018159641296,0.71
2012-04-26,20,0.7200000000000002,0.6298648307087394,0.6799999999999997
2012-05-03,20,0.6799999999999999,0.6494338266152849,0.7
2012-05-10,20,0.76,0.7007027074855643,0.75
2012-05-17,20,0.75,0.6112218177740941,0.6599999999999999
2012-05-24,20,0.7,0.6730310107167485,0.7200000000000002
2012-05-31,20,0.72,0.6339748801279571,0.6799999999999999
2012-06-07,20,0.7,0.7136809181813447,0.76
2012-06-14,20,0.6599999999999999,0.7050403719794933,0.75
2012-06-21,20,0.6699999999999999,0.6562039839931424,0.7
2012-06-28,20,0.6299999999999999,0.6771481316049761,0.72
2012-07-05,20,0.6099999999999999,0.6554872736102902,0.7
2012-07-12,20,0.6500000000000001,0.6132292839475162,0.6599999999999999
2012-07-19,20,0.72,0.6224720399346373,0.6699999999999999
2012-07-26,20,0.6900000000000002,0.579245074210287,0.6299999999999999
2012-08-02,20,0.6400000000000001,0.5641802407028,0.6099999999999999
2012-08-09,20,0.6800000000000002,0.6041728545960144,0.6500000000000001
2012-08-16,20,0.71,0.6767183747382159,0.72
2012-08-23,20,0.7100000000000002,0.6463310374393253,0.6900000000000002
2012-08-30,20,0.6499999999999999,0.595310912249504,0.6400000000000001
2012-09-06,20,0.6699999999999999,0.6337611243104909,0.6800000000000002
2012-09-13,20,0.6600000000000001,0.6671298090426638,0.71
2012-09-20,20,0.7699999999999998,0.6689772975902888,0.7100000000000002
2012-09-27,20,0.75,0.6059358993469706,0.6499999999999999
2012-10-04,20,0.71,0.6256397496166006,0.6699999999999999
2012-10-11,20,0.6499999999999999,0.6164718393847733,0.6600000000000001
2012-10-18,20,0.6499999999999999,0.7321671738472433,0.7699999999999998
2012-10-25,20,0.6599999999999999,0.7104523488769471,0.75
2012-11-01,20,0.6199999999999999,0.667988619332791,0.71
2012-11-08,20,0.6499999999999999,0.6065217139331429,0.6499999999999999
2012-11-15,20,0.6799999999999999,0.6100910422179908,0.6499999999999999
2012-11-22,20,0.7100000000000002,0.6196582664045663,0.6599999999999999
2012-11-29,20,0.6500000000000001,0.5793229347266439,0.6199999999999999
2012-12-06,20,0.73,0.6089953861273902,0.6499999999999999
2012-12-13,20,0.77,0.6399421537689447,0.6799999999999999
2012-12-20,20,0.75,0.6720499181030049,0.7100000000000002
2012-12-27,20,0.7699999999999998,0.6110252114035348,0.6500000000000001
2013-01-03,20,0.8300000000000001,0.6926709744756414,0.73
2013-01-10,20,0.8400000000000001,0.7339478360982163,0.77
2013-01-17,20,0.8700000000000001,0.7124914057494052,0.75
2013-01-24,20,0.8699999999999999,0.7358158161999011,0.7699999999999998
2013-01-31,20,0.8800000000000001,0.7951677806888003,0.8300000000000001
2013-02-07,20,0.92,0.8076610492705298,0.8400000000000001
2013-02-14,20,0.95,0.8375887753342828,0.8700000000000001
2013-02-21,20,0.8400000000000001,0.8404025862875314,0.8699999999999999
2013-02-28,20,0.76,0.8500094576102266,0.8800000000000001
2013-03-07,20,0.8,0.8888302549868297,0.92
2013-03-14,20,0.8,0.9203081951027557,0.95
2013-03-21,20,0.76,0.8059364111630213,0.8400000000000001
2013-03-28,20,0.79,0.7269539644234113,0.76
2013-04-04,20,0.7599999999999999,0.7670504497936065,0.8
2013-04-11,20,0.8300000000000001,0.7661112750299823,0.8
2013-04-18,20,0.8699999999999999,0.7260147016885437,0.76
2013-04-25,20,0.92,0.7549199560910798,0.79
2013-05-02,20,0.9899999999999998,0.7275884731827547,0.7599999999999999
2013-05-09,20,0.99,0.7986227207282159,0.8300000000000001
2013-05-16,20,1.02,0.8403002518698025,0.8699999999999999
2013-05-23,20,1.14,0.8899972722798541,0.92
2013-05-30,20,1.22,0.9615996560741165,0.9899999999999998
2013-06-06,20,1.2300000000000002,0.9598724406818568,0.99
2013-06-13,20,1.31,0.9919002594595832,1.02
2013-06-20,20,1.3099999999999998,1.125021145949146,1.14
2013-06-27,20,1.31,1.1982084173696201,1.22
2013-07-04,20,1.36,1.2095143746041201,1.2300000000000002
2013-07-11,20,1.3500000000000003,1.2845547140359237,1.31
2013-07-18,20,1.4700000000000002,1.2920334452836457,1.3099999999999998
2013-07-25,20,1.5400000000000005,1.2896617809797246,1.31
2013-08-01,20,1.41,1.3465836060996021,1.36
2013-08-08,20,1.5099999999999998,1.33147434575276,1.3500000000000003
2013-08-15,20,1.4999999999999998,1.4587427800586714,1.4700000000000002
2013-08-22,20,1.4800000000000002,1.5317750701585942,1.5400000000000005
2013-08-29,20,1.36,1.3953768403258138,1.41
2013-09-05,20,1.36,1.4988954964910968,1.5099999999999998
2013-09-12,20,1.38,1.4869995623912922,1.4999999999999998
2013-09-19,20,1.38,1.463777007400338,1.4800000000000002
2013-09-26,20,1.3299999999999998,1.3451958035389036,1.36
2013-10-03,20,1.3199999999999998,1.343516117453175,1.36
2013-10-10,20,1.42,1.364271854181975,1.38
2013-10-17,20,1.46,1.3618651973521154,1.38
2013-10-24,20,1.5499999999999998,1.3152155585335585,1.3299999999999998
2013-10-31,20,1.45,1.3023637006667625,1.3199999999999998
2013-11-07,20,1.59,1.406720756839664,1.42
2013-11-14,20,1.56,1.4457862539026571,1.46
2013-11-21,20,1.5600000000000005,1.542896734485862,1.5499999999999998
2013-11-28,20,1.5900000000000003,1.4364591855259163,1.45
2013-12-05,20,1.6100000000000003,1.5774413935225824,1.59
2013-12-12,20,1.58,1.5503203654508644,1.56
2013-12-19,20,1.48,1.5498177610563564,1.5600000000000005
2013-12-26,20,1.4400000000000002,1.5793698005371906,1.5900000000000003
2014-01-02,20,1.4,1.598455842364549,1.6100000000000003
2014-01-09,20,1.4500000000000002,1.5699336322349433,1.58
2014-01-16,20,1.4300000000000002,1.4656481662876808,1.48
2014-01-23,20,1.44,1.4274945535744854,1.4400000000000002
2014-01-30,20,1.4200000000000002,1.3862586479400132,1.4
2014-02-06,20,1.45,1.4378537989683897,1.4500000000000002
2014-02-13,20,1.37,1.4151852533574263,1.4300000000000002
2014-02-20,20,1.43,1.428607211106714,1.44
2014-02-27,20,1.37,1.4069370036370608,1.4200000000000002
2014-03-06,20,1.44,1.4357183235914224,1.45
2014-03-13,20,1.38,1.3517322252849286,1.37
2014-03-20,20,1.38,1.4190401985177656,1.43
2014-03-27,20,1.35,1.35331474160397,1.37
2014-04-03,20,1.3099999999999998,1.4274733437855327,1.44
2014-04-10,20,1.3,1.365616611541411,1.38
2014-04-17,20,1.2299999999999998,1.3733616492224494,1.38
2014-04-24,20,1.2699999999999998,1.3346851259090278,1.35
2014-05-01,20,1.2,1.2943242541197302,1.3099999999999998
2014-05-08,20,1.27,1.2848384265284014,1.3
2014-05-15,20,1.2299999999999998,1.2126356744521931,1.2299999999999998
2014-05-22,20,1.2,1.2558165305797604,1.2699999999999998
2014-05-29,20,1.13,1.1837128112943207,1.2
2014-06-05,20,1.19,1.2532748644500047,1.27
2014-06-12,20,1.11,1.2109220913342569,1.2299999999999998
2014-06-19,20,1.07,1.1837699888952413,1.2
2014-06-26,20,1.06,1.110193211491412,1.13
2014-07-03,20,1.06,1.1733193726101772,1.19
2014-07-10,20,0.9999999999999998,1.0918786702309005,1.11
2014-07-17,20,0.9899999999999998,1.0496809261023805,1.07
2014-07-24,20,0.99,1.0417281362981101,1.06
2014-07-31,20,0.8999999999999999,1.0410765849576546,1.06
2014-08-07,20,1.0,0.9790196025605878,0.9999999999999998
2014-08-14,20,1.0600000000000005,0.9697236022002235,0.9899999999999998
2014-08-21,20,1.11,0.9702583050125838,0.99
2014-08-28,20,1.0299999999999998,0.8776624965132399,0.8999999999999999
2014-09-04,20,1.0,0.981841577567136,1.0
2014-09-11,20,0.9699999999999998,1.0456763110342902,1.0600000000000005
2014-09-18,20,1.0099999999999998,1.093203801599568,1.11
2014-09-25,20,1.0,1.011489284574239,1.0299999999999998
2014-10-02,20,1.0099999999999998,0.9824600000415273,1.0
2014-10-09,20,1.06,0.9513431330862878,0.9699999999999998
2014-10-16,20,1.03,0.9907471507187406,1.0099999999999998
2014-10-23,20,1.01,0.9837861737939815,1.0
2014-10-30,20,0.91,0.9923874284435721,1.0099999999999998
2014-11-06,20,0.8999999999999999,1.044546039927726,1.06
2014-11-13,20,0.81,1.0131519158841817,1.03
2014-11-20,20,0.8400000000000001,0.9907356567842178,1.01
2014-11-27,20,0.8399999999999999,0.8924614348454109,0.91
2014-12-04,20,0.78,0.8812679212019641,0.8999999999999999
2014-12-11,20,0.73,0.7891912968061077,0.81
2014-12-18,20,0.6699999999999999,0.8194977247205536,0.8400000000000001
2014-12-25,20,0.8699999999999999,0.8196580190975419,0.8399999999999999
2015-01-01,20,0.9200000000000002,0.7587934320941652,0.78
2015-01-08,20,0.9200000000000002,0.7081867819825728,0.73
2015-01-15,20,0.97,0.6470317163969735,0.6699999999999999
2015-01-22,20,1.03,0.8505967200989228,0.8699999999999999
2015-01-29,20,0.8600000000000001,0.9078449145094503,0.9200000000000002
2015-02-05,20,0.9,0.8981805078515888,0.9200000000000002
2015-02-12,20,0.92,0.9469240567043864,0.97
2015-02-19,20,0.8400000000000001,1.0130839866278136,1.03
2015-02-26,20,0.85,0.8349345519937337,0.8600000000000001
2015-03-05,20,0.8200000000000001,0.8825662899736326,0.9
2015-03-12,20,0.8600000000000001,0.9006666629097704,0.92
2015-03-19,20,0.7900000000000001,0.8205561777076427,0.8400000000000001
2015-03-26,20,0.82,0.8285207893765025,0.85
2015-04-02,20,0.91,0.799926043439922,0.8200000000000001
2015-04-09,20,1.06,0.8435013144140782,0.8600000000000001
2015-04-16,20,1.13,0.7666986750108599,0.7900000000000001
2015-04-23,20,1.08,0.7983982752919759,0.82
2015-04-30,20,1.04,0.8951189638323809,0.91
2015-05-07,20,1.16,1.0436481155122694,1.06
2015-05-14,20,1.15,1.1164242228279782,1.13
2015-05-21,20,1.17,1.0630276495221578,1.08
2015-05-28,20,1.2000000000000002,1.0241692995821516,1.04
2015-06-04,20,1.26,1.1465149131276788,1.16
2015-06-11,20,1.13,1.1337788767128918,1.15
2015-06-18,20,1.15,1.155876407452089,1.17
2015-06-25,20,1.08,1.1859738989942423,1.2000000000000002
2015-07-02,20,1.04,1.2511916294906447,1.26
2015-07-09,20,1.0,1.1166538675412108,1.13
2015-07-16,20,0.99,1.1342238987765916,1.15
2015-07-23,20,0.94,1.06930976574817,1.08
2015-07-30,20,1.0499999999999998,1.0257869060663045,1.04
2015-08-06,20,1.03,0.9822794510340418,1.0
2015-08-13,20,1.03,0.976433897212537,0.99
2015-08-20,20,1.05,0.9234982114880292,0.94
2015-08-27,20,0.95,1.0332223749417386,1.0499999999999998
2015-09-03,20,0.91,1.0131419249521691,1.03
2015-09-10,20,0.96,1.014853885175556,1.03
2015-09-17,20,0.91,1.0357171328409882,1.05
2015-09-24,20,0.93,0.9336128863726925,0.95
2015-10-01,20,0.98,0.8916530998012601,0.91
2015-10-08,20,1.02,0.9445849679488539,0.96
2015-10-15,20,1.0499999999999998,0.8937600151834233,0.91
2015-10-22,20,1.0,0.9136733581672666,0.93
2015-10-29,20,0.95,0.9655325308996386,0.98
2015-11-05,20,0.97,1.0051547473374662,1.02
2015-11-12,20,0.94,1.0366948273051655,1.0499999999999998
2015-11-19,20,0.91,0.9844907638889173,1.0
2015-11-26,20,0.8800000000000001,0.934328302725621,0.95
2015-12-03,20,0.91,0.9567151449735426,0.97
2015-12-10,20,0.91,0.9242273525085944,0.94
2015-12-17,20,0.91,0.8955766290050762,0.91
2015-12-24,20,0.81,0.8630548244227912,0.8800000000000001
2015-12-31,20,0.81,0.8932699816869805,0.91
2016-01-07,20,0.7699999999999999,0.8937187250888139,0.91
2016-01-14,20,0.64,0.8959501730899199,0.91
2016-01-21,20,0.6800000000000002,0.7879873391748348,0.81
2016-01-28,20,0.6399999999999999,0.7928715560593937,0.81
2016-02-04,20,0.71,0.752047620434866,0.7699999999999999
2016-02-11,20,0.74,0.6199477414873692,0.64
2016-02-18,20,0.76,0.6628433367817479,0.6800000000000002
2016-02-25,20,0.71,0.6191206652854535,0.6399999999999999
2016-03-03,20,0.69,0.6924339218645031,0.71
2016-03-10,20,0.6299999999999999,0.7227110514377739,0.74
2016-03-17,20,0.6900000000000001,0.7404551645155767,0.76
2016-03-24,20,0.83,0.6933306501848967,0.71
2016-03-31,20,0.8099999999999999,0.6718525834204631,0.69
2016-04-07,20,0.7800000000000001,0.612067160824321,0.6299999999999999
2016-04-14,20,0.76,0.6719369177294527,0.6900000000000001
2016-04-21,20,0.7200000000000001,0.816310003439816,0.83
2016-04-28,20,0.7100000000000001,0.7929925455456616,0.8099999999999999
2016-05-05,20,0.68,0.7627470662361832,0.7800000000000001
2016-05-12,20,0.6699999999999999,0.7426439790827516,0.76
2016-05-19,20,0.5900000000000001,0.7048180127970696,0.7200000000000001
2016-05-26,20,0.68,0.6913572595756271,0.7100000000000001
2016-06-02,20,0.54,0.662444620698267,0.68
2016-06-09,20,0.51,0.6527645534587364,0.6699999999999999
2016-06-16,20,0.51,0.5717911925799725,0.5900000000000001
2016-06-23,20,0.5300000000000001,0.6619467077464114,0.68
2016-06-30,20,0.4800000000000001,0.5211566545648181,0.54
2016-07-07,20,0.51,0.4907604377948479,0.51
2016-07-14,20,0.5,0.48922498305523376,0.51
2016-07-21,20,0.4700000000000001,0.5119371707084919,0.5300000000000001
2016-07-28,20,0.4800000000000001,0.4597384958454885,0.4800000000000001
2016-08-04,20,0.4399999999999999,0.49037605019907676,0.51
2016-08-11,20,0.5200000000000001,0.47932633917785433,0.5
2016-08-18,20,0.63,0.44905869178757335,0.4700000000000001
2016-08-25,20,0.5300000000000001,0.4604760186500341,0.4800000000000001
2016-09-01,20,0.4599999999999999,0.42057051429131453,0.4399999999999999
2016-09-08,20,0.57,0.5009298565643597,0.5200000000000001
2016-09-15,20,0.58,0.6125676904840632,0.63
2016-09-22,20,0.6199999999999999,0.509558730219326,0.5300000000000001
2016-09-29,20,0.65,0.4396306365649026,0.4599999999999999
2016-10-06,20,0.6599999999999999,0.5527709158841694,0.57
2016-10-13,20,0.8099999999999999,0.561489796962525,0.58
2016-10-20,20,0.88,0.603707135571715,0.6199999999999999
2016-10-27,20,0.91,0.633343570798712,0.65
2016-11-03,20,0.91,0.6433670561072856,0.6599999999999999
2016-11-10,20,0.93,0.7951764600207786,0.8099999999999999
2016-11-17,20,1.02,0.8661360609003633,0.88
2016-11-24,20,0.99,0.8965220759433902,0.91
2016-12-01,20,0.96,0.8945641064451063,0.91
2016-12-08,20,0.95,0.916206821021124,0.93
2016-12-15,20,0.8799999999999999,1.0105436131886596,1.02
2016-12-22,20,0.96,0.9735746374355471,0.99
2016-12-29,20,1.0,0.9467888859105997,0.96
2017-01-05,20,0.99,0.9365724327582825,0.95
2017-01-12,20,0.93,0.8642906962493978,0.8799999999999999
2017-01-19,20,0.95,0.9479745472981554,0.96
2017-01-26,20,0.91,0.9880077626109754,1.0
2017-02-02,20,0.92,0.9769677054311727,0.99
2017-02-09,20,0.99,0.9163284176744653,0.93
2017-02-16,20,0.98,0.9369561303279252,0.95
2017-02-23,20,0.92,0.8964638167567358,0.91
2017-03-02,20,0.8899999999999999,0.9068124833198034,0.92
2017-03-09,20,0.8300000000000001,0.9780599694287638,0.99
2017-03-16,20,0.76,0.9661784827322362,0.98
2017-03-23,20,0.74,0.9070411253637252,0.92
2017-03-30,20,0.8400000000000001,0.8756185126619969,0.8899999999999999
2017-04-06,20,0.85,0.8160632870003457,0.8300000000000001
2017-04-13,20,0.9000000000000001,0.7448492517321307,0.76
2017-04-20,20,0.7699999999999999,0.7244528317294113,0.74
2017-04-27,20,0.74,0.8283022849119376,0.8400000000000001
2017-05-04,20,0.73,0.8369650750778226,0.85
2017-05-11,20,0.71,0.8875492821458549,0.9000000000000001
2017-05-18,20,0.62,0.7552052576950135,0.7699999999999999
2017-05-25,20,0.57,0.7252051727766347,0.74
2017-06-01,20,0.6199999999999999,0.7152760464961438,0.73
2017-06-08,20,0.7000000000000002,0.6952488539989787,0.71
2017-06-15,20,0.7,0.6045827064427928,0.62
2017-06-22,20,0.6399999999999999,0.5525170492355981,0.57
2017-06-29,20,0.7,0.6033740645935504,0.6199999999999999
2017-07-06,20,0.6499999999999999,0.6848655188861851,0.7000000000000002
2017-07-13,20,0.6300000000000001,0.6841967802480181,0.7
2017-07-20,20,0.6200000000000001,0.6243419473683189,0.6399999999999999
2017-07-27,20,0.6199999999999999,0.6852951014037688,0.7
2017-08-03,20,0.5800000000000001,0.6352695533374855,0.6499999999999999
2017-08-10,20,0.47,0.6150811183655114,0.6300000000000001
2017-08-17,20,0.4899999999999997,0.6042680445159991,0.6200000000000001
2017-08-24,20,0.53,0.6037966643532156,0.6199999999999999
2017-08-31,20,0.5800000000000001,0.56317423635153,0.5800000000000001
2017-09-07,20,0.5800000000000001,0.45177931524752224,0.47
2017-09-14,20,0.52,0.47332107522195144,0.4899999999999997
2017-09-21,20,0.53,0.5143664272206644,0.53
2017-09-28,20,0.5799999999999998,0.5654408679358305,0.5800000000000001
2017-10-05,20,0.55,0.5652727676654902,0.5800000000000001
2017-10-12,20,0.48,0.5036826562926354,0.52
2017-10-19,20,0.49,0.5144558093624655,0.53
2017-10-26,20,0.4599999999999999,0.5652668920976323,0.5799999999999998
2017-11-02,20,0.4599999999999999,0.5338610462795277,0.55
2017-11-09,20,0.3600000000000001,0.46271105016015396,0.48
2017-11-16,20,0.29,0.4729886006387209,0.49
2017-11-23,20,0.3499999999999998,0.4439211846026464,0.4599999999999999
2017-11-30,20,0.3399999999999998,0.4438789015973605,0.4599999999999999
2017-12-07,20,0.3800000000000001,0.34351559771565743,0.3600000000000001
2017-12-14,20,0.4099999999999999,0.27011951345458834,0.29
2017-12-21,20,0.4199999999999999,0.3401281070477695,0.3499999999999998
2017-12-28,20,0.4400000000000001,0.32171213500180773,0.3399999999999998
2018-01-04,20,0.51,0.3625046301232534,0.3800000000000001
2018-01-11,20,0.5299999999999998,0.39326503240666877,0.4099999999999999
2018-01-18,20,0.53,0.4032257429498429,0.4199999999999999
2018-01-25,20,0.4999999999999998,0.42359155285131544,0.4400000000000001
2018-02-01,20,0.4099999999999999,0.49411626844712064,0.51
2018-02-08,20,0.4499999999999999,0.5153185006173434,0.5299999999999998
2018-02-15,20,0.3900000000000001,0.513248283057282,0.53
2018-02-22,20,0.3499999999999998,0.48560869502196424,0.4999999999999998
2018-03-01,20,0.3199999999999998,0.39434435538199464,0.4099999999999999
2018-03-08,20,0.3700000000000001,0.4337749154115031,0.4499999999999999
2018-03-15,20,0.3900000000000001,0.374655238058856,0.3900000000000001
2018-03-22,20,0.4099999999999999,0.33304651178519284,0.3499999999999998
2018-03-29,20,0.4400000000000001,0.30359070656960097,0.3199999999999998
2018-04-05,20,0.4099999999999999,0.3532305216632138,0.3700000000000001
2018-04-12,20,0.4299999999999999,0.37311146358941455,0.3900000000000001
2018-04-19,20,0.4599999999999999,0.3936986548656829,0.4099999999999999
2018-04-26,20,0.4200000000000001,0.42462780567551484,0.4400000000000001
2018-05-03,20,0.33,0.39445103685111216,0.4099999999999999
2018-05-10,20,0.3700000000000001,0.41294494202193427,0.4299999999999999
2018-05-17,20,0.3400000000000001,0.4443629241772618,0.4599999999999999
2018-05-24,20,0.32,0.40486237950566367,0.4200000000000001
2018-05-31,20,0.2799999999999998,0.3139939611025744,0.33
2018-06-07,20,0.2300000000000002,0.35483114026021256,0.3700000000000001
2018-06-14,20,0.2200000000000002,0.3242951857078736,0.3400000000000001
2018-06-21,20,0.1799999999999999,0.3037778893632776,0.32
2018-06-28,20,0.2299999999999999,0.2614789571145168,0.2799999999999998
2018-07-05,20,0.2799999999999998,0.2122771913051404,0.2300000000000002
2018-07-12,20,0.2200000000000002,0.20303321674305685,0.2200000000000002
2018-07-19,20,0.1699999999999999,0.16302405560700564,0.1799999999999999
2018-07-26,20,0.1299999999999999,0.2125037504238721,0.2299999999999999
2018-08-02,20,0.1699999999999999,0.2633828889175815,0.2799999999999998
2018-08-09,20,0.1699999999999999,0.20281602968086399,0.2200000000000002
2018-08-16,20,0.1799999999999997,0.15253543275398956,0.1699999999999999
2018-08-23,20,0.2399999999999997,0.11230456233263973,0.1299999999999999
2018-08-30,20,0.2200000000000002,0.15341207455832118,0.1699999999999999
2018-09-06,20,0.25,0.15231169661128413,0.1699999999999999
2018-09-13,20,0.2200000000000002,0.1623110558516911,0.1799999999999997
2018-09-20,20,0.1800000000000001,0.22234440969385622,0.2399999999999997
2018-09-27,20,0.1400000000000001,0.20369712102576132,0.2200000000000002
2018-10-04,20,0.1600000000000001,0.233838960908496,0.25
2018-10-11,20,0.1800000000000001,0.20397227844623836,0.2200000000000002
2018-10-18,20,0.1399999999999996,0.16345310354497036,0.1800000000000001
2018-10-25,20,0.1199999999999996,0.12279396751904993,0.1400000000000001
2018-11-01,20,0.1099999999999998,0.14219870298838655,0.1600000000000001
2018-11-08,20,0.09,0.1628922937340677,0.1800000000000001
2018-11-15,20,0.0899999999999998,0.1227911249195797,0.1399999999999996
2018-11-22,20,0.08,0.10158089861740482,0.1199999999999996
2018-11-29,20,0.09,0.09253387280236222,0.1099999999999998
2018-12-06,20,0.06,0.07393794760600277,0.09
2018-12-13,20,0.07,0.07242400239926293,0.0899999999999998
2018-12-20,20,0.09,0.06248594394643041,0.08
2018-12-27,20,0.0699999999999998,0.07311233166719813,0.09
2019-01-03,20,0.1099999999999998,0.04224334240711054,0.06
2019-01-10,20,0.1100000000000001,0.05240881015816436,0.07
2019-01-17,20,0.1099999999999998,0.07329350529736009,0.09
2019-01-24,20,0.1199999999999998,0.05296131383806828,0.0699999999999998
2019-01-31,20,0.1599999999999999,0.09303990604731345,0.1099999999999998
2019-02-07,20,0.1399999999999999,0.09456120655756937,0.1100000000000001
2019-02-14,20,0.1,0.09408604433963658,0.1099999999999998
2019-02-21,20,0.0699999999999998,0.10298050498563091,0.1199999999999998
2019-02-28,20,0.06,0.14340881790519744,0.1599999999999999
2019-03-07,20,0.1099999999999998,0.1243063751005025,0.1399999999999999
2019-03-14,20,0.1299999999999999,0.08310227769261103,0.1
2019-03-21,20,0.1499999999999999,0.053009889461661464,0.0699999999999998
2019-03-28,20,0.1499999999999999,0.042247144915133615,0.06
2019-04-04,20,0.1399999999999999,0.0935117236114114,0.1099999999999998
2019-04-11,20,0.0999999999999998,0.11361087622203,0.1299999999999999
2019-04-18,20,0.0899999999999998,0.13473826171211786,0.1499999999999999
2019-04-25,20,0.0599999999999998,0.13302774209962726,0.1499999999999999
2019-05-02,20,0.03,0.1231562899872921,0.1399999999999999
2019-05-09,20,0.08,0.08349045570137809,0.0999999999999998
2019-05-16,20,0.05,0.07278740077535092,0.0899999999999998
2019-05-23,20,0.05,0.044874877623499676,0.0599999999999998
2019-05-30,20,0.03,0.012592836803412697,0.03
2019-06-06,20,-0.05,0.06225289088822601,0.08
2019-06-13,20,0.02,0.03362412258802658,0.05
2019-06-20,20,0.05,0.031695673156441714,0.05
2019-06-27,20,0.02,0.01300056866330819,0.03
2019-07-04,20,-0.08,-0.06820900743306539,-0.05
2019-07-11,20,-0.1200000000000001,0.0023155502096654478,0.02
2019-07-18,20,-0.1999999999999999,0.03461127656502525,0.05
2019-07-25,20,-0.1799999999999999,0.002754481830221169,0.02
2019-08-01,20,-0.1900000000000001,-0.09574406321908838,-0.08
2019-08-08,20,-0.1899999999999999,-0.13934647734266692,-0.1200000000000001
2019-08-15,20,-0.1500000000000001,-0.21754416135745627,-0.1999999999999999
2019-08-22,20,-0.1700000000000001,-0.1994781263466512,-0.1799999999999999
2019-08-29,20,-0.2099999999999999,-0.20884956952086733,-0.1900000000000001
2019-09-05,20,-0.1699999999999999,-0.21140338748833082,-0.1899999999999999
2019-09-12,20,-0.1300000000000001,-0.1685064990646627,-0.1500000000000001
2019-09-19,20,-0.0899999999999998,-0.1884647185898801,-0.1700000000000001
2019-09-26,20,-0.1099999999999998,-0.22855629851995238,-0.2099999999999999
2019-10-03,20,-0.1,-0.1862744329803588,-0.1699999999999999
2019-10-10,20,-0.0199999999999997,-0.14929266909603964,-0.1300000000000001
2019-10-17,20,-0.06,-0.10772409754889956,-0.0899999999999998
2019-10-24,20,-0.08,-0.12806127100431006,-0.1099999999999998
2019-10-31,20,-0.1300000000000001,-0.11666165947111082,-0.1
2019-11-07,20,-0.0799999999999998,-0.03775683295373939,-0.0199999999999997
2019-11-14,20,-0.04,-0.07637962079569575,-0.06
2019-11-21,20,-0.04,-0.09846655083968925,-0.08
2019-11-28,20,-0.0599999999999998,-0.14745162641776557,-0.1300000000000001
2019-12-05,20,-0.0399999999999998,-0.09855707110737857,-0.0799999999999998
2019-12-12,20,-0.0299999999999998,-0.057873946658592905,-0.04
2019-12-19,20,-0.0899999999999998,-0.056166876440255496,-0.04
2019-12-26,20,-0.09,-0.07701899135863996,-0.0599999999999998
2020-01-02,20,-0.1499999999999999,-0.056198952334730046,-0.0399999999999998
2020-01-09,20,-0.1199999999999998,-0.045796523779530654,-0.0299999999999998
2020-01-16,20,-0.1200000000000001,-0.10753949685264441,-0.0899999999999998
2020-01-23,20,-0.1499999999999999,-0.10633256875184764,-0.09
2020-01-30,20,-0.09,-0.16736446108642766,-0.1499999999999999
2020-02-06,20,0.0499999999999999,-0.137018756285381,-0.1199999999999998
2020-02-13,20,0.17,-0.13724006736851407,-0.1200000000000001
2020-02-20,20,0.37,-0.16679589589416915,-0.1499999999999999
2020-02-27,20,0.25,-0.10497991368964407,-0.09
2020-03-05,20,0.24,0.03751991175975849,0.0499999999999999
2020-03-12,20,0.37,0.15662248580290566,0.17
2020-03-19,20,0.2799999999999999,0.35800477806844244,0.37
2020-03-26,20,0.2699999999999999,0.23322393115084797,0.25
2020-04-02,20,0.24,0.22483945771023883,0.24
2020-04-09,20,0.27,0.35697391549792185,0.37
2020-04-16,20,0.26,0.2662880517287016,0.2799999999999999
2020-04-23,20,0.25,0.2550564084041081,0.2699999999999999
2020-04-30,20,0.26,0.22606321783728273,0.24
2020-05-07,20,0.35,0.25535456216604896,0.27
2020-05-14,20,0.25,0.2464005757900118,0.26
2020-05-21,20,0.22,0.23649235033754548,0.25
2020-05-28,20,0.22,0.2459559638556864,0.26
2020-06-04,20,0.2700000000000001,0.3369959602046523,0.35
2020-06-11,20,0.25,0.23770678312672697,0.25
2020-06-18,20,0.2299999999999999,0.20593224282177322,0.22
2020-06-25,20,0.2299999999999999,0.20634095888109658,0.22
2020-07-02,20,0.19,0.25580790106041257,0.2700000000000001
2020-07-09,20,0.2,0.23644970429892745,0.25
2020-07-16,20,0.33,0.2160703254803241,0.2299999999999999
2020-07-23,20,0.28,0.2158011949706954,0.2299999999999999
2020-07-30,20,0.37,0.17658359641587845,0.19
2020-08-06,20,0.28,0.18651102609103298,0.2
2020-08-13,20,0.3,0.3160088101353459,0.33
2020-08-20,20,0.3099999999999999,0.26694197504154027,0.28
2020-08-27,20,0.3,0.35697210733009455,0.37
2020-09-03,20,0.31,0.26720941667547427,0.28
2020-09-10,20,0.3399999999999999,0.28693166217650606,0.3
2020-09-17,20,0.3399999999999999,0.2972083584465523,0.3099999999999999
2020-09-24,20,0.41,0.28724272450493676,0.3
2020-10-01,20,0.38,0.2966239726367396,0.31
2020-10-08,20,0.36,0.3258460776867987,0.3399999999999999
2020-10-15,20,0.4599999999999999,0.32837054330116855,0.3399999999999999
2020-10-22,20,0.41,0.3976953882860471,0.41
2020-10-29,20,0.4299999999999999,0.3677050545888181,0.38
2020-11-05,20,0.48,0.3465508857460157,0.36
2020-11-12,20,0.48,0.44956136853723067,0.4599999999999999
2020-11-19,20,0.49,0.39814374358163807,0.41
2020-11-26,20,0.5,0.41825370579794097,0.4299999999999999
2020-12-03,20,0.47,0.4679390364927002,0.48
2020-12-10,20,0.6100000000000001,0.46773369203882115,0.48
2020-12-17,20,0.7,0.47794958714811614,0.49
2020-12-24,20,0.7,0.4885654871428715,0.5
2020-12-31,20,0.6599999999999999,0.45790500545044827,0.47
2021-01-07,20,0.77,0.5996261861487446,0.6100000000000001
2021-01-14,20,0.8,0.689353933979599,0.7
2021-01-21,20,0.92,0.6894586990055945,0.7
2021-01-28,20,1.14,0.6500505689962707,0.6599999999999999
2021-02-04,20,1.21,0.7605745753817079,0.77
2021-02-11,20,1.18,0.7906726485667073,0.8
2021-02-18,20,1.34,0.9112185025111158,0.92
2021-02-25,20,1.23,1.1321109222219568,1.14
2021-03-04,20,1.29,1.2034453563024778,1.21
2021-03-11,20,1.24,1.172417631596148,1.18
2021-03-18,20,1.21,1.334541924709401,1.34
2021-03-25,20,1.21,1.2245904723201113,1.23
2021-04-01,20,1.25,1.2840014820568328,1.29
2021-04-08,20,1.2,1.2336127851010226,1.24
2021-04-15,20,1.24,1.2037092110066794,1.21
2021-04-22,20,1.21,1.2033789176702738,1.21
2021-04-29,20,1.17,1.24326098385297,1.25
2021-05-06,20,1.2,1.1927439988006414,1.2
2021-05-13,20,1.0699999999999998,1.2348584157325693,1.24
2021-05-20,20,1.02,1.2035416279320341,1.21
2021-05-27,20,0.99,1.1628574830206944,1.17
2021-06-03,20,0.94,1.1941591374925034,1.2
2021-06-10,20,0.78,1.0631749940586956,1.0699999999999998
2021-06-17,20,0.8200000000000001,1.0132351216052258,1.02
2021-06-24,20,0.74,0.9824888312006453,0.99
2021-07-01,20,0.74,0.9320168694228596,0.94
2021-07-08,20,0.69,0.7718818212116835,0.78
2021-07-15,20,0.79,0.812275904641809,0.8200000000000001
2021-07-22,20,0.69,0.7307517196951137,0.74
2021-07-29,20,0.78,0.7290976260170635,0.74
2021-08-05,20,0.7499999999999999,0.6787631507716338,0.69
2021-08-12,20,0.7699999999999999,0.7811174969960211,0.79
2021-08-19,20,0.79,0.6815937986590234,0.69
2021-08-26,20,0.8500000000000001,0.7710048655349946,0.78
2021-09-02,20,0.98,0.7408475604331287,0.7499999999999999
2021-09-09,20,0.93,0.7607096889298339,0.7699999999999999
2021-09-16,20,0.81,0.7804795536289437,0.79
2021-09-23,20,0.82,0.8397703288187798,0.8500000000000001
2021-09-30,20,0.6599999999999999,0.9724545531406512,0.98
2021-10-07,20,0.6599999999999999,0.9210804089028968,0.93
2021-10-14,20,0.6799999999999999,0.802651641468385,0.81
2021-10-21,20,0.71,0.8100732716720364,0.82
2021-10-28,20,0.72,0.6488854436554939,0.6599999999999999
2021-11-04,20,0.53,0.6517353942299154,0.6599999999999999
2021-11-11,20,0.5,0.6705652176943274,0.6799999999999999
2021-11-18,20,0.45,0.7008809676771274,0.71
2021-11-25,20,0.4599999999999999,0.7107135605002073,0.72
2021-12-02,20,0.47,0.5201125467518719,0.53
2021-12-09,20,0.6299999999999999,0.4907792289431762,0.5
2021-12-16,20,0.5899999999999999,0.4395821195953207,0.45
2021-12-23,20,0.56,0.44885295086617677,0.4599999999999999
2021-12-30,20,0.51,0.4595024912392811,0.47
2022-01-06,20,0.5,0.6190867040984197,0.6299999999999999
2022-01-13,20,0.4499999999999999,0.580509589093827,0.5899999999999999
2022-01-20,20,0.3999999999999999,0.5501803810777176,0.56
2022-01-27,20,0.3999999999999999,0.5014249342750565,0.51
2022-02-03,20,0.3,0.48961892500323057,0.5
2022-02-10,20,0.3799999999999999,0.4383936401797945,0.4499999999999999
2022-02-17,20,0.3,0.3899108561998371,0.3999999999999999
2022-02-24,20,0.2600000000000002,0.3903366742132747,0.3999999999999999
2022-03-03,20,0.1299999999999999,0.294595675542242,0.3
2022-03-10,20,0.2200000000000002,0.36813306903446796,0.3799999999999999
2022-03-17,20,0.3399999999999998,0.28788358903897615,0.3
2022-03-24,20,0.25,0.24722403511622393,0.2600000000000002
2022-03-31,20,0.27,0.11793826375021742,0.1299999999999999
2022-04-07,20,0.3399999999999998,0.20799786023492073,0.2200000000000002
2022-04-14,20,0.2799999999999998,0.3363531163171825,0.3399999999999998
2022-04-21,20,0.1799999999999997,0.23742942091521782,0.25
2022-04-28,20,0.25,0.2582828532232475,0.27
2022-05-05,20,0.1600000000000001,0.32683681042863655,0.3399999999999998
2022-05-12,20,0.1600000000000001,0.26960056520097087,0.2799999999999998
2022-05-19,20,0.1699999999999999,0.16900855452149938,0.1799999999999997
2022-05-26,20,0.1899999999999999,0.23763543938959847,0.25
2022-06-02,20,0.1299999999999999,0.15597350288681383,0.1600000000000001
2022-06-09,20,0.0300000000000002,0.14882916870690008,0.1600000000000001
2022-06-16,20,-0.1299999999999999,0.1587813248665857,0.1699999999999999
2022-06-23,20,-0.2299999999999999,0.17997034686396696,0.1899999999999999
2022-06-30,20,-0.31,0.11869842688253185,0.1299999999999999
2022-07-07,20,-0.48,0.016017130007208134,0.0300000000000002
2022-07-14,20,-0.4700000000000002,-0.12942982824905092,-0.1299999999999999
2022-07-21,20,-0.54,-0.24262773797700823,-0.2299999999999999
2022-07-28,20,-0.4900000000000002,-0.3234774608191926,-0.31
2022-08-04,20,-0.48,-0.49526790332416654,-0.48
2022-08-11,20,-0.4700000000000002,-0.48733060895659636,-0.4700000000000002
2022-08-18,20,-0.6599999999999997,-0.5565674052635078,-0.54
2022-08-25,20,-0.6699999999999999,-0.5054381617891017,-0.4900000000000002
2022-09-01,20,-0.6299999999999999,-0.4960856295621268,-0.48
2022-09-08,20,-0.6700000000000004,-0.4795971189479161,-0.4700000000000002
2022-09-15,20,-0.7000000000000002,-0.6774173197951778,-0.6599999999999997
2022-09-22,20,-0.6200000000000001,-0.6876822110893338,-0.6699999999999999
2022-09-29,20,-0.6299999999999999,-0.6476670212419894,-0.6299999999999999
2022-10-06,20,-0.6399999999999997,-0.6885202543417329,-0.6700000000000004
2022-10-13,20,-0.69,-0.716934157829578,-0.7000000000000002
2022-10-20,20,-0.8300000000000001,-0.6386077013264387,-0.6200000000000001
2022-10-27,20,-0.96,-0.6418534407860418,-0.6299999999999999
2022-11-03,20,-0.96,-0.6576527668720269,-0.6399999999999997
2022-11-10,20,-1.0100000000000002,-0.7033775269749352,-0.69
2022-11-17,20,-0.9000000000000004,-0.8484379689913603,-0.8300000000000001
2022-11-24,20,-0.7399999999999998,-0.9776914849266657,-0.96
2022-12-01,20,-0.7399999999999998,-0.9768021422430534,-0.96
2022-12-08,20,-0.8600000000000003,-1.0252524129244747,-1.0100000000000002
2022-12-15,20,-0.8999999999999999,-0.9176327007244897,-0.9000000000000004
2022-12-22,20,-0.7599999999999998,-0.757709334970964,-0.7399999999999998
2022-12-29,20,-0.77,-0.7566301120543024,-0.7399999999999998
2023-01-05,20,-0.8300000000000001,-0.8779798177353498,-0.8600000000000003
2023-01-12,20,-0.92,-0.9164235458510025,-0.8999999999999999
2023-01-19,20,-0.8499999999999996,-0.7780263458195372,-0.7599999999999998
2023-01-26,20,-0.8800000000000003,-0.7849666985867291,-0.77
2023-02-02,20,-0.8199999999999998,-0.8472014099415048,-0.8300000000000001
2023-02-09,20,-0.9800000000000004,-0.9391065572979481,-0.92
2023-02-16,20,-0.8300000000000001,-0.8670768682913148,-0.8499999999999996
2023-02-23,20,-0.69,-0.8973374010866094,-0.8800000000000003
2023-03-02,20,-0.8299999999999996,-0.8379729951010954,-0.8199999999999998
2023-03-09,20,-0.8199999999999998,-0.9964751666150604,-0.9800000000000004
2023-03-16,20,-0.8500000000000001,-0.8474666912571961,-0.8300000000000001
2023-03-23,20,-0.8199999999999998,-0.7083567144778142,-0.69
2023-03-30,20,-0.7799999999999998,-0.847294212345873,-0.8299999999999996
2023-04-06,20,-0.7599999999999998,-0.8366894987287211,-0.8199999999999998
2023-04-13,20,-0.8300000000000001,-0.869089105690189,-0.8500000000000001
2023-04-20,20,-0.8999999999999999,-0.8361844202866616,-0.8199999999999998
2023-04-27,20,-0.9300000000000006,-0.7981731456301704,-0.7799999999999998
2023-05-04,20,-1.04,-0.7775057822722878,-0.7599999999999998
2023-05-11,20,-1.1300000000000003,-0.8456811091484314,-0.8300000000000001
2023-05-18,20,-1.16,-0.9192449796617586,-0.8999999999999999
2023-05-25,20,-1.29,-0.9480705061643535,-0.9300000000000006
2023-06-01,20,-1.3000000000000005,-1.058005281798836,-1.04
2023-06-08,20,-1.2599999999999998,-1.145835725951779,-1.1300000000000003
2023-06-15,20,-1.2300000000000004,-1.1775153721667182,-1.16
2023-06-22,20,-1.14,-1.3106460750830262,-1.29
2023-06-29,20,-1.1599999999999997,-1.322088932169108,-1.3000000000000005
2023-07-06,20,-1.0099999999999998,-1.280707787186546,-1.2599999999999998
2023-07-13,20,-1.04,-1.2450527622540843,-1.2300000000000004
2023-07-20,20,-1.0000000000000004,-1.161716439334088,-1.14
2023-07-27,20,-1.0699999999999998,-1.1815585626400131,-1.1599999999999997
2023-08-03,20,-1.0799999999999996,-1.0297715479052543,-1.0099999999999998
2023-08-10,20,-0.9700000000000002,-1.059552318194559,-1.04
2023-08-17,20,-1.0000000000000004,-1.0182235064682974,-1.0000000000000004
2023-08-24,20,-1.0,-1.0889490830255557,-1.0699999999999998
2023-08-31,20,-0.8500000000000005,-1.0980213137527417,-1.0799999999999996
2023-09-07,20,-0.6600000000000001,-0.9872260986901236,-0.9700000000000002
2023-09-14,20,-0.7800000000000002,-1.0179380778924074,-1.0000000000000004
2023-09-21,20,-0.7000000000000002,-1.0192539767159643,-1.0
2023-09-28,20,-0.6399999999999997,-0.8664792432539284,-0.8500000000000005
2023-10-05,20,-0.6999999999999997,-0.6762661111214112,-0.6600000000000001
2023-10-12,20,-0.7200000000000002,-0.7984138878219729,-0.7800000000000002
2023-10-19,20,-0.7600000000000002,-0.7182935682905401,-0.7000000000000002
2023-10-26,20,-0.7199999999999998,-0.6533180691745527,-0.6399999999999997
2023-11-02,20,-0.6400000000000001,-0.7136785428935261,-0.6999999999999997
2023-11-09,20,-0.75,-0.7386511872461605,-0.7200000000000002
2023-11-16,20,-0.77,-0.7751779713670738,-0.7600000000000002
2023-11-23,20,-0.8300000000000001,-0.7372087876506038,-0.7199999999999998
2023-11-30,20,-0.81,-0.6564760956758331,-0.6400000000000001
2023-12-07,20,-0.81,-0.766243178948821,-0.75
2023-12-14,20,-0.7400000000000002,-0.7841817763830221,-0.77
2023-12-21,20,-0.5599999999999996,-0.8474309700850029,-0.8300000000000001
2023-12-28,20,-0.5299999999999998,-0.8276415289684679,-0.81
2024-01-04,20,-0.6800000000000002,-0.8276587703339834,-0.81
2024-01-11,20,-0.6300000000000003,-0.7560249500166574,-0.7400000000000002
2024-01-18,20,-0.7000000000000002,-0.5761761132064269,-0.5599999999999996
2024-01-25,20,-0.69,-0.5443949443334575,-0.5299999999999998
2024-02-01,20,-0.6999999999999997,-0.6934777307421627,-0.6800000000000002
2024-02-08,20,-0.73,-0.6466996620148158,-0.6300000000000003
2024-02-15,20,-0.6999999999999997,-0.715453476845786,-0.7000000000000002
2024-02-22,20,-0.6400000000000006,-0.7046261623378924,-0.69
2024-02-29,20,-0.7199999999999998,-0.714451013925656,-0.6999999999999997
2024-03-07,20,-0.6500000000000004,-0.7458518880681481,-0.73
2024-03-14,20,-0.52,-0.717007747981241,-0.6999999999999997
2024-03-21,20,-0.4900000000000002,-0.6555471583261666,-0.6400000000000006
2024-03-28,20,-0.4899999999999997,-0.7352435016267698,-0.7199999999999998
2024-04-04,20,-0.52,-0.664216165409344,-0.6500000000000004
2024-04-11,20,-0.5800000000000001,-0.5372118067672325,-0.52
2024-04-18,20,-0.6300000000000003,-0.5050606470013972,-0.4900000000000002
2024-04-25,20,-0.5899999999999999,-0.504647554151625,-0.4899999999999997
2024-05-02,20,-0.5599999999999996,-0.5344916790784188,-0.52
2024-05-09,20,-0.54,-0.5943182584440746,-0.5800000000000001
2024-05-16,20,-0.54,-0.6443639859979583,-0.6300000000000003
2024-05-23,20,-0.56,-0.6049220561401502,-0.5899999999999999
2024-05-30,20,-0.5499999999999994,-0.5740470179685753,-0.5599999999999996
2024-06-06,20,-0.4399999999999999,-0.5567670637886696,-0.54
2024-06-13,20,-0.4199999999999999,-0.5530392409027893,-0.54
2024-06-20,20,-0.33,-0.5747922163204481,-0.56
2024-06-27,20,-0.2599999999999998,-0.5647295570956932,-0.5499999999999994
2024-07-04,20,-0.25,-0.45445122422122836,-0.4399999999999999
2024-07-11,20,-0.1699999999999999,-0.43376090827601244,-0.4199999999999999
2024-07-18,20,-0.2400000000000002,-0.3459006456667757,-0.33
2024-07-25,20,-0.2299999999999999,-0.27385481368700315,-0.2599999999999998
2024-08-01,20,-0.1800000000000001,-0.2625312914193556,-0.25
2024-08-08,20,-0.1599999999999997,-0.1822701679114853,-0.1699999999999999
2024-08-15,20,-0.0899999999999998,-0.25273295038604154,-0.2400000000000002
2024-08-22,20,0.0300000000000002,-0.24320033083284606,-0.2299999999999999
2024-08-29,20,0.0399999999999995,-0.19279988840510345,-0.1800000000000001
2024-09-05,20,0.04,-0.17401375628565807,-0.1599999999999997
2024-09-12,20,0.04,-0.10199557181865879,-0.0899999999999998
2024-09-19,20,0.1400000000000001,0.018388748456544667,0.0300000000000002
2024-09-26,20,0.1600000000000001,0.02944076202488695,0.0399999999999995
2024-10-03,20,0.1500000000000003,0.028551517595857057,0.04
2024-10-10,20,0.1500000000000003,0.029031665897843485,0.04
2024-10-17,20,0.0999999999999996,0.12894789564234044,0.1400000000000001
2024-10-24,20,0.0699999999999998,0.14817393543175228,0.1600000000000001
2024-10-31,20,0.04,0.14022828789430763,0.1500000000000003
2024-11-07,20,0.04,0.14049434619935866,0.1500000000000003
2024-11-14,20,0.1600000000000001,0.09069362516895911,0.0999999999999996
2024-11-21,20,0.2599999999999998,0.05887018599406267,0.0699999999999998
2024-11-28,20,0.2600000000000002,0.028986748165275293,0.04
2024-12-05,20,0.29,0.029329653647655718,0.04
2024-12-12,20,0.3999999999999999,0.14750633714432318,0.1600000000000001
2024-12-19,20,0.3899999999999997,0.2479184838500726,0.2599999999999998
2024-12-26,20,0.3699999999999996,0.2503788472072669,0.2600000000000002
2025-01-02,20,0.3799999999999999,0.2809851102029914,0.29
2025-01-09,20,0.3700000000000001,0.390620470715831,0.3999999999999999
2025-01-16,20,0.3700000000000001,0.38193592278594685,0.3899999999999997
2025-01-23,20,0.4000000000000003,0.360298309374794,0.3699999999999996
2025-01-30,20,0.3400000000000003,0.3710884255941795,0.3799999999999999
2025-02-06,20,0.4399999999999999,0.3609105217768731,0.3700000000000001
2025-02-13,20,0.48,0.3621617968453044,0.3700000000000001
2025-02-20,20,0.4700000000000002,0.3902323056448237,0.4000000000000003
2025-02-27,20,0.54,0.3313314015392515,0.3400000000000003
2025-03-06,20,0.54,0.42931118979299854,0.4399999999999999
2025-03-13,20,0.6000000000000001,0.47190008883101137,0.48
2025-03-20,20,0.6099999999999999,0.46178295035356465,0.4700000000000002
2025-03-27,20,0.5900000000000003,0.5320263939290978,0.54
2025-04-03,20,0.6000000000000001,0.5298845368040321,0.54
2025-04-10,20,0.6200000000000001,0.5901878805803112,0.6000000000000001
2025-04-17,20,0.6300000000000003,0.6006295256430956,0.6099999999999999
2025-04-24,20,0.6599999999999997,0.5831356251154947,0.5900000000000003
2025-05-01,20,0.6099999999999999,0.5922143986560479,0.6000000000000001
2025-05-08,20,0.6299999999999999,0.611696065740561,0.6200000000000001
2025-05-15,20,0.6499999999999999,0.6240660524579044,0.6300000000000003
2025-05-22,20,0.6499999999999999,0.6537024047927532,0.6599999999999997
2025-05-29,20,0.71,0.6027194911439683,0.6099999999999999
2025-06-05,20,0.69,0.6224334470780664,0.6299999999999999
2025-06-12,20,0.71,0.6427513744521874,0.6499999999999999
2025-06-19,20,0.7599999999999998,0.6430617462643178,0.6499999999999999
2025-06-26,20,0.7199999999999998,0.7013038705517826,0.71
2025-07-03,20,0.6900000000000004,0.6825263928871408,0.69
2025-07-10,20,0.7000000000000002,0.7026450632483601,0.71
2025-07-17,20,0.7200000000000002,0.7535407898475107,0.7599999999999998
2025-07-24,20,0.75,0.7137048232770117,0.7199999999999998
2025-07-31,20,0.73,0.6834279407432262,0.6900000000000004
2025-08-07,20,0.73,0.692998698152818,0.7000000000000002
2025-08-14,20,0.6600000000000001,0.7130084857992312,0.7200000000000002
2025-08-21,20,0.71,0.7431990450571205,0.75
2025-08-28,20,0.73,0.7234684252432211,0.73
2025-09-04,20,0.73,0.724343029386403,0.73
2025-09-11,20,0.73,0.6530327854517693,0.6600000000000001
2025-09-18,20,0.7000000000000002,0.7027644108256548,0.71
2025-09-25,20,0.6999999999999997,0.7236540251409274,0.73
2025-10-02,20,0.71,0.7234126553717716,0.73
2025-10-09,20,0.71,0.7234119018180426,0.73
2025-10-16,20,0.71,0.6933451815310925,0.7000000000000002
2025-10-23,20,0.75,0.6926169120592368,0.6999999999999997
2025-10-30,20,0.7200000000000002,0.7042905546135898,0.71
2025-11-06,20,0.7999999999999998,0.7042745036372273,0.71
2025-11-13,20,0.7999999999999998,0.7024539401231655,0.71
2025-11-20,20,0.81,0.744040387629427,0.75
2025-11-27,20,0.8300000000000001,0.7133153254105044,0.7200000000000002
2025-12-04,20,0.8399999999999999,0.7930571515636748,0.7999999999999998
2025-12-11,20,0.8300000000000001,0.792932920896878,0.7999999999999998
2025-12-18,20,0.8200000000000003,0.8039805394343049,0.81
2025-12-25,20,0.8399999999999999,0.8237456707572614,0.8300000000000001
2026-01-01,20,0.8400000000000003,0.8338016047090906,0.8399999999999999
2026-01-08,20,0.8500000000000001,0.8240050638178648,0.8300000000000001
2026-01-15,20,0.7899999999999996,0.8142085784359764,0.8200000000000003
2026-01-22,20,0.7800000000000002,0.8342933899604272,0.8399999999999999
2026-01-29,20,0.7399999999999998,0.8334956025595641,0.8400000000000003
2026-02-05,20,0.7599999999999998,0.8441611288847586,0.8500000000000001
2026-02-12,20,0.7000000000000002,0.7849491064106809,0.7899999999999996
2026-02-19,20,0.6000000000000001,0.7740212180916968,0.7800000000000002
2026-02-26,20,0.5899999999999999,0.7336146591392448,0.7399999999999998
2026-03-05,20,0.6700000000000004,0.7525221187237203,0.7599999999999998
2026-03-12,20,0.6699999999999999,0.694473877294762,0.7000000000000002
2026-03-19,20,0.7000000000000002,0.59506745427219,0.6000000000000001
2026-03-26,20,0.6299999999999999,0.5819968011046106,0.5899999999999999
2026-04-02,20,0.6000000000000001,0.6636069776288317,0.6700000000000004
2026-04-09,20,0.5899999999999999,0.6623191383448718,0.6699999999999999
2026-04-16,20,0.6000000000000001,0.692357267206667,0.7000000000000002
2026-04-23,20,0.6299999999999999,0.6235164546156983,0.6299999999999999
2026-04-30,20,0.6000000000000001,0.5921073013320886,0.6000000000000001
2026-05-07,20,0.6300000000000003,0.5828627255706972,0.5899999999999999
2026-05-14,20,0.6400000000000001,0.5935304859408854,0.6000000000000001
2026-05-21,20,0.6000000000000001,0.6239457617600861,0.6299999999999999
2026-05-28,20,0.6400000000000001,0.59316911953278,0.6000000000000001
