origin_date,horizon,actual,var_aic,naive
2012-01-19,1,1.02,0.9756075562099955,0.98
2012-01-26,1,0.99,0.9950218516574039,1.01
2012-02-02,1,0.9699999999999998,0.9586567213536694,0.95
2012-02-09,1,0.9799999999999998,0.9925921452007714,0.9999999999999998
2012-02-16,1,0.9599999999999996,0.9598142233230815,0.9599999999999996
2012-02-23,1,0.95,0.9679695297234547,0.9599999999999996
2012-03-01,1,0.8599999999999999,0.9026278306746169,0.8999999999999999
2012-03-08,1,0.8399999999999999,0.8413001320194183,0.8399999999999999
2012-03-15,1,0.9600000000000002,0.9353689928052038,0.94
2012-03-22,1,0.9500000000000002,0.9456733114090977,0.9600000000000002
2012-03-29,1,0.91,0.9021538764629766,0.9000000000000001
2012-04-05,1,0.8799999999999999,0.8693985911356308,0.8799999999999999
2012-04-12,1,0.79,0.8305746384000743,0.8199999999999998
2012-04-19,1,0.71,0.7163091284733826,0.71
2012-04-26,1,0.6599999999999999,0.6817696729121482,0.6799999999999997
2012-05-03,1,0.77,0.6985675950685412,0.7
2012-05-10,1,0.6699999999999999,0.7434223406029267,0.75
2012-05-17,1,0.6699999999999999,0.6631079203498235,0.6599999999999999
2012-05-24,1,0.73,0.7088520620863056,0.7200000000000002
2012-05-31,1,0.7400000000000001,0.6704885485195509,0.6799999999999999
2012-06-07,1,0.77,0.760600533871317,0.76
2012-06-14,1,0.76,0.7428628246782094,0.75
2012-06-21,1,0.74,0.7033022642413502,0.7
2012-06-28,1,0.71,0.7100586704844258,0.72
2012-07-05,1,0.71,0.7039694850349953,0.7
2012-07-12,1,0.6499999999999999,0.6585500460069755,0.6599999999999999
2012-07-19,1,0.6600000000000001,0.6652670572271092,0.6699999999999999
2012-07-26,1,0.6399999999999999,0.6303905581148757,0.6299999999999999
2012-08-02,1,0.6499999999999999,0.6137467188193627,0.6099999999999999
2012-08-09,1,0.6500000000000001,0.6413457198342039,0.6500000000000001
2012-08-16,1,0.74,0.7095824908891011,0.72
2012-08-23,1,0.6800000000000002,0.6765608930181646,0.6900000000000002
2012-08-30,1,0.6200000000000001,0.6417197447938996,0.6400000000000001
2012-09-06,1,0.6700000000000002,0.6714105650234838,0.6800000000000002
2012-09-13,1,0.77,0.6978284269574854,0.71
2012-09-20,1,0.7100000000000002,0.6970320733201574,0.7100000000000002
2012-09-27,1,0.6599999999999999,0.6500575833036792,0.6499999999999999
2012-10-04,1,0.6700000000000002,0.6752751961218867,0.6699999999999999
2012-10-11,1,0.6600000000000001,0.6602471896036302,0.6600000000000001
2012-10-18,1,0.75,0.7625269967863159,0.7699999999999998
2012-10-25,1,0.72,0.74076737574302,0.75
2012-11-01,1,0.71,0.7152844350664307,0.71
2012-11-08,1,0.6299999999999999,0.6480419367610021,0.6499999999999999
2012-11-15,1,0.6199999999999999,0.6502769018367618,0.6499999999999999
2012-11-22,1,0.6699999999999999,0.6601494084048352,0.6599999999999999
2012-11-29,1,0.6299999999999999,0.6128212390535144,0.6199999999999999
2012-12-06,1,0.6499999999999999,0.6463245428582731,0.6499999999999999
2012-12-13,1,0.6699999999999999,0.6762086759579254,0.6799999999999999
2012-12-20,1,0.6799999999999999,0.7041797045080505,0.7100000000000002
2012-12-27,1,0.6400000000000001,0.6500849320187659,0.6500000000000001
2013-01-03,1,0.73,0.7147461728197325,0.73
2013-01-10,1,0.75,0.7662072923921196,0.77
2013-01-17,1,0.74,0.7507193259265551,0.75
2013-01-24,1,0.81,0.7712062143501252,0.7699999999999998
2013-01-31,1,0.8500000000000001,0.8202280388632669,0.8300000000000001
2013-02-07,1,0.8599999999999999,0.8332333426518658,0.8400000000000001
2013-02-14,1,0.8799999999999999,0.8630176706491252,0.8700000000000001
2013-02-21,1,0.8699999999999999,0.8654541296133897,0.8699999999999999
2013-02-28,1,0.8600000000000001,0.8799044803719411,0.8800000000000001
2013-03-07,1,0.95,0.9162181870255499,0.92
2013-03-14,1,0.8999999999999999,0.9438744414844336,0.95
2013-03-21,1,0.8300000000000001,0.8361596207221729,0.8400000000000001
2013-03-28,1,0.76,0.7660720663173415,0.76
2013-04-04,1,0.77,0.7965212000666158,0.8
2013-04-11,1,0.79,0.7954703573565798,0.8
2013-04-18,1,0.77,0.7598886976353205,0.76
2013-04-25,1,0.7699999999999999,0.7849897359917352,0.79
2013-05-02,1,0.81,0.7547742937843597,0.7599999999999999
2013-05-09,1,0.8799999999999999,0.8176407297611923,0.8300000000000001
2013-05-16,1,0.91,0.8630499048947626,0.8699999999999999
2013-05-23,1,0.92,0.9260004771418642,0.92
2013-05-30,1,0.98,0.9818587145619232,0.9899999999999998
2013-06-06,1,1.02,0.9765849747494204,0.99
2013-06-13,1,1.02,1.010886134406331,1.02
2013-06-20,1,1.2200000000000002,1.1555988136380928,1.14
2013-06-27,1,1.22,1.2023453627133278,1.22
2013-07-04,1,1.3199999999999998,1.2411194649291537,1.2300000000000002
2013-07-11,1,1.2900000000000005,1.2927963948542476,1.31
2013-07-18,1,1.2799999999999998,1.3132263173524987,1.3099999999999998
2013-07-25,1,1.3000000000000005,1.3089248764962542,1.31
2013-08-01,1,1.3300000000000003,1.361330475661962,1.36
2013-08-08,1,1.35,1.3440946381998256,1.3500000000000003
2013-08-15,1,1.5000000000000002,1.4645430546760758,1.4700000000000002
2013-08-22,1,1.5,1.5393290805661963,1.5400000000000005
2013-08-29,1,1.42,1.413383592334613,1.41
2013-09-05,1,1.4699999999999998,1.5144659795938467,1.5099999999999998
2013-09-12,1,1.4799999999999998,1.5005478456937011,1.4999999999999998
2013-09-19,1,1.47,1.4587895657727457,1.4800000000000002
2013-09-26,1,1.35,1.3601359903528383,1.36
2013-10-03,1,1.39,1.3608030727922256,1.36
2013-10-10,1,1.38,1.3753815526641808,1.38
2013-10-17,1,1.35,1.36626268268004,1.38
2013-10-24,1,1.33,1.3356640547231327,1.3299999999999998
2013-10-31,1,1.38,1.3171225579453034,1.3199999999999998
2013-11-07,1,1.4700000000000002,1.4154204152709073,1.42
2013-11-14,1,1.44,1.4554917320405647,1.46
2013-11-21,1,1.5,1.558669740522469,1.5499999999999998
2013-11-28,1,1.4499999999999995,1.4505967391895946,1.45
2013-12-05,1,1.6,1.5898385125939565,1.59
2013-12-12,1,1.56,1.5592357130875112,1.56
2013-12-19,1,1.5599999999999998,1.5639432244461235,1.5600000000000005
2013-12-26,1,1.64,1.5934399760577387,1.5900000000000003
2014-01-02,1,1.61,1.6068566635230035,1.6100000000000003
2014-01-09,1,1.54,1.5809480985153674,1.58
2014-01-16,1,1.48,1.4907552285121857,1.48
2014-01-23,1,1.43,1.4459819437206165,1.4400000000000002
2014-01-30,1,1.39,1.4004554992551135,1.4
2014-02-06,1,1.41,1.4505664793602213,1.4500000000000002
2014-02-13,1,1.45,1.4158330086348827,1.4300000000000002
2014-02-20,1,1.4,1.4451506858856304,1.44
2014-02-27,1,1.42,1.425285768651728,1.4200000000000002
2014-03-06,1,1.47,1.443153011631252,1.45
2014-03-13,1,1.38,1.3609779998412208,1.37
2014-03-20,1,1.41,1.4445996210692331,1.43
2014-03-27,1,1.37,1.3633905627713718,1.37
2014-04-03,1,1.4,1.4350136016353638,1.44
2014-04-10,1,1.35,1.3803589505701928,1.38
2014-04-17,1,1.38,1.3803383781410654,1.38
2014-04-24,1,1.35,1.3469466418113365,1.35
2014-05-01,1,1.28,1.3062745626495376,1.3099999999999998
2014-05-08,1,1.2999999999999998,1.3022315453547666,1.3
2014-05-15,1,1.2199999999999998,1.2266814740707748,1.2299999999999998
2014-05-22,1,1.2499999999999998,1.2708441603842147,1.2699999999999998
2014-05-29,1,1.1900000000000002,1.2004321910839189,1.2
2014-06-05,1,1.2599999999999998,1.2637656873292211,1.27
2014-06-12,1,1.22,1.2308517843407987,1.2299999999999998
2014-06-19,1,1.16,1.2070099789911548,1.2
2014-06-26,1,1.13,1.1265780640534107,1.13
2014-07-03,1,1.2000000000000002,1.1814162147532934,1.19
2014-07-10,1,1.11,1.113739767396499,1.11
2014-07-17,1,1.08,1.070935430715683,1.07
2014-07-24,1,1.0299999999999998,1.069983716087699,1.06
2014-07-31,1,1.05,1.0651664437786583,1.06
2014-08-07,1,1.01,1.0029797454994727,0.9999999999999998
2014-08-14,1,0.97,0.9921555726998874,0.9899999999999998
2014-08-21,1,0.9799999999999998,0.9918999883782473,0.99
2014-08-28,1,0.8899999999999999,0.9024888028661247,0.8999999999999999
2014-09-04,1,0.9999999999999998,1.0020793826004144,1.0
2014-09-11,1,1.0800000000000003,1.0590076641514647,1.0600000000000005
2014-09-18,1,1.08,1.1115515461479497,1.11
2014-09-25,1,1.0300000000000002,1.0319611943150184,1.0299999999999998
2014-10-02,1,0.9700000000000002,0.999112523485072,1.0
2014-10-09,1,0.9599999999999996,0.972183262696541,0.9699999999999998
2014-10-16,1,0.98,1.0087438956930053,1.0099999999999998
2014-10-23,1,1.0099999999999998,1.0023848901809824,1.0
2014-10-30,1,1.0299999999999998,1.0089628320531112,1.0099999999999998
2014-11-06,1,1.0099999999999998,1.0617757025090961,1.06
2014-11-13,1,1.0199999999999998,1.0381352160288524,1.03
2014-11-20,1,0.97,1.0115180119101659,1.01
2014-11-27,1,0.9000000000000001,0.9115454006759971,0.91
2014-12-04,1,0.92,0.9069286952899711,0.8999999999999999
2014-12-11,1,0.79,0.816735116902442,0.81
2014-12-18,1,0.81,0.844061665246091,0.8400000000000001
2014-12-25,1,0.8399999999999999,0.8419229118638379,0.8399999999999999
2015-01-01,1,0.74,0.7867700675346155,0.78
2015-01-08,1,0.71,0.7328675546306677,0.73
2015-01-15,1,0.66,0.6602750385818766,0.6699999999999999
2015-01-22,1,0.91,0.8338979854883009,0.8699999999999999
2015-01-29,1,0.87,0.9172421884936387,0.9200000000000002
2015-02-05,1,0.95,0.9271629493264301,0.9200000000000002
2015-02-12,1,1.0,0.9543455805416398,0.97
2015-02-19,1,1.02,1.0263195037480923,1.03
2015-02-26,1,0.8300000000000001,0.8611150154598958,0.8600000000000001
2015-03-05,1,0.98,0.92316155656265,0.9
2015-03-12,1,0.93,0.9140633551842479,0.92
2015-03-19,1,0.8400000000000001,0.8371337604712227,0.8400000000000001
2015-03-26,1,0.8500000000000001,0.8560379277862938,0.85
2015-04-02,1,0.8200000000000001,0.8062874333926455,0.8200000000000001
2015-04-09,1,0.8500000000000001,0.8767181038374905,0.8600000000000001
2015-04-16,1,0.7899999999999999,0.7840478438335035,0.7900000000000001
2015-04-23,1,0.7999999999999999,0.8198699917805122,0.82
2015-04-30,1,0.95,0.9214365390444906,0.91
2015-05-07,1,1.04,1.0532418875560134,1.06
2015-05-14,1,1.0699999999999998,1.1219103301027014,1.13
2015-05-21,1,1.09,1.084252990235198,1.08
2015-05-28,1,1.0500000000000005,1.0421090672587074,1.04
2015-06-04,1,1.1800000000000002,1.1677231452707748,1.16
2015-06-11,1,1.16,1.1485737239781133,1.15
2015-06-18,1,1.12,1.164362203332378,1.17
2015-06-25,1,1.2400000000000002,1.1958913045495472,1.2000000000000002
2015-07-02,1,1.21,1.2658298589157921,1.26
2015-07-09,1,1.18,1.121470760828044,1.13
2015-07-16,1,1.14,1.1463755459614744,1.15
2015-07-23,1,1.05,1.0707775522708858,1.08
2015-07-30,1,1.03,1.049556179505455,1.04
2015-08-06,1,0.98,0.997996496508628,1.0
2015-08-13,1,0.98,0.9949811436814016,0.99
2015-08-20,1,0.94,0.9442739834004696,0.94
2015-08-27,1,1.02,1.038378456572874,1.0499999999999998
2015-09-03,1,1.0,1.022445444312906,1.03
2015-09-10,1,1.01,1.028770082920149,1.03
2015-09-17,1,1.0,1.0478468692801601,1.05
2015-09-24,1,0.99,0.9512065456308729,0.95
2015-10-01,1,0.8899999999999999,0.9193420756631093,0.91
2015-10-08,1,0.96,0.961899279297086,0.96
2015-10-15,1,0.93,0.9049594546976737,0.91
2015-10-22,1,0.97,0.9367039416455928,0.93
2015-10-29,1,0.97,0.9830558702158448,0.98
2015-11-05,1,1.0499999999999998,1.026681921374079,1.02
2015-11-12,1,1.04,1.046763271511159,1.0499999999999998
2015-11-19,1,1.0100000000000002,1.0046778674240597,1.0
2015-11-26,1,0.93,0.9515106628344697,0.95
2015-12-03,1,0.95,0.9701120061120223,0.97
2015-12-10,1,0.93,0.9355148272845094,0.94
2015-12-17,1,0.8899999999999999,0.919573168877605,0.91
2015-12-24,1,0.8800000000000001,0.8440063944573853,0.8800000000000001
2015-12-31,1,0.91,0.904383581835377,0.91
2016-01-07,1,0.8700000000000001,0.9274020093224145,0.91
2016-01-14,1,0.8599999999999999,0.9092497357351766,0.91
2016-01-21,1,0.8600000000000001,0.8186321132058092,0.81
2016-01-28,1,0.8,0.8155977874700435,0.81
2016-02-04,1,0.7599999999999999,0.7556155331993158,0.7699999999999999
2016-02-11,1,0.69,0.6520622325684049,0.64
2016-02-18,1,0.6700000000000002,0.6693786663309127,0.6800000000000002
2016-02-25,1,0.6799999999999999,0.6382772962821291,0.6399999999999999
2016-03-03,1,0.73,0.7047831535082992,0.71
2016-03-10,1,0.7800000000000001,0.7225314770356895,0.74
2016-03-17,1,0.75,0.7472279519739535,0.76
2016-03-24,1,0.71,0.7236070990057161,0.71
2016-03-31,1,0.7,0.6914078389986222,0.69
2016-04-07,1,0.6699999999999999,0.6336044309669119,0.6299999999999999
2016-04-14,1,0.67,0.6886226508005682,0.6900000000000001
2016-04-21,1,0.84,0.8341409054382212,0.83
2016-04-28,1,0.82,0.7998185267596922,0.8099999999999999
2016-05-05,1,0.79,0.7770307422818649,0.7800000000000001
2016-05-12,1,0.72,0.7639762928231777,0.76
2016-05-19,1,0.7300000000000001,0.7303948146023558,0.7200000000000001
2016-05-26,1,0.7000000000000001,0.70462200708037,0.7100000000000001
2016-06-02,1,0.6799999999999999,0.6767540295257832,0.68
2016-06-09,1,0.6300000000000001,0.6738934529746393,0.6699999999999999
2016-06-16,1,0.6000000000000001,0.5957373290054923,0.5900000000000001
2016-06-23,1,0.6299999999999999,0.6749230639116099,0.68
2016-06-30,1,0.54,0.5522475749007101,0.54
2016-07-07,1,0.49,0.5162970261793198,0.51
2016-07-14,1,0.5400000000000001,0.5121346383847153,0.51
2016-07-21,1,0.53,0.5307594150860374,0.5300000000000001
2016-07-28,1,0.49,0.479397492305289,0.4800000000000001
2016-08-04,1,0.55,0.5112199705155869,0.51
2016-08-11,1,0.49,0.4961344643272169,0.5
2016-08-18,1,0.5100000000000001,0.4730740535341028,0.4700000000000001
2016-08-25,1,0.4800000000000001,0.4813872184820966,0.4800000000000001
2016-09-01,1,0.4700000000000001,0.4387897628404658,0.4399999999999999
2016-09-08,1,0.57,0.5179843549251215,0.5200000000000001
2016-09-15,1,0.61,0.6208244984362692,0.63
2016-09-22,1,0.52,0.5256714993702537,0.5300000000000001
2016-09-29,1,0.48,0.46447694753562185,0.4599999999999999
2016-10-06,1,0.58,0.5752992011966079,0.57
2016-10-13,1,0.63,0.576681693365626,0.58
2016-10-20,1,0.6099999999999999,0.6120039079360513,0.6199999999999999
2016-10-27,1,0.66,0.6512896762340417,0.65
2016-11-03,1,0.6399999999999999,0.6547577215566052,0.6599999999999999
2016-11-10,1,0.8099999999999999,0.8038230169847058,0.8099999999999999
2016-11-17,1,0.9,0.8757062351683266,0.88
2016-11-24,1,0.9,0.9115094733146518,0.91
2016-12-01,1,0.8999999999999999,0.9108606299619415,0.91
2016-12-08,1,0.99,0.9382295260112674,0.93
2016-12-15,1,1.0100000000000002,1.0162780058024965,1.02
2016-12-22,1,1.0,0.9793231040270279,0.99
2016-12-29,1,0.98,0.9556264926701268,0.96
2017-01-05,1,0.97,0.9468917643170386,0.95
2017-01-12,1,0.92,0.8734750118213976,0.8799999999999999
2017-01-19,1,0.97,0.9632115194191226,0.96
2017-01-26,1,0.98,0.9925639623599617,1.0
2017-02-02,1,1.0,0.9784572732759779,0.99
2017-02-09,1,0.92,0.9279439501557857,0.93
2017-02-16,1,0.93,0.9488175893135806,0.95
2017-02-23,1,0.8500000000000001,0.9098563204144677,0.91
2017-03-02,1,0.94,0.9210977328305737,0.92
2017-03-09,1,0.97,0.9881771754823676,0.99
2017-03-16,1,0.96,0.9596385122647955,0.98
2017-03-23,1,0.8899999999999999,0.9235777675169293,0.92
2017-03-30,1,0.8799999999999999,0.8898651316190048,0.8899999999999999
2017-04-06,1,0.8300000000000001,0.830715641473965,0.8300000000000001
2017-04-13,1,0.76,0.7581086071105851,0.76
2017-04-20,1,0.75,0.7416254121821921,0.74
2017-04-27,1,0.8200000000000001,0.8431801116995779,0.8400000000000001
2017-05-04,1,0.86,0.8536330770920052,0.85
2017-05-11,1,0.89,0.8985650362381606,0.9000000000000001
2017-05-18,1,0.7899999999999999,0.7714028861056814,0.7699999999999999
2017-05-25,1,0.73,0.7478618043268586,0.74
2017-06-01,1,0.71,0.7327104857628598,0.73
2017-06-08,1,0.6799999999999999,0.717028462861741,0.71
2017-06-15,1,0.63,0.6100865189951041,0.62
2017-06-22,1,0.58,0.5627356739464096,0.57
2017-06-29,1,0.6599999999999999,0.6254676858910044,0.6199999999999999
2017-07-06,1,0.72,0.7010905456323298,0.7000000000000002
2017-07-13,1,0.71,0.6966639638537875,0.7
2017-07-20,1,0.6299999999999999,0.6581578633777342,0.6399999999999999
2017-07-27,1,0.6999999999999997,0.7003117169145606,0.7
2017-08-03,1,0.6799999999999999,0.6447532239609788,0.6499999999999999
2017-08-10,1,0.6400000000000001,0.6284370177720688,0.6300000000000001
2017-08-17,1,0.6300000000000001,0.6184245507862719,0.6200000000000001
2017-08-24,1,0.6100000000000001,0.6214543760962877,0.6199999999999999
2017-08-31,1,0.5699999999999998,0.5840423426522574,0.5800000000000001
2017-09-07,1,0.47,0.4755204879977648,0.47
2017-09-14,1,0.4899999999999997,0.5056120690632665,0.4899999999999997
2017-09-21,1,0.5099999999999998,0.5344911746053582,0.53
2017-09-28,1,0.5800000000000001,0.5780148678413796,0.5800000000000001
2017-10-05,1,0.5799999999999998,0.5754952724315434,0.5800000000000001
2017-10-12,1,0.4899999999999997,0.5197941893237079,0.52
2017-10-19,1,0.5599999999999998,0.5308662897655512,0.53
2017-10-26,1,0.56,0.5801173933498468,0.5799999999999998
2017-11-02,1,0.51,0.5407266949868458,0.55
2017-11-09,1,0.5,0.47688919984526473,0.48
2017-11-16,1,0.49,0.49007346450846573,0.49
2017-11-23,1,0.4499999999999999,0.460490602550489,0.4599999999999999
2017-11-30,1,0.3799999999999999,0.46655901071988226,0.4599999999999999
2017-12-07,1,0.3500000000000001,0.366971634917898,0.3600000000000001
2017-12-14,1,0.28,0.28056082698937496,0.29
2017-12-21,1,0.3600000000000001,0.3478617178527472,0.3499999999999998
2017-12-28,1,0.3600000000000001,0.33873406893131464,0.3399999999999998
2018-01-04,1,0.3799999999999999,0.38087918003624943,0.3800000000000001
2018-01-11,1,0.4200000000000001,0.40509633577025256,0.4099999999999999
2018-01-18,1,0.4299999999999999,0.4227141389937218,0.4199999999999999
2018-01-25,1,0.4499999999999997,0.44562483572810735,0.4400000000000001
2018-02-01,1,0.5099999999999998,0.5126556268029406,0.51
2018-02-08,1,0.5700000000000001,0.5360160042535898,0.5299999999999998
2018-02-15,1,0.49,0.5296346905265156,0.53
2018-02-22,1,0.47,0.5038865053898622,0.4999999999999998
2018-03-01,1,0.4300000000000001,0.4134707352237303,0.4099999999999999
2018-03-08,1,0.4399999999999999,0.45430390505129453,0.4499999999999999
2018-03-15,1,0.3800000000000001,0.3877139474526722,0.3900000000000001
2018-03-22,1,0.3399999999999998,0.33921805649536807,0.3499999999999998
2018-03-29,1,0.3199999999999998,0.3185031844145981,0.3199999999999998
2018-04-05,1,0.3500000000000001,0.3647350712741088,0.3700000000000001
2018-04-12,1,0.3699999999999999,0.39111335978229433,0.3900000000000001
2018-04-19,1,0.4000000000000001,0.40554766719183316,0.4099999999999999
2018-04-26,1,0.4299999999999999,0.4378848388473301,0.4400000000000001
2018-05-03,1,0.4200000000000001,0.40942499376555846,0.4099999999999999
2018-05-10,1,0.4199999999999999,0.4276475528820511,0.4299999999999999
2018-05-17,1,0.4500000000000002,0.461488703077911,0.4599999999999999
2018-05-24,1,0.3900000000000001,0.4227845693839582,0.4200000000000001
2018-05-31,1,0.3200000000000003,0.33694059897761897,0.33
2018-06-07,1,0.3900000000000001,0.36795701141422854,0.3700000000000001
2018-06-14,1,0.3300000000000003,0.3360895277426836,0.3400000000000001
2018-06-21,1,0.33,0.31735512976855146,0.32
2018-06-28,1,0.26,0.2752969996841198,0.2799999999999998
2018-07-05,1,0.2199999999999999,0.23435339295876112,0.2300000000000002
2018-07-12,1,0.2200000000000002,0.22885976792198318,0.2200000000000002
2018-07-19,1,0.2100000000000002,0.18853643430044642,0.1799999999999999
2018-07-26,1,0.2299999999999999,0.22811060002215247,0.2299999999999999
2018-08-02,1,0.2600000000000002,0.2791245161756717,0.2799999999999998
2018-08-09,1,0.1899999999999999,0.2168950022180811,0.2200000000000002
2018-08-16,1,0.1499999999999999,0.17327686967577005,0.1699999999999999
2018-08-23,1,0.1299999999999999,0.12937458488597953,0.1299999999999999
2018-08-30,1,0.1600000000000001,0.16989524562388508,0.1699999999999999
2018-09-06,1,0.1800000000000001,0.16622152562103612,0.1699999999999999
2018-09-13,1,0.2099999999999999,0.18128132303096847,0.1799999999999997
2018-09-20,1,0.25,0.2389027603255574,0.2399999999999997
2018-09-27,1,0.2099999999999999,0.2126829746229484,0.2200000000000002
2018-10-04,1,0.2800000000000002,0.251889958773656,0.25
2018-10-11,1,0.2200000000000002,0.21694307705304772,0.2200000000000002
2018-10-18,1,0.2000000000000001,0.18182456873907735,0.1800000000000001
2018-10-25,1,0.1300000000000003,0.14253137486075365,0.1400000000000001
2018-11-01,1,0.1799999999999997,0.17071614181330885,0.1600000000000001
2018-11-08,1,0.1699999999999999,0.17750204844922085,0.1800000000000001
2018-11-15,1,0.1399999999999996,0.13871945225600046,0.1399999999999996
2018-11-22,1,0.1099999999999998,0.1190870117469684,0.1199999999999996
2018-11-29,1,0.1099999999999998,0.11030987601772185,0.1099999999999998
2018-12-06,1,0.0699999999999998,0.0892078969809437,0.09
2018-12-13,1,0.08,0.08857824755301766,0.0899999999999998
2018-12-20,1,0.08,0.07050031378232609,0.08
2018-12-27,1,0.0899999999999998,0.09362036447598901,0.09
2019-01-03,1,0.0799999999999998,0.05242927312415455,0.06
2019-01-10,1,0.06,0.07102468331293746,0.07
2019-01-17,1,0.0899999999999998,0.09200760783524464,0.09
2019-01-24,1,0.09,0.06871494265340333,0.0699999999999998
2019-01-31,1,0.1299999999999999,0.10395777152126677,0.1099999999999998
2019-02-07,1,0.1099999999999998,0.10939370214245218,0.1100000000000001
2019-02-14,1,0.1099999999999998,0.10914000835408544,0.1099999999999998
2019-02-21,1,0.1099999999999998,0.11910152177773056,0.1199999999999998
2019-02-28,1,0.1699999999999999,0.16154311595575202,0.1599999999999999
2019-03-07,1,0.1100000000000001,0.1354064777089413,0.1399999999999999
2019-03-14,1,0.0899999999999998,0.1008742545855619,0.1
2019-03-21,1,0.06,0.06924927107400404,0.0699999999999998
2019-03-28,1,0.07,0.056666081948269796,0.06
2019-04-04,1,0.1099999999999998,0.10936453194597473,0.1099999999999998
2019-04-11,1,0.1500000000000001,0.13057239405378682,0.1299999999999999
2019-04-18,1,0.1499999999999999,0.14819608369951304,0.1499999999999999
2019-04-25,1,0.1399999999999999,0.14860939458152353,0.1499999999999999
2019-05-02,1,0.1300000000000001,0.1457786033148684,0.1399999999999999
2019-05-09,1,0.09,0.10117552688849495,0.0999999999999998
2019-05-16,1,0.0899999999999998,0.08453114997690059,0.0899999999999998
2019-05-23,1,0.05,0.05938591773809021,0.0599999999999998
2019-05-30,1,0.06,0.029271455191746468,0.03
2019-06-06,1,0.06,0.07668709648779594,0.08
2019-06-13,1,0.05,0.04711606458446238,0.05
2019-06-20,1,0.05,0.04561211889263804,0.05
2019-06-27,1,-0.01,0.028535106391158985,0.03
2019-07-04,1,-0.05,-0.046728019342990416,-0.05
2019-07-11,1,0.02,0.02062286679294051,0.02
2019-07-18,1,0.04,0.04581929552930488,0.05
2019-07-25,1,-0.01,0.01800389826170623,0.02
2019-08-01,1,-0.0899999999999998,-0.070750590437609,-0.08
2019-08-08,1,-0.1099999999999998,-0.12634573400235102,-0.1200000000000001
2019-08-15,1,-0.1900000000000001,-0.20517113474860757,-0.1999999999999999
2019-08-22,1,-0.2000000000000001,-0.17740222705624914,-0.1799999999999999
2019-08-29,1,-0.1900000000000001,-0.19183348960915636,-0.1900000000000001
2019-09-05,1,-0.2099999999999999,-0.18849259496208573,-0.1899999999999999
2019-09-12,1,-0.1299999999999999,-0.14172728493418996,-0.1500000000000001
2019-09-19,1,-0.1800000000000001,-0.16133440538735497,-0.1700000000000001
2019-09-26,1,-0.2099999999999999,-0.20909229029139328,-0.2099999999999999
2019-10-03,1,-0.1799999999999999,-0.1749848049380546,-0.1699999999999999
2019-10-10,1,-0.1399999999999999,-0.13092408612874137,-0.1300000000000001
2019-10-17,1,-0.0999999999999998,-0.09134060847411234,-0.0899999999999998
2019-10-24,1,-0.1199999999999998,-0.11152451659560039,-0.1099999999999998
2019-10-31,1,-0.1100000000000001,-0.09936145518359367,-0.1
2019-11-07,1,0.0,-0.02079378905949026,-0.0199999999999997
2019-11-14,1,-0.06,-0.058201128080043546,-0.06
2019-11-21,1,-0.1100000000000001,-0.08448562882879238,-0.08
2019-11-28,1,-0.1200000000000001,-0.12638604651641352,-0.1300000000000001
2019-12-05,1,-0.0699999999999998,-0.08160018835923323,-0.0799999999999998
2019-12-12,1,-0.0799999999999998,-0.041630070781439356,-0.04
2019-12-19,1,-0.0399999999999998,-0.036407029253930516,-0.04
2019-12-26,1,-0.0699999999999998,-0.058324235128838824,-0.0599999999999998
2020-01-02,1,-0.08,-0.03943919721667216,-0.0399999999999998
2020-01-09,1,-0.0599999999999998,-0.03297176081775674,-0.0299999999999998
2020-01-16,1,-0.0699999999999998,-0.09039104356151435,-0.0899999999999998
2020-01-23,1,-0.1299999999999999,-0.08942738398859576,-0.09
2020-01-30,1,-0.1599999999999999,-0.15217792215032347,-0.1499999999999999
2020-02-06,1,-0.1399999999999999,-0.11823256693597477,-0.1199999999999998
2020-02-13,1,-0.1299999999999999,-0.12259365199733283,-0.1200000000000001
2020-02-20,1,-0.1399999999999999,-0.15043898801117064,-0.1499999999999999
2020-02-27,1,-0.0199999999999997,-0.09380500705260937,-0.09
2020-03-05,1,0.02,0.05494400898707263,0.0499999999999999
2020-03-12,1,0.3299999999999999,0.1567844985071167,0.17
2020-03-19,1,0.3099999999999999,0.3801013696105014,0.37
2020-03-26,1,0.2799999999999999,0.2404791532191228,0.25
2020-04-02,1,0.3,0.2480181101654731,0.24
2020-04-09,1,0.37,0.4025478465047415,0.37
2020-04-16,1,0.29,0.27514778117168553,0.2799999999999999
2020-04-23,1,0.2499999999999999,0.26590395189937094,0.2699999999999999
2020-04-30,1,0.22,0.24459174391412167,0.24
2020-05-07,1,0.3099999999999999,0.2621703223390286,0.27
2020-05-14,1,0.26,0.25400004883852406,0.26
2020-05-21,1,0.22,0.2573812603298428,0.25
2020-05-28,1,0.25,0.2570209408842367,0.26
2020-06-04,1,0.38,0.34860082974329315,0.35
2020-06-11,1,0.25,0.2451904638856762,0.25
2020-06-18,1,0.23,0.2246655800053921,0.22
2020-06-25,1,0.22,0.21542434044863654,0.22
2020-07-02,1,0.26,0.26931762815674415,0.2700000000000001
2020-07-09,1,0.27,0.24481901060542643,0.25
2020-07-16,1,0.25,0.23074991904969716,0.2299999999999999
2020-07-23,1,0.2299999999999999,0.2298302144631651,0.2299999999999999
2020-07-30,1,0.2,0.18713132066837282,0.19
2020-08-06,1,0.2099999999999999,0.20051006445326527,0.2
2020-08-13,1,0.31,0.33030789364163804,0.33
2020-08-20,1,0.26,0.2763568346195297,0.28
2020-08-27,1,0.36,0.3688639968715804,0.37
2020-09-03,1,0.3199999999999999,0.27918750637544587,0.28
2020-09-10,1,0.29,0.29761922344048003,0.3
2020-09-17,1,0.3199999999999999,0.3116742410637134,0.3099999999999999
2020-09-24,1,0.29,0.2999610447819056,0.3
2020-10-01,1,0.32,0.30631301414078554,0.31
2020-10-08,1,0.37,0.33600859983229386,0.3399999999999999
2020-10-15,1,0.3399999999999999,0.3414634044628766,0.3399999999999999
2020-10-22,1,0.4,0.41094963064683565,0.41
2020-10-29,1,0.4,0.3794442624883355,0.38
2020-11-05,1,0.38,0.35309429219124294,0.36
2020-11-12,1,0.4599999999999999,0.45751137493562705,0.4599999999999999
2020-11-19,1,0.39,0.4093978116388824,0.41
2020-11-26,1,0.42,0.43458627915771925,0.4299999999999999
2020-12-03,1,0.52,0.48011884613602834,0.48
2020-12-10,1,0.4599999999999999,0.4768888678868393,0.48
2020-12-17,1,0.5,0.4885206233052834,0.49
2020-12-24,1,0.5,0.4973445772581019,0.5
2020-12-31,1,0.47,0.4700907028786509,0.47
2021-01-07,1,0.6200000000000001,0.610422731759037,0.6100000000000001
2021-01-14,1,0.66,0.6917024370176186,0.7
2021-01-21,1,0.6599999999999999,0.6997551581164427,0.7
2021-01-28,1,0.69,0.6629858163953815,0.6599999999999999
2021-02-04,1,0.8,0.7630295574249278,0.77
2021-02-11,1,0.8400000000000001,0.7940550215228628,0.8
2021-02-18,1,0.98,0.9192131744713284,0.92
2021-02-25,1,1.05,1.1353918761538448,1.14
2021-03-04,1,1.21,1.2080653379165442,1.21
2021-03-11,1,1.27,1.174457654013114,1.18
2021-03-18,1,1.33,1.3411974359401262,1.34
2021-03-25,1,1.26,1.226385392714028,1.23
2021-04-01,1,1.29,1.2878883898829199,1.29
2021-04-08,1,1.26,1.2376463661731008,1.24
2021-04-15,1,1.24,1.2120619449046073,1.21
2021-04-22,1,1.19,1.2104459190189492,1.21
2021-04-29,1,1.24,1.251656950285278,1.25
2021-05-06,1,1.2,1.2026842661468367,1.2
2021-05-13,1,1.23,1.2433957667273432,1.24
2021-05-20,1,1.21,1.2098808504844378,1.21
2021-05-27,1,1.17,1.1678236821340522,1.17
2021-06-03,1,1.15,1.2004225201119856,1.2
2021-06-10,1,1.0699999999999998,1.0716034089962971,1.0699999999999998
2021-06-17,1,0.9200000000000002,1.024831973838595,1.02
2021-06-24,1,1.01,0.9901624277025124,0.99
2021-07-01,1,0.9200000000000002,0.9449418424646501,0.94
2021-07-08,1,0.8400000000000001,0.7797574694859541,0.78
2021-07-15,1,0.81,0.82268485648993,0.8200000000000001
2021-07-22,1,0.76,0.7473643026507161,0.74
2021-07-29,1,0.75,0.7310632880709859,0.74
2021-08-05,1,0.76,0.6909336619994808,0.69
2021-08-12,1,0.74,0.7890759627209545,0.79
2021-08-19,1,0.7,0.6933213109535109,0.69
2021-08-26,1,0.76,0.7752338034900521,0.78
2021-09-02,1,0.7999999999999999,0.7523606142348075,0.7499999999999999
2021-09-09,1,0.8200000000000001,0.7674199996516626,0.7699999999999999
2021-09-16,1,0.8300000000000001,0.7876186936296298,0.79
2021-09-23,1,0.8799999999999999,0.8476355293973182,0.8500000000000001
2021-09-30,1,0.96,0.9763446546901686,0.98
2021-10-07,1,0.94,0.9329702327912708,0.93
2021-10-14,1,0.8200000000000001,0.8081888839967502,0.81
2021-10-21,1,0.7799999999999999,0.8235018431922624,0.82
2021-10-28,1,0.6399999999999999,0.6637187294306618,0.6599999999999999
2021-11-04,1,0.67,0.6593505851259794,0.6599999999999999
2021-11-11,1,0.69,0.6848361387995967,0.6799999999999999
2021-11-18,1,0.69,0.7041805920079732,0.71
2021-11-25,1,0.66,0.723528717267122,0.72
2021-12-02,1,0.4399999999999999,0.5355688307348124,0.53
2021-12-09,1,0.5,0.5036296921451794,0.5
2021-12-16,1,0.41,0.4511924897496511,0.45
2021-12-23,1,0.48,0.45632623109956977,0.4599999999999999
2021-12-30,1,0.47,0.47215912260373893,0.47
2022-01-06,1,0.6499999999999999,0.6348652921010919,0.6299999999999999
2022-01-13,1,0.6100000000000001,0.5874881506495827,0.5899999999999999
2022-01-20,1,0.54,0.5599248502802182,0.56
2022-01-27,1,0.51,0.5137868211690126,0.51
2022-02-03,1,0.49,0.4982183901692758,0.5
2022-02-10,1,0.3900000000000001,0.45030686489622945,0.4499999999999999
2022-02-17,1,0.3899999999999999,0.4033443995638438,0.3999999999999999
2022-02-24,1,0.3699999999999999,0.4027310228459539,0.3999999999999999
2022-03-03,1,0.28,0.31521118628653744,0.3
2022-03-10,1,0.3400000000000001,0.3744136263547393,0.3799999999999999
2022-03-17,1,0.3,0.3014387834831105,0.3
2022-03-24,1,0.2000000000000001,0.2678616320684627,0.2600000000000002
2022-03-31,1,0.1,0.12811439008448586,0.1299999999999999
2022-04-07,1,0.1999999999999997,0.21801786628643166,0.2200000000000002
2022-04-14,1,0.3399999999999998,0.3466209468631623,0.3399999999999998
2022-04-21,1,0.2200000000000002,0.22760477568730164,0.25
2022-04-28,1,0.25,0.2702638329371491,0.27
2022-05-05,1,0.4199999999999999,0.3293549387493273,0.3399999999999998
2022-05-12,1,0.29,0.2739207673302266,0.2799999999999998
2022-05-19,1,0.1899999999999999,0.17861407406405538,0.1799999999999997
2022-05-26,1,0.2299999999999999,0.2521431311022468,0.25
2022-06-02,1,0.1599999999999997,0.17296497946437786,0.1600000000000001
2022-06-09,1,0.1,0.14010141342061522,0.1600000000000001
2022-06-16,1,0.1699999999999999,0.17089475108575428,0.1699999999999999
2022-06-23,1,0.1999999999999997,0.19005522944625267,0.1899999999999999
2022-06-30,1,0.1299999999999999,0.12783014029436285,0.1299999999999999
2022-07-07,1,0.02,0.040506814205724495,0.0300000000000002
2022-07-14,1,-0.1300000000000003,-0.1100953694551034,-0.1299999999999999
2022-07-21,1,-0.2299999999999999,-0.2895814949105867,-0.2299999999999999
2022-07-28,1,-0.3500000000000001,-0.29815775907822883,-0.31
2022-08-04,1,-0.5099999999999998,-0.4776933598823475,-0.48
2022-08-11,1,-0.5,-0.4743622935558512,-0.4700000000000002
2022-08-18,1,-0.48,-0.5352010693918281,-0.54
2022-08-25,1,-0.52,-0.49481261098605195,-0.4900000000000002
2022-09-01,1,-0.48,-0.48361659839088794,-0.48
2022-09-08,1,-0.48,-0.4613605717766621,-0.4700000000000002
2022-09-15,1,-0.6499999999999999,-0.6818109559681478,-0.6599999999999997
2022-09-22,1,-0.7000000000000002,-0.6637780681942805,-0.6699999999999999
2022-09-29,1,-0.6299999999999999,-0.6393460426306349,-0.6299999999999999
2022-10-06,1,-0.6699999999999999,-0.6661242993856142,-0.6700000000000004
2022-10-13,1,-0.6699999999999995,-0.7021555843458,-0.7000000000000002
2022-10-20,1,-0.56,-0.6178617514454534,-0.6200000000000001
2022-10-27,1,-0.6099999999999999,-0.6321122605305198,-0.6299999999999999
2022-11-03,1,-0.6200000000000001,-0.6512598992513924,-0.6399999999999997
2022-11-10,1,-0.69,-0.6989506368998499,-0.69
2022-11-17,1,-0.8500000000000001,-0.8275689239073988,-0.8300000000000001
2022-11-24,1,-0.9699999999999998,-0.9573400060825132,-0.96
2022-12-01,1,-0.9899999999999998,-0.9630389625867716,-0.96
2022-12-08,1,-0.98,-1.0028360963861018,-1.0100000000000002
2022-12-15,1,-0.8500000000000001,-0.9119603368089256,-0.9000000000000004
2022-12-22,1,-0.7600000000000002,-0.749332134230756,-0.7399999999999998
2022-12-29,1,-0.7599999999999998,-0.7416790858405033,-0.7399999999999998
2023-01-05,1,-0.8800000000000003,-0.8617316707818838,-0.8600000000000003
2023-01-12,1,-0.7799999999999998,-0.8937397490980383,-0.8999999999999999
2023-01-19,1,-0.75,-0.7690059923047756,-0.7599999999999998
2023-01-26,1,-0.79,-0.7656012022715282,-0.77
2023-02-02,1,-0.8799999999999999,-0.8327697792089913,-0.8300000000000001
2023-02-09,1,-0.94,-0.9182661018793427,-0.92
2023-02-16,1,-0.8600000000000003,-0.8511943419734236,-0.8499999999999996
2023-02-23,1,-0.8900000000000001,-0.8779515923993936,-0.8800000000000003
2023-03-02,1,-0.8799999999999999,-0.8225532106559992,-0.8199999999999998
2023-03-09,1,-0.98,-0.9786432434632231,-0.9800000000000004
2023-03-16,1,-0.77,-0.8436674177442445,-0.8300000000000001
2023-03-23,1,-0.6799999999999997,-0.6826792307213252,-0.69
2023-03-30,1,-0.8400000000000003,-0.8267689958688081,-0.8299999999999996
2023-04-06,1,-0.8199999999999998,-0.822530210340549,-0.8199999999999998
2023-04-13,1,-0.7800000000000002,-0.846812383165215,-0.8500000000000001
2023-04-20,1,-0.7999999999999998,-0.8231555952756872,-0.8199999999999998
2023-04-27,1,-0.81,-0.7854040907372681,-0.7799999999999998
2023-05-04,1,-0.8000000000000003,-0.7562167148823035,-0.7599999999999998
2023-05-11,1,-0.8599999999999999,-0.8238725801549136,-0.8300000000000001
2023-05-18,1,-0.8800000000000003,-0.8968375948108958,-0.8999999999999999
2023-05-25,1,-0.9699999999999998,-0.9310734500525134,-0.9300000000000006
2023-06-01,1,-1.06,-1.0421736643720392,-1.04
2023-06-08,1,-1.1100000000000003,-1.1251307888831952,-1.1300000000000003
2023-06-15,1,-1.2099999999999995,-1.1688528818185293,-1.16
2023-06-22,1,-1.3000000000000005,-1.2910331622594358,-1.29
2023-06-29,1,-1.3200000000000005,-1.2984590358215218,-1.3000000000000005
2023-07-06,1,-1.23,-1.2572059128878277,-1.2599999999999998
2023-07-13,1,-1.2699999999999996,-1.2328111685657506,-1.2300000000000004
2023-07-20,1,-1.17,-1.146604817838274,-1.14
2023-07-27,1,-1.17,-1.157852833979955,-1.1599999999999997
2023-08-03,1,-1.0200000000000005,-1.011527613152045,-1.0099999999999998
2023-08-10,1,-1.02,-1.0380635062613142,-1.04
2023-08-17,1,-1.0499999999999998,-0.9983211878947096,-1.0000000000000004
2023-08-24,1,-1.08,-1.0740951100793472,-1.0699999999999998
2023-08-31,1,-0.9899999999999998,-1.0795854883269924,-1.0799999999999996
2023-09-07,1,-0.9900000000000002,-0.9722193554712787,-0.9700000000000002
2023-09-14,1,-0.9900000000000002,-1.0024055232558948,-1.0000000000000004
2023-09-21,1,-1.0099999999999998,-1.0001662934526212,-1.0
2023-09-28,1,-0.8399999999999999,-0.8548984833127662,-0.8500000000000005
2023-10-05,1,-0.6999999999999993,-0.6617939476670517,-0.6600000000000001
2023-10-12,1,-0.8799999999999994,-0.7811662165650951,-0.7800000000000002
2023-10-19,1,-0.71,-0.7005769212482119,-0.7000000000000002
2023-10-26,1,-0.6099999999999999,-0.6404999127978507,-0.6399999999999997
2023-11-02,1,-0.6399999999999997,-0.7000679804358707,-0.6999999999999997
2023-11-09,1,-0.7299999999999995,-0.7165408390093042,-0.7200000000000002
2023-11-16,1,-0.7899999999999996,-0.7629537230813208,-0.7600000000000002
2023-11-23,1,-0.73,-0.7270643234677823,-0.7199999999999998
2023-11-30,1,-0.6400000000000001,-0.6423296520319388,-0.6400000000000001
2023-12-07,1,-0.7800000000000002,-0.7452146174158896,-0.75
2023-12-14,1,-0.8300000000000001,-0.7706013396461581,-0.77
2023-12-21,1,-0.7800000000000002,-0.8212702406462115,-0.8300000000000001
2023-12-28,1,-0.7799999999999998,-0.8124900492718784,-0.81
2024-01-04,1,-0.7999999999999998,-0.810841830928359,-0.81
2024-01-11,1,-0.5699999999999998,-0.7427772033574362,-0.7400000000000002
2024-01-18,1,-0.5899999999999999,-0.5622181801192953,-0.5599999999999996
2024-01-25,1,-0.5399999999999996,-0.5318310748805876,-0.5299999999999998
2024-02-01,1,-0.6799999999999997,-0.678446601685809,-0.6800000000000002
2024-02-08,1,-0.6600000000000001,-0.6324273286847477,-0.6300000000000003
2024-02-15,1,-0.71,-0.6951563658258455,-0.7000000000000002
2024-02-22,1,-0.71,-0.6865652512918375,-0.69
2024-02-29,1,-0.6699999999999995,-0.6968372748949041,-0.6999999999999997
2024-03-07,1,-0.7000000000000002,-0.7316680479053486,-0.73
2024-03-14,1,-0.71,-0.6982698971648915,-0.6999999999999997
2024-03-21,1,-0.6599999999999997,-0.6443546086828108,-0.6400000000000006
2024-03-28,1,-0.7199999999999998,-0.7173696141375414,-0.7199999999999998
2024-04-04,1,-0.6299999999999999,-0.6498847801580463,-0.6500000000000004
2024-04-11,1,-0.5299999999999998,-0.5252245433616752,-0.52
2024-04-18,1,-0.5100000000000002,-0.4982310640363965,-0.4900000000000002
2024-04-25,1,-0.5100000000000002,-0.4866020024553002,-0.4899999999999997
2024-05-02,1,-0.5100000000000002,-0.5197526081483319,-0.52
2024-05-09,1,-0.6000000000000001,-0.5754217295399641,-0.5800000000000001
2024-05-16,1,-0.6100000000000003,-0.6311510430033908,-0.6300000000000003
2024-05-23,1,-0.6400000000000001,-0.5886616847748212,-0.5899999999999999
2024-05-30,1,-0.5499999999999998,-0.5585311177928186,-0.5599999999999996
2024-06-06,1,-0.5300000000000002,-0.5440926116777802,-0.54
2024-06-13,1,-0.5500000000000003,-0.5383068115197538,-0.54
2024-06-20,1,-0.56,-0.5558338961588901,-0.56
2024-06-27,1,-0.4900000000000002,-0.5495625389371661,-0.5499999999999994
2024-07-04,1,-0.4399999999999999,-0.4453708975607173,-0.4399999999999999
2024-07-11,1,-0.4199999999999999,-0.41963707400494027,-0.4199999999999999
2024-07-18,1,-0.33,-0.33738696991124273,-0.33
2024-07-25,1,-0.2800000000000002,-0.26366140662275583,-0.2599999999999998
2024-08-01,1,-0.1800000000000001,-0.24580238269126253,-0.25
2024-08-08,1,-0.2200000000000002,-0.1683701351456677,-0.1699999999999999
2024-08-15,1,-0.25,-0.24273381764282326,-0.2400000000000002
2024-08-22,1,-0.2000000000000001,-0.23008264125824654,-0.2299999999999999
2024-08-29,1,-0.1699999999999999,-0.17815685699639178,-0.1800000000000001
2024-09-05,1,-0.0899999999999998,-0.16627946677668845,-0.1599999999999997
2024-09-12,1,-0.04,-0.08410506269057345,-0.0899999999999998
2024-09-19,1,0.02,0.023824507292735775,0.0300000000000002
2024-09-26,1,0.04,0.04180712078165897,0.0399999999999995
2024-10-03,1,-0.02,0.04179007821454841,0.04
2024-10-10,1,0.1400000000000001,0.042647462014616465,0.04
2024-10-17,1,0.1599999999999997,0.137759767144792,0.1400000000000001
2024-10-24,1,0.1699999999999999,0.1591263218536774,0.1600000000000001
2024-10-31,1,0.1899999999999999,0.16273773379301207,0.1500000000000003
2024-11-07,1,0.1,0.1484482637404865,0.1500000000000003
2024-11-14,1,0.1200000000000001,0.09823538742122553,0.0999999999999996
2024-11-21,1,0.0699999999999998,0.07565627313081316,0.0699999999999998
2024-11-28,1,0.0499999999999998,0.03816128690915325,0.04
2024-12-05,1,0.0899999999999998,0.04467122966965967,0.04
2024-12-12,1,0.1600000000000001,0.15457283700639857,0.1600000000000001
2024-12-19,1,0.2200000000000002,0.27210686130574807,0.2599999999999998
2024-12-26,1,0.2999999999999998,0.2603342011326309,0.2600000000000002
2025-01-02,1,0.2999999999999998,0.2884867867661684,0.29
2025-01-09,1,0.3700000000000001,0.3968897752431229,0.3999999999999999
2025-01-16,1,0.3699999999999996,0.38879312021469326,0.3899999999999997
2025-01-23,1,0.3699999999999996,0.3714402391111455,0.3699999999999996
2025-01-30,1,0.4099999999999997,0.3816587348249508,0.3799999999999999
2025-02-06,1,0.3799999999999999,0.37096074421347897,0.3700000000000001
2025-02-13,1,0.3699999999999996,0.36598759006716397,0.3700000000000001
2025-02-20,1,0.3700000000000001,0.3996503031116798,0.4000000000000003
2025-02-27,1,0.33,0.3387454622846975,0.3400000000000003
2025-03-06,1,0.4399999999999999,0.437726469088549,0.4399999999999999
2025-03-13,1,0.4900000000000002,0.479174392429829,0.48
2025-03-20,1,0.4900000000000002,0.4760235882885387,0.4700000000000002
2025-03-27,1,0.5299999999999998,0.539242539070388,0.54
2025-04-03,1,0.52,0.5362660760141968,0.54
2025-04-10,1,0.5799999999999996,0.5947423529468854,0.6000000000000001
2025-04-17,1,0.6099999999999999,0.6041590535435094,0.6099999999999999
2025-04-24,1,0.5800000000000001,0.5877025663935095,0.5900000000000003
2025-05-01,1,0.6400000000000001,0.5978144029246617,0.6000000000000001
2025-05-08,1,0.6299999999999999,0.6221202292766694,0.6200000000000001
2025-05-15,1,0.6400000000000001,0.6322836566761011,0.6300000000000003
2025-05-22,1,0.6499999999999999,0.660661018380138,0.6599999999999997
2025-05-29,1,0.6100000000000003,0.6115820755469716,0.6099999999999999
2025-06-05,1,0.6499999999999999,0.6282114715455899,0.6299999999999999
2025-06-12,1,0.6600000000000001,0.6499570960356059,0.6499999999999999
2025-06-19,1,0.6599999999999997,0.6509701091161998,0.6499999999999999
2025-06-26,1,0.71,0.7057554386482319,0.71
2025-07-03,1,0.6800000000000002,0.6897661613856835,0.69
2025-07-10,1,0.7599999999999998,0.7093289864200291,0.71
2025-07-17,1,0.75,0.7607554144815394,0.7599999999999998
2025-07-24,1,0.71,0.7218566574678675,0.7199999999999998
2025-07-31,1,0.69,0.6890592358180104,0.6900000000000004
2025-08-07,1,0.7199999999999998,0.7001660506063534,0.7000000000000002
2025-08-14,1,0.7399999999999998,0.7207356072026756,0.7200000000000002
2025-08-21,1,0.7400000000000002,0.7486815913101292,0.75
2025-08-28,1,0.7399999999999998,0.7319659385456565,0.73
2025-09-04,1,0.73,0.7332562580893744,0.73
2025-09-11,1,0.6800000000000002,0.662235884289355,0.6600000000000001
2025-09-18,1,0.7400000000000002,0.7046235032909725,0.71
2025-09-25,1,0.73,0.7370648999128001,0.73
2025-10-02,1,0.7399999999999998,0.7294556917560232,0.73
2025-10-09,1,0.71,0.7315560420831309,0.73
2025-10-16,1,0.7199999999999998,0.6995394390508614,0.7000000000000002
2025-10-23,1,0.71,0.7001726587950767,0.6999999999999997
2025-10-30,1,0.7200000000000002,0.7097210136521952,0.71
2025-11-06,1,0.73,0.717349073955516,0.71
2025-11-13,1,0.7400000000000002,0.7090000223623509,0.71
2025-11-20,1,0.7600000000000002,0.7483333399762592,0.75
2025-11-27,1,0.73,0.7177415504090916,0.7200000000000002
2025-12-04,1,0.7799999999999998,0.7996521043011158,0.7999999999999998
2025-12-11,1,0.8199999999999998,0.8020172266418547,0.7999999999999998
2025-12-18,1,0.8600000000000003,0.8118457797943818,0.81
2025-12-25,1,0.8300000000000001,0.8265199942344269,0.8300000000000001
2026-01-01,1,0.8600000000000003,0.8394715962672087,0.8399999999999999
2026-01-08,1,0.8300000000000001,0.8296684455626312,0.8300000000000001
2026-01-15,1,0.8300000000000001,0.8181576454091171,0.8200000000000003
2026-01-22,1,0.81,0.8379973868079063,0.8399999999999999
2026-01-29,1,0.8599999999999999,0.8412990846633522,0.8400000000000003
2026-02-05,1,0.8500000000000001,0.8493498903990616,0.8500000000000001
2026-02-12,1,0.7799999999999998,0.7864975326421552,0.7899999999999996
2026-02-19,1,0.7800000000000002,0.7804670371719866,0.7800000000000002
2026-02-26,1,0.7399999999999998,0.7410445857258326,0.7399999999999998
2026-03-05,1,0.77,0.7632445544841981,0.7599999999999998
2026-03-12,1,0.7199999999999998,0.7051906076540199,0.7000000000000002
2026-03-19,1,0.4900000000000002,0.6001563230150948,0.6000000000000001
2026-03-26,1,0.6299999999999999,0.5850743579835948,0.5899999999999999
2026-04-02,1,0.6700000000000004,0.6699508055087724,0.6700000000000004
2026-04-09,1,0.6900000000000004,0.67072904092379,0.6699999999999999
2026-04-16,1,0.6699999999999999,0.6998321004430351,0.7000000000000002
2026-04-23,1,0.6400000000000001,0.6317532179538107,0.6299999999999999
2026-04-30,1,0.5899999999999999,0.5971340622222003,0.6000000000000001
2026-05-07,1,0.6100000000000003,0.5919989390412725,0.5899999999999999
2026-05-14,1,0.6300000000000003,0.6026140964201678,0.6000000000000001
2026-05-21,1,0.6099999999999999,0.6298528713463745,0.6299999999999999
2026-05-28,1,0.6400000000000001,0.5997020461489745,0.6000000000000001
2012-01-19,5,1.01,0.9612036879474343,0.98
2012-01-26,5,0.95,0.9846359062114505,1.01
2012-02-02,5,0.9999999999999998,0.9427120012153043,0.95
2012-02-09,5,0.9599999999999996,0.9605269685203816,0.9999999999999998
2012-02-16,5,0.9599999999999996,0.9571852707777087,0.9599999999999996
2012-02-23,5,0.8999999999999999,0.9632442061285507,0.9599999999999996
2012-03-01,5,0.8399999999999999,0.9083288996912692,0.8999999999999999
2012-03-08,5,0.94,0.8369185907747246,0.8399999999999999
2012-03-15,5,0.9600000000000002,0.891096465247932,0.94
2012-03-22,5,0.9000000000000001,0.9233039824893077,0.9600000000000002
2012-03-29,5,0.8799999999999999,0.9197597703932491,0.9000000000000001
2012-04-05,5,0.8199999999999998,0.8711818476876255,0.8799999999999999
2012-04-12,5,0.71,0.8276122821249674,0.8199999999999998
2012-04-19,5,0.6799999999999997,0.7434167963205369,0.71
2012-04-26,5,0.7,0.677085350774437,0.6799999999999997
2012-05-03,5,0.75,0.6714753806591766,0.7
2012-05-10,5,0.6599999999999999,0.7195261779183779,0.75
2012-05-17,5,0.7200000000000002,0.6729368110075601,0.6599999999999999
2012-05-24,5,0.6799999999999999,0.6896361981338942,0.7200000000000002
2012-05-31,5,0.76,0.6725994203400547,0.6799999999999999
2012-06-07,5,0.75,0.7204314296059876,0.76
2012-06-14,5,0.7,0.7326311669865919,0.75
2012-06-21,5,0.72,0.7088131997562457,0.7
2012-06-28,5,0.7,0.7078240435306004,0.72
2012-07-05,5,0.6599999999999999,0.6934342510407184,0.7
2012-07-12,5,0.6699999999999999,0.6492928310388523,0.6599999999999999
2012-07-19,5,0.6299999999999999,0.6602139568191939,0.6699999999999999
2012-07-26,5,0.6099999999999999,0.6191007461348428,0.6299999999999999
2012-08-02,5,0.6500000000000001,0.608158441217508,0.6099999999999999
2012-08-09,5,0.72,0.6214429571525867,0.6500000000000001
2012-08-16,5,0.6900000000000002,0.6842582320574835,0.72
2012-08-23,5,0.6400000000000001,0.676308766773488,0.6900000000000002
2012-08-30,5,0.6800000000000002,0.650301384378958,0.6400000000000001
2012-09-06,5,0.71,0.6471764358401033,0.6800000000000002
2012-09-13,5,0.7100000000000002,0.6767046086364016,0.71
2012-09-20,5,0.6499999999999999,0.6882086242009263,0.7100000000000002
2012-09-27,5,0.6699999999999999,0.6631567441910659,0.6499999999999999
2012-10-04,5,0.6600000000000001,0.6597668866180797,0.6699999999999999
2012-10-11,5,0.7699999999999998,0.6472029005013041,0.6600000000000001
2012-10-18,5,0.75,0.7245781225951688,0.7699999999999998
2012-10-25,5,0.71,0.7355153714637952,0.75
2012-11-01,5,0.6499999999999999,0.714311328892517,0.71
2012-11-08,5,0.6499999999999999,0.6537286925298781,0.6499999999999999
2012-11-15,5,0.6599999999999999,0.6418842568678532,0.6499999999999999
2012-11-22,5,0.6199999999999999,0.6422007405134298,0.6599999999999999
2012-11-29,5,0.6499999999999999,0.6144340263143552,0.6199999999999999
2012-12-06,5,0.6799999999999999,0.6313994556466754,0.6499999999999999
2012-12-13,5,0.7100000000000002,0.6534868798529943,0.6799999999999999
2012-12-20,5,0.6500000000000001,0.6845284496981376,0.7100000000000002
2012-12-27,5,0.73,0.6544509654215217,0.6500000000000001
2013-01-03,5,0.77,0.6945817374579826,0.73
2013-01-10,5,0.75,0.7414241220318747,0.77
2013-01-17,5,0.7699999999999998,0.7387862035922683,0.75
2013-01-24,5,0.8300000000000001,0.7544100176936024,0.7699999999999998
2013-01-31,5,0.8400000000000001,0.8028562650884646,0.8300000000000001
2013-02-07,5,0.8700000000000001,0.8233246101591274,0.8400000000000001
2013-02-14,5,0.8699999999999999,0.8453999923424016,0.8700000000000001
2013-02-21,5,0.8800000000000001,0.8543561981884142,0.8699999999999999
2013-02-28,5,0.92,0.8808647777606178,0.8800000000000001
2013-03-07,5,0.95,0.8941478548396554,0.92
2013-03-14,5,0.8400000000000001,0.9309618748751018,0.95
2013-03-21,5,0.76,0.8532137552688455,0.8400000000000001
2013-03-28,5,0.8,0.7902900860288432,0.76
2013-04-04,5,0.8,0.7777776786376266,0.8
2013-04-11,5,0.76,0.7853772893900567,0.8
2013-04-18,5,0.79,0.7539502031603731,0.76
2013-04-25,5,0.7599999999999999,0.7854804625118929,0.79
2013-05-02,5,0.8300000000000001,0.7499886919952248,0.7599999999999999
2013-05-09,5,0.8699999999999999,0.797398028865835,0.8300000000000001
2013-05-16,5,0.92,0.8443929282948892,0.8699999999999999
2013-05-23,5,0.9899999999999998,0.9200404653396402,0.92
2013-05-30,5,0.99,0.9697275240312454,0.9899999999999998
2013-06-06,5,1.02,0.9718967231177089,0.99
2013-06-13,5,1.14,0.9977488056676684,1.02
2013-06-20,5,1.22,1.1208604131790674,1.14
2013-06-27,5,1.2300000000000002,1.1869434436240474,1.22
2013-07-04,5,1.31,1.2322829414264433,1.2300000000000002
2013-07-11,5,1.3099999999999998,1.2772807947728881,1.31
2013-07-18,5,1.31,1.299862075595276,1.3099999999999998
2013-07-25,5,1.36,1.300001406303803,1.31
2013-08-01,5,1.3500000000000003,1.3530865146100945,1.36
2013-08-08,5,1.4700000000000002,1.340455198487463,1.3500000000000003
2013-08-15,5,1.5400000000000005,1.4333623990281008,1.4700000000000002
2013-08-22,5,1.41,1.5290881615199519,1.5400000000000005
2013-08-29,5,1.5099999999999998,1.4425079127309826,1.41
2013-09-05,5,1.4999999999999998,1.49946490064879,1.5099999999999998
2013-09-12,5,1.4800000000000002,1.495409606950961,1.4999999999999998
2013-09-19,5,1.36,1.4624807822237225,1.4800000000000002
2013-09-26,5,1.36,1.3742343647172688,1.36
2013-10-03,5,1.38,1.3646862794478531,1.36
2013-10-10,5,1.38,1.3687733685432322,1.38
2013-10-17,5,1.3299999999999998,1.364882389559748,1.38
2013-10-24,5,1.3199999999999998,1.3384545733493736,1.3299999999999998
2013-10-31,5,1.42,1.3244587521464164,1.3199999999999998
2013-11-07,5,1.46,1.3937076492520168,1.42
2013-11-14,5,1.5499999999999998,1.4383636313663126,1.46
2013-11-21,5,1.45,1.532206069986495,1.5499999999999998
2013-11-28,5,1.59,1.4572927656201988,1.45
2013-12-05,5,1.56,1.5640223355950924,1.59
2013-12-12,5,1.5600000000000005,1.5616180429577795,1.56
2013-12-19,5,1.5900000000000003,1.5625294456049164,1.5600000000000005
2013-12-26,5,1.6100000000000003,1.593376117390288,1.5900000000000003
2014-01-02,5,1.58,1.606217936704194,1.6100000000000003
2014-01-09,5,1.48,1.5840647723183712,1.58
2014-01-16,5,1.4400000000000002,1.517552573568557,1.48
2014-01-23,5,1.4,1.4545447749166156,1.4400000000000002
2014-01-30,5,1.4500000000000002,1.414141004049382,1.4
2014-02-06,5,1.4300000000000002,1.4461343917829377,1.4500000000000002
2014-02-13,5,1.44,1.4110145183329295,1.4300000000000002
2014-02-20,5,1.4200000000000002,1.4406737885104066,1.44
2014-02-27,5,1.45,1.4290748326308291,1.4200000000000002
2014-03-06,5,1.37,1.4330846336981404,1.45
2014-03-13,5,1.43,1.3719115876094243,1.37
2014-03-20,5,1.37,1.4317542305945647,1.43
2014-03-27,5,1.44,1.383503479925871,1.37
2014-04-03,5,1.38,1.4159904904203715,1.44
2014-04-10,5,1.38,1.3799792082051594,1.38
2014-04-17,5,1.35,1.3705728917180071,1.38
2014-04-24,5,1.3099999999999998,1.352609910388984,1.35
2014-05-01,5,1.3,1.3196383888086685,1.3099999999999998
2014-05-08,5,1.2299999999999998,1.3022291450679182,1.3
2014-05-15,5,1.2699999999999998,1.2318828818808254,1.2299999999999998
2014-05-22,5,1.2,1.258345098322753,1.2699999999999998
2014-05-29,5,1.27,1.207105374850383,1.2
2014-06-05,5,1.2299999999999998,1.2482477366411517,1.27
2014-06-12,5,1.2,1.2372493960451378,1.2299999999999998
2014-06-19,5,1.13,1.2044287251252837,1.2
2014-06-26,5,1.19,1.1347596251204004,1.13
2014-07-03,5,1.11,1.166771360342051,1.19
2014-07-10,5,1.07,1.1227494846139925,1.11
2014-07-17,5,1.06,1.0734850063904184,1.07
2014-07-24,5,1.06,1.068822355052076,1.06
2014-07-31,5,0.9999999999999998,1.0586190840045278,1.06
2014-08-07,5,0.9899999999999998,1.0097007542224479,0.9999999999999998
2014-08-14,5,0.99,0.9910475980077325,0.9899999999999998
2014-08-21,5,0.8999999999999999,0.981718757666902,0.99
2014-08-28,5,1.0,0.9196481075700896,0.8999999999999999
2014-09-04,5,1.0600000000000005,0.9750768352078352,1.0
2014-09-11,5,1.11,1.0335827967924374,1.0600000000000005
2014-09-18,5,1.0299999999999998,1.1094003962873809,1.11
2014-09-25,5,1.0,1.028295598580737,1.0299999999999998
2014-10-02,5,0.9699999999999998,1.0092961227046549,1.0
2014-10-09,5,1.0099999999999998,0.9699169648254519,0.9699999999999998
2014-10-16,5,1.0,0.9819092194269723,1.0099999999999998
2014-10-23,5,1.0099999999999998,0.9959595349858436,1.0
2014-10-30,5,1.06,1.0058520307867531,1.0099999999999998
2014-11-06,5,1.03,1.047702031999293,1.06
2014-11-13,5,1.01,1.0376231203323172,1.03
2014-11-20,5,0.91,1.0027370081372209,1.01
2014-11-27,5,0.8999999999999999,0.9233035587787326,0.91
2014-12-04,5,0.81,0.8985761254830927,0.8999999999999999
2014-12-11,5,0.8400000000000001,0.8327248064126312,0.81
2014-12-18,5,0.8399999999999999,0.8376644823742164,0.8400000000000001
2014-12-25,5,0.78,0.8346386564876872,0.8399999999999999
2015-01-01,5,0.73,0.8084431759767859,0.78
2015-01-08,5,0.6699999999999999,0.7277227142993868,0.73
2015-01-15,5,0.8699999999999999,0.6563710961903177,0.6699999999999999
2015-01-22,5,0.9200000000000002,0.812939256284387,0.8699999999999999
2015-01-29,5,0.9200000000000002,0.9104958261643339,0.9200000000000002
2015-02-05,5,0.97,0.9319896738816664,0.9200000000000002
2015-02-12,5,1.03,0.9355272892119224,0.97
2015-02-19,5,0.8600000000000001,1.019741807331217,1.03
2015-02-26,5,0.9,0.9041750673129163,0.8600000000000001
2015-03-05,5,0.92,0.9029082578459056,0.9
2015-03-12,5,0.8400000000000001,0.9105603919435096,0.92
2015-03-19,5,0.85,0.8595852426891406,0.8400000000000001
2015-03-26,5,0.8200000000000001,0.8463335974320828,0.85
2015-04-02,5,0.8600000000000001,0.8129557968657718,0.8200000000000001
2015-04-09,5,0.7900000000000001,0.8489147170374789,0.8600000000000001
2015-04-16,5,0.82,0.8008225718389004,0.7900000000000001
2015-04-23,5,0.91,0.7881994987717398,0.82
2015-04-30,5,1.06,0.8967808588892348,0.91
2015-05-07,5,1.13,1.0192279490344542,1.06
2015-05-14,5,1.08,1.1076133747956562,1.13
2015-05-21,5,1.04,1.0670843901633495,1.08
2015-05-28,5,1.16,1.0460067887222382,1.04
2015-06-04,5,1.15,1.1487091882484188,1.16
2015-06-11,5,1.17,1.147258324386899,1.15
2015-06-18,5,1.2000000000000002,1.1626967892147997,1.17
2015-06-25,5,1.26,1.1746192234202844,1.2000000000000002
2015-07-02,5,1.13,1.255783905001128,1.26
2015-07-09,5,1.15,1.1359892867723562,1.13
2015-07-16,5,1.08,1.1798648889680179,1.15
2015-07-23,5,1.04,1.0884413689246701,1.08
2015-07-30,5,1.0,1.0546351343257947,1.04
2015-08-06,5,0.99,0.9980940875825339,1.0
2015-08-13,5,0.94,0.9910488707653656,0.99
2015-08-20,5,1.0499999999999998,0.9377549215649108,0.94
2015-08-27,5,1.03,1.0203844235420887,1.0499999999999998
2015-09-03,5,1.03,1.0349604246626924,1.03
2015-09-10,5,1.05,1.020928136673613,1.03
2015-09-17,5,0.95,1.0433868254935277,1.05
2015-09-24,5,0.91,0.9539924479039891,0.95
2015-10-01,5,0.96,0.9385724226961962,0.91
2015-10-08,5,0.91,0.9416950365937283,0.96
2015-10-15,5,0.93,0.9062286549313032,0.91
2015-10-22,5,0.98,0.9191537167373555,0.93
2015-10-29,5,1.02,0.9863275326076361,0.98
2015-11-05,5,1.0499999999999998,1.0088813297269004,1.02
2015-11-12,5,1.0,1.046510448412194,1.0499999999999998
2015-11-19,5,0.95,1.004931646550183,1.0
2015-11-26,5,0.97,0.9623937704129932,0.95
2015-12-03,5,0.94,0.9709020559174409,0.97
2015-12-10,5,0.91,0.9251527032992093,0.94
2015-12-17,5,0.8800000000000001,0.8883499983742813,0.91
2015-12-24,5,0.91,0.7912136111768191,0.8800000000000001
2015-12-31,5,0.91,0.9017524883266699,0.91
2016-01-07,5,0.91,0.9077588976468266,0.91
2016-01-14,5,0.81,0.8962058369009382,0.91
2016-01-21,5,0.81,0.8313697996397742,0.81
2016-01-28,5,0.7699999999999999,0.8113137202244666,0.81
2016-02-04,5,0.64,0.7707505882134422,0.7699999999999999
2016-02-11,5,0.6800000000000002,0.6464025849866664,0.64
2016-02-18,5,0.6399999999999999,0.6701055170386232,0.6800000000000002
2016-02-25,5,0.71,0.6361667013788822,0.6399999999999999
2016-03-03,5,0.74,0.7021855862055358,0.71
2016-03-10,5,0.76,0.7231770604103155,0.74
2016-03-17,5,0.71,0.7404887369351438,0.76
2016-03-24,5,0.69,0.7083675735345853,0.71
2016-03-31,5,0.6299999999999999,0.7071263999851384,0.69
2016-04-07,5,0.6900000000000001,0.6279477728704523,0.6299999999999999
2016-04-14,5,0.83,0.6762083403149005,0.6900000000000001
2016-04-21,5,0.8099999999999999,0.8075896339170607,0.83
2016-04-28,5,0.7800000000000001,0.7952847049852649,0.8099999999999999
2016-05-05,5,0.76,0.7759096562517215,0.7800000000000001
2016-05-12,5,0.7200000000000001,0.7681174188395343,0.76
2016-05-19,5,0.7100000000000001,0.725195154249935,0.7200000000000001
2016-05-26,5,0.68,0.711378716371177,0.7100000000000001
2016-06-02,5,0.6699999999999999,0.6840153225589558,0.68
2016-06-09,5,0.5900000000000001,0.6661772758166815,0.6699999999999999
2016-06-16,5,0.68,0.5942363330840635,0.5900000000000001
2016-06-23,5,0.54,0.6587416037052997,0.68
2016-06-30,5,0.51,0.5587316149356156,0.54
2016-07-07,5,0.51,0.5130506951456114,0.51
2016-07-14,5,0.5300000000000001,0.5080361968723722,0.51
2016-07-21,5,0.4800000000000001,0.5283199134716465,0.5300000000000001
2016-07-28,5,0.51,0.48040900132487024,0.4800000000000001
2016-08-04,5,0.5,0.5038541811441895,0.51
2016-08-11,5,0.4700000000000001,0.5008546125876178,0.5
2016-08-18,5,0.4800000000000001,0.47109493670301306,0.4700000000000001
2016-08-25,5,0.4399999999999999,0.48174020069876783,0.4800000000000001
2016-09-01,5,0.5200000000000001,0.44430829003814143,0.4399999999999999
2016-09-08,5,0.63,0.4996124155529117,0.5200000000000001
2016-09-15,5,0.5300000000000001,0.5980277413366164,0.63
2016-09-22,5,0.4599999999999999,0.5376433564374725,0.5300000000000001
2016-09-29,5,0.57,0.47168035697526495,0.4599999999999999
2016-10-06,5,0.58,0.5579637202323047,0.57
2016-10-13,5,0.6199999999999999,0.5648739709913857,0.58
2016-10-20,5,0.65,0.6114891099660429,0.6199999999999999
2016-10-27,5,0.6599999999999999,0.6432104826847278,0.65
2016-11-03,5,0.8099999999999999,0.6586132400044223,0.6599999999999999
2016-11-10,5,0.88,0.7797337308293478,0.8099999999999999
2016-11-17,5,0.91,0.8699323487276458,0.88
2016-11-24,5,0.91,0.9051517545367824,0.91
2016-12-01,5,0.93,0.913933394076213,0.91
2016-12-08,5,1.02,0.9195403127532814,0.93
2016-12-15,5,0.99,1.0047191545520642,1.02
2016-12-22,5,0.96,0.9201480450578017,0.99
2016-12-29,5,0.95,0.9557452280905826,0.96
2017-01-05,5,0.8799999999999999,0.9631521942978676,0.95
2017-01-12,5,0.96,0.8765321598734891,0.8799999999999999
2017-01-19,5,1.0,0.9605081866538414,0.96
2017-01-26,5,0.99,0.991822212027707,1.0
2017-02-02,5,0.93,0.9880891282087277,0.99
2017-02-09,5,0.95,0.9281009021224672,0.93
2017-02-16,5,0.91,0.942474919802316,0.95
2017-02-23,5,0.92,0.9095560553978131,0.91
2017-03-02,5,0.99,0.921557541810022,0.92
2017-03-09,5,0.98,0.9755346084868153,0.99
2017-03-16,5,0.92,0.957786800539476,0.98
2017-03-23,5,0.8899999999999999,0.8669996828058331,0.92
2017-03-30,5,0.8300000000000001,0.8904216488657372,0.8899999999999999
2017-04-06,5,0.76,0.8389390928576143,0.8300000000000001
2017-04-13,5,0.74,0.7611918568749175,0.76
2017-04-20,5,0.8400000000000001,0.7424191059071411,0.74
2017-04-27,5,0.85,0.8218599922568312,0.8400000000000001
2017-05-04,5,0.9000000000000001,0.8430829591449515,0.85
2017-05-11,5,0.7699999999999999,0.8874444978756927,0.9000000000000001
2017-05-18,5,0.74,0.7810908626953408,0.7699999999999999
2017-05-25,5,0.73,0.7529855172163946,0.74
2017-06-01,5,0.71,0.7312205787588593,0.73
2017-06-08,5,0.62,0.7074621856640854,0.71
2017-06-15,5,0.57,0.6140023740700694,0.62
2017-06-22,5,0.6199999999999999,0.5215018019572696,0.57
2017-06-29,5,0.7000000000000002,0.6178840627083407,0.6199999999999999
2017-07-06,5,0.7,0.690912107185083,0.7000000000000002
2017-07-13,5,0.6399999999999999,0.6775624579836587,0.7
2017-07-20,5,0.7,0.6553529862148156,0.6399999999999999
2017-07-27,5,0.6499999999999999,0.6893842210425688,0.7
2017-08-03,5,0.6300000000000001,0.6501810105265579,0.6499999999999999
2017-08-10,5,0.6200000000000001,0.628935976852327,0.6300000000000001
2017-08-17,5,0.6199999999999999,0.6180352154620945,0.6200000000000001
2017-08-24,5,0.5800000000000001,0.6185895834040319,0.6199999999999999
2017-08-31,5,0.47,0.588664858682777,0.5800000000000001
2017-09-07,5,0.4899999999999997,0.4613433199290185,0.47
2017-09-14,5,0.53,0.5047403387881325,0.4899999999999997
2017-09-21,5,0.5800000000000001,0.5293276839079444,0.53
2017-09-28,5,0.5800000000000001,0.5705093453232731,0.5800000000000001
2017-10-05,5,0.52,0.5777257270380562,0.5800000000000001
2017-10-12,5,0.53,0.5263567884535086,0.52
2017-10-19,5,0.5799999999999998,0.5278814344530431,0.53
2017-10-26,5,0.55,0.5743693961146995,0.5799999999999998
2017-11-02,5,0.48,0.5480988318127181,0.55
2017-11-09,5,0.49,0.4792871115808088,0.48
2017-11-16,5,0.4599999999999999,0.48692596610633065,0.49
2017-11-23,5,0.4599999999999999,0.45835554346930846,0.4599999999999999
2017-11-30,5,0.3600000000000001,0.4690313056506434,0.4599999999999999
2017-12-07,5,0.29,0.3709359135464705,0.3600000000000001
2017-12-14,5,0.3499999999999998,0.2792935403693186,0.29
2017-12-21,5,0.3399999999999998,0.30769119752447727,0.3499999999999998
2017-12-28,5,0.3800000000000001,0.33314398480964347,0.3399999999999998
2018-01-04,5,0.4099999999999999,0.3769583829917817,0.3800000000000001
2018-01-11,5,0.4199999999999999,0.3978439936637138,0.4099999999999999
2018-01-18,5,0.4400000000000001,0.4042459159877282,0.4199999999999999
2018-01-25,5,0.51,0.44884173259447563,0.4400000000000001
2018-02-01,5,0.5299999999999998,0.49864569392624764,0.51
2018-02-08,5,0.53,0.5241188912646686,0.5299999999999998
2018-02-15,5,0.4999999999999998,0.5334093347409978,0.53
2018-02-22,5,0.4099999999999999,0.5032017470415845,0.4999999999999998
2018-03-01,5,0.4499999999999999,0.41449730040610877,0.4099999999999999
2018-03-08,5,0.3900000000000001,0.4461442494900235,0.4499999999999999
2018-03-15,5,0.3499999999999998,0.39167178735111435,0.3900000000000001
2018-03-22,5,0.3199999999999998,0.34048308773333924,0.3499999999999998
2018-03-29,5,0.3700000000000001,0.2845061621695321,0.3199999999999998
2018-04-05,5,0.3900000000000001,0.3594262323311641,0.3700000000000001
2018-04-12,5,0.4099999999999999,0.3860019542673676,0.3900000000000001
2018-04-19,5,0.4400000000000001,0.4033546830686931,0.4099999999999999
2018-04-26,5,0.4099999999999999,0.4287698356170343,0.4400000000000001
2018-05-03,5,0.4299999999999999,0.40758135552668395,0.4099999999999999
2018-05-10,5,0.4599999999999999,0.42238020627491574,0.4299999999999999
2018-05-17,5,0.4200000000000001,0.45436080451559335,0.4599999999999999
2018-05-24,5,0.33,0.41837613496008913,0.4200000000000001
2018-05-31,5,0.3700000000000001,0.34044963686261487,0.33
2018-06-07,5,0.3400000000000001,0.35817600342019706,0.3700000000000001
2018-06-14,5,0.32,0.3330719327511653,0.3400000000000001
2018-06-21,5,0.2799999999999998,0.2963383211594213,0.32
2018-06-28,5,0.2300000000000002,0.27690231094117634,0.2799999999999998
2018-07-05,5,0.2200000000000002,0.23927202997524782,0.2300000000000002
2018-07-12,5,0.1799999999999999,0.20666948727728995,0.2200000000000002
2018-07-19,5,0.2299999999999999,0.1939345062252789,0.1799999999999999
2018-07-26,5,0.2799999999999998,0.22728550291118588,0.2299999999999999
2018-08-02,5,0.2200000000000002,0.2688731086989319,0.2799999999999998
2018-08-09,5,0.1699999999999999,0.21692322734191774,0.2200000000000002
2018-08-16,5,0.1299999999999999,0.1733229502568831,0.1699999999999999
2018-08-23,5,0.1699999999999999,0.13098352328448876,0.1299999999999999
2018-08-30,5,0.1699999999999999,0.16320984351197954,0.1699999999999999
2018-09-06,5,0.1799999999999997,0.16048738366412535,0.1699999999999999
2018-09-13,5,0.2399999999999997,0.18062041228057435,0.1799999999999997
2018-09-20,5,0.2200000000000002,0.23284025887300192,0.2399999999999997
2018-09-27,5,0.25,0.20778035286419066,0.2200000000000002
2018-10-04,5,0.2200000000000002,0.22759414992141636,0.25
2018-10-11,5,0.1800000000000001,0.2143421504732387,0.2200000000000002
2018-10-18,5,0.1400000000000001,0.18706666776968198,0.1800000000000001
2018-10-25,5,0.1600000000000001,0.1265162593534204,0.1400000000000001
2018-11-01,5,0.1800000000000001,0.17077157636000398,0.1600000000000001
2018-11-08,5,0.1399999999999996,0.17547109002575037,0.1800000000000001
2018-11-15,5,0.1199999999999996,0.13619401285020477,0.1399999999999996
2018-11-22,5,0.1099999999999998,0.11543024844526972,0.1199999999999996
2018-11-29,5,0.09,0.10408533151212852,0.1099999999999998
2018-12-06,5,0.0899999999999998,0.08018034459950817,0.09
2018-12-13,5,0.08,0.08494734264805812,0.0899999999999998
2018-12-20,5,0.09,0.06321835534062499,0.08
2018-12-27,5,0.06,0.06350329297584037,0.09
2019-01-03,5,0.07,0.04574352905560418,0.06
2019-01-10,5,0.09,0.07251916219232893,0.07
2019-01-17,5,0.0699999999999998,0.08568735742302883,0.09
2019-01-24,5,0.1099999999999998,0.06403405629470321,0.0699999999999998
2019-01-31,5,0.1100000000000001,0.09328651416026579,0.1099999999999998
2019-02-07,5,0.1099999999999998,0.10011535969305557,0.1100000000000001
2019-02-14,5,0.1199999999999998,0.10490975164835661,0.1099999999999998
2019-02-21,5,0.1599999999999999,0.11930262146877371,0.1199999999999998
2019-02-28,5,0.1399999999999999,0.15479950388963903,0.1599999999999999
2019-03-07,5,0.1,0.12642095822525043,0.1399999999999999
2019-03-14,5,0.0699999999999998,0.10266647947597432,0.1
2019-03-21,5,0.06,0.06552968810252269,0.0699999999999998
2019-03-28,5,0.1099999999999998,0.05191219064922776,0.06
2019-04-04,5,0.1299999999999999,0.10074264735599514,0.1099999999999998
2019-04-11,5,0.1499999999999999,0.12297988889591745,0.1299999999999999
2019-04-18,5,0.1499999999999999,0.14267720658194424,0.1499999999999999
2019-04-25,5,0.1399999999999999,0.1384231477644911,0.1499999999999999
2019-05-02,5,0.0999999999999998,0.14317149938908622,0.1399999999999999
2019-05-09,5,0.0899999999999998,0.10437384173396703,0.0999999999999998
2019-05-16,5,0.0599999999999998,0.08562854059579748,0.0899999999999998
2019-05-23,5,0.03,0.05232882691470629,0.0599999999999998
2019-05-30,5,0.08,0.025446158716020514,0.03
2019-06-06,5,0.05,0.06980283175958153,0.08
2019-06-13,5,0.05,0.04775208127870584,0.05
2019-06-20,5,0.03,0.041910902500384845,0.05
2019-06-27,5,-0.05,0.026313828566469778,0.03
2019-07-04,5,0.02,-0.04510906488058536,-0.05
2019-07-11,5,0.05,0.011285611071900216,0.02
2019-07-18,5,0.02,0.0322895493828494,0.05
2019-07-25,5,-0.08,0.015583275156172171,0.02
2019-08-01,5,-0.1200000000000001,-0.07592124926597964,-0.08
2019-08-08,5,-0.1999999999999999,-0.10038455845229995,-0.1200000000000001
2019-08-15,5,-0.1799999999999999,-0.2052700157875963,-0.1999999999999999
2019-08-22,5,-0.1900000000000001,-0.18181840149547265,-0.1799999999999999
2019-08-29,5,-0.1899999999999999,-0.19702832808974874,-0.1900000000000001
2019-09-05,5,-0.1500000000000001,-0.1898314869840622,-0.1899999999999999
2019-09-12,5,-0.1700000000000001,-0.14733077861379257,-0.1500000000000001
2019-09-19,5,-0.2099999999999999,-0.1747736494576582,-0.1700000000000001
2019-09-26,5,-0.1699999999999999,-0.1885612955174295,-0.2099999999999999
2019-10-03,5,-0.1300000000000001,-0.18982607382566222,-0.1699999999999999
2019-10-10,5,-0.0899999999999998,-0.13430171938635221,-0.1300000000000001
2019-10-17,5,-0.1099999999999998,-0.10004783475244972,-0.0899999999999998
2019-10-24,5,-0.1,-0.11311585707955016,-0.1099999999999998
2019-10-31,5,-0.0199999999999997,-0.11761689498203344,-0.1
2019-11-07,5,-0.06,-0.011509537161351963,-0.0199999999999997
2019-11-14,5,-0.08,-0.06208014126455895,-0.06
2019-11-21,5,-0.1300000000000001,-0.08368007812304622,-0.08
2019-11-28,5,-0.0799999999999998,-0.12561363817607846,-0.1300000000000001
2019-12-05,5,-0.04,-0.08762773508218319,-0.0799999999999998
2019-12-12,5,-0.04,-0.047470455723852716,-0.04
2019-12-19,5,-0.0599999999999998,-0.04392416117732869,-0.04
2019-12-26,5,-0.0399999999999998,-0.06158190294048965,-0.0599999999999998
2020-01-02,5,-0.0299999999999998,-0.04588568260146867,-0.0399999999999998
2020-01-09,5,-0.0899999999999998,-0.038144239950517876,-0.0299999999999998
2020-01-16,5,-0.09,-0.0892419880523137,-0.0899999999999998
2020-01-23,5,-0.1499999999999999,-0.09769788555533708,-0.09
2020-01-30,5,-0.1199999999999998,-0.1584404185550848,-0.1499999999999999
2020-02-06,5,-0.1200000000000001,-0.12704899185198026,-0.1199999999999998
2020-02-13,5,-0.1499999999999999,-0.12407664920790176,-0.1200000000000001
2020-02-20,5,-0.09,-0.15359414553459988,-0.1499999999999999
2020-02-27,5,0.0499999999999999,-0.10951747848212878,-0.09
2020-03-05,5,0.17,0.04254933512776396,0.0499999999999999
2020-03-12,5,0.37,0.13519148756433857,0.17
2020-03-19,5,0.25,0.5055909181509187,0.37
2020-03-26,5,0.24,0.31135818523838354,0.25
2020-04-02,5,0.37,0.25371622130084337,0.24
2020-04-09,5,0.2799999999999999,0.3955456525095111,0.37
2020-04-16,5,0.2699999999999999,0.2802392950648227,0.2799999999999999
2020-04-23,5,0.24,0.26976523292332144,0.2699999999999999
2020-04-30,5,0.27,0.24563713114553745,0.24
2020-05-07,5,0.26,0.2546997863021917,0.27
2020-05-14,5,0.25,0.25605631432655046,0.26
2020-05-21,5,0.26,0.25642858740259444,0.25
2020-05-28,5,0.35,0.2622806153257233,0.26
2020-06-04,5,0.25,0.34947757511413136,0.35
2020-06-11,5,0.22,0.248535716133657,0.25
2020-06-18,5,0.22,0.22285897526176518,0.22
2020-06-25,5,0.2700000000000001,0.2161487482491624,0.22
2020-07-02,5,0.25,0.26314230352732726,0.2700000000000001
2020-07-09,5,0.2299999999999999,0.24487980943322654,0.25
2020-07-16,5,0.2299999999999999,0.22999484031879566,0.2299999999999999
2020-07-23,5,0.19,0.2333136638926337,0.2299999999999999
2020-07-30,5,0.2,0.19117695706357876,0.19
2020-08-06,5,0.33,0.202951030394787,0.2
2020-08-13,5,0.28,0.3155389922589822,0.33
2020-08-20,5,0.37,0.2786192968184078,0.28
2020-08-27,5,0.28,0.35982322121168275,0.37
2020-09-03,5,0.3,0.2828988143827734,0.28
2020-09-10,5,0.3099999999999999,0.29288826442658683,0.3
2020-09-17,5,0.3,0.30643119268275,0.3099999999999999
2020-09-24,5,0.31,0.2934745907009989,0.3
2020-10-01,5,0.3399999999999999,0.30273743533138175,0.31
2020-10-08,5,0.3399999999999999,0.3316189101807713,0.3399999999999999
2020-10-15,5,0.41,0.3435841423718481,0.3399999999999999
2020-10-22,5,0.38,0.400810840785252,0.41
2020-10-29,5,0.36,0.3770537233236145,0.38
2020-11-05,5,0.4599999999999999,0.3582033270616629,0.36
2020-11-12,5,0.41,0.4436272171248648,0.4599999999999999
2020-11-19,5,0.4299999999999999,0.41286737557214886,0.41
2020-11-26,5,0.48,0.4316080065241047,0.4299999999999999
2020-12-03,5,0.48,0.4735462541655078,0.48
2020-12-10,5,0.49,0.4804119921303584,0.48
2020-12-17,5,0.5,0.4869081838919716,0.49
2020-12-24,5,0.47,0.4915078354758182,0.5
2020-12-31,5,0.6100000000000001,0.472423364564568,0.47
2021-01-07,5,0.7,0.5983583823764923,0.6100000000000001
2021-01-14,5,0.7,0.6777390862928127,0.7
2021-01-21,5,0.6599999999999999,0.6958518390925813,0.7
2021-01-28,5,0.77,0.6596424808550163,0.6599999999999999
2021-02-04,5,0.8,0.7520855043026041,0.77
2021-02-11,5,0.92,0.793120164955385,0.8
2021-02-18,5,1.14,0.9053673609343165,0.92
2021-02-25,5,1.21,1.1273146391863196,1.14
2021-03-04,5,1.18,1.192162083569992,1.21
2021-03-11,5,1.34,1.172952398356582,1.18
2021-03-18,5,1.23,1.3388476725603933,1.34
2021-03-25,5,1.29,1.2282993264844133,1.23
2021-04-01,5,1.24,1.2810405786833317,1.29
2021-04-08,5,1.21,1.2399354987667899,1.24
2021-04-15,5,1.21,1.216015279603763,1.21
2021-04-22,5,1.25,1.2127260247601535,1.21
2021-04-29,5,1.2,1.2492653190116727,1.25
2021-05-06,5,1.24,1.2085047537541813,1.2
2021-05-13,5,1.21,1.2406451694258314,1.24
2021-05-20,5,1.17,1.2123755373578984,1.21
2021-05-27,5,1.2,1.1737817732897684,1.17
2021-06-03,5,1.0699999999999998,1.197325739796222,1.2
2021-06-10,5,1.02,1.0759328624159876,1.0699999999999998
2021-06-17,5,0.99,1.0206541264796782,1.02
2021-06-24,5,0.94,0.9798019873167972,0.99
2021-07-01,5,0.78,0.9445354606893598,0.94
2021-07-08,5,0.8200000000000001,0.7843745778927169,0.78
2021-07-15,5,0.74,0.8157405587164596,0.8200000000000001
2021-07-22,5,0.74,0.749838083558688,0.74
2021-07-29,5,0.69,0.7365987343277233,0.74
2021-08-05,5,0.79,0.6956226147439831,0.69
2021-08-12,5,0.69,0.780742174193441,0.79
2021-08-19,5,0.78,0.6896710013660008,0.69
2021-08-26,5,0.7499999999999999,0.7701562768083624,0.78
2021-09-02,5,0.7699999999999999,0.7547991479941087,0.7499999999999999
2021-09-09,5,0.79,0.7649919656649709,0.7699999999999999
2021-09-16,5,0.8500000000000001,0.7905273446646012,0.79
2021-09-23,5,0.98,0.840580304570985,0.8500000000000001
2021-09-30,5,0.93,0.9623273635219793,0.98
2021-10-07,5,0.81,0.9386351596433883,0.93
2021-10-14,5,0.82,0.8224044659169917,0.81
2021-10-21,5,0.6599999999999999,0.8236459071922484,0.82
2021-10-28,5,0.6599999999999999,0.6668033095163528,0.6599999999999999
2021-11-04,5,0.6799999999999999,0.6558013799444613,0.6599999999999999
2021-11-11,5,0.71,0.6813414387642341,0.6799999999999999
2021-11-18,5,0.72,0.6944731668987647,0.71
2021-11-25,5,0.53,0.7139354050983978,0.72
2021-12-02,5,0.5,0.5434745336363392,0.53
2021-12-09,5,0.45,0.49751438965658856,0.5
2021-12-16,5,0.4599999999999999,0.45050274203704094,0.45
2021-12-23,5,0.47,0.4515789795641448,0.4599999999999999
2021-12-30,5,0.6299999999999999,0.47026595104268293,0.47
2022-01-06,5,0.5899999999999999,0.6173869745483868,0.6299999999999999
2022-01-13,5,0.56,0.5955974447367696,0.5899999999999999
2022-01-20,5,0.51,0.5612152840850785,0.56
2022-01-27,5,0.5,0.5119878611486822,0.51
2022-02-03,5,0.4499999999999999,0.49609994709564786,0.5
2022-02-10,5,0.3999999999999999,0.4494074727087678,0.4499999999999999
2022-02-17,5,0.3999999999999999,0.3955250849378128,0.3999999999999999
2022-02-24,5,0.3,0.39792252812560586,0.3999999999999999
2022-03-03,5,0.3799999999999999,0.319845175138201,0.3
2022-03-10,5,0.3,0.348433796689159,0.3799999999999999
2022-03-17,5,0.2600000000000002,0.2902391249615432,0.3
2022-03-24,5,0.1299999999999999,0.23954010128673703,0.2600000000000002
2022-03-31,5,0.2200000000000002,0.1274817210969881,0.1299999999999999
2022-04-07,5,0.3399999999999998,0.20044259474187656,0.2200000000000002
2022-04-14,5,0.25,0.3345787800115804,0.3399999999999998
2022-04-21,5,0.27,0.20909468636613698,0.25
2022-04-28,5,0.3399999999999998,0.25918556739509274,0.27
2022-05-05,5,0.2799999999999998,0.3130478065020338,0.3399999999999998
2022-05-12,5,0.1799999999999997,0.22147218758980206,0.2799999999999998
2022-05-19,5,0.25,0.1883221138868072,0.1799999999999997
2022-05-26,5,0.1600000000000001,0.2512495526379594,0.25
2022-06-02,5,0.1600000000000001,0.17777909717934287,0.1600000000000001
2022-06-09,5,0.1699999999999999,0.1294400944864489,0.1600000000000001
2022-06-16,5,0.1899999999999999,0.10923990978942329,0.1699999999999999
2022-06-23,5,0.1299999999999999,0.09068153039038007,0.1899999999999999
2022-06-30,5,0.0300000000000002,0.1337139143454272,0.1299999999999999
2022-07-07,5,-0.1299999999999999,0.05025072703874142,0.0300000000000002
2022-07-14,5,-0.2299999999999999,-0.12105102213618522,-0.1299999999999999
2022-07-21,5,-0.31,-0.27623461324206644,-0.2299999999999999
2022-07-28,5,-0.48,-0.296879677760854,-0.31
2022-08-04,5,-0.4700000000000002,-0.556770159891641,-0.48
2022-08-11,5,-0.54,-0.47769769869313494,-0.4700000000000002
2022-08-18,5,-0.4900000000000002,-0.5388179084594802,-0.54
2022-08-25,5,-0.48,-0.5006529030803701,-0.4900000000000002
2022-09-01,5,-0.4700000000000002,-0.49189532807568603,-0.48
2022-09-08,5,-0.6599999999999997,-0.500809548209023,-0.4700000000000002
2022-09-15,5,-0.6699999999999999,-0.6934539248434025,-0.6599999999999997
2022-09-22,5,-0.6299999999999999,-0.6996443250883995,-0.6699999999999999
2022-09-29,5,-0.6700000000000004,-0.7256634734665401,-0.6299999999999999
2022-10-06,5,-0.7000000000000002,-0.6553378670450374,-0.6700000000000004
2022-10-13,5,-0.6200000000000001,-0.7027044651897375,-0.7000000000000002
2022-10-20,5,-0.6299999999999999,-0.6220008067404709,-0.6200000000000001
2022-10-27,5,-0.6399999999999997,-0.6684549732534023,-0.6299999999999999
2022-11-03,5,-0.69,-0.6892142364846918,-0.6399999999999997
2022-11-10,5,-0.8300000000000001,-0.7557184962179648,-0.69
2022-11-17,5,-0.96,-0.8109831848044676,-0.8300000000000001
2022-11-24,5,-0.96,-0.9529524901759795,-0.96
2022-12-01,5,-1.0100000000000002,-0.9751615890801842,-0.96
2022-12-08,5,-0.9000000000000004,-1.0491419017166985,-1.0100000000000002
2022-12-15,5,-0.7399999999999998,-0.95485012314483,-0.9000000000000004
2022-12-22,5,-0.7399999999999998,-0.8058261774007873,-0.7399999999999998
2022-12-29,5,-0.8600000000000003,-0.7447616908295338,-0.7399999999999998
2023-01-05,5,-0.8999999999999999,-0.857525840523873,-0.8600000000000003
2023-01-12,5,-0.7599999999999998,-0.8972158113879369,-0.8999999999999999
2023-01-19,5,-0.77,-0.7688318113485886,-0.7599999999999998
2023-01-26,5,-0.8300000000000001,-0.7831774255107659,-0.77
2023-02-02,5,-0.92,-0.8419193049069381,-0.8300000000000001
2023-02-09,5,-0.8499999999999996,-0.949016264605538,-0.92
2023-02-16,5,-0.8800000000000003,-0.858761732966992,-0.8499999999999996
2023-02-23,5,-0.8199999999999998,-0.8848169740720954,-0.8800000000000003
2023-03-02,5,-0.9800000000000004,-0.8262444652825707,-0.8199999999999998
2023-03-09,5,-0.8300000000000001,-0.9823173694009807,-0.9800000000000004
2023-03-16,5,-0.69,-0.8419275464307695,-0.8300000000000001
2023-03-23,5,-0.8299999999999996,-0.7019536961398458,-0.69
2023-03-30,5,-0.8199999999999998,-0.8393544737012267,-0.8299999999999996
2023-04-06,5,-0.8500000000000001,-0.8176976535449882,-0.8199999999999998
2023-04-13,5,-0.8199999999999998,-0.8528084900474536,-0.8500000000000001
2023-04-20,5,-0.7799999999999998,-0.8252969861858326,-0.8199999999999998
2023-04-27,5,-0.7599999999999998,-0.7842598720988401,-0.7799999999999998
2023-05-04,5,-0.8300000000000001,-0.7754135919293532,-0.7599999999999998
2023-05-11,5,-0.8999999999999999,-0.8489650023713412,-0.8300000000000001
2023-05-18,5,-0.9300000000000006,-0.8977754578460682,-0.8999999999999999
2023-05-25,5,-1.04,-0.9272173492997716,-0.9300000000000006
2023-06-01,5,-1.1300000000000003,-1.0423208307471914,-1.04
2023-06-08,5,-1.16,-1.1385885151929922,-1.1300000000000003
2023-06-15,5,-1.29,-1.1704566147116855,-1.16
2023-06-22,5,-1.3000000000000005,-1.2840682949303228,-1.29
2023-06-29,5,-1.2599999999999998,-1.3019999637705184,-1.3000000000000005
2023-07-06,5,-1.2300000000000004,-1.2675037153691975,-1.2599999999999998
2023-07-13,5,-1.14,-1.255949030010296,-1.2300000000000004
2023-07-20,5,-1.1599999999999997,-1.1632435706143398,-1.14
2023-07-27,5,-1.0099999999999998,-1.1656337499721596,-1.1599999999999997
2023-08-03,5,-1.04,-1.0481502568254364,-1.0099999999999998
2023-08-10,5,-1.0000000000000004,-1.035106024959723,-1.04
2023-08-17,5,-1.0699999999999998,-1.0112229544613152,-1.0000000000000004
2023-08-24,5,-1.0799999999999996,-1.076478139890065,-1.0699999999999998
2023-08-31,5,-0.9700000000000002,-1.0835907095373538,-1.0799999999999996
2023-09-07,5,-1.0000000000000004,-0.977571718560041,-0.9700000000000002
2023-09-14,5,-1.0,-1.0011597369226652,-1.0000000000000004
2023-09-21,5,-0.8500000000000005,-1.0027125522638094,-1.0
2023-09-28,5,-0.6600000000000001,-0.868405928034697,-0.8500000000000005
2023-10-05,5,-0.7800000000000002,-0.6829963126051715,-0.6600000000000001
2023-10-12,5,-0.7000000000000002,-0.7679456385063714,-0.7800000000000002
2023-10-19,5,-0.6399999999999997,-0.7217453963297246,-0.7000000000000002
2023-10-26,5,-0.6999999999999997,-0.6440127921510749,-0.6399999999999997
2023-11-02,5,-0.7200000000000002,-0.7004447892375167,-0.6999999999999997
2023-11-09,5,-0.7600000000000002,-0.7057985576847003,-0.7200000000000002
2023-11-16,5,-0.7199999999999998,-0.7614637750462502,-0.7600000000000002
2023-11-23,5,-0.6400000000000001,-0.7285835821983885,-0.7199999999999998
2023-11-30,5,-0.75,-0.6457194512644922,-0.6400000000000001
2023-12-07,5,-0.77,-0.7394081729650006,-0.75
2023-12-14,5,-0.8300000000000001,-0.7896725169165743,-0.77
2023-12-21,5,-0.81,-0.8234641848354883,-0.8300000000000001
2023-12-28,5,-0.81,-0.8076981155780937,-0.81
2024-01-04,5,-0.7400000000000002,-0.8114607838357403,-0.81
2024-01-11,5,-0.5599999999999996,-0.754393204556998,-0.7400000000000002
2024-01-18,5,-0.5299999999999998,-0.5579463358202108,-0.5599999999999996
2024-01-25,5,-0.6800000000000002,-0.5409785380819968,-0.5299999999999998
2024-02-01,5,-0.6300000000000003,-0.674193743575042,-0.6800000000000002
2024-02-08,5,-0.7000000000000002,-0.6417863814322909,-0.6300000000000003
2024-02-15,5,-0.69,-0.703316956099245,-0.7000000000000002
2024-02-22,5,-0.6999999999999997,-0.6893173247488429,-0.69
2024-02-29,5,-0.73,-0.7037348902206861,-0.6999999999999997
2024-03-07,5,-0.6999999999999997,-0.7268582114897653,-0.73
2024-03-14,5,-0.6400000000000006,-0.6979580754345227,-0.6999999999999997
2024-03-21,5,-0.7199999999999998,-0.6557794814222135,-0.6400000000000006
2024-03-28,5,-0.6500000000000004,-0.715404069615567,-0.7199999999999998
2024-04-04,5,-0.52,-0.6610986955495542,-0.6500000000000004
2024-04-11,5,-0.4900000000000002,-0.5322777509119778,-0.52
2024-04-18,5,-0.4899999999999997,-0.4993323481374262,-0.4900000000000002
2024-04-25,5,-0.52,-0.48608121014149286,-0.4899999999999997
2024-05-02,5,-0.5800000000000001,-0.5281311925690821,-0.52
2024-05-09,5,-0.6300000000000003,-0.572471523172045,-0.5800000000000001
2024-05-16,5,-0.5899999999999999,-0.6328852783336851,-0.6300000000000003
2024-05-23,5,-0.5599999999999996,-0.5919867152739782,-0.5899999999999999
2024-05-30,5,-0.54,-0.569803374471112,-0.5599999999999996
2024-06-06,5,-0.54,-0.5328443628897376,-0.54
2024-06-13,5,-0.56,-0.5384070194428692,-0.54
2024-06-20,5,-0.5499999999999994,-0.5581906968363537,-0.56
2024-06-27,5,-0.4399999999999999,-0.5531854613127052,-0.5499999999999994
2024-07-04,5,-0.4199999999999999,-0.4519663376795439,-0.4399999999999999
2024-07-11,5,-0.33,-0.42544187847097603,-0.4199999999999999
2024-07-18,5,-0.2599999999999998,-0.34181763529049464,-0.33
2024-07-25,5,-0.25,-0.25688510198548015,-0.2599999999999998
2024-08-01,5,-0.1699999999999999,-0.2476809672624131,-0.25
2024-08-08,5,-0.2400000000000002,-0.15552610041237108,-0.1699999999999999
2024-08-15,5,-0.2299999999999999,-0.2382633398219964,-0.2400000000000002
2024-08-22,5,-0.1800000000000001,-0.23359506737458455,-0.2299999999999999
2024-08-29,5,-0.1599999999999997,-0.17627750056101882,-0.1800000000000001
2024-09-05,5,-0.0899999999999998,-0.15963916893320929,-0.1599999999999997
2024-09-12,5,0.0300000000000002,-0.07450696766025389,-0.0899999999999998
2024-09-19,5,0.0399999999999995,0.027611914472982654,0.0300000000000002
2024-09-26,5,0.04,0.08203712958022157,0.0399999999999995
2024-10-03,5,0.04,0.04139444893860672,0.04
2024-10-10,5,0.1400000000000001,0.024368070809536634,0.04
2024-10-17,5,0.1600000000000001,0.14319929850163,0.1400000000000001
2024-10-24,5,0.1500000000000003,0.1861120498819364,0.1600000000000001
2024-10-31,5,0.1500000000000003,0.17619204164611232,0.1500000000000003
2024-11-07,5,0.0999999999999996,0.14768558163233456,0.1500000000000003
2024-11-14,5,0.0699999999999998,0.11117757842471362,0.0999999999999996
2024-11-21,5,0.04,0.07993650093100214,0.0699999999999998
2024-11-28,5,0.04,0.03621316541498849,0.04
2024-12-05,5,0.1600000000000001,0.039202191192137796,0.04
2024-12-12,5,0.2599999999999998,0.17951643903161954,0.1600000000000001
2024-12-19,5,0.2600000000000002,0.2770913215505353,0.2599999999999998
2024-12-26,5,0.29,0.27558593830507666,0.2600000000000002
2025-01-02,5,0.3999999999999999,0.28994168969325773,0.29
2025-01-09,5,0.3899999999999997,0.38994911437148316,0.3999999999999999
2025-01-16,5,0.3699999999999996,0.37943122464562123,0.3899999999999997
2025-01-23,5,0.3799999999999999,0.3724503064766363,0.3699999999999996
2025-01-30,5,0.3700000000000001,0.3931367927665611,0.3799999999999999
2025-02-06,5,0.3700000000000001,0.38230012185757273,0.3700000000000001
2025-02-13,5,0.4000000000000003,0.3667727691631058,0.3700000000000001
2025-02-20,5,0.3400000000000003,0.3972780856461459,0.4000000000000003
2025-02-27,5,0.4399999999999999,0.3436419738661813,0.3400000000000003
2025-03-06,5,0.48,0.4309137207110625,0.4399999999999999
2025-03-13,5,0.4700000000000002,0.4896515605909886,0.48
2025-03-20,5,0.54,0.4806443489341518,0.4700000000000002
2025-03-27,5,0.54,0.5379165345334367,0.54
2025-04-03,5,0.6000000000000001,0.5298656859841938,0.54
2025-04-10,5,0.6099999999999999,0.6007164228649312,0.6000000000000001
2025-04-17,5,0.5900000000000003,0.5999697232380162,0.6099999999999999
2025-04-24,5,0.6000000000000001,0.5919520487527534,0.5900000000000003
2025-05-01,5,0.6200000000000001,0.6009655829159736,0.6000000000000001
2025-05-08,5,0.6300000000000003,0.6228155298450553,0.6200000000000001
2025-05-15,5,0.6599999999999997,0.6244579738406478,0.6300000000000003
2025-05-22,5,0.6099999999999999,0.6616497163088446,0.6599999999999997
2025-05-29,5,0.6299999999999999,0.6128115940388065,0.6099999999999999
2025-06-05,5,0.6499999999999999,0.6289746852953627,0.6299999999999999
2025-06-12,5,0.6499999999999999,0.6431533884636699,0.6499999999999999
2025-06-19,5,0.71,0.6523952678005723,0.6499999999999999
2025-06-26,5,0.69,0.6999603003091206,0.71
2025-07-03,5,0.71,0.6951826212093993,0.69
2025-07-10,5,0.7599999999999998,0.7031223040466164,0.71
2025-07-17,5,0.7199999999999998,0.7589302693458163,0.7599999999999998
2025-07-24,5,0.6900000000000004,0.7261130197917076,0.7199999999999998
2025-07-31,5,0.7000000000000002,0.6883477119317188,0.6900000000000004
2025-08-07,5,0.7200000000000002,0.7018332182437654,0.7000000000000002
2025-08-14,5,0.75,0.7196555247367759,0.7200000000000002
2025-08-21,5,0.73,0.7472243293812367,0.75
2025-08-28,5,0.73,0.7314812326061478,0.73
2025-09-04,5,0.6600000000000001,0.730451661531389,0.73
2025-09-11,5,0.71,0.6656862206867911,0.6600000000000001
2025-09-18,5,0.73,0.7238576774575856,0.71
2025-09-25,5,0.73,0.7631934399345619,0.73
2025-10-02,5,0.73,0.723206060141142,0.73
2025-10-09,5,0.7000000000000002,0.7322771389360225,0.73
2025-10-16,5,0.6999999999999997,0.6985115053085117,0.7000000000000002
2025-10-23,5,0.71,0.7005723187899845,0.6999999999999997
2025-10-30,5,0.71,0.7272774519100275,0.71
2025-11-06,5,0.71,0.7389863085508299,0.71
2025-11-13,5,0.75,0.710516218461304,0.71
2025-11-20,5,0.7200000000000002,0.7477618317931545,0.75
2025-11-27,5,0.7999999999999998,0.7225715054504894,0.7200000000000002
2025-12-04,5,0.7999999999999998,0.7933962953446927,0.7999999999999998
2025-12-11,5,0.81,0.7984359048193428,0.7999999999999998
2025-12-18,5,0.8300000000000001,0.8302289316087091,0.81
2025-12-25,5,0.8399999999999999,0.8312673400911231,0.8300000000000001
2026-01-01,5,0.8300000000000001,0.8391455777532493,0.8399999999999999
2026-01-08,5,0.8200000000000003,0.8311667807589986,0.8300000000000001
2026-01-15,5,0.8399999999999999,0.8192151831810487,0.8200000000000003
2026-01-22,5,0.8400000000000003,0.8363158265183555,0.8399999999999999
2026-01-29,5,0.8500000000000001,0.8389305973133093,0.8400000000000003
2026-02-05,5,0.7899999999999996,0.8476704829067717,0.8500000000000001
2026-02-12,5,0.7800000000000002,0.7932468606630025,0.7899999999999996
2026-02-19,5,0.7399999999999998,0.7810397429626086,0.7800000000000002
2026-02-26,5,0.7599999999999998,0.7406291264436083,0.7399999999999998
2026-03-05,5,0.7000000000000002,0.7606549699813406,0.7599999999999998
2026-03-12,5,0.6000000000000001,0.7111870496349686,0.7000000000000002
2026-03-19,5,0.5899999999999999,0.6087174256923387,0.6000000000000001
2026-03-26,5,0.6700000000000004,0.5734139452806135,0.5899999999999999
2026-04-02,5,0.6699999999999999,0.6663402478626604,0.6700000000000004
2026-04-09,5,0.7000000000000002,0.6648565902696292,0.6699999999999999
2026-04-16,5,0.6299999999999999,0.700717595003881,0.7000000000000002
2026-04-23,5,0.6000000000000001,0.6369303853111168,0.6299999999999999
2026-04-30,5,0.5899999999999999,0.601219663626514,0.6000000000000001
2026-05-07,5,0.6000000000000001,0.5878310256213097,0.5899999999999999
2026-05-14,5,0.6299999999999999,0.6019313811604853,0.6000000000000001
2026-05-21,5,0.6000000000000001,0.6242663702083684,0.6299999999999999
2026-05-28,5,0.6300000000000003,0.5995550567293175,0.6000000000000001
2012-01-19,20,0.9599999999999996,0.9261781189363116,0.98
2012-01-26,20,0.9599999999999996,0.9552893643063044,1.01
2012-02-02,20,0.8999999999999999,0.9156343170838996,0.95
2012-02-09,20,0.8399999999999999,0.9357832277908469,0.9999999999999998
2012-02-16,20,0.94,0.9266675176092452,0.9599999999999996
2012-02-23,20,0.9600000000000002,0.9300502069160378,0.9599999999999996
2012-03-01,20,0.9000000000000001,0.8711021274420812,0.8999999999999999
2012-03-08,20,0.8799999999999999,0.8119858653089892,0.8399999999999999
2012-03-15,20,0.8199999999999998,0.862459803345402,0.94
2012-03-22,20,0.71,0.9055183296419423,0.9600000000000002
2012-03-29,20,0.6799999999999997,0.8834977489890712,0.9000000000000001
2012-04-05,20,0.7,0.8474530939512293,0.8799999999999999
2012-04-12,20,0.75,0.7998620363406759,0.8199999999999998
2012-04-19,20,0.6599999999999999,0.7046213159006843,0.71
2012-04-26,20,0.7200000000000002,0.6418338575925417,0.6799999999999997
2012-05-03,20,0.6799999999999999,0.6420800472509317,0.7
2012-05-10,20,0.76,0.6926333201909685,0.75
2012-05-17,20,0.75,0.6322875729670394,0.6599999999999999
2012-05-24,20,0.7,0.6580536483652863,0.7200000000000002
2012-05-31,20,0.72,0.6398162539530585,0.6799999999999999
2012-06-07,20,0.7,0.6947721987670468,0.76
2012-06-14,20,0.6599999999999999,0.7010792331729977,0.75
2012-06-21,20,0.6699999999999999,0.6713212663834814,0.7
2012-06-28,20,0.6299999999999999,0.6765617410585997,0.72
2012-07-05,20,0.6099999999999999,0.6579482136336664,0.7
2012-07-12,20,0.6500000000000001,0.6213508896135301,0.6599999999999999
2012-07-19,20,0.72,0.6224412194830313,0.6699999999999999
2012-07-26,20,0.6900000000000002,0.5919532395955399,0.6299999999999999
2012-08-02,20,0.6400000000000001,0.573716128094787,0.6099999999999999
2012-08-09,20,0.6800000000000002,0.5933841978367901,0.6500000000000001
2012-08-16,20,0.71,0.6540710099532898,0.72
2012-08-23,20,0.7100000000000002,0.6495450476962004,0.6900000000000002
2012-08-30,20,0.6499999999999999,0.6131066571271655,0.6400000000000001
2012-09-06,20,0.6699999999999999,0.6141749835119584,0.6800000000000002
2012-09-13,20,0.6600000000000001,0.6465508708103784,0.71
2012-09-20,20,0.7699999999999998,0.6662601167391007,0.7100000000000002
2012-09-27,20,0.75,0.6313627162748926,0.6499999999999999
2012-10-04,20,0.71,0.6328062953081257,0.6699999999999999
2012-10-11,20,0.6499999999999999,0.618958305263396,0.6600000000000001
2012-10-18,20,0.6499999999999999,0.7029029103553842,0.7699999999999998
2012-10-25,20,0.6599999999999999,0.7142304805210122,0.75
2012-11-01,20,0.6199999999999999,0.6845723329424328,0.71
2012-11-08,20,0.6499999999999999,0.6245720591644851,0.6499999999999999
2012-11-15,20,0.6799999999999999,0.6094138423619355,0.6499999999999999
2012-11-22,20,0.7100000000000002,0.6127067547157711,0.6599999999999999
2012-11-29,20,0.6500000000000001,0.5862828871066911,0.6199999999999999
2012-12-06,20,0.73,0.6013025393435671,0.6499999999999999
2012-12-13,20,0.77,0.6294468736659626,0.6799999999999999
2012-12-20,20,0.75,0.6610085619875421,0.7100000000000002
2012-12-27,20,0.7699999999999998,0.6304105515956673,0.6500000000000001
2013-01-03,20,0.8300000000000001,0.6702389474873639,0.73
2013-01-10,20,0.8400000000000001,0.7142792559361205,0.77
2013-01-17,20,0.8700000000000001,0.7121500558399058,0.75
2013-01-24,20,0.8699999999999999,0.72869031053153,0.7699999999999998
2013-01-31,20,0.8800000000000001,0.7795384934745013,0.8300000000000001
2013-02-07,20,0.92,0.8004772485552227,0.8400000000000001
2013-02-14,20,0.95,0.8272904242880895,0.8700000000000001
2013-02-21,20,0.8400000000000001,0.8409272559001026,0.8699999999999999
2013-02-28,20,0.76,0.8532911987945265,0.8800000000000001
2013-03-07,20,0.8,0.8742843332873856,0.92
2013-03-14,20,0.8,0.9115614475535552,0.95
2013-03-21,20,0.76,0.8327176192313535,0.8400000000000001
2013-03-28,20,0.79,0.7584923977115116,0.76
2013-04-04,20,0.7599999999999999,0.7590076700771817,0.8
2013-04-11,20,0.8300000000000001,0.7624357132139287,0.8
2013-04-18,20,0.8699999999999999,0.739851322322384,0.76
2013-04-25,20,0.92,0.7566483042429627,0.79
2013-05-02,20,0.9899999999999998,0.722826311456959,0.7599999999999999
2013-05-09,20,0.99,0.7810654194309993,0.8300000000000001
2013-05-16,20,1.02,0.8357515254352976,0.8699999999999999
2013-05-23,20,1.14,0.9043670912578199,0.92
2013-05-30,20,1.22,0.9533236544486059,0.9899999999999998
2013-06-06,20,1.2300000000000002,0.9514579250588243,0.99
2013-06-13,20,1.31,0.9859359009749202,1.02
2013-06-20,20,1.3099999999999998,1.108463170344269,1.14
2013-06-27,20,1.31,1.1875991905208991,1.22
2013-07-04,20,1.36,1.2199988337521874,1.2300000000000002
2013-07-11,20,1.3500000000000003,1.2694780307629894,1.31
2013-07-18,20,1.4700000000000002,1.285541190488669,1.3099999999999998
2013-07-25,20,1.5400000000000005,1.2865249329937463,1.31
2013-08-01,20,1.41,1.344210195349163,1.36
2013-08-08,20,1.5099999999999998,1.3251096019562298,1.3500000000000003
2013-08-15,20,1.4999999999999998,1.4324581182178207,1.4700000000000002
2013-08-22,20,1.4800000000000002,1.5285351839906263,1.5400000000000005
2013-08-29,20,1.36,1.428419478170231,1.41
2013-09-05,20,1.36,1.4905873335992326,1.5099999999999998
2013-09-12,20,1.38,1.4790006615014948,1.4999999999999998
2013-09-19,20,1.38,1.4466070468533847,1.4800000000000002
2013-09-26,20,1.3299999999999998,1.3681763611625926,1.36
2013-10-03,20,1.3199999999999998,1.3506243079055844,1.36
2013-10-10,20,1.42,1.3658043866291527,1.38
2013-10-17,20,1.46,1.3531233279329837,1.38
2013-10-24,20,1.5499999999999998,1.3288160279897967,1.3299999999999998
2013-10-31,20,1.45,1.3158419047185437,1.3199999999999998
2013-11-07,20,1.59,1.386790259498126,1.42
2013-11-14,20,1.56,1.4374040418939587,1.46
2013-11-21,20,1.5600000000000005,1.5218156954687112,1.5499999999999998
2013-11-28,20,1.5900000000000003,1.4533924519093213,1.45
2013-12-05,20,1.6100000000000003,1.5601215603479144,1.59
2013-12-12,20,1.58,1.556928535003429,1.56
2013-12-19,20,1.48,1.5614845242418918,1.5600000000000005
2013-12-26,20,1.4400000000000002,1.5851414820519867,1.5900000000000003
2014-01-02,20,1.4,1.6013508708895048,1.6100000000000003
2014-01-09,20,1.4500000000000002,1.5904747678555076,1.58
2014-01-16,20,1.4300000000000002,1.5090091179666592,1.48
2014-01-23,20,1.44,1.4527776368056415,1.4400000000000002
2014-01-30,20,1.4200000000000002,1.4072177318424381,1.4
2014-02-06,20,1.45,1.426262954289695,1.4500000000000002
2014-02-13,20,1.37,1.4061393755104223,1.4300000000000002
2014-02-20,20,1.43,1.4362150846126787,1.44
2014-02-27,20,1.37,1.4138921091749341,1.4200000000000002
2014-03-06,20,1.44,1.4222595190697929,1.45
2014-03-13,20,1.38,1.3696636793380774,1.37
2014-03-20,20,1.38,1.4312739528200147,1.43
2014-03-27,20,1.35,1.3658089102518458,1.37
2014-04-03,20,1.3099999999999998,1.4101751888068776,1.44
2014-04-10,20,1.3,1.3647470849731707,1.38
2014-04-17,20,1.2299999999999998,1.3652342767382148,1.38
2014-04-24,20,1.2699999999999998,1.3455700939964226,1.35
2014-05-01,20,1.2,1.3072439183485534,1.3099999999999998
2014-05-08,20,1.27,1.285807523127176,1.3
2014-05-15,20,1.2299999999999998,1.2223807516740364,1.2299999999999998
2014-05-22,20,1.2,1.2480628010172221,1.2699999999999998
2014-05-29,20,1.13,1.1920497692171252,1.2
2014-06-05,20,1.19,1.247109346035188,1.27
2014-06-12,20,1.11,1.226822369301721,1.2299999999999998
2014-06-19,20,1.07,1.1928237860359676,1.2
2014-06-26,20,1.06,1.1182869102793178,1.13
2014-07-03,20,1.06,1.1593376982778774,1.19
2014-07-10,20,0.9999999999999998,1.1131028446790956,1.11
2014-07-17,20,0.9899999999999998,1.0668172449564475,1.07
2014-07-24,20,0.99,1.0561277995197913,1.06
2014-07-31,20,0.8999999999999999,1.053629319167414,1.06
2014-08-07,20,1.0,0.9975970704663082,0.9999999999999998
2014-08-14,20,1.0600000000000005,0.9765665531204283,0.9899999999999998
2014-08-21,20,1.11,0.9737428418135761,0.99
2014-08-28,20,1.0299999999999998,0.9005171311629433,0.8999999999999999
2014-09-04,20,1.0,0.9623783774407592,1.0
2014-09-11,20,0.9699999999999998,1.0338106759718404,1.0600000000000005
2014-09-18,20,1.0099999999999998,1.0920367990723812,1.11
2014-09-25,20,1.0,1.0247899739507362,1.0299999999999998
2014-10-02,20,1.0099999999999998,0.9935947814646912,1.0
2014-10-09,20,1.06,0.951983871448518,0.9699999999999998
2014-10-16,20,1.03,0.9695910272824513,1.0099999999999998
2014-10-23,20,1.01,0.9825149710001295,1.0
2014-10-30,20,0.91,0.9926739467808443,1.0099999999999998
2014-11-06,20,0.8999999999999999,1.0459254277686825,1.06
2014-11-13,20,0.81,1.0231602299277098,1.03
2014-11-20,20,0.8400000000000001,0.9920432252897543,1.01
2014-11-27,20,0.8399999999999999,0.9109593329469879,0.91
2014-12-04,20,0.78,0.8905115238897867,0.8999999999999999
2014-12-11,20,0.73,0.8196426443865679,0.81
2014-12-18,20,0.6699999999999999,0.8223854953089782,0.8400000000000001
2014-12-25,20,0.8699999999999999,0.8218436179560891,0.8399999999999999
2015-01-01,20,0.9200000000000002,0.7915712961323735,0.78
2015-01-08,20,0.9200000000000002,0.708619597024979,0.73
2015-01-15,20,0.97,0.6416825880741956,0.6699999999999999
2015-01-22,20,1.03,0.8166586062104209,0.8699999999999999
2015-01-29,20,0.8600000000000001,0.9149210042719486,0.9200000000000002
2015-02-05,20,0.9,0.9035009143448816,0.9200000000000002
2015-02-12,20,0.92,0.9335459570455766,0.97
2015-02-19,20,0.8400000000000001,1.0132864327358873,1.03
2015-02-26,20,0.85,0.8858561012544043,0.8600000000000001
2015-03-05,20,0.8200000000000001,0.8910557904925386,0.9
2015-03-12,20,0.8600000000000001,0.9043921911232115,0.92
2015-03-19,20,0.7900000000000001,0.8416707041379006,0.8400000000000001
2015-03-26,20,0.82,0.8283467210563524,0.85
2015-04-02,20,0.91,0.8022735082724483,0.8200000000000001
2015-04-09,20,1.06,0.8379184241260402,0.8600000000000001
2015-04-16,20,1.13,0.7718434353279845,0.7900000000000001
2015-04-23,20,1.08,0.7801554247741985,0.82
2015-04-30,20,1.04,0.888903436493681,0.91
2015-05-07,20,1.16,1.0106480750716367,1.06
2015-05-14,20,1.15,1.0972359971270873,1.13
2015-05-21,20,1.17,1.0715508687081314,1.08
2015-05-28,20,1.2000000000000002,1.0424300671582722,1.04
2015-06-04,20,1.26,1.1399306226174855,1.16
2015-06-11,20,1.13,1.1383856557194807,1.15
2015-06-18,20,1.15,1.145841534625321,1.17
2015-06-25,20,1.08,1.176064053375185,1.2000000000000002
2015-07-02,20,1.04,1.2458669916415288,1.26
2015-07-09,20,1.0,1.128371712575747,1.13
2015-07-16,20,0.99,1.1704197248359915,1.15
2015-07-23,20,0.94,1.085689952152312,1.08
2015-07-30,20,1.0499999999999998,1.0402977107884055,1.04
2015-08-06,20,1.03,0.9932413404895672,1.0
2015-08-13,20,1.03,0.9786080317147988,0.99
2015-08-20,20,1.05,0.9272408141640165,0.94
2015-08-27,20,0.95,1.0152567211650416,1.0499999999999998
2015-09-03,20,0.91,1.0171687668189113,1.03
2015-09-10,20,0.96,1.012001392354141,1.03
2015-09-17,20,0.91,1.0313462036852314,1.05
2015-09-24,20,0.93,0.9494168712745231,0.95
2015-10-01,20,0.98,0.9187503307039948,0.91
2015-10-08,20,1.02,0.9297402988327859,0.96
2015-10-15,20,1.0499999999999998,0.8941803530418297,0.91
2015-10-22,20,1.0,0.9165849266257213,0.93
2015-10-29,20,0.95,0.972523478567801,0.98
2015-11-05,20,0.97,1.0030685089336304,1.02
2015-11-12,20,0.94,1.0364266601522465,1.0499999999999998
2015-11-19,20,0.91,0.9942672631968131,1.0
2015-11-26,20,0.8800000000000001,0.9502282643077442,0.95
2015-12-03,20,0.91,0.9540555192946104,0.97
2015-12-10,20,0.91,0.9177684872522497,0.94
2015-12-17,20,0.91,0.8497295949382632,0.91
2015-12-24,20,0.81,0.7906223386433618,0.8800000000000001
2015-12-31,20,0.81,0.9102285614128247,0.91
2016-01-07,20,0.7699999999999999,0.8991513452943944,0.91
2016-01-14,20,0.64,0.8933162931220319,0.91
2016-01-21,20,0.6800000000000002,0.8141838070342149,0.81
2016-01-28,20,0.6399999999999999,0.7979610986958385,0.81
2016-02-04,20,0.71,0.7514032804670369,0.7699999999999999
2016-02-11,20,0.74,0.6309423787560894,0.64
2016-02-18,20,0.76,0.6580360307061062,0.6800000000000002
2016-02-25,20,0.71,0.6245400140195384,0.6399999999999999
2016-03-03,20,0.69,0.6836205608136583,0.71
2016-03-10,20,0.6299999999999999,0.7141523442574699,0.74
2016-03-17,20,0.6900000000000001,0.7287994112354289,0.76
2016-03-24,20,0.83,0.7033622091671948,0.71
2016-03-31,20,0.8099999999999999,0.6965100893433455,0.69
2016-04-07,20,0.7800000000000001,0.6145934635516813,0.6299999999999999
2016-04-14,20,0.76,0.6669061385675887,0.6900000000000001
2016-04-21,20,0.7200000000000001,0.7894311121951637,0.83
2016-04-28,20,0.7100000000000001,0.787945742684653,0.8099999999999999
2016-05-05,20,0.68,0.7692133475850432,0.7800000000000001
2016-05-12,20,0.6699999999999999,0.7544807387064395,0.76
2016-05-19,20,0.5900000000000001,0.7135912603730169,0.7200000000000001
2016-05-26,20,0.68,0.6993346357450568,0.7100000000000001
2016-06-02,20,0.54,0.6697660581889544,0.68
2016-06-09,20,0.51,0.6572937968249132,0.6699999999999999
2016-06-16,20,0.51,0.5804847778478425,0.5900000000000001
2016-06-23,20,0.5300000000000001,0.6483388399060537,0.68
2016-06-30,20,0.4800000000000001,0.5559347683389829,0.54
2016-07-07,20,0.51,0.4973398030576297,0.51
2016-07-14,20,0.5,0.4989750489270381,0.51
2016-07-21,20,0.4700000000000001,0.5125296522695726,0.5300000000000001
2016-07-28,20,0.4800000000000001,0.4671176127457572,0.4800000000000001
2016-08-04,20,0.4399999999999999,0.49378113713220106,0.51
2016-08-11,20,0.5200000000000001,0.4878584237044988,0.5
2016-08-18,20,0.63,0.45985159879900145,0.4700000000000001
2016-08-25,20,0.5300000000000001,0.4658793142411478,0.4800000000000001
2016-09-01,20,0.4599999999999999,0.42685563337611726,0.4399999999999999
2016-09-08,20,0.57,0.4834953590897742,0.5200000000000001
2016-09-15,20,0.58,0.5903418759584256,0.63
2016-09-22,20,0.6199999999999999,0.528577365389994,0.5300000000000001
2016-09-29,20,0.65,0.458387262261762,0.4599999999999999
2016-10-06,20,0.6599999999999999,0.5420935130585849,0.57
2016-10-13,20,0.8099999999999999,0.5535909351248645,0.58
2016-10-20,20,0.88,0.5989319437803906,0.6199999999999999
2016-10-27,20,0.91,0.6279556434135165,0.65
2016-11-03,20,0.91,0.6390577349555776,0.6599999999999999
2016-11-10,20,0.93,0.7699882524561927,0.8099999999999999
2016-11-17,20,1.02,0.861039027663029,0.88
2016-11-24,20,0.99,0.8951540981992612,0.91
2016-12-01,20,0.96,0.9038592022378634,0.91
2016-12-08,20,0.95,0.9103101320341451,0.93
2016-12-15,20,0.8799999999999999,0.9663908649316502,1.02
2016-12-22,20,0.96,0.9172194600929101,0.99
2016-12-29,20,1.0,0.9491915686184295,0.96
2017-01-05,20,0.99,0.9446301816592756,0.95
2017-01-12,20,0.93,0.8714217975742448,0.8799999999999999
2017-01-19,20,0.95,0.9447202556906547,0.96
2017-01-26,20,0.91,0.9784917450403587,1.0
2017-02-02,20,0.92,0.9738151833750626,0.99
2017-02-09,20,0.99,0.9199701293173517,0.93
2017-02-16,20,0.98,0.9358627881805441,0.95
2017-02-23,20,0.92,0.9030708220611524,0.91
2017-03-02,20,0.8899999999999999,0.9106595990136258,0.92
2017-03-09,20,0.8300000000000001,0.9672074834041384,0.99
2017-03-16,20,0.76,0.9248067166088086,0.98
2017-03-23,20,0.74,0.8652605176564677,0.92
2017-03-30,20,0.8400000000000001,0.881268886751576,0.8899999999999999
2017-04-06,20,0.85,0.8272344253494424,0.8300000000000001
2017-04-13,20,0.9000000000000001,0.7537836654197054,0.76
2017-04-20,20,0.7699999999999999,0.7357720932292034,0.74
2017-04-27,20,0.74,0.8085207536205197,0.8400000000000001
2017-05-04,20,0.73,0.8346356626995473,0.85
2017-05-11,20,0.71,0.8790709340749137,0.9000000000000001
2017-05-18,20,0.62,0.7769353271276972,0.7699999999999999
2017-05-25,20,0.57,0.7450570619106412,0.74
2017-06-01,20,0.6199999999999999,0.7203027515883906,0.73
2017-06-08,20,0.7000000000000002,0.6963733394500113,0.71
2017-06-15,20,0.7,0.5749574491705127,0.62
2017-06-22,20,0.6399999999999999,0.516451183651523,0.57
2017-06-29,20,0.7,0.6047568955770711,0.6199999999999999
2017-07-06,20,0.6499999999999999,0.6783409253084147,0.7000000000000002
2017-07-13,20,0.6300000000000001,0.6752246968848139,0.7
2017-07-20,20,0.6200000000000001,0.6405558621674129,0.6399999999999999
2017-07-27,20,0.6199999999999999,0.6801387429292715,0.7
2017-08-03,20,0.5800000000000001,0.6432589391602553,0.6499999999999999
2017-08-10,20,0.47,0.6223894382162616,0.6300000000000001
2017-08-17,20,0.4899999999999997,0.6107263916049797,0.6200000000000001
2017-08-24,20,0.53,0.6101779411563725,0.6199999999999999
2017-08-31,20,0.5800000000000001,0.5851931777767208,0.5800000000000001
2017-09-07,20,0.5800000000000001,0.46045698530323487,0.47
2017-09-14,20,0.52,0.49120515127029624,0.4899999999999997
2017-09-21,20,0.53,0.5182600624398175,0.53
2017-09-28,20,0.5799999999999998,0.5564811546201907,0.5800000000000001
2017-10-05,20,0.55,0.5668715305500291,0.5800000000000001
2017-10-12,20,0.48,0.5161492108031597,0.52
2017-10-19,20,0.49,0.5149397985274032,0.53
2017-10-26,20,0.4599999999999999,0.5650637377660802,0.5799999999999998
2017-11-02,20,0.4599999999999999,0.5319669260870441,0.55
2017-11-09,20,0.3600000000000001,0.4700711877766953,0.48
2017-11-16,20,0.29,0.47686612863078537,0.49
2017-11-23,20,0.3499999999999998,0.44686637891326164,0.4599999999999999
2017-11-30,20,0.3399999999999998,0.46385774968042354,0.4599999999999999
2017-12-07,20,0.3800000000000001,0.35908294813189656,0.3600000000000001
2017-12-14,20,0.4099999999999999,0.2519730888501422,0.29
2017-12-21,20,0.4199999999999999,0.29744059410763807,0.3499999999999998
2017-12-28,20,0.4400000000000001,0.32106426240866287,0.3399999999999998
2018-01-04,20,0.51,0.36221862421625617,0.3800000000000001
2018-01-11,20,0.5299999999999998,0.3879051016814806,0.4099999999999999
2018-01-18,20,0.53,0.40790398034277503,0.4199999999999999
2018-01-25,20,0.4999999999999998,0.43234886508212483,0.4400000000000001
2018-02-01,20,0.4099999999999999,0.48800475625502254,0.51
2018-02-08,20,0.4499999999999999,0.5135901140574448,0.5299999999999998
2018-02-15,20,0.3900000000000001,0.5227957985662512,0.53
2018-02-22,20,0.3499999999999998,0.49304805311184025,0.4999999999999998
2018-03-01,20,0.3199999999999998,0.4069012009439183,0.4099999999999999
2018-03-08,20,0.3700000000000001,0.4335699375580088,0.4499999999999999
2018-03-15,20,0.3900000000000001,0.37971879230037936,0.3900000000000001
2018-03-22,20,0.4099999999999999,0.3111439576305781,0.3499999999999998
2018-03-29,20,0.4400000000000001,0.27403490094856997,0.3199999999999998
2018-04-05,20,0.4099999999999999,0.3478287166784304,0.3700000000000001
2018-04-12,20,0.4299999999999999,0.37256262024418685,0.3900000000000001
2018-04-19,20,0.4599999999999999,0.3921439513326386,0.4099999999999999
2018-04-26,20,0.4200000000000001,0.4170712142584312,0.4400000000000001
2018-05-03,20,0.33,0.39655775606993743,0.4099999999999999
2018-05-10,20,0.3700000000000001,0.41333985414231417,0.4299999999999999
2018-05-17,20,0.3400000000000001,0.44635730885882896,0.4599999999999999
2018-05-24,20,0.32,0.40688661176163193,0.4200000000000001
2018-05-31,20,0.2799999999999998,0.3260999798594009,0.33
2018-06-07,20,0.2300000000000002,0.3462812483998058,0.3700000000000001
2018-06-14,20,0.2200000000000002,0.3122857336501388,0.3400000000000001
2018-06-21,20,0.1799999999999999,0.28460526832538346,0.32
2018-06-28,20,0.2299999999999999,0.26796051185691744,0.2799999999999998
2018-07-05,20,0.2799999999999998,0.22744830216101292,0.2300000000000002
2018-07-12,20,0.2200000000000002,0.21013055666936437,0.2200000000000002
2018-07-19,20,0.1699999999999999,0.18053389055275795,0.1799999999999999
2018-07-26,20,0.1299999999999999,0.21585523235600348,0.2299999999999999
2018-08-02,20,0.1699999999999999,0.2563876194932728,0.2799999999999998
2018-08-09,20,0.1699999999999999,0.20749584080543904,0.2200000000000002
2018-08-16,20,0.1799999999999997,0.1601718160237716,0.1699999999999999
2018-08-23,20,0.2399999999999997,0.11891710702089436,0.1299999999999999
2018-08-30,20,0.2200000000000002,0.15056857226052195,0.1699999999999999
2018-09-06,20,0.25,0.1500083840471238,0.1699999999999999
2018-09-13,20,0.2200000000000002,0.16853328606247445,0.1799999999999997
2018-09-20,20,0.1800000000000001,0.22174917070737224,0.2399999999999997
2018-09-27,20,0.1400000000000001,0.18070146296516754,0.2200000000000002
2018-10-04,20,0.1600000000000001,0.21526208767905983,0.25
2018-10-11,20,0.1800000000000001,0.2041581621901301,0.2200000000000002
2018-10-18,20,0.1399999999999996,0.1725979755376642,0.1800000000000001
2018-10-25,20,0.1199999999999996,0.13436367188710424,0.1400000000000001
2018-11-01,20,0.1099999999999998,0.1563462296296876,0.1600000000000001
2018-11-08,20,0.09,0.16397357643867416,0.1800000000000001
2018-11-15,20,0.0899999999999998,0.12436282556441047,0.1399999999999996
2018-11-22,20,0.08,0.10557285279555066,0.1199999999999996
2018-11-29,20,0.09,0.0928257275047847,0.1099999999999998
2018-12-06,20,0.06,0.06577953607003864,0.09
2018-12-13,20,0.07,0.0701371296874174,0.0899999999999998
2018-12-20,20,0.09,0.03835160061836054,0.08
2018-12-27,20,0.0699999999999998,0.0502892113086094,0.09
2019-01-03,20,0.1099999999999998,0.036693336115523056,0.06
2019-01-10,20,0.1100000000000001,0.06178068382159284,0.07
2019-01-17,20,0.1099999999999998,0.0727635124933611,0.09
2019-01-24,20,0.1199999999999998,0.05130837191067153,0.0699999999999998
2019-01-31,20,0.1599999999999999,0.08138763662792835,0.1099999999999998
2019-02-07,20,0.1399999999999999,0.08797529327272934,0.1100000000000001
2019-02-14,20,0.1,0.09232579966512322,0.1099999999999998
2019-02-21,20,0.0699999999999998,0.10684475544395806,0.1199999999999998
2019-02-28,20,0.06,0.1409195974482945,0.1599999999999999
2019-03-07,20,0.1099999999999998,0.11444939567269492,0.1399999999999999
2019-03-14,20,0.1299999999999999,0.08869321687982301,0.1
2019-03-21,20,0.1499999999999999,0.05253377729166934,0.0699999999999998
2019-03-28,20,0.1499999999999999,0.039763265966025016,0.06
2019-04-04,20,0.1399999999999999,0.0902256360573608,0.1099999999999998
2019-04-11,20,0.0999999999999998,0.110882333827621,0.1299999999999999
2019-04-18,20,0.0899999999999998,0.12954854550689004,0.1499999999999999
2019-04-25,20,0.0599999999999998,0.12949223560845044,0.1499999999999999
2019-05-02,20,0.03,0.13366046895966502,0.1399999999999999
2019-05-09,20,0.08,0.09226099943044347,0.0999999999999998
2019-05-16,20,0.05,0.07300922485023821,0.0899999999999998
2019-05-23,20,0.05,0.04178083456284541,0.0599999999999998
2019-05-30,20,0.03,0.013196754996927292,0.03
2019-06-06,20,-0.05,0.060485540889277184,0.08
2019-06-13,20,0.02,0.0373878783664028,0.05
2019-06-20,20,0.05,0.02999434027719059,0.05
2019-06-27,20,0.02,0.01576821461813154,0.03
2019-07-04,20,-0.08,-0.057030974488270714,-0.05
2019-07-11,20,-0.1200000000000001,-0.0033729569261963695,0.02
2019-07-18,20,-0.1999999999999999,0.019206271139883595,0.05
2019-07-25,20,-0.1799999999999999,0.006594201099800634,0.02
2019-08-01,20,-0.1900000000000001,-0.06957278792603949,-0.08
2019-08-08,20,-0.1899999999999999,-0.1122713813315043,-0.1200000000000001
2019-08-15,20,-0.1500000000000001,-0.2183002220054536,-0.1999999999999999
2019-08-22,20,-0.1700000000000001,-0.19373877734384057,-0.1799999999999999
2019-08-29,20,-0.2099999999999999,-0.2106495342835878,-0.1900000000000001
2019-09-05,20,-0.1699999999999999,-0.20155278146720154,-0.1899999999999999
2019-09-12,20,-0.1300000000000001,-0.16054554386942396,-0.1500000000000001
2019-09-19,20,-0.0899999999999998,-0.17162302828895512,-0.1700000000000001
2019-09-26,20,-0.1099999999999998,-0.20392553174267353,-0.2099999999999999
2019-10-03,20,-0.1,-0.2025667936214173,-0.1699999999999999
2019-10-10,20,-0.0199999999999997,-0.14702789393150453,-0.1300000000000001
2019-10-17,20,-0.06,-0.1132266860055646,-0.0899999999999998
2019-10-24,20,-0.08,-0.12415806225130988,-0.1099999999999998
2019-10-31,20,-0.1300000000000001,-0.11747761252960406,-0.1
2019-11-07,20,-0.0799999999999998,-0.02391735323844776,-0.0199999999999997
2019-11-14,20,-0.04,-0.07251230883489182,-0.06
2019-11-21,20,-0.04,-0.0957053281546071,-0.08
2019-11-28,20,-0.0599999999999998,-0.1395166235652049,-0.1300000000000001
2019-12-05,20,-0.0399999999999998,-0.09971853064061281,-0.0799999999999998
2019-12-12,20,-0.0299999999999998,-0.0595613010928652,-0.04
2019-12-19,20,-0.0899999999999998,-0.055587245874294366,-0.04
2019-12-26,20,-0.09,-0.07394451025047256,-0.0599999999999998
2020-01-02,20,-0.1499999999999999,-0.05554895516374533,-0.0399999999999998
2020-01-09,20,-0.1199999999999998,-0.0504185503303793,-0.0299999999999998
2020-01-16,20,-0.1200000000000001,-0.10051348224819079,-0.0899999999999998
2020-01-23,20,-0.1499999999999999,-0.1118233493752348,-0.09
2020-01-30,20,-0.09,-0.1728034677720492,-0.1499999999999999
2020-02-06,20,0.0499999999999999,-0.13947416596082657,-0.1199999999999998
2020-02-13,20,0.17,-0.13659410060051044,-0.1200000000000001
2020-02-20,20,0.37,-0.16571664775562253,-0.1499999999999999
2020-02-27,20,0.25,-0.1256166545394775,-0.09
2020-03-05,20,0.24,0.013920117522545107,0.0499999999999999
2020-03-12,20,0.37,0.11949725742153233,0.17
2020-03-19,20,0.2799999999999999,0.6259483249318801,0.37
2020-03-26,20,0.2699999999999999,0.29831701515847975,0.25
2020-04-02,20,0.24,0.30463326317706396,0.24
2020-04-09,20,0.27,0.38277483812635194,0.37
2020-04-16,20,0.26,0.27381232118955195,0.2799999999999999
2020-04-23,20,0.25,0.26245141252048404,0.2699999999999999
2020-04-30,20,0.26,0.23525465753123187,0.24
2020-05-07,20,0.35,0.2453904584864956,0.27
2020-05-14,20,0.25,0.24754115965959247,0.26
2020-05-21,20,0.22,0.24443839270455986,0.25
2020-05-28,20,0.22,0.24900595818024937,0.26
2020-06-04,20,0.2700000000000001,0.3329278779276003,0.35
2020-06-11,20,0.25,0.24007120938772905,0.25
2020-06-18,20,0.2299999999999999,0.21027581854140445,0.22
2020-06-25,20,0.2299999999999999,0.20647734670087023,0.22
2020-07-02,20,0.19,0.2529894638451514,0.2700000000000001
2020-07-09,20,0.2,0.2363603794546186,0.25
2020-07-16,20,0.33,0.22040193280064319,0.2299999999999999
2020-07-23,20,0.28,0.22388496593110507,0.2299999999999999
2020-07-30,20,0.37,0.18056654435944142,0.19
2020-08-06,20,0.28,0.191526868779969,0.2
2020-08-13,20,0.3,0.3025585987492678,0.33
2020-08-20,20,0.3099999999999999,0.2693287152750425,0.28
2020-08-27,20,0.3,0.35046709575353824,0.37
2020-09-03,20,0.31,0.27483511989131215,0.28
2020-09-10,20,0.3399999999999999,0.28494171100955135,0.3
2020-09-17,20,0.3399999999999999,0.2965371175045763,0.3099999999999999
2020-09-24,20,0.41,0.2832959616870706,0.3
2020-10-01,20,0.38,0.295199089773662,0.31
2020-10-08,20,0.36,0.32282324376090255,0.3399999999999999
2020-10-15,20,0.4599999999999999,0.33357483889462924,0.3399999999999999
2020-10-22,20,0.41,0.38945270524093534,0.41
2020-10-29,20,0.4299999999999999,0.36393678728291745,0.38
2020-11-05,20,0.48,0.35322516486339134,0.36
2020-11-12,20,0.48,0.43737995586203965,0.4599999999999999
2020-11-19,20,0.49,0.40694252076899656,0.41
2020-11-26,20,0.5,0.42283972096397066,0.4299999999999999
2020-12-03,20,0.47,0.4641099718679749,0.48
2020-12-10,20,0.6100000000000001,0.47195729044145796,0.48
2020-12-17,20,0.7,0.47806564809270785,0.49
2020-12-24,20,0.7,0.4840024964328145,0.5
2020-12-31,20,0.6599999999999999,0.46499636774232783,0.47
2021-01-07,20,0.77,0.5847383432198977,0.6100000000000001
2021-01-14,20,0.8,0.6715053757098205,0.7
2021-01-21,20,0.92,0.6891660503542023,0.7
2021-01-28,20,1.14,0.6515471957282836,0.6599999999999999
2021-02-04,20,1.21,0.744529230306512,0.77
2021-02-11,20,1.18,0.787720910274174,0.8
2021-02-18,20,1.34,0.8988607929327103,0.92
2021-02-25,20,1.23,1.1186032242990407,1.14
2021-03-04,20,1.29,1.1867075171024928,1.21
2021-03-11,20,1.24,1.1713409014310634,1.18
2021-03-18,20,1.21,1.3301127853317147,1.34
2021-03-25,20,1.21,1.223572726483886,1.23
2021-04-01,20,1.25,1.2795807760989324,1.29
2021-04-08,20,1.2,1.2384666560462978,1.24
2021-04-15,20,1.24,1.214360213893369,1.21
2021-04-22,20,1.21,1.2097974689763034,1.21
2021-04-29,20,1.17,1.2472259838432527,1.25
2021-05-06,20,1.2,1.206546936827429,1.2
2021-05-13,20,1.0699999999999998,1.234891700202407,1.24
2021-05-20,20,1.02,1.2083604246836044,1.21
2021-05-27,20,0.99,1.1691083856279267,1.17
2021-06-03,20,0.94,1.191656909651724,1.2
2021-06-10,20,0.78,1.074355708738761,1.0699999999999998
2021-06-17,20,0.8200000000000001,1.0075557245203948,1.02
2021-06-24,20,0.74,0.975705145651966,0.99
2021-07-01,20,0.74,0.937903323870761,0.94
2021-07-08,20,0.69,0.7800750329165198,0.78
2021-07-15,20,0.79,0.8116772753628109,0.8200000000000001
2021-07-22,20,0.69,0.7400392741205976,0.74
2021-07-29,20,0.78,0.7323862076269464,0.74
2021-08-05,20,0.7499999999999999,0.6889213052287827,0.69
2021-08-12,20,0.7699999999999999,0.7729229299573023,0.79
2021-08-19,20,0.79,0.6816733949829933,0.69
2021-08-26,20,0.8500000000000001,0.7637603705626498,0.78
2021-09-02,20,0.98,0.7491109792464715,0.7499999999999999
2021-09-09,20,0.93,0.7598333628359089,0.7699999999999999
2021-09-16,20,0.81,0.7821412704950109,0.79
2021-09-23,20,0.82,0.834374047124636,0.8500000000000001
2021-09-30,20,0.6599999999999999,0.9595465920911113,0.98
2021-10-07,20,0.6599999999999999,0.9316909909127598,0.93
2021-10-14,20,0.6799999999999999,0.8165227909883319,0.81
2021-10-21,20,0.71,0.813278136933255,0.82
2021-10-28,20,0.72,0.6597161676197082,0.6599999999999999
2021-11-04,20,0.53,0.6503857760304316,0.6599999999999999
2021-11-11,20,0.5,0.6731804359432014,0.6799999999999999
2021-11-18,20,0.45,0.6896809192910437,0.71
2021-11-25,20,0.4599999999999999,0.7089227880391825,0.72
2021-12-02,20,0.47,0.535368778022329,0.53
2021-12-09,20,0.6299999999999999,0.4901684401487999,0.5
2021-12-16,20,0.5899999999999999,0.4422871883502064,0.45
2021-12-23,20,0.56,0.4454617396041582,0.4599999999999999
2021-12-30,20,0.51,0.461427072018735,0.47
2022-01-06,20,0.5,0.6096039056646116,0.6299999999999999
2022-01-13,20,0.4499999999999999,0.5891585665867541,0.5899999999999999
2022-01-20,20,0.3999999999999999,0.5507968103139362,0.56
2022-01-27,20,0.3999999999999999,0.49831569518694246,0.51
2022-02-03,20,0.3,0.48872895297234714,0.5
2022-02-10,20,0.3799999999999999,0.4351738976150692,0.4499999999999999
2022-02-17,20,0.3,0.3888841029648622,0.3999999999999999
2022-02-24,20,0.2600000000000002,0.3883487762142158,0.3999999999999999
2022-03-03,20,0.1299999999999999,0.2894006667506061,0.3
2022-03-10,20,0.2200000000000002,0.33391049900382863,0.3799999999999999
2022-03-17,20,0.3399999999999998,0.2575555623860842,0.3
2022-03-24,20,0.25,0.2182797837618482,0.2600000000000002
2022-03-31,20,0.27,0.11851493262386698,0.1299999999999999
2022-04-07,20,0.3399999999999998,0.18379865572603782,0.2200000000000002
2022-04-14,20,0.2799999999999998,0.2783882116301272,0.3399999999999998
2022-04-21,20,0.1799999999999997,0.17749572071596498,0.25
2022-04-28,20,0.25,0.24967662268959714,0.27
2022-05-05,20,0.1600000000000001,0.2506629808504075,0.3399999999999998
2022-05-12,20,0.1600000000000001,0.19563390495120148,0.2799999999999998
2022-05-19,20,0.1699999999999999,0.18233216984679756,0.1799999999999997
2022-05-26,20,0.1899999999999999,0.25002412681093145,0.25
2022-06-02,20,0.1299999999999999,0.1218782740189256,0.1600000000000001
2022-06-09,20,0.0300000000000002,0.09622109593733186,0.1600000000000001
2022-06-16,20,-0.1299999999999999,0.023617350398179804,0.1699999999999999
2022-06-23,20,-0.2299999999999999,0.07512951467436192,0.1899999999999999
2022-06-30,20,-0.31,0.13369059935310115,0.1299999999999999
2022-07-07,20,-0.48,0.03453621337527501,0.0300000000000002
2022-07-14,20,-0.4700000000000002,-0.226216056879399,-0.1299999999999999
2022-07-21,20,-0.54,-0.34886545901511823,-0.2299999999999999
2022-07-28,20,-0.4900000000000002,-0.3765830576016887,-0.31
2022-08-04,20,-0.48,-0.5929743431949293,-0.48
2022-08-11,20,-0.4700000000000002,-0.4881213353426759,-0.4700000000000002
2022-08-18,20,-0.6599999999999997,-0.5558423473521641,-0.54
2022-08-25,20,-0.6699999999999999,-0.5155264416138416,-0.4900000000000002
2022-09-01,20,-0.6299999999999999,-0.5090110304942917,-0.48
2022-09-08,20,-0.6700000000000004,-0.5961390810564892,-0.4700000000000002
2022-09-15,20,-0.7000000000000002,-0.7794037879231789,-0.6599999999999997
2022-09-22,20,-0.6200000000000001,-0.7930478043573892,-0.6699999999999999
2022-09-29,20,-0.6299999999999999,-0.7557621825544008,-0.6299999999999999
2022-10-06,20,-0.6399999999999997,-0.6771579619459474,-0.6700000000000004
2022-10-13,20,-0.69,-0.7242148200943654,-0.7000000000000002
2022-10-20,20,-0.8300000000000001,-0.6392327262254187,-0.6200000000000001
2022-10-27,20,-0.96,-0.7238770184672825,-0.6299999999999999
2022-11-03,20,-0.96,-0.7967358215116618,-0.6399999999999997
2022-11-10,20,-1.0100000000000002,-0.7699224369842012,-0.69
2022-11-17,20,-0.9000000000000004,-0.8230185197052604,-0.8300000000000001
2022-11-24,20,-0.7399999999999998,-0.9714492526097768,-0.96
2022-12-01,20,-0.7399999999999998,-0.9807884430761155,-0.96
2022-12-08,20,-0.8600000000000003,-1.1183164899206708,-1.0100000000000002
2022-12-15,20,-0.8999999999999999,-1.0359261637495454,-0.9000000000000004
2022-12-22,20,-0.7599999999999998,-0.8223712486914123,-0.7399999999999998
2022-12-29,20,-0.77,-0.7571834280929843,-0.7399999999999998
2023-01-05,20,-0.8300000000000001,-0.8674404572936238,-0.8600000000000003
2023-01-12,20,-0.92,-0.9034754838137244,-0.8999999999999999
2023-01-19,20,-0.8499999999999996,-0.7742002139935104,-0.7599999999999998
2023-01-26,20,-0.8800000000000003,-0.8178776597679058,-0.77
2023-02-02,20,-0.8199999999999998,-0.8831043590479276,-0.8300000000000001
2023-02-09,20,-0.9800000000000004,-0.9698244752188234,-0.92
2023-02-16,20,-0.8300000000000001,-0.872347609773593,-0.8499999999999996
2023-02-23,20,-0.69,-0.8962509525744533,-0.8800000000000003
2023-03-02,20,-0.8299999999999996,-0.8393175029889659,-0.8199999999999998
2023-03-09,20,-0.8199999999999998,-0.9920180713195084,-0.9800000000000004
2023-03-16,20,-0.8500000000000001,-0.840618960737625,-0.8300000000000001
2023-03-23,20,-0.8199999999999998,-0.7131730635258224,-0.69
2023-03-30,20,-0.7799999999999998,-0.8596822834855744,-0.8299999999999996
2023-04-06,20,-0.7599999999999998,-0.8247060876289876,-0.8199999999999998
2023-04-13,20,-0.8300000000000001,-0.8665377187444951,-0.8500000000000001
2023-04-20,20,-0.8999999999999999,-0.8385931351829881,-0.8199999999999998
2023-04-27,20,-0.9300000000000006,-0.7946202231622845,-0.7799999999999998
2023-05-04,20,-1.04,-0.79209510530618,-0.7599999999999998
2023-05-11,20,-1.1300000000000003,-0.8611980128710506,-0.8300000000000001
2023-05-18,20,-1.16,-0.9172716758397516,-0.8999999999999999
2023-05-25,20,-1.29,-0.9492560645306826,-0.9300000000000006
2023-06-01,20,-1.3000000000000005,-1.0507134554530333,-1.04
2023-06-08,20,-1.2599999999999998,-1.1819276628337374,-1.1300000000000003
2023-06-15,20,-1.2300000000000004,-1.19942834416016,-1.16
2023-06-22,20,-1.14,-1.3044914372814262,-1.29
2023-06-29,20,-1.1599999999999997,-1.3204411829626883,-1.3000000000000005
2023-07-06,20,-1.0099999999999998,-1.287646827892529,-1.2599999999999998
2023-07-13,20,-1.04,-1.2789936340709551,-1.2300000000000004
2023-07-20,20,-1.0000000000000004,-1.1797545808379657,-1.14
2023-07-27,20,-1.0699999999999998,-1.1984447159088403,-1.1599999999999997
2023-08-03,20,-1.0799999999999996,-1.0604775297462188,-1.0099999999999998
2023-08-10,20,-0.9700000000000002,-1.0448604124229297,-1.04
2023-08-17,20,-1.0000000000000004,-1.0265160591941997,-1.0000000000000004
2023-08-24,20,-1.0,-1.0869412746956224,-1.0699999999999998
2023-08-31,20,-0.8500000000000005,-1.090080088201983,-1.0799999999999996
2023-09-07,20,-0.6600000000000001,-0.9891725027000063,-0.9700000000000002
2023-09-14,20,-0.7800000000000002,-1.0120608445793227,-1.0000000000000004
2023-09-21,20,-0.7000000000000002,-1.0200258617278952,-1.0
2023-09-28,20,-0.6399999999999997,-0.8739998913373299,-0.8500000000000005
2023-10-05,20,-0.6999999999999997,-0.679560358225383,-0.6600000000000001
2023-10-12,20,-0.7200000000000002,-0.7818568395259344,-0.7800000000000002
2023-10-19,20,-0.7600000000000002,-0.7342989496563167,-0.7000000000000002
2023-10-26,20,-0.7199999999999998,-0.6483539937516782,-0.6399999999999997
2023-11-02,20,-0.6400000000000001,-0.7055166744068481,-0.6999999999999997
2023-11-09,20,-0.75,-0.7185303350430825,-0.7200000000000002
2023-11-16,20,-0.77,-0.7724971913102523,-0.7600000000000002
2023-11-23,20,-0.8300000000000001,-0.7359228623939282,-0.7199999999999998
2023-11-30,20,-0.81,-0.6489644142412435,-0.6400000000000001
2023-12-07,20,-0.81,-0.7479231931974087,-0.75
2023-12-14,20,-0.7400000000000002,-0.7860176563454186,-0.77
2023-12-21,20,-0.5599999999999996,-0.8295893951036364,-0.8300000000000001
2023-12-28,20,-0.5299999999999998,-0.8171187534428241,-0.81
2024-01-04,20,-0.6800000000000002,-0.8266080393529128,-0.81
2024-01-11,20,-0.6300000000000003,-0.7604843418898822,-0.7400000000000002
2024-01-18,20,-0.7000000000000002,-0.5684688987444909,-0.5599999999999996
2024-01-25,20,-0.69,-0.5459359561946425,-0.5299999999999998
2024-02-01,20,-0.6999999999999997,-0.6808147701248606,-0.6800000000000002
2024-02-08,20,-0.73,-0.6534576878786684,-0.6300000000000003
2024-02-15,20,-0.6999999999999997,-0.7130752907580531,-0.7000000000000002
2024-02-22,20,-0.6400000000000006,-0.7008537852779378,-0.69
2024-02-29,20,-0.7199999999999998,-0.711966864223456,-0.6999999999999997
2024-03-07,20,-0.6500000000000004,-0.7356361839979041,-0.73
2024-03-14,20,-0.52,-0.71325797663662,-0.6999999999999997
2024-03-21,20,-0.4900000000000002,-0.6601251167627717,-0.6400000000000006
2024-03-28,20,-0.4899999999999997,-0.7258663946689417,-0.7199999999999998
2024-04-04,20,-0.52,-0.6692614122416484,-0.6500000000000004
2024-04-11,20,-0.5800000000000001,-0.5403644903386648,-0.52
2024-04-18,20,-0.6300000000000003,-0.5061425779341314,-0.4900000000000002
2024-04-25,20,-0.5899999999999999,-0.4963947569795667,-0.4899999999999997
2024-05-02,20,-0.5599999999999996,-0.53211652433124,-0.52
2024-05-09,20,-0.54,-0.5807456242356731,-0.5800000000000001
2024-05-16,20,-0.54,-0.6410805655094172,-0.6300000000000003
2024-05-23,20,-0.56,-0.6028143253130909,-0.5899999999999999
2024-05-30,20,-0.5499999999999994,-0.5767489094064111,-0.5599999999999996
2024-06-06,20,-0.4399999999999999,-0.5054697712259794,-0.54
2024-06-13,20,-0.4199999999999999,-0.5291649575395262,-0.54
2024-06-20,20,-0.33,-0.5673558753181265,-0.56
2024-06-27,20,-0.2599999999999998,-0.5615117656502152,-0.5499999999999994
2024-07-04,20,-0.25,-0.45526477371215135,-0.4399999999999999
2024-07-11,20,-0.1699999999999999,-0.42761757623521734,-0.4199999999999999
2024-07-18,20,-0.2400000000000002,-0.3434985805853547,-0.33
2024-07-25,20,-0.2299999999999999,-0.235168423344526,-0.2599999999999998
2024-08-01,20,-0.1800000000000001,-0.231586263866181,-0.25
2024-08-08,20,-0.1599999999999997,-0.16599291817812936,-0.1699999999999999
2024-08-15,20,-0.0899999999999998,-0.24837737687990533,-0.2400000000000002
2024-08-22,20,0.0300000000000002,-0.2393741752456863,-0.2299999999999999
2024-08-29,20,0.0399999999999995,-0.18327227938651158,-0.1800000000000001
2024-09-05,20,0.04,-0.13305520662067624,-0.1599999999999997
2024-09-12,20,0.04,-0.06614983889548623,-0.0899999999999998
2024-09-19,20,0.1400000000000001,0.06061370110094272,0.0300000000000002
2024-09-26,20,0.1600000000000001,0.08321035611609179,0.0399999999999995
2024-10-03,20,0.1500000000000003,0.03270419251800955,0.04
2024-10-10,20,0.1500000000000003,0.01799113561219579,0.04
2024-10-17,20,0.0999999999999996,0.13846665924425117,0.1400000000000001
2024-10-24,20,0.0699999999999998,0.23307908871407745,0.1600000000000001
2024-10-31,20,0.04,0.19433716137835547,0.1500000000000003
2024-11-07,20,0.04,0.14104982368784558,0.1500000000000003
2024-11-14,20,0.1600000000000001,0.10868396141909537,0.0999999999999996
2024-11-21,20,0.2599999999999998,0.06897797865903872,0.0699999999999998
2024-11-28,20,0.2600000000000002,0.03242545654825293,0.04
2024-12-05,20,0.29,0.034482742089164006,0.04
2024-12-12,20,0.3999999999999999,0.22605154164729568,0.1600000000000001
2024-12-19,20,0.3899999999999997,0.3173250650162007,0.2599999999999998
2024-12-26,20,0.3699999999999996,0.275363431069187,0.2600000000000002
2025-01-02,20,0.3799999999999999,0.2847539451850849,0.29
2025-01-09,20,0.3700000000000001,0.3897733449852133,0.3999999999999999
2025-01-16,20,0.3700000000000001,0.3816305732447295,0.3899999999999997
2025-01-23,20,0.4000000000000003,0.368538519488109,0.3699999999999996
2025-01-30,20,0.3400000000000003,0.4169154721906603,0.3799999999999999
2025-02-06,20,0.4399999999999999,0.3876998260675223,0.3700000000000001
2025-02-13,20,0.48,0.3587213625386314,0.3700000000000001
2025-02-20,20,0.4700000000000002,0.3952454279002557,0.4000000000000003
2025-02-27,20,0.54,0.3400209684580298,0.3400000000000003
2025-03-06,20,0.54,0.4307214761534696,0.4399999999999999
2025-03-13,20,0.6000000000000001,0.5134032474456985,0.48
2025-03-20,20,0.6099999999999999,0.4904485228073974,0.4700000000000002
2025-03-27,20,0.5900000000000003,0.5332865089193212,0.54
2025-04-03,20,0.6000000000000001,0.537246947181118,0.54
2025-04-10,20,0.6200000000000001,0.5893738189511777,0.6000000000000001
2025-04-17,20,0.6300000000000003,0.6005482441350151,0.6099999999999999
2025-04-24,20,0.6599999999999997,0.5865883088972217,0.5900000000000003
2025-05-01,20,0.6099999999999999,0.597641506200963,0.6000000000000001
2025-05-08,20,0.6299999999999999,0.6149260680875425,0.6200000000000001
2025-05-15,20,0.6499999999999999,0.6176004747391095,0.6300000000000003
2025-05-22,20,0.6499999999999999,0.6551665561974029,0.6599999999999997
2025-05-29,20,0.71,0.609655718755063,0.6099999999999999
2025-06-05,20,0.69,0.6263437284896901,0.6299999999999999
2025-06-12,20,0.71,0.6434235735770332,0.6499999999999999
2025-06-19,20,0.7599999999999998,0.6490076177093014,0.6499999999999999
2025-06-26,20,0.7199999999999998,0.70398740127748,0.71
2025-07-03,20,0.6900000000000004,0.6894096563656333,0.69
2025-07-10,20,0.7000000000000002,0.700203957611973,0.71
2025-07-17,20,0.7200000000000002,0.7544221082254685,0.7599999999999998
2025-07-24,20,0.75,0.7198379181555709,0.7199999999999998
2025-07-31,20,0.73,0.6825928815074117,0.6900000000000004
2025-08-07,20,0.73,0.7002533244509341,0.7000000000000002
2025-08-14,20,0.6600000000000001,0.7146085614827091,0.7200000000000002
2025-08-21,20,0.71,0.7435355496326993,0.75
2025-08-28,20,0.73,0.729320522092931,0.73
2025-09-04,20,0.73,0.7275403764051034,0.73
2025-09-11,20,0.73,0.6612352596069235,0.6600000000000001
2025-09-18,20,0.7000000000000002,0.7609221488001986,0.71
2025-09-25,20,0.6999999999999997,0.771231871831864,0.73
2025-10-02,20,0.71,0.7233953148346589,0.73
2025-10-09,20,0.71,0.7271367890370619,0.73
2025-10-16,20,0.71,0.6959121845178871,0.7000000000000002
2025-10-23,20,0.75,0.6959955664199723,0.6999999999999997
2025-10-30,20,0.7200000000000002,0.7613816062651914,0.71
2025-11-06,20,0.7999999999999998,0.7480187560874701,0.71
2025-11-13,20,0.7999999999999998,0.7059071903917181,0.71
2025-11-20,20,0.81,0.7438889453528598,0.75
2025-11-27,20,0.8300000000000001,0.718381696427512,0.7200000000000002
2025-12-04,20,0.8399999999999999,0.7911504386824285,0.7999999999999998
2025-12-11,20,0.8300000000000001,0.8151022010695477,0.7999999999999998
2025-12-18,20,0.8200000000000003,0.8308563661041516,0.81
2025-12-25,20,0.8399999999999999,0.8266909180334684,0.8300000000000001
2026-01-01,20,0.8400000000000003,0.8347251877566264,0.8399999999999999
2026-01-08,20,0.8500000000000001,0.8254416761804706,0.8300000000000001
2026-01-15,20,0.7899999999999996,0.8136312397294585,0.8200000000000003
2026-01-22,20,0.7800000000000002,0.8309357746777519,0.8399999999999999
2026-01-29,20,0.7399999999999998,0.8371744459357705,0.8400000000000003
2026-02-05,20,0.7599999999999998,0.8447431749786788,0.8500000000000001
2026-02-12,20,0.7000000000000002,0.7895142901606301,0.7899999999999996
2026-02-19,20,0.6000000000000001,0.7763279761405307,0.7800000000000002
2026-02-26,20,0.5899999999999999,0.7367076176286961,0.7399999999999998
2026-03-05,20,0.6700000000000004,0.7550234940066085,0.7599999999999998
2026-03-12,20,0.6699999999999999,0.697527983355265,0.7000000000000002
2026-03-19,20,0.7000000000000002,0.5919035975201904,0.6000000000000001
2026-03-26,20,0.6299999999999999,0.5658758999171161,0.5899999999999999
2026-04-02,20,0.6000000000000001,0.6670738641103426,0.6700000000000004
2026-04-09,20,0.5899999999999999,0.6657457940745701,0.6699999999999999
2026-04-16,20,0.6000000000000001,0.6977241654212875,0.7000000000000002
2026-04-23,20,0.6299999999999999,0.6282422430793597,0.6299999999999999
2026-04-30,20,0.6000000000000001,0.5917566408587296,0.6000000000000001
2026-05-07,20,0.6300000000000003,0.5835051807272277,0.5899999999999999
2026-05-14,20,0.6400000000000001,0.5956456731309333,0.6000000000000001
2026-05-21,20,0.6000000000000001,0.6198669126098705,0.6299999999999999
2026-05-28,20,0.6400000000000001,0.5971700706668464,0.6000000000000001
