origin_date,horizon,actual,var_bic,naive
2012-01-19,1,1.02,0.9777354709418837,0.98
2012-01-19,5,1.01,0.9686773547094188,0.98
2012-01-19,20,0.9599999999999996,0.9347094188376753,0.98
2012-01-26,1,0.99,1.0078174603174603,1.01
2012-01-26,5,0.95,0.9990873015873016,1.01
2012-01-26,20,0.9599999999999996,0.9663492063492063,1.01
2012-02-02,1,0.9699999999999998,0.9477210216110019,0.95
2012-02-02,5,0.9999999999999998,0.9386051080550097,0.95
2012-02-02,20,0.8999999999999999,0.9044204322200392,0.95
2012-02-09,1,0.9799999999999998,0.9978404669260699,0.9999999999999998
2012-02-09,5,0.9599999999999996,0.98920233463035,0.9999999999999998
2012-02-09,20,0.8399999999999999,0.9568093385214005,0.9999999999999998
2012-02-16,1,0.9599999999999996,0.957784200385356,0.9599999999999996
2012-02-16,5,0.9599999999999996,0.9489210019267819,0.9599999999999996
2012-02-16,20,0.94,0.9156840077071287,0.9599999999999996
2012-02-23,1,0.95,0.95780534351145,0.9599999999999996
2012-02-23,5,0.8999999999999999,0.9490267175572515,0.9599999999999996
2012-02-23,20,0.9600000000000002,0.9161068702290073,0.9599999999999996
2012-03-01,1,0.8599999999999999,0.8977126654064271,0.8999999999999999
2012-03-01,5,0.8399999999999999,0.888563327032136,0.8999999999999999
2012-03-01,20,0.9000000000000001,0.8542533081285443,0.8999999999999999
2012-03-08,1,0.8399999999999999,0.8376217228464418,0.8399999999999999
2012-03-08,5,0.94,0.8281086142322096,0.8399999999999999
2012-03-08,20,0.8799999999999999,0.7924344569288388,0.8399999999999999
2012-03-15,1,0.9600000000000002,0.9378293135435992,0.94
2012-03-15,5,0.9600000000000002,0.9291465677179962,0.94
2012-03-15,20,0.8199999999999998,0.8965862708719851,0.94
2012-03-22,1,0.9500000000000002,0.9578860294117649,0.9600000000000002
2012-03-22,5,0.9000000000000001,0.9494301470588237,0.9600000000000002
2012-03-22,20,0.71,0.9177205882352943,0.9600000000000002
2012-03-29,1,0.91,0.8977959927140257,0.9000000000000001
2012-03-29,5,0.8799999999999999,0.8889799635701277,0.9000000000000001
2012-03-29,20,0.6799999999999997,0.8559198542805102,0.9000000000000001
2012-04-05,1,0.8799999999999999,0.8777797833935017,0.8799999999999999
2012-04-05,5,0.8199999999999998,0.8688989169675089,0.8799999999999999
2012-04-05,20,0.7,0.835595667870036,0.8799999999999999
2012-04-12,1,0.79,0.8176923076923075,0.8199999999999998
2012-04-12,5,0.71,0.8084615384615383,0.8199999999999998
2012-04-12,20,0.75,0.7738461538461536,0.8199999999999998
2012-04-19,1,0.71,0.7075177304964538,0.71
2012-04-19,5,0.6799999999999997,0.6975886524822694,0.71
2012-04-19,20,0.6599999999999999,0.660354609929078,0.71
2012-04-26,1,0.6599999999999999,0.6774868189806675,0.6799999999999997
2012-04-26,5,0.7,0.6674340949033389,0.6799999999999997
2012-04-26,20,0.7200000000000002,0.6297363796133565,0.6799999999999997
2012-05-03,1,0.77,0.6975435540069685,0.7
2012-05-03,5,0.75,0.6877177700348431,0.7
2012-05-03,20,0.6799999999999999,0.6508710801393728,0.7
2012-05-10,1,0.6699999999999999,0.7476511226252159,0.75
2012-05-10,5,0.6599999999999999,0.7382556131260795,0.75
2012-05-10,20,0.76,0.7030224525043178,0.75
2012-05-17,1,0.6699999999999999,0.6575171232876712,0.6599999999999999
2012-05-17,5,0.7200000000000002,0.6475856164383561,0.6599999999999999
2012-05-17,20,0.75,0.6103424657534245,0.6599999999999999
2012-05-24,1,0.73,0.717640067911715,0.7200000000000002
2012-05-24,5,0.6799999999999999,0.7082003395585741,0.7200000000000002
2012-05-24,20,0.7,0.6728013582342957,0.7200000000000002
2012-05-31,1,0.7400000000000001,0.6775925925925925,0.6799999999999999
2012-05-31,5,0.76,0.6679629629629629,0.6799999999999999
2012-05-31,20,0.72,0.6318518518518518,0.6799999999999999
2012-06-07,1,0.77,0.757746243739566,0.76
2012-06-07,5,0.75,0.7487312186978298,0.76
2012-06-07,20,0.7,0.7149248747913188,0.76
2012-06-14,1,0.76,0.7477483443708609,0.75
2012-06-14,5,0.7,0.7387417218543046,0.75
2012-06-14,20,0.6599999999999999,0.7049668874172186,0.75
2012-06-21,1,0.74,0.6976847290640393,0.7
2012-06-21,5,0.72,0.688423645320197,0.7
2012-06-21,20,0.6699999999999999,0.6536945812807882,0.7
2012-06-28,1,0.71,0.7177361563517916,0.72
2012-06-28,5,0.7,0.7086807817589577,0.72
2012-06-28,20,0.6299999999999999,0.6747231270358306,0.72
2012-07-05,1,0.71,0.6977221324717285,0.7
2012-07-05,5,0.6599999999999999,0.6886106623586429,0.7
2012-07-05,20,0.6099999999999999,0.6544426494345719,0.7
2012-07-12,1,0.6499999999999999,0.6576762820512819,0.6599999999999999
2012-07-12,5,0.6699999999999999,0.6483814102564102,0.6599999999999999
2012-07-12,20,0.6500000000000001,0.6135256410256409,0.6599999999999999
2012-07-19,1,0.6600000000000001,0.6677106518282988,0.6699999999999999
2012-07-19,5,0.6299999999999999,0.6585532591414943,0.6699999999999999
2012-07-19,20,0.72,0.6242130365659777,0.6699999999999999
2012-07-26,1,0.6399999999999999,0.6276656151419557,0.6299999999999999
2012-07-26,5,0.6099999999999999,0.6183280757097791,0.6299999999999999
2012-07-26,20,0.6900000000000002,0.5833123028391166,0.6299999999999999
2012-08-02,1,0.6499999999999999,0.6076525821596243,0.6099999999999999
2012-08-02,5,0.6500000000000001,0.5982629107981219,0.6099999999999999
2012-08-02,20,0.6400000000000001,0.5630516431924881,0.6099999999999999
2012-08-09,1,0.6500000000000001,0.6477329192546585,0.6500000000000001
2012-08-09,5,0.72,0.6386645962732921,0.6500000000000001
2012-08-09,20,0.6800000000000002,0.6046583850931678,0.6500000000000001
2012-08-16,1,0.74,0.7178582434514638,0.72
2012-08-16,5,0.6900000000000002,0.7092912172573189,0.72
2012-08-16,20,0.71,0.6771648690292758,0.72
2012-08-23,1,0.6800000000000002,0.6878287461773702,0.6900000000000002
2012-08-23,5,0.6400000000000001,0.6791437308868503,0.6900000000000002
2012-08-23,20,0.7100000000000002,0.6465749235474008,0.6900000000000002
2012-08-30,1,0.6200000000000001,0.6377693474962065,0.6400000000000001
2012-08-30,5,0.6800000000000002,0.628846737481032,0.6400000000000001
2012-08-30,20,0.6499999999999999,0.5953869499241276,0.6400000000000001
2012-09-06,1,0.6700000000000002,0.6778463855421688,0.6800000000000002
2012-09-06,5,0.71,0.6692319277108435,0.6800000000000002
2012-09-06,20,0.6699999999999999,0.6369277108433736,0.6800000000000002
2012-09-13,1,0.77,0.7079073243647235,0.71
2012-09-13,5,0.7100000000000002,0.6995366218236173,0.71
2012-09-13,20,0.6600000000000001,0.6681464872944693,0.71
2012-09-20,1,0.7100000000000002,0.7079228486646886,0.7100000000000002
2012-09-20,5,0.6499999999999999,0.6996142433234424,0.7100000000000002
2012-09-20,20,0.7699999999999998,0.6684569732937687,0.7100000000000002
2012-09-27,1,0.6599999999999999,0.6478497790868925,0.6499999999999999
2012-09-27,5,0.6699999999999999,0.6392488954344624,0.6499999999999999
2012-09-27,20,0.75,0.6069955817378497,0.6499999999999999
2012-10-04,1,0.6700000000000002,0.6678947368421052,0.6699999999999999
2012-10-04,5,0.6600000000000001,0.6594736842105262,0.6699999999999999
2012-10-04,20,0.71,0.6278947368421052,0.6699999999999999
2012-10-11,1,0.6600000000000001,0.6578955007256896,0.6600000000000001
2012-10-11,5,0.7699999999999998,0.6494775036284471,0.6600000000000001
2012-10-11,20,0.6499999999999999,0.6179100145137882,0.6600000000000001
2012-10-18,1,0.75,0.7680691642651295,0.7699999999999998
2012-10-18,5,0.75,0.7603458213256482,0.7699999999999998
2012-10-18,20,0.6499999999999999,0.7313832853025934,0.7699999999999998
2012-10-25,1,0.72,0.7480543633762518,0.75
2012-10-25,5,0.71,0.740271816881259,0.75
2012-10-25,20,0.6599999999999999,0.7110872675250357,0.75
2012-11-01,1,0.71,0.7080113636363636,0.71
2012-11-01,5,0.6499999999999999,0.7000568181818182,0.71
2012-11-01,20,0.6199999999999999,0.6702272727272727,0.71
2012-11-08,1,0.6299999999999999,0.6479407616361071,0.6499999999999999
2012-11-08,5,0.6499999999999999,0.6397038081805358,0.6499999999999999
2012-11-08,20,0.6499999999999999,0.6088152327221438,0.6499999999999999
2012-11-15,1,0.6199999999999999,0.6479551820728291,0.6499999999999999
2012-11-15,5,0.6599999999999999,0.6397759103641456,0.6499999999999999
2012-11-15,20,0.6799999999999999,0.6091036414565826,0.6499999999999999
2012-11-22,1,0.6699999999999999,0.6579833101529902,0.6599999999999999
2012-11-22,5,0.6199999999999999,0.6499165507649513,0.6599999999999999
2012-11-22,20,0.7100000000000002,0.6196662030598052,0.6599999999999999
2012-11-29,1,0.6299999999999999,0.6179419889502761,0.6199999999999999
2012-11-29,5,0.6499999999999999,0.6097099447513811,0.6199999999999999
2012-11-29,20,0.6500000000000001,0.5788397790055247,0.6199999999999999
2012-12-06,1,0.6499999999999999,0.647997256515775,0.6499999999999999
2012-12-06,5,0.6799999999999999,0.6399862825788751,0.6499999999999999
2012-12-06,20,0.73,0.6099451303155006,0.6499999999999999
2012-12-13,1,0.6699999999999999,0.6780517711171662,0.6799999999999999
2012-12-13,5,0.7100000000000002,0.670258855585831,0.6799999999999999
2012-12-13,20,0.77,0.6410354223433242,0.6799999999999999
2012-12-20,1,0.6799999999999999,0.7081055480378893,0.7100000000000002
2012-12-20,5,0.6500000000000001,0.7005277401894454,0.7100000000000002
2012-12-20,20,0.75,0.672110960757781,0.7100000000000002
2012-12-27,1,0.6400000000000001,0.6480376344086023,0.6500000000000001
2012-12-27,5,0.73,0.6401881720430109,0.6500000000000001
2012-12-27,20,0.7699999999999998,0.6107526881720431,0.6500000000000001
2013-01-03,1,0.73,0.7281575433911882,0.73
2013-01-03,5,0.77,0.7207877169559412,0.73
2013-01-03,20,0.8300000000000001,0.693150867823765,0.73
2013-01-10,1,0.75,0.7682228116710875,0.77
2013-01-10,5,0.75,0.7611140583554377,0.77
2013-01-10,20,0.8400000000000001,0.7344562334217507,0.77
2013-01-17,1,0.74,0.7482081686429513,0.75
2013-01-17,5,0.7699999999999998,0.7410408432147563,0.75
2013-01-17,20,0.8700000000000001,0.714163372859025,0.75
2013-01-24,1,0.81,0.7682460732984291,0.7699999999999998
2013-01-24,5,0.8300000000000001,0.7612303664921464,0.7699999999999998
2013-01-24,20,0.8699999999999999,0.7349214659685862,0.7699999999999998
2013-01-31,1,0.8500000000000001,0.8283355006501951,0.8300000000000001
2013-01-31,5,0.8400000000000001,0.8216775032509753,0.8300000000000001
2013-01-31,20,0.8800000000000001,0.7967100130039012,0.8300000000000001
2013-02-07,1,0.8599999999999999,0.8383591731266151,0.8400000000000001
2013-02-07,5,0.8700000000000001,0.8317958656330751,0.8400000000000001
2013-02-07,20,0.92,0.8071834625322998,0.8400000000000001
2013-02-14,1,0.8799999999999999,0.868408215661104,0.8700000000000001
2013-02-14,5,0.8699999999999999,0.86204107830552,0.8700000000000001
2013-02-14,20,0.95,0.8381643132220797,0.8700000000000001
2013-02-21,1,0.8699999999999999,0.8684183673469387,0.8699999999999999
2013-02-21,5,0.8800000000000001,0.8620918367346938,0.8699999999999999
2013-02-21,20,0.8400000000000001,0.8383673469387753,0.8699999999999999
2013-02-28,1,0.8600000000000001,0.8784410646387834,0.8800000000000001
2013-02-28,5,0.92,0.8722053231939164,0.8800000000000001
2013-02-28,20,0.76,0.8488212927756655,0.8800000000000001
2013-03-07,1,0.95,0.9185012594458438,0.92
2013-03-07,5,0.95,0.9125062972292192,0.92
2013-03-07,20,0.8,0.8900251889168767,0.92
2013-03-14,1,0.8999999999999999,0.9485481852315394,0.95
2013-03-14,5,0.8400000000000001,0.9427409261576971,0.95
2013-03-14,20,0.8,0.9209637046307885,0.95
2013-03-21,1,0.8300000000000001,0.8384203980099503,0.8400000000000001
2013-03-21,5,0.76,0.8321019900497513,0.8400000000000001
2013-03-21,20,0.76,0.8084079601990051,0.8400000000000001
2013-03-28,1,0.76,0.7583312731767614,0.76
2013-03-28,5,0.8,0.7516563658838071,0.76
2013-03-28,20,0.79,0.7266254635352287,0.76
2013-04-04,1,0.77,0.7983906633906634,0.8
2013-04-04,5,0.8,0.7919533169533169,0.8
2013-04-04,20,0.7599999999999999,0.7678132678132679,0.8
2013-04-11,1,0.79,0.7984004884004885,0.8
2013-04-11,5,0.76,0.7920024420024421,0.8
2013-04-11,20,0.8300000000000001,0.7680097680097681,0.8
2013-04-18,1,0.77,0.7583616504854369,0.76
2013-04-18,5,0.79,0.7518082524271845,0.76
2013-04-18,20,0.8699999999999999,0.7272330097087378,0.76
2013-04-25,1,0.7699999999999999,0.7884077201447528,0.79
2013-04-25,5,0.7599999999999999,0.7820386007237636,0.79
2013-04-25,20,0.92,0.7581544028950543,0.79
2013-05-02,1,0.81,0.7583812949640287,0.7599999999999999
2013-05-02,5,0.8300000000000001,0.7519064748201438,0.7599999999999999
2013-05-02,20,0.9899999999999998,0.7276258992805754,0.7599999999999999
2013-05-09,1,0.8799999999999999,0.8284743742550656,0.8300000000000001
2013-05-09,5,0.8699999999999999,0.8223718712753278,0.8300000000000001
2013-05-09,20,0.99,0.7994874851013112,0.8300000000000001
2013-05-16,1,0.91,0.8685308056872036,0.8699999999999999
2013-05-16,5,0.92,0.8626540284360188,0.8699999999999999
2013-05-16,20,1.02,0.8406161137440757,0.8699999999999999
2013-05-23,1,0.92,0.9185983510011779,0.92
2013-05-23,5,0.9899999999999998,0.9129917550058894,0.92
2013-05-23,20,1.14,0.8919670200235572,0.92
2013-05-30,1,0.98,0.9886885245901637,0.9899999999999998
2013-05-30,5,0.99,0.9834426229508194,0.9899999999999998
2013-05-30,20,1.22,0.9637704918032785,0.9899999999999998
2013-06-06,1,1.02,0.9886961583236321,0.99
2013-06-06,5,1.02,0.9834807916181606,0.99
2013-06-06,20,1.2300000000000002,0.9639231664726426,0.99
2013-06-13,1,1.02,1.018738425925926,1.02
2013-06-13,5,1.14,1.0136921296296297,1.02
2013-06-13,20,1.31,0.9947685185185186,1.02
2013-06-20,1,1.2200000000000002,1.1388837744533946,1.14
2013-06-20,5,1.22,1.1344188722669735,1.14
2013-06-20,20,1.3099999999999998,1.117675489067894,1.14
2013-06-27,1,1.22,1.2189816933638444,1.22
2013-06-27,5,1.2300000000000002,1.214908466819222,1.22
2013-06-27,20,1.31,1.1996338672768878,1.22
2013-07-04,1,1.3199999999999998,1.2289988623435724,1.2300000000000002
2013-07-04,5,1.31,1.2249943117178614,1.2300000000000002
2013-07-04,20,1.36,1.209977246871445,1.2300000000000002
2013-07-11,1,1.2900000000000005,1.3090950226244344,1.31
2013-07-11,5,1.3099999999999998,1.305475113122172,1.31
2013-07-11,20,1.3500000000000003,1.291900452488688,1.31
2013-07-18,1,1.2799999999999998,1.3091001124859392,1.3099999999999998
2013-07-18,5,1.31,1.305500562429696,1.3099999999999998
2013-07-18,20,1.4700000000000002,1.292002249718785,1.3099999999999998
2013-07-25,1,1.3000000000000005,1.3091051454138702,1.31
2013-07-25,5,1.36,1.3055257270693512,1.31
2013-07-25,20,1.5400000000000005,1.292102908277405,1.31
2013-08-01,1,1.3300000000000003,1.35916573971079,1.36
2013-08-01,5,1.3500000000000003,1.355828698553949,1.36
2013-08-01,20,1.41,1.3433147942157955,1.36
2013-08-08,1,1.35,1.3491592920353985,1.3500000000000003
2013-08-08,5,1.4700000000000002,1.3457964601769914,1.3500000000000003
2013-08-08,20,1.5099999999999998,1.3331858407079649,1.3500000000000003
2013-08-15,1,1.5000000000000002,1.4692959295929595,1.4700000000000002
2013-08-15,5,1.5400000000000005,1.4664796479647966,1.4700000000000002
2013-08-15,20,1.4999999999999998,1.4559185918591862,1.4700000000000002
2013-08-22,1,1.5,1.5393763676148802,1.5400000000000005
2013-08-22,5,1.41,1.5368818380743987,1.5400000000000005
2013-08-22,20,1.4800000000000002,1.5275273522975934,1.5400000000000005
2013-08-29,1,1.42,1.4092383025027202,1.41
2013-08-29,5,1.5099999999999998,1.4061915125136017,1.41
2013-08-29,20,1.36,1.3947660500544068,1.41
2013-09-05,1,1.4699999999999998,1.5093506493506492,1.5099999999999998
2013-09-05,5,1.4999999999999998,1.5067532467532465,1.5099999999999998
2013-09-05,20,1.36,1.4970129870129867,1.5099999999999998
2013-09-12,1,1.4799999999999998,1.4993433799784712,1.4999999999999998
2013-09-12,5,1.4800000000000002,1.4967168998923572,1.4999999999999998
2013-09-12,20,1.38,1.4868675995694292,1.4999999999999998
2013-09-19,1,1.47,1.4793254817987154,1.4800000000000002
2013-09-19,5,1.36,1.4766274089935763,1.4800000000000002
2013-09-19,20,1.38,1.4665096359743042,1.4800000000000002
2013-09-26,1,1.35,1.3592012779552716,1.36
2013-09-26,5,1.36,1.356006389776358,1.36
2013-09-26,20,1.3299999999999998,1.3440255591054313,1.36
2013-10-03,1,1.39,1.3592055084745764,1.36
2013-10-03,5,1.38,1.3560275423728814,1.36
2013-10-03,20,1.3199999999999998,1.3441101694915256,1.36
2013-10-10,1,1.38,1.379230769230769,1.38
2013-10-10,5,1.38,1.376153846153846,1.38
2013-10-10,20,1.42,1.3646153846153846,1.38
2013-10-17,1,1.35,1.3792348008385744,1.38
2013-10-17,5,1.3299999999999998,1.376174004192872,1.38
2013-10-17,20,1.46,1.3646960167714883,1.38
2013-10-24,1,1.33,1.329186652763295,1.3299999999999998
2013-10-24,5,1.3199999999999998,1.3259332638164754,1.3299999999999998
2013-10-24,20,1.5499999999999998,1.313733055265902,1.3299999999999998
2013-10-31,1,1.38,1.319180497925311,1.3199999999999998
2013-10-31,5,1.42,1.3159024896265559,1.3199999999999998
2013-10-31,20,1.45,1.303609958506224,1.3199999999999998
2013-11-07,1,1.4700000000000002,1.4192879256965945,1.42
2013-11-07,5,1.46,1.4164396284829721,1.42
2013-11-07,20,1.59,1.4057585139318884,1.42
2013-11-14,1,1.44,1.4593326488706364,1.46
2013-11-14,5,1.5499999999999998,1.4566632443531826,1.46
2013-11-14,20,1.56,1.446652977412731,1.46
2013-11-21,1,1.5,1.5494279877425943,1.5499999999999998
2013-11-21,5,1.45,1.5471399387129723,1.5499999999999998
2013-11-21,20,1.5600000000000005,1.5385597548518894,1.5499999999999998
2013-11-28,1,1.4499999999999995,1.4493292682926828,1.45
2013-11-28,5,1.59,1.4466463414634145,1.45
2013-11-28,20,1.5900000000000003,1.4365853658536585,1.45
2013-12-05,1,1.6,1.589474216380182,1.59
2013-12-05,5,1.56,1.5873710819009101,1.59
2013-12-05,20,1.6100000000000003,1.57948432760364,1.59
2013-12-12,1,1.56,1.559446680080483,1.56
2013-12-12,5,1.5600000000000005,1.5572334004024146,1.56
2013-12-12,20,1.58,1.548933601609658,1.56
2013-12-19,1,1.5599999999999998,1.55944944944945,1.5600000000000005
2013-12-19,5,1.5900000000000003,1.5572472472472478,1.5600000000000005
2013-12-19,20,1.48,1.5489889889889894,1.5600000000000005
2013-12-26,1,1.64,1.5894820717131477,1.5900000000000003
2013-12-26,5,1.6100000000000003,1.5874103585657373,1.5900000000000003
2013-12-26,20,1.4400000000000002,1.5796414342629486,1.5900000000000003
2014-01-02,1,1.61,1.6095044598612491,1.6100000000000003
2014-01-02,5,1.58,1.6075222993062441,1.6100000000000003
2014-01-02,20,1.4,1.6000891972249756,1.6100000000000003
2014-01-09,1,1.54,1.5794773175542407,1.58
2014-01-09,5,1.48,1.5773865877712032,1.58
2014-01-09,20,1.4500000000000002,1.5695463510848127,1.58
2014-01-16,1,1.48,1.4793817468105985,1.48
2014-01-16,5,1.4400000000000002,1.4769087340529932,1.48
2014-01-16,20,1.4300000000000002,1.4676349362119725,1.48
2014-01-23,1,1.43,1.439345703125,1.4400000000000002
2014-01-23,5,1.4,1.4367285156250003,1.4400000000000002
2014-01-23,20,1.44,1.4269140625,1.4400000000000002
2014-01-30,1,1.39,1.399310009718173,1.4
2014-01-30,5,1.4500000000000002,1.3965500485908648,1.4
2014-01-30,20,1.4200000000000002,1.3862001943634596,1.4
2014-02-06,1,1.41,1.4493617021276597,1.4500000000000002
2014-02-06,5,1.4300000000000002,1.446808510638298,1.4500000000000002
2014-02-06,20,1.45,1.4372340425531918,1.4500000000000002
2014-02-13,1,1.45,1.4293455245428297,1.4300000000000002
2014-02-13,5,1.44,1.4267276227141483,1.4300000000000002
2014-02-13,20,1.37,1.416910490856593,1.4300000000000002
2014-02-20,1,1.4,1.4393582375478926,1.44
2014-02-20,5,1.4200000000000002,1.4367911877394635,1.44
2014-02-20,20,1.43,1.4271647509578544,1.44
2014-02-27,1,1.42,1.419342230695901,1.4200000000000002
2014-02-27,5,1.45,1.4167111534795045,1.4200000000000002
2014-02-27,20,1.37,1.4068446139180173,1.4200000000000002
2014-03-06,1,1.47,1.4493738140417456,1.45
2014-03-06,5,1.37,1.4468690702087286,1.45
2014-03-06,20,1.44,1.4374762808349146,1.45
2014-03-13,1,1.38,1.3693012275731824,1.37
2014-03-13,5,1.43,1.3665061378659114,1.37
2014-03-13,20,1.38,1.356024551463645,1.37
2014-03-20,1,1.41,1.429360902255639,1.43
2014-03-20,5,1.37,1.4268045112781955,1.43
2014-03-20,20,1.38,1.4172180451127818,1.43
2014-03-27,1,1.37,1.369307764265669,1.37
2014-03-27,5,1.44,1.3665388213283443,1.37
2014-03-27,20,1.35,1.3561552853133771,1.37
2014-04-03,1,1.4,1.4393761638733704,1.44
2014-04-03,5,1.38,1.4368808193668527,1.44
2014-04-03,20,1.3099999999999998,1.4275232774674116,1.44
2014-04-10,1,1.35,1.3793234476367005,1.38
2014-04-10,5,1.38,1.3766172381835031,1.38
2014-04-10,20,1.3,1.3664689527340128,1.38
2014-04-17,1,1.38,1.3793265682656826,1.38
2014-04-17,5,1.35,1.3766328413284132,1.38
2014-04-17,20,1.2299999999999998,1.366531365313653,1.38
2014-04-24,1,1.35,1.3493021120293849,1.35
2014-04-24,5,1.3099999999999998,1.3465105601469238,1.35
2014-04-24,20,1.2699999999999998,1.3360422405876953,1.35
2014-05-01,1,1.28,1.30926873857404,1.3099999999999998
2014-05-01,5,1.3,1.306343692870201,1.3099999999999998
2014-05-01,20,1.2,1.2953747714808042,1.3099999999999998
2014-05-08,1,1.2999999999999998,1.2992629663330302,1.3
2014-05-08,5,1.2299999999999998,1.2963148316651503,1.3
2014-05-08,20,1.27,1.2852593266606005,1.3
2014-05-15,1,1.2199999999999998,1.2292028985507244,1.2299999999999998
2014-05-15,5,1.2699999999999998,1.226014492753623,1.2299999999999998
2014-05-15,20,1.2299999999999998,1.2140579710144925,1.2299999999999998
2014-05-22,1,1.2499999999999998,1.2692425608656446,1.2699999999999998
2014-05-22,5,1.2,1.2662128043282235,1.2699999999999998
2014-05-22,20,1.2,1.2548512173128943,1.2699999999999998
2014-05-29,1,1.1900000000000002,1.1991831238779174,1.2
2014-05-29,5,1.27,1.195915619389587,1.2
2014-05-29,20,1.13,1.1836624775583482,1.2
2014-06-05,1,1.2599999999999998,1.269249329758713,1.27
2014-06-05,5,1.2299999999999998,1.2662466487935657,1.27
2014-06-05,20,1.19,1.2549865951742627,1.27
2014-06-12,1,1.22,1.2292170818505335,1.2299999999999998
2014-06-12,5,1.2,1.2260854092526687,1.2299999999999998
2014-06-12,20,1.11,1.2143416370106759,1.2299999999999998
2014-06-19,1,1.16,1.1991939769707705,1.2
2014-06-19,5,1.13,1.195969884853853,1.2
2014-06-19,20,1.07,1.1838795394154118,1.2
2014-06-26,1,1.13,1.1291358024691356,1.13
2014-06-26,5,1.19,1.1256790123456788,1.13
2014-06-26,20,1.06,1.112716049382716,1.13
2014-07-03,1,1.2000000000000002,1.1891922739244951,1.19
2014-07-03,5,1.11,1.1859613696224758,1.19
2014-07-03,20,1.06,1.1738454784899033,1.19
2014-07-10,1,1.11,1.1091258741258743,1.11
2014-07-10,5,1.07,1.1056293706293707,1.11
2014-07-10,20,0.9999999999999998,1.0925174825174826,1.11
2014-07-17,1,1.08,1.069094865100087,1.07
2014-07-17,5,1.06,1.0654743255004353,1.07
2014-07-17,20,0.9899999999999998,1.0518973020017408,1.07
2014-07-24,1,1.0299999999999998,1.0590901213171577,1.06
2014-07-24,5,1.06,1.0554506065857887,1.06
2014-07-24,20,0.99,1.0418024263431542,1.06
2014-07-31,1,1.05,1.0590940465918897,1.06
2014-07-31,5,0.9999999999999998,1.0554702329594479,1.06
2014-07-31,20,0.8999999999999999,1.0418809318377913,1.06
2014-08-07,1,1.01,0.9990463917525771,0.9999999999999998
2014-08-07,5,0.9899999999999998,0.9952319587628864,0.9999999999999998
2014-08-07,20,1.0,0.9809278350515461,0.9999999999999998
2014-08-14,1,0.97,0.9890419161676645,0.9899999999999998
2014-08-14,5,0.99,0.9852095808383231,0.9899999999999998
2014-08-14,20,1.0600000000000005,0.9708383233532931,0.9899999999999998
2014-08-21,1,0.9799999999999998,0.989045996592845,0.99
2014-08-21,5,0.8999999999999999,0.9852299829642248,0.99
2014-08-21,20,1.11,0.9709199318568995,0.99
2014-08-28,1,0.8899999999999999,0.8989737065309583,0.8999999999999999
2014-08-28,5,1.0,0.8948685326547922,0.8999999999999999
2014-08-28,20,1.0299999999999998,0.8794741306191687,0.8999999999999999
2014-09-04,1,0.9999999999999998,0.9990625,1.0
2014-09-04,5,1.0600000000000005,0.9953125,1.0
2014-09-04,20,1.0,0.98125,1.0
2014-09-11,1,1.0800000000000003,1.0591169049621536,1.0600000000000005
2014-09-11,5,1.11,1.0555845248107658,1.0600000000000005
2014-09-11,20,0.9699999999999998,1.042338099243062,1.0600000000000005
2014-09-18,1,1.08,1.1091624790619767,1.11
2014-09-18,5,1.0299999999999998,1.1058123953098828,1.11
2014-09-18,20,1.0099999999999998,1.093249581239531,1.11
2014-09-25,1,1.0300000000000002,1.0290992493744786,1.0299999999999998
2014-09-25,5,1.0,1.0254962468723934,1.0299999999999998
2014-09-25,20,1.0,1.0119849874895746,1.0299999999999998
2014-10-02,1,0.9700000000000002,0.999078073089701,1.0
2014-10-02,5,0.9699999999999998,0.995390365448505,1.0
2014-10-02,20,1.0099999999999998,0.9815614617940199,1.0
2014-10-09,1,0.9599999999999996,0.9690570719602976,0.9699999999999998
2014-10-09,5,1.0099999999999998,0.9652853598014886,0.9699999999999998
2014-10-09,20,1.06,0.9511414392059551,0.9699999999999998
2014-10-16,1,0.98,1.0090939044481053,1.0099999999999998
2014-10-16,5,1.0,1.005469522240527,1.0099999999999998
2014-10-16,20,1.03,0.9918780889621085,1.0099999999999998
2014-10-23,1,1.0099999999999998,0.9990894175553733,1.0
2014-10-23,5,1.0099999999999998,0.9954470877768663,1.0
2014-10-23,20,1.01,0.9817883511074651,1.0
2014-10-30,1,1.0299999999999998,1.0091013071895423,1.0099999999999998
2014-10-30,5,1.06,1.0055065359477122,1.0099999999999998
2014-10-30,20,0.91,0.9920261437908494,1.0099999999999998
2014-11-06,1,1.0099999999999998,1.059145646867372,1.06
2014-11-06,5,1.03,1.0557282343368593,1.06
2014-11-06,20,0.8999999999999999,1.042912937347437,1.06
2014-11-13,1,1.0199999999999998,1.0291247974068072,1.03
2014-11-13,5,1.01,1.0256239870340358,1.03
2014-11-13,20,0.81,1.0124959481361426,1.03
2014-11-20,1,0.97,1.0091121872477804,1.01
2014-11-20,5,0.91,1.0055609362389024,1.01
2014-11-20,20,0.8400000000000001,0.9922437449556094,1.01
2014-11-27,1,0.9000000000000001,0.9090353697749196,0.91
2014-11-27,5,0.8999999999999999,0.9051768488745982,0.91
2014-11-27,20,0.8399999999999999,0.8907073954983923,0.91
2014-12-04,1,0.92,0.8990312249799839,0.8999999999999999
2014-12-04,5,0.81,0.8951561248999198,0.8999999999999999
2014-12-04,20,0.78,0.8806244995996797,0.8999999999999999
2014-12-11,1,0.79,0.8089633173843701,0.81
2014-12-11,5,0.8400000000000001,0.8048165869218501,0.81
2014-12-11,20,0.73,0.7892663476874003,0.81
2014-12-18,1,0.81,0.8389912629070692,0.8400000000000001
2014-12-18,5,0.8399999999999999,0.8349563145353456,0.8400000000000001
2014-12-18,20,0.6699999999999999,0.8198252581413821,0.8400000000000001
2014-12-25,1,0.8399999999999999,0.8389952531645568,0.8399999999999999
2014-12-25,5,0.78,0.8349762658227846,0.8399999999999999
2014-12-25,20,0.8699999999999999,0.8199050632911391,0.8399999999999999
2015-01-01,1,0.74,0.7789519306540583,0.78
2015-01-01,5,0.73,0.7747596532702916,0.78
2015-01-01,20,0.9200000000000002,0.7590386130811663,0.78
2015-01-08,1,0.71,0.728916797488226,0.73
2015-01-08,5,0.6699999999999999,0.7245839874411303,0.73
2015-01-08,20,0.9200000000000002,0.7083359497645212,0.73
2015-01-15,1,0.66,0.6688741204065676,0.6699999999999999
2015-01-15,5,0.8699999999999999,0.664370602032838,0.6699999999999999
2015-01-15,20,0.97,0.6474824081313525,0.6699999999999999
2015-01-22,1,0.91,0.8690342679127725,0.8699999999999999
2015-01-22,5,0.9200000000000002,0.8651713395638628,0.8699999999999999
2015-01-22,20,1.03,0.8506853582554516,0.8699999999999999
2015-01-29,1,0.87,0.9190768037238171,0.9200000000000002
2015-01-29,5,0.9200000000000002,0.9153840186190847,0.9200000000000002
2015-01-29,20,0.8600000000000001,0.9015360744763384,0.9200000000000002
2015-02-05,1,0.95,0.9190803709428131,0.9200000000000002
2015-02-05,5,0.97,0.9154018547140651,0.9200000000000002
2015-02-05,20,0.9,0.9016074188562598,0.9200000000000002
2015-02-12,1,1.0,0.969122401847575,0.97
2015-02-12,5,1.03,0.9656120092378753,0.97
2015-02-12,20,0.92,0.9524480369515012,0.97
2015-02-19,1,1.02,1.0291717791411044,1.03
2015-02-19,5,0.8600000000000001,1.0258588957055215,1.03
2015-02-19,20,0.8400000000000001,1.013435582822086,1.03
2015-02-26,1,0.8300000000000001,0.8590450725744845,0.8600000000000001
2015-02-26,5,0.9,0.8552253628724218,0.8600000000000001
2015-02-26,20,0.85,0.8409014514896869,0.8600000000000001
2015-03-05,1,0.98,0.8990791476407914,0.9
2015-03-05,5,0.92,0.8953957382039573,0.9
2015-03-05,20,0.8200000000000001,0.8815829528158295,0.9
2015-03-12,1,0.93,0.9190978013646702,0.92
2015-03-12,5,0.8400000000000001,0.9154890068233511,0.92
2015-03-12,20,0.8600000000000001,0.9019560272934042,0.92
2015-03-19,1,0.8400000000000001,0.8390407854984895,0.8400000000000001
2015-03-19,5,0.85,0.8352039274924472,0.8400000000000001
2015-03-19,20,0.7900000000000001,0.8208157099697886,0.8400000000000001
2015-03-26,1,0.8500000000000001,0.8490519187358916,0.85
2015-03-26,5,0.8200000000000001,0.8452595936794582,0.85
2015-03-26,20,0.82,0.8310383747178329,0.85
2015-04-02,1,0.8200000000000001,0.8190329835082459,0.8200000000000001
2015-04-02,5,0.8600000000000001,0.8151649175412294,0.8200000000000001
2015-04-02,20,0.91,0.8006596701649176,0.8200000000000001
2015-04-09,1,0.8500000000000001,0.8590664675130696,0.8600000000000001
2015-04-09,5,0.7900000000000001,0.8553323375653473,0.8600000000000001
2015-04-09,20,1.06,0.8413293502613892,0.8600000000000001
2015-04-16,1,0.7899999999999999,0.7890178571428573,0.7900000000000001
2015-04-16,5,0.82,0.7850892857142858,0.7900000000000001
2015-04-16,20,1.13,0.770357142857143,0.7900000000000001
2015-04-23,1,0.7999999999999999,0.8190437361008154,0.82
2015-04-23,5,0.91,0.8152186805040771,0.82
2015-04-23,20,1.08,0.8008747220163083,0.82
2015-04-30,1,0.95,0.9091137370753324,0.91
2015-04-30,5,1.06,0.9055686853766618,0.91
2015-04-30,20,1.04,0.892274741506647,0.91
2015-05-07,1,1.04,1.0592273730684327,1.06
2015-05-07,5,1.13,1.0561368653421634,1.06
2015-05-07,20,1.16,1.0445474613686534,1.06
2015-05-14,1,1.0699999999999998,1.129281524926686,1.13
2015-05-14,5,1.08,1.126407624633431,1.13
2015-05-14,20,1.15,1.1156304985337242,1.13
2015-05-21,1,1.09,1.0792476260043828,1.08
2015-05-21,5,1.04,1.076238130021914,1.08
2015-05-21,20,1.17,1.0649525200876553,1.08
2015-05-28,1,1.0500000000000005,1.0392212518195052,1.04
2015-05-28,5,1.16,1.0361062590975254,1.04
2015-05-28,20,1.2000000000000002,1.024425036390102,1.04
2015-06-04,1,1.1800000000000002,1.159311094996374,1.16
2015-06-04,5,1.15,1.156555474981871,1.16
2015-06-04,20,1.26,1.1462218999274836,1.16
2015-06-11,1,1.16,1.1493063583815029,1.15
2015-06-11,5,1.17,1.1465317919075144,1.15
2015-06-11,20,1.13,1.1361271676300577,1.15
2015-06-18,1,1.12,1.1693232541396688,1.17
2015-06-18,5,1.2000000000000002,1.166616270698344,1.17
2015-06-18,20,1.15,1.1564650827933765,1.17
2015-06-25,1,1.2400000000000002,1.1993472022955525,1.2000000000000002
2015-06-25,5,1.26,1.196736011477762,1.2000000000000002
2015-06-25,20,1.08,1.1869440459110476,1.2000000000000002
2015-07-02,1,1.21,1.2593924231593996,1.26
2015-07-02,5,1.13,1.256962115796998,1.26
2015-07-02,20,1.04,1.2478484631879914,1.26
2015-07-09,1,1.18,1.1293019943019942,1.13
2015-07-09,5,1.15,1.1265099715099713,1.13
2015-07-09,20,1.0,1.116039886039886,1.13
2015-07-16,1,1.14,1.149318665720369,1.15
2015-07-16,5,1.08,1.1465933286018453,1.15
2015-07-16,20,0.99,1.136373314407381,1.15
2015-07-23,1,1.05,1.0792715700141444,1.08
2015-07-23,5,1.04,1.0763578500707214,1.08
2015-07-23,20,0.94,1.0654314002828855,1.08
2015-07-30,1,1.03,1.039245947850599,1.04
2015-07-30,5,1.0,1.036229739252995,1.04
2015-07-30,20,1.0499999999999998,1.0249189570119803,1.04
2015-08-06,1,0.98,0.9992205056179775,1.0
2015-08-06,5,0.99,0.9961025280898876,1.0
2015-08-06,20,1.03,0.9844101123595506,1.0
2015-08-13,1,0.98,0.9892162351294611,0.99
2015-08-13,5,0.94,0.9860811756473058,0.99
2015-08-13,20,1.03,0.9743247025892232,0.99
2015-08-20,1,0.94,0.9391841004184099,0.94
2015-08-20,5,1.0499999999999998,0.9359205020920501,0.94
2015-08-20,20,1.05,0.9236820083682008,0.94
2015-08-27,1,1.02,1.0492633773453786,1.0499999999999998
2015-08-27,5,1.03,1.0463168867268935,1.0499999999999998
2015-08-27,20,0.95,1.0352675469075745,1.0499999999999998
2015-09-03,1,1.0,1.0292520775623268,1.03
2015-09-03,5,1.03,1.0262603878116343,1.03
2015-09-03,20,0.91,1.0150415512465374,1.03
2015-09-10,1,1.01,1.0292546583850932,1.03
2015-09-10,5,1.05,1.0262732919254658,1.03
2015-09-10,20,0.96,1.0150931677018633,1.03
2015-09-17,1,1.0,1.0492709766162311,1.05
2015-09-17,5,0.95,1.0463548830811555,1.05
2015-09-17,20,0.91,1.0354195323246218,1.05
2015-09-24,1,0.99,0.9492049348869088,0.95
2015-09-24,5,0.91,0.9460246744345442,0.95
2015-09-24,20,0.93,0.9340986977381768,0.95
2015-10-01,1,0.8899999999999999,0.9091803278688525,0.91
2015-10-01,5,0.96,0.9059016393442624,0.91
2015-10-01,20,0.98,0.8936065573770492,0.91
2015-10-08,1,0.96,0.959217154526889,0.96
2015-10-08,5,0.91,0.9560857726344452,0.96
2015-10-08,20,1.02,0.9443430905377808,0.96
2015-10-15,1,0.93,0.9091858887381276,0.91
2015-10-15,5,0.93,0.9059294436906378,0.91
2015-10-15,20,1.0499999999999998,0.8937177747625509,0.91
2015-10-22,1,0.97,0.9292021636240704,0.93
2015-10-22,5,0.98,0.9260108181203517,0.93
2015-10-22,20,1.0,0.9140432724814064,0.93
2015-10-29,1,0.97,0.9792385444743935,0.98
2015-10-29,5,1.02,0.9761927223719676,0.98
2015-10-29,20,0.95,0.9647708894878706,0.98
2015-11-05,1,1.0499999999999998,1.0192679650772332,1.02
2015-11-05,5,1.0499999999999998,1.0163398253861653,1.02
2015-11-05,20,0.97,1.005359301544661,1.02
2015-11-12,1,1.04,1.0492904953145916,1.0499999999999998
2015-11-12,5,1.0,1.0464524765729584,1.0499999999999998
2015-11-12,20,0.94,1.0358099062918338,1.0499999999999998
2015-11-19,1,1.0100000000000002,0.9992595063375583,1.0
2015-11-19,5,0.95,0.9962975316877919,1.0
2015-11-19,20,0.91,0.9851901267511675,1.0
2015-11-26,1,0.93,0.9492287234042552,0.95
2015-11-26,5,0.97,0.9461436170212766,0.95
2015-11-26,20,0.8800000000000001,0.9345744680851064,0.95
2015-12-03,1,0.95,0.9692445328031809,0.97
2015-12-03,5,0.94,0.9662226640159045,0.97
2015-12-03,20,0.91,0.9548906560636182,0.97
2015-12-10,1,0.93,0.939227212681638,0.94
2015-12-10,5,0.91,0.9361360634081902,0.94
2015-12-10,20,0.91,0.9245442536327608,0.94
2015-12-17,1,0.8899999999999999,0.9092100065832786,0.91
2015-12-17,5,0.8800000000000001,0.9060500329163924,0.91
2015-12-17,20,0.91,0.8942001316655694,0.91
2015-12-24,1,0.8800000000000001,0.8791929133858268,0.8800000000000001
2015-12-24,5,0.91,0.8759645669291339,0.8800000000000001
2015-12-24,20,0.81,0.8638582677165355,0.8800000000000001
2015-12-31,1,0.91,0.9092151733158927,0.91
2015-12-31,5,0.91,0.9060758665794637,0.91
2015-12-31,20,0.81,0.8943034663178548,0.91
2016-01-07,1,0.8700000000000001,0.9092177314211213,0.91
2016-01-07,5,0.91,0.9060886571056063,0.91
2016-01-07,20,0.7699999999999999,0.8943546284224251,0.91
2016-01-14,1,0.8599999999999999,0.9092202729044835,0.91
2016-01-14,5,0.81,0.9061013645224172,0.91
2016-01-14,20,0.64,0.8944054580896686,0.91
2016-01-21,1,0.8600000000000001,0.8091580310880829,0.81
2016-01-21,5,0.81,0.8057901554404145,0.81
2016-01-21,20,0.6800000000000002,0.793160621761658,0.81
2016-01-28,1,0.8,0.8091607488702389,0.81
2016-01-28,5,0.7699999999999999,0.8058037443511944,0.81
2016-01-28,20,0.6399999999999999,0.7932149774047773,0.81
2016-02-04,1,0.7599999999999999,0.7691377091377091,0.7699999999999999
2016-02-04,5,0.64,0.7656885456885456,0.7699999999999999
2016-02-04,20,0.71,0.7527541827541827,0.7699999999999999
2016-02-11,1,0.69,0.6390570878768441,0.64
2016-02-11,5,0.6800000000000002,0.6352854393842207,0.64
2016-02-11,20,0.74,0.6211417575368826,0.64
2016-02-18,1,0.6700000000000002,0.6790856777493608,0.6800000000000002
2016-02-18,5,0.6399999999999999,0.6754283887468032,0.6800000000000002
2016-02-18,20,0.76,0.6617135549872124,0.6800000000000002
2016-02-25,1,0.6799999999999999,0.6390630975143402,0.6399999999999999
2016-02-25,5,0.71,0.6353154875717016,0.6399999999999999
2016-02-25,20,0.71,0.6212619502868068,0.6399999999999999
2016-03-03,1,0.73,0.7091105463786531,0.71
2016-03-03,5,0.74,0.7055527318932655,0.71
2016-03-03,20,0.69,0.6922109275730622,0.71
2016-03-10,1,0.7800000000000001,0.7391323622545916,0.74
2016-03-10,5,0.76,0.7356618112729576,0.74
2016-03-10,20,0.6299999999999999,0.7226472450918302,0.74
2016-03-17,1,0.75,0.7591477272727273,0.76
2016-03-17,5,0.71,0.7557386363636364,0.76
2016-03-17,20,0.6900000000000001,0.7429545454545454,0.76
2016-03-24,1,0.71,0.7091189427312775,0.71
2016-03-24,5,0.69,0.7055947136563876,0.71
2016-03-24,20,0.83,0.6923788546255506,0.71
2016-03-31,1,0.7,0.6891091593475532,0.69
2016-03-31,5,0.6299999999999999,0.6855457967377666,0.69
2016-03-31,20,0.8099999999999999,0.6721831869510665,0.69
2016-04-07,1,0.6699999999999999,0.6290744215134458,0.6299999999999999
2016-04-07,5,0.6900000000000001,0.6253721075672294,0.6299999999999999
2016-04-07,20,0.7800000000000001,0.611488430268918,0.6299999999999999
2016-04-14,1,0.67,0.6891147132169576,0.6900000000000001
2016-04-14,5,0.83,0.685573566084788,0.6900000000000001
2016-04-14,20,0.76,0.6722942643391522,0.6900000000000001
2016-04-21,1,0.84,0.8292044748290863,0.83
2016-04-21,5,0.8099999999999999,0.8260223741454319,0.83
2016-04-21,20,0.7200000000000001,0.8140894965817277,0.83
2016-04-28,1,0.82,0.8091945477075588,0.8099999999999999
2016-04-28,5,0.7800000000000001,0.8059727385377943,0.8099999999999999
2016-04-28,20,0.7100000000000001,0.7938909541511772,0.8099999999999999
2016-05-05,1,0.79,0.7791785052501545,0.7800000000000001
2016-05-05,5,0.76,0.7758925262507722,0.7800000000000001
2016-05-05,20,0.68,0.7635701050030884,0.7800000000000001
2016-05-12,1,0.72,0.7591687192118227,0.76
2016-05-12,5,0.7200000000000001,0.7558435960591133,0.76
2016-05-12,20,0.6699999999999999,0.7433743842364532,0.76
2016-05-19,1,0.7300000000000001,0.7191467157765501,0.7200000000000001
2016-05-19,5,0.7100000000000001,0.7157335788827502,0.7200000000000001
2016-05-19,20,0.5900000000000001,0.7029343155310007,0.7200000000000001
2016-05-26,1,0.7000000000000001,0.7091432068543453,0.7100000000000001
2016-05-26,5,0.68,0.7057160342717259,0.7100000000000001
2016-05-26,20,0.68,0.6928641370869034,0.7100000000000001
2016-06-02,1,0.6799999999999999,0.6791275167785236,0.68
2016-06-02,5,0.6699999999999999,0.6756375838926175,0.68
2016-06-02,20,0.54,0.6625503355704698,0.68
2016-06-09,1,0.6300000000000001,0.6691240875912408,0.6699999999999999
2016-06-09,5,0.5900000000000001,0.6656204379562043,0.6699999999999999
2016-06-09,20,0.51,0.6524817518248175,0.6699999999999999
2016-06-16,1,0.6000000000000001,0.5890782292298363,0.5900000000000001
2016-06-16,5,0.68,0.5853911461491814,0.5900000000000001
2016-06-16,20,0.51,0.5715645845967253,0.5900000000000001
2016-06-23,1,0.6299999999999999,0.6791354292623942,0.68
2016-06-23,5,0.54,0.6756771463119711,0.68
2016-06-23,20,0.5300000000000001,0.662708585247884,0.68
2016-06-30,1,0.54,0.5390536467751658,0.54
2016-06-30,5,0.51,0.5352682338758289,0.54
2016-06-30,20,0.4800000000000001,0.5210729355033152,0.54
2016-07-07,1,0.49,0.5090384615384616,0.51
2016-07-07,5,0.51,0.5051923076923077,0.51
2016-07-07,20,0.51,0.4907692307692308,0.51
2016-07-14,1,0.5400000000000001,0.5090413421210306,0.51
2016-07-14,5,0.5300000000000001,0.5052067106051528,0.51
2016-07-14,20,0.5,0.49082684242061114,0.51
2016-07-21,1,0.53,0.5290561529271208,0.5300000000000001
2016-07-21,5,0.4800000000000001,0.5252807646356035,0.5300000000000001
2016-07-21,20,0.4700000000000001,0.5111230585424135,0.5300000000000001
2016-07-28,1,0.49,0.479029184038118,0.4800000000000001
2016-07-28,5,0.51,0.4751459201905897,0.4800000000000001
2016-07-28,20,0.4800000000000001,0.4605836807623586,0.4800000000000001
2016-08-04,1,0.55,0.5090498812351544,0.51
2016-08-04,5,0.5,0.505249406175772,0.51
2016-08-04,20,0.4399999999999999,0.4909976247030879,0.51
2016-08-11,1,0.49,0.49904677323860275,0.5
2016-08-11,5,0.4700000000000001,0.4952338661930136,0.5
2016-08-11,20,0.5200000000000001,0.48093546477205446,0.5
2016-08-18,1,0.5100000000000001,0.4690318772136955,0.4700000000000001
2016-08-18,5,0.4800000000000001,0.46515938606847707,0.4700000000000001
2016-08-18,20,0.63,0.450637544273908,0.4700000000000001
2016-08-25,1,0.4800000000000001,0.4790406121247794,0.4800000000000001
2016-08-25,5,0.4399999999999999,0.4752030606238965,0.4800000000000001
2016-08-25,20,0.5300000000000001,0.4608122424955857,0.4800000000000001
2016-09-01,1,0.4700000000000001,0.4390199530516431,0.4399999999999999
2016-09-01,5,0.5200000000000001,0.43509976525821586,0.4399999999999999
2016-09-01,20,0.4599999999999999,0.42039906103286373,0.4399999999999999
2016-09-08,1,0.57,0.5190696313633705,0.5200000000000001
2016-09-08,5,0.63,0.5153481568168521,0.5200000000000001
2016-09-08,20,0.57,0.501392627267408,0.5200000000000001
2016-09-15,1,0.61,0.6291365227537923,0.63
2016-09-15,5,0.5300000000000001,0.6256826137689615,0.63
2016-09-15,20,0.58,0.612730455075846,0.63
2016-09-22,1,0.52,0.5290808609656779,0.5300000000000001
2016-09-22,5,0.4599999999999999,0.5254043048283887,0.5300000000000001
2016-09-22,20,0.6199999999999999,0.5116172193135545,0.5300000000000001
2016-09-29,1,0.48,0.4590429234338746,0.4599999999999999
2016-09-29,5,0.57,0.45521461716937345,0.4599999999999999
2016-09-29,20,0.65,0.4408584686774941,0.4599999999999999
2016-10-06,1,0.58,0.5691093117408906,0.57
2016-10-06,5,0.58,0.5655465587044534,0.57
2016-10-06,20,0.6599999999999999,0.5521862348178137,0.57
2016-10-13,1,0.63,0.5791176470588235,0.58
2016-10-13,5,0.6199999999999999,0.5755882352941176,0.58
2016-10-13,20,0.8099999999999999,0.5623529411764705,0.58
2016-10-20,1,0.6099999999999999,0.6191431857389303,0.6199999999999999
2016-10-20,5,0.65,0.615715928694652,0.6199999999999999
2016-10-20,20,0.88,0.6028637147786082,0.6199999999999999
2016-10-27,1,0.66,0.6491628440366972,0.65
2016-10-27,5,0.6599999999999999,0.6458142201834862,0.65
2016-10-27,20,0.91,0.6332568807339449,0.65
2016-11-03,1,0.6399999999999999,0.6591709548313321,0.6599999999999999
2016-11-03,5,0.8099999999999999,0.6558547741566608,0.6599999999999999
2016-11-03,20,0.91,0.6434190966266438,0.6599999999999999
2016-11-10,1,0.8099999999999999,0.8092588369441277,0.8099999999999999
2016-11-10,5,0.88,0.8062941847206385,0.8099999999999999
2016-11-10,20,0.93,0.7951767388825541,0.8099999999999999
2016-11-17,1,0.9,0.879300739056282,0.88
2016-11-17,5,0.91,0.8765036952814099,0.88
2016-11-17,20,1.02,0.8660147811256396,0.88
2016-11-24,1,0.9,0.9093197278911564,0.91
2016-11-24,5,0.91,0.9065986394557823,0.91
2016-11-24,20,0.99,0.8963945578231293,0.91
2016-12-01,1,0.8999999999999999,0.9093216506500849,0.91
2016-12-01,5,0.93,0.906608253250424,0.91
2016-12-01,20,0.96,0.8964330130016959,0.91
2016-12-08,1,0.99,0.9293348365276213,0.93
2016-12-08,5,1.02,0.926674182638106,0.93
2016-12-08,20,0.95,0.916696730552424,0.93
2016-12-15,1,1.0100000000000002,1.0193872962338393,1.02
2016-12-15,5,0.99,1.016936481169196,1.02
2016-12-15,20,0.8799999999999999,1.0077459246767848,1.02
2016-12-22,1,1.0,0.9893721973094171,0.99
2016-12-22,5,0.96,0.9868609865470852,0.99
2016-12-22,20,0.96,0.9774439461883407,0.99
2016-12-29,1,0.98,0.959357182783678,0.96
2016-12-29,5,0.95,0.9567859139183901,0.96
2016-12-29,20,1.0,0.9471436556735606,0.96
2017-01-05,1,0.97,0.9493534002229654,0.95
2017-01-05,5,0.8799999999999999,0.9467670011148271,0.95
2017-01-05,20,0.99,0.9370680044593087,0.95
2017-01-12,1,0.92,0.8793162868260144,0.8799999999999999
2017-01-12,5,0.96,0.8765814341300722,0.8799999999999999
2017-01-12,20,0.93,0.866325736520289,0.8799999999999999
2017-01-19,1,0.97,0.9593625277161862,0.96
2017-01-19,5,1.0,0.9568126385809312,0.96
2017-01-19,20,0.95,0.9472505543237251,0.96
2017-01-26,1,0.98,0.9993864013266999,1.0
2017-01-26,5,0.99,0.9969320066334991,1.0
2017-01-26,20,0.91,0.9877280265339967,1.0
2017-02-02,1,1.0,0.9893825799338478,0.99
2017-02-02,5,0.93,0.9869128996692392,0.99
2017-02-02,20,0.92,0.977651598676957,0.99
2017-02-09,1,0.92,0.9293512919186366,0.93
2017-02-09,5,0.95,0.9267564595931831,0.93
2017-02-09,20,0.99,0.9170258383727323,0.93
2017-02-16,1,0.93,0.9493640350877193,0.95
2017-02-16,5,0.91,0.9468201754385964,0.95
2017-02-16,20,0.98,0.9372807017543859,0.95
2017-02-23,1,0.8500000000000001,0.9093439037725534,0.91
2017-02-23,5,0.92,0.9067195188627666,0.91
2017-02-23,20,0.92,0.8968780754510661,0.91
2017-03-02,1,0.94,0.919351145038168,0.92
2017-03-02,5,0.99,0.9167557251908397,0.92
2017-03-02,20,0.8899999999999999,0.9070229007633588,0.92
2017-03-09,1,0.97,0.9893909733550843,0.99
2017-03-09,5,0.98,0.9869548667754214,0.99
2017-03-09,20,0.8300000000000001,0.9778194671016857,0.99
2017-03-16,1,0.96,0.9793872017353579,0.98
2017-03-16,5,0.92,0.9769360086767895,0.98
2017-03-16,20,0.76,0.9677440347071583,0.98
2017-03-23,1,0.8899999999999999,0.9193564088696593,0.92
2017-03-23,5,0.8899999999999999,0.9167820443482965,0.92
2017-03-23,20,0.74,0.9071281773931855,0.92
2017-03-30,1,0.8799999999999999,0.8893419633225458,0.8899999999999999
2017-03-30,5,0.8300000000000001,0.8867098166127292,0.8899999999999999
2017-03-30,20,0.8400000000000001,0.8768392664509168,0.8899999999999999
2017-04-06,1,0.8300000000000001,0.8293114577729963,0.8300000000000001
2017-04-06,5,0.76,0.8265572888649813,0.8300000000000001
2017-04-06,20,0.85,0.8162291554599248,0.8300000000000001
2017-04-13,1,0.76,0.7592757510729614,0.76
2017-04-13,5,0.74,0.7563787553648069,0.76
2017-04-13,20,0.9000000000000001,0.7455150214592274,0.76
2017-04-20,1,0.75,0.7392669876939539,0.74
2017-04-20,5,0.8400000000000001,0.7363349384697699,0.74
2017-04-20,20,0.7699999999999999,0.7253397538790797,0.74
2017-04-27,1,0.8200000000000001,0.8393223052294558,0.8400000000000001
2017-04-27,5,0.85,0.8366115261472786,0.8400000000000001
2017-04-27,20,0.74,0.8264461045891143,0.8400000000000001
2017-05-04,1,0.86,0.8493294305481639,0.85
2017-05-04,5,0.9000000000000001,0.8466471527408196,0.85
2017-05-04,20,0.73,0.8365886109632783,0.85
2017-05-11,1,0.89,0.8993577494692145,0.9000000000000001
2017-05-11,5,0.7699999999999999,0.8967887473460723,0.9000000000000001
2017-05-11,20,0.71,0.8871549893842888,0.9000000000000001
2017-05-18,1,0.7899999999999999,0.7692906299629433,0.7699999999999999
2017-05-18,5,0.74,0.7664531498147167,0.7699999999999999
2017-05-18,20,0.62,0.755812599258867,0.7699999999999999
2017-05-25,1,0.73,0.7392766631467793,0.74
2017-05-25,5,0.73,0.7363833157338965,0.74
2017-05-25,20,0.57,0.7255332629355861,0.74
2017-06-01,1,0.71,0.7292733017377567,0.73
2017-06-01,5,0.71,0.7263665086887835,0.73
2017-06-01,20,0.6199999999999999,0.7154660347551343,0.73
2017-06-08,1,0.6799999999999999,0.7092647058823529,0.71
2017-06-08,5,0.62,0.7063235294117647,0.71
2017-06-08,20,0.7000000000000002,0.6952941176470588,0.71
2017-06-15,1,0.63,0.619219486642221,0.62
2017-06-15,5,0.57,0.6160974332111053,0.62
2017-06-15,20,0.7,0.6043897328444212,0.62
2017-06-22,1,0.58,0.5691954022988506,0.57
2017-06-22,5,0.6199999999999999,0.5659770114942528,0.57
2017-06-22,20,0.6399999999999999,0.5539080459770115,0.57
2017-06-29,1,0.6599999999999999,0.6192235539343407,0.6199999999999999
2017-06-29,5,0.7000000000000002,0.6161177696717038,0.6199999999999999
2017-06-29,20,0.7,0.6044710786868159,0.6199999999999999
2017-07-06,1,0.72,0.6992671517671519,0.7000000000000002
2017-07-06,5,0.7,0.696335758835759,0.7000000000000002
2017-07-06,20,0.6499999999999999,0.6853430353430355,0.7000000000000002
2017-07-13,1,0.71,0.6992690513219284,0.7
2017-07-13,5,0.6399999999999999,0.6963452566096423,0.7
2017-07-13,20,0.6300000000000001,0.6853810264385691,0.7
2017-07-20,1,0.6299999999999999,0.6392399172699068,0.6399999999999999
2017-07-20,5,0.7,0.6361995863495346,0.6399999999999999
2017-07-20,20,0.6200000000000001,0.6247983453981385,0.6399999999999999
2017-07-27,1,0.6999999999999997,0.699272821041774,0.7
2017-07-27,5,0.6499999999999999,0.6963641052088705,0.7
2017-07-27,20,0.6199999999999999,0.6854564208354822,0.7
2017-08-03,1,0.6799999999999999,0.6492489711934155,0.6499999999999999
2017-08-03,5,0.6300000000000001,0.6462448559670781,0.6499999999999999
2017-08-03,20,0.5800000000000001,0.6349794238683126,0.6499999999999999
2017-08-10,1,0.6400000000000001,0.6292406362237046,0.6300000000000001
2017-08-10,5,0.6200000000000001,0.6262031811185225,0.6300000000000001
2017-08-10,20,0.47,0.6148127244740894,0.6300000000000001
2017-08-17,1,0.6300000000000001,0.6192374616171956,0.6200000000000001
2017-08-17,5,0.6199999999999999,0.6161873080859775,0.6200000000000001
2017-08-17,20,0.4899999999999997,0.60474923234391,0.6200000000000001
2017-08-24,1,0.6100000000000001,0.6192394078611535,0.6199999999999999
2017-08-24,5,0.5800000000000001,0.6161970393057681,0.6199999999999999
2017-08-24,20,0.53,0.6047881572230729,0.6199999999999999
2017-08-31,1,0.5699999999999998,0.5792209775967414,0.5800000000000001
2017-08-31,5,0.47,0.5761048879837067,0.5800000000000001
2017-08-31,20,0.5800000000000001,0.564419551934827,0.5800000000000001
2017-09-07,1,0.47,0.4691670898933468,0.47
2017-09-07,5,0.4899999999999997,0.46583544946673433,0.47
2017-09-07,20,0.5800000000000001,0.4533417978669375,0.47
2017-09-14,1,0.4899999999999997,0.4891793313069906,0.4899999999999997
2017-09-14,5,0.53,0.4858966565349541,0.4899999999999997
2017-09-14,20,0.52,0.47358662613981733,0.4899999999999997
2017-09-21,1,0.5099999999999998,0.5292016169782718,0.53
2017-09-21,5,0.5800000000000001,0.5260080848913593,0.53
2017-09-21,20,0.53,0.5140323395654371,0.53
2017-09-28,1,0.5800000000000001,0.5792288306451614,0.5800000000000001
2017-09-28,5,0.5800000000000001,0.5761441532258065,0.5800000000000001
2017-09-28,20,0.5799999999999998,0.5645766129032259,0.5800000000000001
2017-10-05,1,0.5799999999999998,0.5792307692307693,0.5800000000000001
2017-10-05,5,0.52,0.5761538461538462,0.5800000000000001
2017-10-05,20,0.55,0.5646153846153846,0.5800000000000001
2017-10-12,1,0.4899999999999997,0.5192026078234704,0.52
2017-10-12,5,0.53,0.5160130391173521,0.52
2017-10-12,20,0.48,0.5040521564694083,0.52
2017-10-19,1,0.5599999999999998,0.5292096048024012,0.53
2017-10-19,5,0.5799999999999998,0.526048024012006,0.53
2017-10-19,20,0.49,0.5141920960480241,0.53
2017-10-26,1,0.56,0.5792365269461076,0.5799999999999998
2017-10-26,5,0.55,0.5761826347305388,0.5799999999999998
2017-10-26,20,0.4599999999999999,0.5647305389221555,0.5799999999999998
2017-11-02,1,0.51,0.5492234942757591,0.55
2017-11-02,5,0.48,0.5461174713787955,0.55
2017-11-02,20,0.4599999999999999,0.5344698855151817,0.55
2017-11-09,1,0.5,0.4791906653426018,0.48
2017-11-09,5,0.49,0.47595332671300894,0.48
2017-11-09,20,0.3600000000000001,0.4638133068520357,0.48
2017-11-16,1,0.49,0.4891976225854383,0.49
2017-11-16,5,0.4599999999999999,0.4859881129271917,0.49
2017-11-16,20,0.29,0.4739524517087667,0.49
2017-11-23,1,0.4499999999999999,0.45918478260869555,0.4599999999999999
2017-11-23,5,0.4599999999999999,0.4559239130434782,0.4599999999999999
2017-11-23,20,0.3499999999999998,0.44369565217391294,0.4599999999999999
2017-11-30,1,0.3799999999999999,0.4591867915229176,0.4599999999999999
2017-11-30,5,0.3600000000000001,0.4559339576145884,0.4599999999999999
2017-11-30,20,0.3399999999999998,0.4437358304583538,0.4599999999999999
2017-12-07,1,0.3500000000000001,0.35913962635201585,0.3600000000000001
2017-12-07,5,0.29,0.35569813176007875,0.3600000000000001
2017-12-07,20,0.3800000000000001,0.34279252704031477,0.3600000000000001
2017-12-14,1,0.28,0.289107405590976,0.29
2017-12-14,5,0.3499999999999998,0.28553702795487984,0.29
2017-12-14,20,0.4099999999999999,0.27214811181951937,0.29
2017-12-21,1,0.3600000000000001,0.3491389432485321,0.3499999999999998
2017-12-21,5,0.3399999999999998,0.34569471624266124,0.3499999999999998
2017-12-21,20,0.4199999999999999,0.33277886497064557,0.3499999999999998
2017-12-28,1,0.3600000000000001,0.33913616398243024,0.3399999999999998
2017-12-28,5,0.3800000000000001,0.3356808199121521,0.3399999999999998
2017-12-28,20,0.4400000000000001,0.32272327964860886,0.3399999999999998
2018-01-04,1,0.3799999999999999,0.37915774099318417,0.3800000000000001
2018-01-04,5,0.4099999999999999,0.37578870496592026,0.3800000000000001
2018-01-04,20,0.51,0.36315481986368076,0.3800000000000001
2018-01-11,1,0.4200000000000001,0.4091743564837299,0.4099999999999999
2018-01-11,5,0.4199999999999999,0.40587178241864974,0.4099999999999999
2018-01-11,20,0.5299999999999998,0.39348712967459926,0.4099999999999999
2018-01-18,1,0.4299999999999999,0.41918120155038746,0.4199999999999999
2018-01-18,5,0.4400000000000001,0.41590600775193787,0.4199999999999999
2018-01-18,20,0.53,0.4036240310077518,0.4199999999999999
2018-01-25,1,0.4499999999999997,0.439192846785887,0.4400000000000001
2018-01-25,5,0.51,0.4359642339294346,0.4400000000000001
2018-01-25,20,0.4999999999999998,0.42385693571773814,0.4400000000000001
2018-02-01,1,0.5099999999999998,0.509228543876567,0.51
2018-02-01,5,0.5299999999999998,0.5061427193828351,0.51
2018-02-01,20,0.4099999999999999,0.49457087753134044,0.51
2018-02-08,1,0.5700000000000001,0.5292400192400191,0.5299999999999998
2018-02-08,5,0.53,0.526200096200096,0.5299999999999998
2018-02-08,20,0.4499999999999999,0.5148003848003846,0.5299999999999998
2018-02-15,1,0.49,0.5292418426103647,0.53
2018-02-15,5,0.4999999999999998,0.5262092130518234,0.53
2018-02-15,20,0.3900000000000001,0.5148368522072937,0.53
2018-02-22,1,0.47,0.49922929631402563,0.4999999999999998
2018-02-22,5,0.4099999999999999,0.496146481570129,0.4999999999999998
2018-02-22,20,0.3499999999999998,0.4845859262805168,0.4999999999999998
2018-03-01,1,0.4300000000000001,0.4091881566380133,0.4099999999999999
2018-03-01,5,0.4499999999999999,0.40594078319006677,0.4099999999999999
2018-03-01,20,0.3199999999999998,0.39376313276026736,0.4099999999999999
2018-03-08,1,0.4399999999999999,0.44920914721295846,0.4499999999999999
2018-03-08,5,0.3900000000000001,0.44604573606479264,0.4499999999999999
2018-03-08,20,0.3700000000000001,0.4341829442591709,0.4499999999999999
2018-03-15,1,0.3800000000000001,0.38918250950570354,0.3900000000000001
2018-03-15,5,0.3499999999999998,0.3859125475285172,0.3900000000000001
2018-03-15,20,0.3900000000000001,0.3736501901140686,0.3900000000000001
2018-03-22,1,0.3399999999999998,0.34916548127074426,0.3499999999999998
2018-03-22,5,0.3199999999999998,0.34582740635372194,0.3499999999999998
2018-03-22,20,0.4099999999999999,0.3333096254148884,0.3499999999999998
2018-03-29,1,0.3199999999999998,0.31915326395458826,0.3199999999999998
2018-03-29,5,0.3700000000000001,0.31576631977294206,0.3199999999999998
2018-03-29,20,0.4400000000000001,0.30306527909176895,0.3199999999999998
2018-04-05,1,0.3500000000000001,0.36917885795186417,0.3700000000000001
2018-04-05,5,0.3900000000000001,0.36589428975932053,0.3700000000000001
2018-04-05,20,0.4099999999999999,0.3535771590372818,0.3700000000000001
2018-04-12,1,0.3699999999999999,0.389190207156309,0.3900000000000001
2018-04-12,5,0.4099999999999999,0.3859510357815444,0.3900000000000001
2018-04-12,20,0.4299999999999999,0.37380414312617716,0.3900000000000001
2018-04-19,1,0.4000000000000001,0.40920150305307645,0.4099999999999999
2018-04-19,5,0.4400000000000001,0.4060075152653827,0.4099999999999999
2018-04-19,20,0.4599999999999999,0.39403006106153116,0.4099999999999999
2018-04-26,1,0.4299999999999999,0.4392174320524837,0.4400000000000001
2018-04-26,5,0.4099999999999999,0.4360871602624181,0.4400000000000001
2018-04-26,20,0.4200000000000001,0.42434864104967207,0.4400000000000001
2018-05-03,1,0.4200000000000001,0.4092052360916315,0.4099999999999999
2018-05-03,5,0.4299999999999999,0.4060261804581579,0.4099999999999999
2018-05-03,20,0.33,0.394104721832632,0.4099999999999999
2018-05-10,1,0.4199999999999999,0.4292164179104476,0.4299999999999999
2018-05-10,5,0.4599999999999999,0.4260820895522387,0.4299999999999999
2018-05-10,20,0.3700000000000001,0.4143283582089551,0.4299999999999999
2018-05-17,1,0.4500000000000002,0.45923220102373186,0.4599999999999999
2018-05-17,5,0.4200000000000001,0.45616100511865976,0.4599999999999999
2018-05-17,20,0.3400000000000001,0.44464402047463925,0.4599999999999999
2018-05-24,1,0.3900000000000001,0.4192154131847726,0.4200000000000001
2018-05-24,5,0.33,0.4160770659238627,0.4200000000000001
2018-05-24,20,0.32,0.4043082636954504,0.4200000000000001
2018-05-31,1,0.3200000000000003,0.3291755442334414,0.33
2018-05-31,5,0.3700000000000001,0.32587772116720704,0.33
2018-05-31,20,0.2799999999999998,0.31351088466882815,0.33
2018-06-07,1,0.3900000000000001,0.36919593345656204,0.3700000000000001
2018-06-07,5,0.3400000000000001,0.36597966728280973,0.3700000000000001
2018-06-07,20,0.2300000000000002,0.35391866913123854,0.3700000000000001
2018-06-14,1,0.3300000000000003,0.3391839557399724,0.3400000000000001
2018-06-14,5,0.32,0.3359197786998618,0.3400000000000001
2018-06-14,20,0.2200000000000002,0.32367911479944683,0.3400000000000001
2018-06-21,1,0.33,0.3191766329346826,0.32
2018-06-21,5,0.2799999999999998,0.31588316467341304,0.32
2018-06-21,20,0.1799999999999999,0.30353265869365226,0.32
2018-06-28,1,0.26,0.2791601652134004,0.2799999999999998
2018-06-28,5,0.2300000000000002,0.275800826067003,0.2799999999999998
2018-06-28,20,0.2299999999999999,0.26320330426801264,0.2799999999999998
2018-07-05,1,0.2199999999999999,0.22913919413919434,0.2300000000000002
2018-07-05,5,0.2200000000000002,0.2256959706959709,0.2300000000000002
2018-07-05,20,0.2799999999999998,0.212783882783883,0.2300000000000002
2018-07-12,1,0.2200000000000002,0.21913659205116512,0.2200000000000002
2018-07-12,5,0.1799999999999999,0.21568296025582478,0.2200000000000002
2018-07-12,20,0.2200000000000002,0.2027318410232985,0.2200000000000002
2018-07-19,1,0.2100000000000002,0.17912032816773008,0.1799999999999999
2018-07-19,5,0.2299999999999999,0.17560164083865076,0.1799999999999999
2018-07-19,20,0.1699999999999999,0.16240656335460338,0.1799999999999999
2018-07-26,1,0.2299999999999999,0.22914506593906311,0.2299999999999999
2018-07-26,5,0.2799999999999998,0.22572532969531595,0.2299999999999999
2018-07-26,20,0.1299999999999999,0.21290131878126412,0.2299999999999999
2018-08-02,1,0.2600000000000002,0.27916969147005427,0.2799999999999998
2018-08-02,5,0.2200000000000002,0.275848457350272,0.2799999999999998
2018-08-02,20,0.1699999999999999,0.26339382940108874,0.2799999999999998
2018-08-09,1,0.1899999999999999,0.21914440923494813,0.2200000000000002
2018-08-09,5,0.1699999999999999,0.2157220461747399,0.2200000000000002
2018-08-09,20,0.1699999999999999,0.202888184698959,0.2200000000000002
2018-08-16,1,0.1499999999999999,0.1691237579042456,0.1699999999999999
2018-08-16,5,0.1299999999999999,0.16561878952122844,0.1699999999999999
2018-08-16,20,0.1799999999999997,0.15247515808491408,0.1699999999999999
2018-08-23,1,0.1299999999999999,0.12910770617395212,0.1299999999999999
2018-08-23,5,0.1699999999999999,0.12553853086976105,0.1299999999999999
2018-08-23,20,0.2399999999999997,0.1121541234790445,0.1299999999999999
2018-08-30,1,0.1600000000000001,0.16912769784172652,0.1699999999999999
2018-08-30,5,0.1699999999999999,0.165638489208633,0.1699999999999999
2018-08-30,20,0.2200000000000002,0.15255395683453227,0.1699999999999999
2018-09-06,1,0.1800000000000001,0.1691296545536114,0.1699999999999999
2018-09-06,5,0.1799999999999997,0.16564827276805733,0.1699999999999999
2018-09-06,20,0.25,0.1525930910722296,0.1699999999999999
2018-09-13,1,0.2099999999999999,0.1791360787824527,0.1799999999999997
2018-09-13,5,0.2399999999999997,0.17568039391226467,0.1799999999999997
2018-09-13,20,0.2200000000000002,0.16272157564905967,0.1799999999999997
2018-09-20,1,0.25,0.2391648057168376,0.2399999999999997
2018-09-20,5,0.2200000000000002,0.23582402858418908,0.2399999999999997
2018-09-20,20,0.1800000000000001,0.2232961143367572,0.2399999999999997
2018-09-27,1,0.2099999999999999,0.21915775401069537,0.2200000000000002
2018-09-27,5,0.25,0.21578877005347613,0.2200000000000002
2018-09-27,20,0.1400000000000001,0.20315508021390394,0.2200000000000002
2018-10-04,1,0.2800000000000002,0.24917296576256115,0.25
2018-10-04,5,0.2200000000000002,0.2458648288128057,0.25
2018-10-04,20,0.1600000000000001,0.23345931525122277,0.25
2018-10-11,1,0.2200000000000002,0.21916149068323001,0.2200000000000002
2018-10-11,5,0.1800000000000001,0.21580745341614926,0.2200000000000002
2018-10-11,20,0.1800000000000001,0.20322981366459647,0.2200000000000002
2018-10-18,1,0.2000000000000001,0.17914563966356806,0.1800000000000001
2018-10-18,5,0.1400000000000001,0.17572819831783987,0.1800000000000001
2018-10-18,20,0.1399999999999996,0.1629127932713591,0.1800000000000001
2018-10-25,1,0.1300000000000003,0.13912985865724392,0.1400000000000001
2018-10-25,5,0.1600000000000001,0.13564929328621916,0.1400000000000001
2018-10-25,20,0.1199999999999996,0.12259717314487642,0.1400000000000001
2018-11-01,1,0.1799999999999997,0.15914059056853247,0.1600000000000001
2018-11-01,5,0.1800000000000001,0.15570295284266206,0.1600000000000001
2018-11-01,20,0.1099999999999998,0.14281181137064794,0.1600000000000001
2018-11-08,1,0.1699999999999999,0.17915127528584004,0.1800000000000001
2018-11-08,5,0.1399999999999996,0.17575637642919975,0.1800000000000001
2018-11-08,20,0.09,0.1630255057167987,0.1800000000000001
2018-11-15,1,0.1399999999999996,0.13913558578323787,0.1399999999999996
2018-11-15,5,0.1199999999999996,0.1356779289161909,0.1399999999999996
2018-11-15,20,0.0899999999999998,0.12271171566476484,0.1399999999999996
2018-11-22,1,0.1099999999999998,0.11912872154115546,0.1199999999999996
2018-11-22,5,0.1099999999999998,0.11564360770577893,0.1199999999999996
2018-11-22,20,0.08,0.10257443082311693,0.1199999999999996
2018-11-29,1,0.1099999999999998,0.10912625600698976,0.1099999999999998
2018-11-29,5,0.09,0.10563128003494957,0.1099999999999998
2018-11-29,20,0.09,0.09252512013979883,0.1099999999999998
2018-12-06,1,0.0699999999999998,0.08911944202266782,0.09
2018-12-06,5,0.0899999999999998,0.08559721011333914,0.09
2018-12-06,20,0.06,0.07238884045335658,0.09
2018-12-13,1,0.08,0.08912135711178754,0.0899999999999998
2018-12-13,5,0.08,0.08560678555893847,0.0899999999999998
2018-12-13,20,0.07,0.07242714223575447,0.0899999999999998
2018-12-20,1,0.08,0.07911892361111111,0.08
2018-12-20,5,0.09,0.07559461805555556,0.08
2018-12-20,20,0.09,0.06237847222222222,0.08
2018-12-27,1,0.0899999999999998,0.08912516240796882,0.09
2018-12-27,5,0.06,0.08562581203984408,0.09
2018-12-27,20,0.0699999999999998,0.07250324815937635,0.09
2019-01-03,1,0.0799999999999998,0.05911408815903198,0.06
2019-01-03,5,0.07,0.055570440795159895,0.06
2019-01-03,20,0.1099999999999998,0.04228176318063958,0.06
2019-01-10,1,0.06,0.06912031047865459,0.07
2019-01-10,5,0.09,0.06560155239327296,0.07
2019-01-10,20,0.1100000000000001,0.052406209573091854,0.07
2019-01-17,1,0.0899999999999998,0.08913080895008606,0.09
2019-01-17,5,0.0699999999999998,0.08565404475043029,0.09
2019-01-17,20,0.1099999999999998,0.07261617900172117,0.09
2019-01-24,1,0.09,0.06912408759124067,0.0699999999999998
2019-01-24,5,0.1099999999999998,0.06562043795620418,0.0699999999999998
2019-01-24,20,0.1199999999999998,0.05248175182481731,0.0699999999999998
2019-01-31,1,0.1299999999999999,0.10914310197086527,0.1099999999999998
2019-01-31,5,0.1100000000000001,0.10571550985432714,0.1099999999999998
2019-01-31,20,0.1599999999999999,0.09286203941730914,0.1099999999999998
2019-02-07,1,0.1099999999999998,0.10914493373236435,0.1100000000000001
2019-02-07,5,0.1099999999999998,0.10572466866182138,0.1100000000000001
2019-02-07,20,0.1399999999999999,0.09289867464728527,0.1100000000000001
2019-02-14,1,0.1099999999999998,0.1091467576791807,0.1099999999999998
2019-02-14,5,0.1199999999999998,0.10573378839590425,0.1099999999999998
2019-02-14,20,0.1,0.09293515358361755,0.1099999999999998
2019-02-21,1,0.1099999999999998,0.11915283099191125,0.1199999999999998
2019-02-21,5,0.1599999999999999,0.11576415495955705,0.1199999999999998
2019-02-21,20,0.0699999999999998,0.10305661983822884,0.1199999999999998
2019-02-28,1,0.1699999999999999,0.1591716227697535,0.1599999999999999
2019-02-28,5,0.1399999999999999,0.15585811384876794,0.1599999999999999
2019-02-28,20,0.06,0.1434324553950721,0.1599999999999999
2019-03-07,1,0.1100000000000001,0.1391649003815175,0.1399999999999999
2019-03-07,5,0.1,0.13582450190758785,0.1399999999999999
2019-03-07,20,0.1099999999999998,0.12329800763035174,0.1399999999999999
2019-03-14,1,0.0899999999999998,0.0991497461928934,0.1
2019-03-14,5,0.0699999999999998,0.09574873096446701,0.1
2019-03-14,20,0.1299999999999999,0.08299492385786802,0.1
2019-03-21,1,0.06,0.06913887716335987,0.0699999999999998
2019-03-21,5,0.06,0.06569438581680014,0.0699999999999998
2019-03-21,20,0.1499999999999999,0.052777543267201146,0.0699999999999998
2019-03-28,1,0.07,0.05913647851727043,0.06
2019-03-28,5,0.1099999999999998,0.055682392586352145,0.06
2019-03-28,20,0.1499999999999999,0.042729570345408585,0.06
2019-04-04,1,0.1099999999999998,0.10915931063472027,0.1099999999999998
2019-04-04,5,0.1299999999999999,0.10579655317360216,0.1099999999999998
2019-04-04,20,0.1399999999999999,0.09318621269440922,0.1099999999999998
2019-04-11,1,0.1500000000000001,0.12916946308724822,0.1299999999999999
2019-04-11,5,0.1499999999999999,0.1258473154362415,0.1299999999999999
2019-04-11,20,0.0999999999999998,0.11338926174496633,0.1299999999999999
2019-04-18,1,0.1499999999999999,0.1491795730431142,0.1499999999999999
2019-04-18,5,0.1499999999999999,0.14589786521557127,0.1499999999999999
2019-04-18,20,0.0899999999999998,0.13359146086228538,0.1499999999999999
2019-04-25,1,0.1399999999999999,0.14918128654970753,0.1499999999999999
2019-04-25,5,0.1399999999999999,0.14590643274853793,0.1499999999999999
2019-04-25,20,0.0599999999999998,0.13362573099415195,0.1499999999999999
2019-05-02,1,0.1300000000000001,0.1391788245102125,0.1399999999999999
2019-05-02,5,0.0999999999999998,0.13589412255106284,0.1399999999999999
2019-05-02,20,0.03,0.12357649020425167,0.1399999999999999
2019-05-09,1,0.09,0.0991638935108151,0.0999999999999998
2019-05-09,5,0.0899999999999998,0.09581946755407633,0.0999999999999998
2019-05-09,20,0.08,0.08327787021630595,0.0999999999999998
2019-05-16,1,0.0899999999999998,0.08916147779161458,0.0899999999999998
2019-05-16,5,0.0599999999999998,0.08580738895807369,0.0899999999999998
2019-05-16,20,0.05,0.07322955583229536,0.0899999999999998
2019-05-23,1,0.05,0.059150787075393334,0.0599999999999998
2019-05-23,5,0.03,0.05575393537696748,0.0599999999999998
2019-05-23,20,0.05,0.04301574150787055,0.0599999999999998
2019-05-30,1,0.06,0.02914014055394791,0.03
2019-05-30,5,0.08,0.02570070276973956,0.03
2019-05-30,20,0.03,0.01280281107895824,0.03
2019-06-06,1,0.06,0.07916254125412542,0.08
2019-06-06,5,0.05,0.07581270627062707,0.08
2019-06-06,20,-0.05,0.06325082508250825,0.08
2019-06-13,1,0.05,0.0491519143680527,0.05
2019-06-13,5,0.05,0.04575957184026348,0.05
2019-06-13,20,0.02,0.03303828736105393,0.05
2019-06-20,1,0.05,0.04915365653245686,0.05
2019-06-20,5,0.03,0.045768282662284304,0.05
2019-06-20,20,0.05,0.03307313064913722,0.05
2019-06-27,1,-0.01,0.02914719147191472,0.03
2019-06-27,5,-0.05,0.025735957359573597,0.03
2019-06-27,20,0.02,0.012943829438294384,0.03
2019-07-04,1,-0.05,-0.050883797054009826,-0.05
2019-07-04,5,0.02,-0.054418985270049104,-0.05
2019-07-04,20,-0.08,-0.0676759410801964,-0.05
2019-07-11,1,0.02,0.019146590445079624,0.02
2019-07-11,5,0.05,0.015732952225398122,0.02
2019-07-11,20,-0.1200000000000001,0.0029318089015924857,0.02
2019-07-18,1,0.04,0.04916055419722901,0.05
2019-07-18,5,0.02,0.04580277098614507,0.05
2019-07-18,20,-0.1999999999999999,0.03321108394458028,0.05
2019-07-25,1,-0.01,0.01915006100040667,0.02
2019-07-25,5,-0.08,0.015750305002033345,0.02
2019-07-25,20,-0.1799999999999999,0.003001220008133385,0.02
2019-08-01,1,-0.0899999999999998,-0.0808887987012987,-0.08
2019-08-01,5,-0.1200000000000001,-0.08444399350649351,-0.08
2019-08-01,20,-0.1900000000000001,-0.09777597402597403,-0.08
2019-08-08,1,-0.1099999999999998,-0.12090319967598229,-0.1200000000000001
2019-08-08,5,-0.1999999999999999,-0.12451599837991101,-0.1200000000000001
2019-08-08,20,-0.1899999999999999,-0.13806399351964369,-0.1200000000000001
2019-08-15,1,-0.1900000000000001,-0.20093371059013734,-0.1999999999999999
2019-08-15,5,-0.1799999999999999,-0.20466855295068706,-0.1999999999999999
2019-08-15,20,-0.1500000000000001,-0.21867421180274849,-0.1999999999999999
2019-08-22,1,-0.2000000000000001,-0.1809237595804759,-0.1799999999999999
2019-08-22,5,-0.1900000000000001,-0.1846187979023799,-0.1799999999999999
2019-08-22,20,-0.1700000000000001,-0.19847519160951987,-0.1799999999999999
2019-08-29,1,-0.1900000000000001,-0.19092592592592603,-0.1900000000000001
2019-08-29,5,-0.1899999999999999,-0.19462962962962974,-0.1900000000000001
2019-08-29,20,-0.2099999999999999,-0.20851851851851863,-0.1900000000000001
2019-09-05,1,-0.2099999999999999,-0.1909240658899155,-0.1899999999999999
2019-09-05,5,-0.1500000000000001,-0.19462032944957802,-0.1899999999999999
2019-09-05,20,-0.1699999999999999,-0.20848131779831247,-0.1899999999999999
2019-09-12,1,-0.1299999999999999,-0.15090617481956706,-0.1500000000000001
2019-09-12,5,-0.1700000000000001,-0.15453087409783492,-0.1500000000000001
2019-09-12,20,-0.1300000000000001,-0.16812349639133933,-0.1500000000000001
2019-09-19,1,-0.1800000000000001,-0.1709123649459785,-0.1700000000000001
2019-09-19,5,-0.2099999999999999,-0.17456182472989207,-0.1700000000000001
2019-09-19,20,-0.0899999999999998,-0.18824729891956793,-0.1700000000000001
2019-09-26,1,-0.2099999999999999,-0.21092651757188488,-0.2099999999999999
2019-09-26,5,-0.1699999999999999,-0.21463258785942482,-0.2099999999999999
2019-09-26,20,-0.1099999999999998,-0.2285303514376996,-0.2099999999999999
2019-10-03,1,-0.1799999999999999,-0.17090872857712225,-0.1699999999999999
2019-10-03,5,-0.1300000000000001,-0.1745436428856117,-0.1699999999999999
2019-10-03,20,-0.1,-0.1881745715424471,-0.1699999999999999
2019-10-10,1,-0.1399999999999999,-0.13089101034208442,-0.1300000000000001
2019-10-10,5,-0.0899999999999998,-0.1344550517104217,-0.1300000000000001
2019-10-10,20,-0.0199999999999997,-0.14782020684168665,-0.1300000000000001
2019-10-17,1,-0.0999999999999998,-0.09087336244541465,-0.0899999999999998
2019-10-17,5,-0.1099999999999998,-0.09436681222707403,-0.0899999999999998
2019-10-17,20,-0.06,-0.10746724890829674,-0.0899999999999998
2019-10-24,1,-0.1199999999999998,-0.11087955625990471,-0.1099999999999998
2019-10-24,5,-0.1,-0.11439778129952437,-0.1099999999999998
2019-10-24,20,-0.08,-0.12759112519809807,-0.1099999999999998
2019-10-31,1,-0.1100000000000001,-0.10087386318703045,-0.1
2019-10-31,5,-0.0199999999999997,-0.10436931593515224,-0.1
2019-10-31,20,-0.1300000000000001,-0.11747726374060895,-0.1
2019-11-07,1,0.0,-0.020840568271507195,-0.0199999999999997
2019-11-07,5,-0.06,-0.02420284135753719,-0.0199999999999997
2019-11-07,20,-0.0799999999999998,-0.03681136543014966,-0.0199999999999997
2019-11-14,1,-0.06,-0.06085466719180779,-0.06
2019-11-14,5,-0.08,-0.06427333595903899,-0.06
2019-11-14,20,-0.04,-0.07709334383615597,-0.06
2019-11-21,1,-0.1100000000000001,-0.08086084905660378,-0.08
2019-11-21,5,-0.1300000000000001,-0.08430424528301887,-0.08
2019-11-21,20,-0.04,-0.09721698113207547,-0.08
2019-11-28,1,-0.1200000000000001,-0.13087877599058462,-0.1300000000000001
2019-11-28,5,-0.0799999999999998,-0.1343938799529228,-0.1300000000000001
2019-11-28,20,-0.0599999999999998,-0.14757551981169095,-0.1300000000000001
2019-12-05,1,-0.0699999999999998,-0.0808574784651525,-0.0799999999999998
2019-12-05,5,-0.04,-0.08428739232576331,-0.0799999999999998
2019-12-05,20,-0.0399999999999998,-0.09714956930305382,-0.0799999999999998
2019-12-12,1,-0.0799999999999998,-0.04084017194216491,-0.04
2019-12-12,5,-0.04,-0.04420085971082454,-0.04
2019-12-12,20,-0.0299999999999998,-0.056803438843298165,-0.04
2019-12-19,1,-0.0399999999999998,-0.040838533541341655,-0.04
2019-12-19,5,-0.0599999999999998,-0.044192667706708266,-0.04
2019-12-19,20,-0.0899999999999998,-0.056770670826833076,-0.04
2019-12-26,1,-0.0699999999999998,-0.06084468664850116,-0.0599999999999998
2019-12-26,5,-0.0399999999999998,-0.06422343324250661,-0.0599999999999998
2019-12-26,20,-0.09,-0.07689373297002705,-0.0599999999999998
2020-01-02,1,-0.08,-0.04083527583527564,-0.0399999999999998
2020-01-02,5,-0.0299999999999998,-0.044176379176378976,-0.0399999999999998
2020-01-02,20,-0.1499999999999999,-0.056705516705516504,-0.0399999999999998
2020-01-09,1,-0.0599999999999998,-0.030829778984102166,-0.0299999999999998
2020-01-09,5,-0.0899999999999998,-0.034148894920511624,-0.0299999999999998
2020-01-09,20,-0.1199999999999998,-0.04659557968204711,-0.0299999999999998
2020-01-16,1,-0.0699999999999998,-0.0908513931888543,-0.0899999999999998
2020-01-16,5,-0.09,-0.09425696594427224,-0.0899999999999998
2020-01-16,20,-0.1200000000000001,-0.10702786377708959,-0.0899999999999998
2020-01-23,1,-0.1299999999999999,-0.09084974893781382,-0.09
2020-01-23,5,-0.1499999999999999,-0.09424874468906913,-0.09
2020-01-23,20,-0.1499999999999999,-0.10699497875627656,-0.09
2020-01-30,1,-0.1599999999999999,-0.15087124132613716,-0.1499999999999999
2020-01-30,5,-0.1199999999999998,-0.1543562066306861,-0.1499999999999999
2020-01-30,20,-0.09,-0.1674248265227447,-0.1499999999999999
2020-02-06,1,-0.1399999999999999,-0.1208580223162753,-0.1199999999999998
2020-02-06,5,-0.1200000000000001,-0.12429011158137726,-0.1199999999999998
2020-02-06,20,0.0499999999999999,-0.1371604463255096,-0.1199999999999998
2020-02-13,1,-0.1299999999999999,-0.12085637480798782,-0.1200000000000001
2020-02-13,5,-0.1499999999999999,-0.12428187403993866,-0.1200000000000001
2020-02-13,20,0.17,-0.13712749615975434,-0.1200000000000001
2020-02-20,1,-0.1399999999999999,-0.1508662322729014,-0.1499999999999999
2020-02-20,5,-0.09,-0.1543311613645074,-0.1499999999999999
2020-02-20,20,0.37,-0.1673246454580298,-0.1499999999999999
2020-02-27,1,-0.0199999999999997,-0.0908416220351951,-0.09
2020-02-27,5,0.0499999999999999,-0.09420811017597551,-0.09
2020-02-27,20,0.25,-0.10683244070390206,-0.09
2020-03-05,1,0.02,0.04921344024436798,0.0499999999999999
2020-03-05,5,0.17,0.0460672012218403,0.0499999999999999
2020-03-05,20,0.24,0.03426880488736148,0.0499999999999999
2020-03-12,1,0.3299999999999999,0.16926067073170734,0.17
2020-03-12,5,0.37,0.1663033536585366,0.17
2020-03-12,20,0.37,0.15521341463414634,0.17
2020-03-19,1,0.3099999999999999,0.36933815138836057,0.37
2020-03-19,5,0.25,0.366690756941803,0.37
2020-03-19,20,0.2799999999999999,0.35676302776721186,0.37
2020-03-26,1,0.2799999999999999,0.24929384965831436,0.25
2020-03-26,5,0.24,0.24646924829157174,0.25
2020-03-26,20,0.2699999999999999,0.23587699316628702,0.25
2020-04-02,1,0.3,0.23929139825691548,0.24
2020-04-02,5,0.37,0.23645699128457748,0.24
2020-04-02,20,0.24,0.22582796513830997,0.24
2020-04-09,1,0.37,0.36934190620272317,0.37
2020-04-09,5,0.2799999999999999,0.36670953101361575,0.37
2020-04-09,20,0.27,0.3568381240544629,0.37
2020-04-16,1,0.29,0.2793091732729331,0.2799999999999999
2020-04-16,5,0.2699999999999999,0.2765458663646658,0.2799999999999999
2020-04-16,20,0.26,0.26618346545866356,0.2799999999999999
2020-04-23,1,0.2499999999999999,0.2693067068575734,0.2699999999999999
2020-04-23,5,0.24,0.2665335342878673,0.2699999999999999
2020-04-23,20,0.25,0.2561341371514694,0.2699999999999999
2020-04-30,1,0.22,0.23929672809326813,0.24
2020-04-30,5,0.27,0.2364836404663407,0.24
2020-04-30,20,0.26,0.2259345618653629,0.24
2020-05-07,1,0.3099999999999999,0.26930930930930935,0.27
2020-05-07,5,0.26,0.2665465465465466,0.27
2020-05-07,20,0.35,0.2561861861861862,0.27
2020-05-14,1,0.26,0.259306856500562,0.26
2020-05-14,5,0.25,0.2565342825028101,0.26
2020-05-14,20,0.25,0.24613713001124016,0.26
2020-05-21,1,0.22,0.2493044128646223,0.25
2020-05-21,5,0.26,0.24652206432311144,0.25
2020-05-21,20,0.22,0.23608825729244576,0.25
2020-05-28,1,0.25,0.2593094438223218,0.26
2020-05-28,5,0.35,0.2565472191116088,0.26
2020-05-28,20,0.22,0.24618887644643525,0.26
2020-06-04,1,0.38,0.3493442622950819,0.35
2020-06-04,5,0.25,0.3467213114754098,0.35
2020-06-04,20,0.2700000000000001,0.3368852459016393,0.35
2020-06-11,1,0.25,0.24930829304574192,0.25
2020-06-11,5,0.22,0.24654146522870957,0.25
2020-06-11,20,0.25,0.23616586091483824,0.25
2020-06-18,1,0.23,0.21929844097995546,0.22
2020-06-18,5,0.22,0.21649220489977727,0.22
2020-06-18,20,0.2299999999999999,0.20596881959910912,0.22
2020-06-25,1,0.22,0.21929974064468322,0.22
2020-06-25,5,0.2700000000000001,0.21649870322341608,0.22
2020-06-25,20,0.2299999999999999,0.2059948128936643,0.22
2020-07-02,1,0.26,0.26931952662721903,0.2700000000000001
2020-07-02,5,0.25,0.26659763313609475,0.2700000000000001
2020-07-02,20,0.19,0.25639053254437877,0.2700000000000001
2020-07-09,1,0.27,0.24931339977851605,0.25
2020-07-09,5,0.2299999999999999,0.2465669988925803,0.25
2020-07-09,20,0.2,0.23626799557032116,0.25
2020-07-16,1,0.25,0.22930729550478987,0.2299999999999999
2020-07-16,5,0.2299999999999999,0.2265364775239498,0.2299999999999999
2020-07-16,20,0.33,0.21614591009579945,0.2299999999999999
2020-07-23,1,0.2299999999999999,0.22930856932695834,0.2299999999999999
2020-07-23,5,0.19,0.2265428466347921,0.2299999999999999
2020-07-23,20,0.28,0.2161713865391687,0.2299999999999999
2020-07-30,1,0.2,0.18929515418502202,0.19
2020-07-30,5,0.2,0.18647577092511014,0.19
2020-07-30,20,0.37,0.17590308370044053,0.19
2020-08-06,1,0.2099999999999999,0.19930010993037744,0.2
2020-08-06,5,0.33,0.19650054965188715,0.2
2020-08-06,20,0.28,0.18600219860754857,0.2
2020-08-13,1,0.31,0.3293489392831017,0.33
2020-08-13,5,0.28,0.3267446964155084,0.33
2020-08-13,20,0.3,0.31697878566203364,0.33
2020-08-20,1,0.26,0.27933187294633083,0.28
2020-08-20,5,0.37,0.2766593647316539,0.28
2020-08-20,20,0.3099999999999999,0.26663745892661556,0.28
2020-08-27,1,0.36,0.369365889212828,0.37
2020-08-27,5,0.28,0.3668294460641399,0.37
2020-08-27,20,0.3,0.35731778425655975,0.37
2020-09-03,1,0.3199999999999999,0.27933430338304843,0.28
2020-09-03,5,0.3,0.27667151691524194,0.28
2020-09-03,20,0.31,0.26668606766096764,0.28
2020-09-10,1,0.29,0.2993427741466957,0.3
2020-09-10,5,0.3099999999999999,0.29671387073347855,0.3
2020-09-10,20,0.3399999999999999,0.2868554829339143,0.3
2020-09-17,1,0.3199999999999999,0.30934758970641524,0.3099999999999999
2020-09-17,5,0.3,0.3067379485320767,0.3099999999999999
2020-09-17,20,0.3399999999999999,0.29695179412830724,0.3099999999999999
2020-09-24,1,0.29,0.29934515195369027,0.3
2020-09-24,5,0.31,0.2967257597684515,0.3
2020-09-24,20,0.41,0.28690303907380604,0.3
2020-10-01,1,0.32,0.3093499458288191,0.31
2020-10-01,5,0.3399999999999999,0.3067497291440953,0.31
2020-10-01,20,0.38,0.29699891657638133,0.31
2020-10-08,1,0.37,0.3393619322278298,0.3399999999999999
2020-10-08,5,0.3399999999999999,0.3368096611391492,0.3399999999999999
2020-10-08,20,0.36,0.3272386445565969,0.3399999999999999
2020-10-15,1,0.3399999999999999,0.33936308024469225,0.3399999999999999
2020-10-15,5,0.41,0.3368154012234616,0.3399999999999999
2020-10-15,20,0.4599999999999999,0.3272616048938466,0.3399999999999999
2020-10-22,1,0.4,0.4093893678160919,0.41
2020-10-22,5,0.38,0.40694683908045975,0.41
2020-10-22,20,0.41,0.39778735632183904,0.41
2020-10-29,1,0.4,0.37937970598780923,0.38
2020-10-29,5,0.36,0.37689852993904627,0.38
2020-10-29,20,0.4299999999999999,0.367594119756185,0.38
2020-11-05,1,0.38,0.3593736578382248,0.36
2020-11-05,5,0.4599999999999999,0.35686828919112384,0.36
2020-11-05,20,0.48,0.3474731567644953,0.36
2020-11-12,1,0.4599999999999999,0.4594105037513397,0.4599999999999999
2020-11-12,5,0.41,0.4570525187566987,0.4599999999999999
2020-11-12,20,0.48,0.4482100750267952,0.4599999999999999
2020-11-19,1,0.39,0.4093937232524964,0.41
2020-11-19,5,0.4299999999999999,0.40696861626248215,0.41
2020-11-19,20,0.49,0.3978744650499286,0.41
2020-11-26,1,0.42,0.4294019223923103,0.4299999999999999
2020-11-26,5,0.48,0.427009611961552,0.4299999999999999
2020-11-26,20,0.5,0.41803844784620847,0.4299999999999999
2020-12-03,1,0.52,0.4794207533759772,0.48
2020-12-03,5,0.48,0.47710376687988626,0.48
2020-12-03,20,0.47,0.4684150675195451,0.48
2020-12-10,1,0.4599999999999999,0.47942178077332387,0.48
2020-12-10,5,0.49,0.47710890386661936,0.48
2020-12-10,20,0.6100000000000001,0.46843561546647744,0.48
2020-12-17,1,0.5,0.48942634560906517,0.49
2020-12-17,5,0.5,0.4871317280453258,0.49
2020-12-17,20,0.7,0.4785269121813031,0.49
2020-12-24,1,0.5,0.4994308943089431,0.5
2020-12-24,5,0.47,0.4971544715447154,0.5
2020-12-24,20,0.7,0.48861788617886176,0.5
2020-12-31,1,0.47,0.4694213126323218,0.47
2020-12-31,5,0.6100000000000001,0.467106563161609,0.47
2020-12-31,20,0.6599999999999999,0.4584262526464361,0.47
2021-01-07,1,0.6200000000000001,0.6094716449454034,0.6100000000000001
2021-01-07,5,0.7,0.6073582247270166,0.6100000000000001
2021-01-07,20,0.77,0.5994328989080663,0.6100000000000001
2021-01-14,1,0.66,0.6995042194092826,0.7
2021-01-14,5,0.7,0.6975210970464134,0.7
2021-01-14,20,0.8,0.690084388185654,0.7
2021-01-21,1,0.6599999999999999,0.6995050895050895,0.7
2021-01-21,5,0.6599999999999999,0.6975254475254474,0.7
2021-01-21,20,0.92,0.6901017901017901,0.7
2021-01-28,1,0.69,0.6594919411352487,0.6599999999999999
2021-01-28,5,0.77,0.6574597056762438,0.6599999999999999
2021-01-28,20,1.14,0.6498388227049754,0.6599999999999999
2021-02-04,1,0.8,0.7695313046519763,0.77
2021-02-04,5,0.8,0.7676565232598811,0.77
2021-02-04,20,1.21,0.7606260930395243,0.77
2021-02-11,1,0.8400000000000001,0.7995425977653632,0.8
2021-02-11,5,0.92,0.7977129888268157,0.8
2021-02-11,20,1.18,0.7908519553072626,0.8
2021-02-18,1,0.98,0.9195852213314745,0.92
2021-02-18,5,1.14,0.917926106657372,0.92
2021-02-18,20,1.34,0.9117044266294877,0.92
2021-02-25,1,1.05,1.139662491301322,1.14
2021-02-25,5,1.21,1.138312456506611,1.14
2021-02-25,20,1.23,1.1332498260264439,1.14
2021-03-04,1,1.21,1.2096873914553663,1.21
2021-03-04,5,1.18,1.208436957276832,1.21
2021-03-04,20,1.29,1.203747829107329,1.21
2021-03-11,1,1.27,1.1796775312066574,1.18
2021-03-11,5,1.34,1.178387656033287,1.18
2021-03-11,20,1.24,1.1735506241331484,1.18
2021-03-18,1,1.33,1.3397334717895466,1.34
2021-03-18,5,1.23,1.338667358947733,1.34
2021-03-18,20,1.21,1.3346694357909312,1.34
2021-03-25,1,1.26,1.2296959225984796,1.23
2021-03-25,5,1.29,1.228479612992398,1.23
2021-03-25,20,1.21,1.2239184519695923,1.23
2021-04-01,1,1.29,1.2897171438427044,1.29
2021-04-01,5,1.24,1.288585719213522,1.29
2021-04-01,20,1.25,1.2843428768540877,1.29
2021-04-08,1,1.26,1.2397004132231404,1.24
2021-04-08,5,1.21,1.2385020661157025,1.24
2021-04-08,20,1.2,1.2340082644628099,1.24
2021-04-15,1,1.24,1.209690615331729,1.21
2021-04-15,5,1.21,1.2084530766586457,1.21
2021-04-15,20,1.24,1.2038123066345823,1.21
2021-04-22,1,1.19,1.209691146190803,1.21
2021-04-22,5,1.25,1.2084557309540152,1.21
2021-04-22,20,1.21,1.2038229238160603,1.21
2021-04-29,1,1.24,1.2497053785542993,1.25
2021-04-29,5,1.2,1.248526892771497,1.25
2021-04-29,20,1.17,1.2441075710859884,1.25
2021-05-06,1,1.2,1.19968878248974,1.2
2021-05-06,5,1.24,1.1984439124487003,1.2
2021-05-06,20,1.2,1.1937756497948016,1.2
2021-05-13,1,1.23,1.2397029702970297,1.24
2021-05-13,5,1.21,1.2385148514851485,1.24
2021-05-13,20,1.0699999999999998,1.234059405940594,1.24
2021-05-20,1,1.21,1.2096932515337422,1.21
2021-05-20,5,1.17,1.2084662576687115,1.21
2021-05-20,20,1.02,1.2038650306748466,1.21
2021-05-27,1,1.17,1.1696801633208573,1.17
2021-05-27,5,1.2,1.1684008166042872,1.17
2021-05-27,20,0.99,1.1636032664171485,1.17
2021-06-03,1,1.15,1.1996908967391304,1.2
2021-06-03,5,1.0699999999999998,1.198454483695652,1.2
2021-06-03,20,0.94,1.1938179347826086,1.2
2021-06-10,1,1.0699999999999998,1.0696473380807052,1.0699999999999998
2021-06-10,5,1.02,1.0682366904035265,1.0699999999999998
2021-06-10,20,0.78,1.0629467616141064,1.0699999999999998
2021-06-17,1,0.9200000000000002,1.019631008801625,1.02
2021-06-17,5,0.99,1.0181550440081246,1.02
2021-06-17,20,0.8200000000000001,1.0126201760324984,1.02
2021-06-24,1,1.01,0.9896214937478878,0.99
2021-06-24,5,0.94,0.988107468739439,0.99
2021-06-24,20,0.74,0.982429874957756,0.99
2021-07-01,1,0.9200000000000002,0.9396052631578947,0.94
2021-07-01,5,0.78,0.9380263157894736,0.94
2021-07-01,20,0.74,0.9321052631578947,0.94
2021-07-08,1,0.8400000000000001,0.7795520377231391,0.78
2021-07-08,5,0.8200000000000001,0.7777601886156955,0.78
2021-07-08,20,0.69,0.7710407544627821,0.78
2021-07-15,1,0.81,0.8195662407531944,0.8200000000000001
2021-07-15,5,0.74,0.8178312037659718,0.8200000000000001
2021-07-15,20,0.79,0.8113248150638871,0.8200000000000001
2021-07-22,1,0.76,0.7395401141322592,0.74
2021-07-22,5,0.74,0.7377005706612957,0.74
2021-07-22,20,0.69,0.730802282645183,0.74
2021-07-29,1,0.75,0.7395408847184987,0.74
2021-07-29,5,0.69,0.7377044235924933,0.74
2021-07-29,20,0.78,0.7308176943699731,0.74
2021-08-05,1,0.76,0.6895249247239879,0.69
2021-08-05,5,0.79,0.6876246236199397,0.69
2021-08-05,20,0.7499999999999999,0.6804984944797591,0.69
2021-08-12,1,0.74,0.789559118236473,0.79
2021-08-12,5,0.69,0.7877955911823648,0.79
2021-08-12,20,0.7699999999999999,0.7811823647294589,0.79
2021-08-19,1,0.7,0.6895265088362788,0.69
2021-08-19,5,0.78,0.6876325441813937,0.69
2021-08-19,20,0.79,0.6805301767255751,0.69
2021-08-26,1,0.76,0.7795572569906791,0.78
2021-08-26,5,0.7499999999999999,0.7777862849533955,0.78
2021-08-26,20,0.8500000000000001,0.7711451398135819,0.78
2021-09-02,1,0.7999999999999999,0.74954802259887,0.7499999999999999
2021-09-02,5,0.7699999999999999,0.7477401129943502,0.7499999999999999
2021-09-02,20,0.98,0.740960451977401,0.7499999999999999
2021-09-09,1,0.8200000000000001,0.769555408095554,0.7699999999999999
2021-09-09,5,0.79,0.7677770404777703,0.7699999999999999
2021-09-09,20,0.93,0.7611081619110815,0.7699999999999999
2021-09-16,1,0.8300000000000001,0.7895627691288506,0.79
2021-09-16,5,0.8500000000000001,0.787813845644253,0.79
2021-09-16,20,0.81,0.7812553825770123,0.79
2021-09-23,1,0.8799999999999999,0.8495833333333335,0.8500000000000001
2021-09-23,5,0.98,0.8479166666666668,0.8500000000000001
2021-09-23,20,0.82,0.8416666666666668,0.8500000000000001
2021-09-30,1,0.96,0.9796269395840211,0.98
2021-09-30,5,0.93,0.9781346979201057,0.98
2021-09-30,20,0.6599999999999999,0.9725387916804226,0.98
2021-10-07,1,0.94,0.9296110744891233,0.93
2021-10-07,5,0.81,0.9280553724456164,0.93
2021-10-07,20,0.6599999999999999,0.9222214897824654,0.93
2021-10-14,1,0.8200000000000001,0.8095722277064824,0.81
2021-10-14,5,0.82,0.807861138532412,0.81
2021-10-14,20,0.6799999999999999,0.801444554129648,0.81
2021-10-21,1,0.7799999999999999,0.8195762155059132,0.82
2021-10-21,5,0.6599999999999999,0.8178810775295663,0.82
2021-10-21,20,0.71,0.8115243101182654,0.82
2021-10-28,1,0.6399999999999999,0.6595244342407346,0.6599999999999999
2021-10-28,5,0.6599999999999999,0.6576221712036733,0.6599999999999999
2021-10-28,20,0.72,0.6504886848146932,0.6599999999999999
2021-11-04,1,0.67,0.6595252128356254,0.6599999999999999
2021-11-04,5,0.6799999999999999,0.657626064178127,0.6599999999999999
2021-11-04,20,0.53,0.6505042567125081,0.6599999999999999
2021-11-11,1,0.69,0.6795325269695979,0.6799999999999999
2021-11-11,5,0.71,0.6776626348479895,0.6799999999999999
2021-11-11,20,0.5,0.6706505393919581,0.6799999999999999
2021-11-18,1,0.69,0.7095430809399478,0.71
2021-11-18,5,0.72,0.7077154046997388,0.71
2021-11-18,20,0.45,0.7008616187989556,0.71
2021-11-25,1,0.66,0.7195470837406321,0.72
2021-11-25,5,0.53,0.7177354187031606,0.72
2021-11-25,20,0.4599999999999999,0.7109416748126425,0.72
2021-12-02,1,0.4399999999999999,0.5294860117111256,0.53
2021-12-02,5,0.5,0.5274300585556279,0.53
2021-12-02,20,0.47,0.5197202342225115,0.53
2021-12-09,1,0.5,0.499477102955505,0.5
2021-12-09,5,0.45,0.4973855147775252,0.5
2021-12-09,20,0.6299999999999999,0.4895420591101007,0.5
2021-12-16,1,0.41,0.44946173800259404,0.45
2021-12-16,5,0.4599999999999999,0.4473086900129702,0.45
2021-12-16,20,0.5899999999999999,0.43923476005188067,0.45
2021-12-23,1,0.48,0.4594658465522822,0.4599999999999999
2021-12-23,5,0.47,0.45732923276141135,0.4599999999999999
2021-12-23,20,0.56,0.44931693104564574,0.4599999999999999
2021-12-30,1,0.47,0.469469941822883,0.47
2021-12-30,5,0.6299999999999999,0.467349709114415,0.47
2021-12-30,20,0.51,0.45939883645765994,0.47
2022-01-06,1,0.6499999999999999,0.6295224265892222,0.6299999999999999
2022-01-06,5,0.5899999999999999,0.6276121329461115,0.6299999999999999
2022-01-06,20,0.5,0.6204485317844465,0.6299999999999999
2022-01-13,1,0.6100000000000001,0.5895103092783504,0.5899999999999999
2022-01-13,5,0.56,0.5875515463917524,0.5899999999999999
2022-01-13,20,0.4499999999999999,0.5802061855670102,0.5899999999999999
2022-01-20,1,0.54,0.559501447410743,0.56
2022-01-20,5,0.51,0.5575072370537151,0.56
2022-01-20,20,0.3999999999999999,0.5500289482148601,0.56
2022-01-27,1,0.51,0.5094861913937059,0.51
2022-01-27,5,0.5,0.5074309569685292,0.51
2022-01-27,20,0.3999999999999999,0.4997238278741169,0.51
2022-02-03,1,0.49,0.49948380891311317,0.5
2022-02-03,5,0.4499999999999999,0.4974190445655659,0.5
2022-02-03,20,0.3,0.48967617826226356,0.5
2022-02-10,1,0.3900000000000001,0.4494686299615876,0.4499999999999999
2022-02-10,5,0.3999999999999999,0.44734314980793843,0.4499999999999999
2022-02-10,20,0.3799999999999999,0.43937259923175404,0.4499999999999999
2022-02-17,1,0.3899999999999999,0.39945349952061354,0.3999999999999999
2022-02-17,5,0.3999999999999999,0.397267497603068,0.3999999999999999
2022-02-17,20,0.3,0.3890699904122722,0.3999999999999999
2022-02-24,1,0.3699999999999999,0.3994543714103381,0.3999999999999999
2022-02-24,5,0.3,0.39727185705169105,0.3999999999999999
2022-02-24,20,0.2600000000000002,0.38908742820676445,0.3999999999999999
2022-03-03,1,0.28,0.29942338324307105,0.3
2022-03-03,5,0.3799999999999999,0.2971169162153552,0.3
2022-03-03,20,0.1299999999999999,0.28846766486142084,0.3
2022-03-10,1,0.3400000000000001,0.37944974554707367,0.3799999999999999
2022-03-10,5,0.3,0.3772487277353688,0.3799999999999999
2022-03-10,20,0.2200000000000002,0.36899491094147574,0.3799999999999999
2022-03-17,1,0.3,0.29942521435376307,0.3
2022-03-17,5,0.2600000000000002,0.2971260717688155,0.3
2022-03-17,20,0.3399999999999998,0.288504287075262,0.3
2022-03-24,1,0.2000000000000001,0.2594134432466711,0.2600000000000002
2022-03-24,5,0.1299999999999999,0.25706721623335466,0.2600000000000002
2022-03-24,20,0.25,0.24826886493341804,0.2600000000000002
2022-03-31,1,0.1,0.12937321937321927,0.1299999999999999
2022-03-31,5,0.2200000000000002,0.12686609686609676,0.1299999999999999
2022-03-31,20,0.27,0.11746438746438735,0.1299999999999999
2022-04-07,1,0.1999999999999997,0.21940265486725682,0.2200000000000002
2022-04-07,5,0.3399999999999998,0.21701327433628337,0.2200000000000002
2022-04-07,20,0.3399999999999998,0.20805309734513294,0.2200000000000002
2022-04-14,1,0.3399999999999998,0.33944146418428506,0.3399999999999998
2022-04-14,5,0.25,0.33720732092142613,0.3399999999999998
2022-04-14,20,0.2799999999999998,0.3288292836857051,0.3399999999999998
2022-04-21,1,0.2200000000000002,0.249413988657845,0.25
2022-04-21,5,0.27,0.24706994328922496,0.25
2022-04-21,20,0.1799999999999997,0.2382797731568998,0.25
2022-04-28,1,0.25,0.2694212016357345,0.27
2022-04-28,5,0.3399999999999998,0.2671060081786726,0.27
2022-04-28,20,0.25,0.25842403271469017,0.27
2022-05-05,1,0.4199999999999999,0.33944409547738674,0.3399999999999998
2022-05-05,5,0.2799999999999998,0.33722047738693445,0.3399999999999998
2022-05-05,20,0.1600000000000001,0.3288819095477385,0.3399999999999998
2022-05-12,1,0.29,0.2794261523988709,0.2799999999999998
2022-05-12,5,0.1799999999999997,0.2771307619943554,0.2799999999999998
2022-05-12,20,0.1600000000000001,0.2685230479774222,0.2799999999999998
2022-05-19,1,0.1899999999999999,0.17939574201628022,0.1799999999999997
2022-05-19,5,0.25,0.1769787100814023,0.1799999999999997
2022-05-19,20,0.1699999999999999,0.16791484032561022,0.1799999999999997
2022-05-26,1,0.2299999999999999,0.24941856830259457,0.25
2022-05-26,5,0.1600000000000001,0.2470928415129728,0.25
2022-05-26,20,0.1899999999999999,0.23837136605189121,0.25
2022-06-02,1,0.1599999999999997,0.15939138576779036,0.1600000000000001
2022-06-02,5,0.1600000000000001,0.1569569288389514,0.1600000000000001
2022-06-02,20,0.1299999999999999,0.14782771535580533,0.1600000000000001
2022-06-09,1,0.1,0.15939233406045505,0.1600000000000001
2022-06-09,5,0.1699999999999999,0.15696167030227492,0.1600000000000001
2022-06-09,20,0.0300000000000002,0.1478466812090995,0.1600000000000001
2022-06-16,1,0.1699999999999999,0.16939639079029237,0.1699999999999999
2022-06-16,5,0.1899999999999999,0.16698195395146226,0.1699999999999999
2022-06-16,20,-0.1299999999999999,0.1579278158058493,0.1699999999999999
2022-06-23,1,0.1999999999999997,0.18940354147250688,0.1899999999999999
2022-06-23,5,0.1299999999999999,0.18701770736253484,0.1899999999999999
2022-06-23,20,-0.2299999999999999,0.1780708294501397,0.1899999999999999
2022-06-30,1,0.1299999999999999,0.12938585607940437,0.1299999999999999
2022-06-30,5,0.0300000000000002,0.12692928039702223,0.1299999999999999
2022-06-30,20,-0.31,0.11771712158808922,0.1299999999999999
2022-07-07,1,0.02,0.02935583772065675,0.0300000000000002
2022-07-07,5,-0.1299999999999999,0.02677918860328295,0.0300000000000002
2022-07-07,20,-0.48,0.017116754413131197,0.0300000000000002
2022-07-14,1,-0.1300000000000003,-0.13069264069264058,-0.1299999999999999
2022-07-14,5,-0.2299999999999999,-0.13346320346320337,-0.1299999999999999
2022-07-14,20,-0.4700000000000002,-0.14385281385281376,-0.1299999999999999
2022-07-21,1,-0.2299999999999999,-0.23072244519913543,-0.2299999999999999
2022-07-21,5,-0.31,-0.23361222599567757,-0.2299999999999999
2022-07-21,20,-0.54,-0.2444489039827106,-0.2299999999999999
2022-07-28,1,-0.3500000000000001,-0.31074599260172625,-0.31
2022-07-28,5,-0.48,-0.3137299630086313,-0.31
2022-07-28,20,-0.4900000000000002,-0.3249198520345253,-0.31
2022-08-04,1,-0.5099999999999998,-0.4807971683594952,-0.48
2022-08-04,5,-0.4700000000000002,-0.4839858417974761,-0.48
2022-08-04,20,-0.48,-0.49594336718990456,-0.48
2022-08-11,1,-0.5,-0.47079287031346057,-0.4700000000000002
2022-08-11,5,-0.54,-0.473964351567302,-0.4700000000000002
2022-08-11,20,-0.4700000000000002,-0.4858574062692073,-0.4700000000000002
2022-08-18,1,-0.48,-0.5408131328628414,-0.54
2022-08-18,5,-0.4900000000000002,-0.5440656643142069,-0.54
2022-08-18,20,-0.6599999999999997,-0.5562626572568273,-0.54
2022-08-25,1,-0.52,-0.4907965686274512,-0.4900000000000002
2022-08-25,5,-0.48,-0.4939828431372551,-0.4900000000000002
2022-08-25,20,-0.6699999999999999,-0.5059313725490199,-0.4900000000000002
2022-09-01,1,-0.48,-0.4807922912205567,-0.48
2022-09-01,5,-0.4700000000000002,-0.4839614561027837,-0.48
2022-09-01,20,-0.6299999999999999,-0.4958458244111349,-0.48
2022-09-08,1,-0.48,-0.47078802687843635,-0.4700000000000002
2022-09-08,5,-0.6599999999999997,-0.473940134392181,-0.4700000000000002
2022-09-08,20,-0.6700000000000004,-0.48576053756872345,-0.4700000000000002
2022-09-15,1,-0.6499999999999999,-0.6608447697468738,-0.6599999999999997
2022-09-15,5,-0.6699999999999999,-0.6642238487343699,-0.6599999999999997
2022-09-15,20,-0.7000000000000002,-0.6768953949374806,-0.6599999999999997
2022-09-22,1,-0.7000000000000002,-0.6708465286236297,-0.6699999999999999
2022-09-22,5,-0.6299999999999999,-0.6742326431181486,-0.6699999999999999
2022-09-22,20,-0.6200000000000001,-0.6869305724725944,-0.6699999999999999
2022-09-29,1,-0.6299999999999999,-0.6308330799635147,-0.6299999999999999
2022-09-29,5,-0.6700000000000004,-0.6341653998175736,-0.6299999999999999
2022-09-29,20,-0.6299999999999999,-0.6466615992702949,-0.6299999999999999
2022-10-06,1,-0.6699999999999999,-0.6708439587128115,-0.6700000000000004
2022-10-06,5,-0.7000000000000002,-0.6742197935640563,-0.6700000000000004
2022-10-06,20,-0.6399999999999997,-0.6868791742562238,-0.6700000000000004
2022-10-13,1,-0.6699999999999995,-0.7008517732646258,-0.7000000000000002
2022-10-13,5,-0.6200000000000001,-0.7042588663231284,-0.7000000000000002
2022-10-13,20,-0.69,-0.717035465292513,-0.7000000000000002
2022-10-20,1,-0.56,-0.6208262711864407,-0.6200000000000001
2022-10-20,5,-0.6299999999999999,-0.6241313559322035,-0.6200000000000001
2022-10-20,20,-0.8300000000000001,-0.6365254237288137,-0.6200000000000001
2022-10-27,1,-0.6099999999999999,-0.6308280447265033,-0.6299999999999999
2022-10-27,5,-0.6399999999999997,-0.6341402236325173,-0.6299999999999999
2022-10-27,20,-0.96,-0.6465608945300694,-0.6299999999999999
2022-11-03,1,-0.6200000000000001,-0.6408298129149061,-0.6399999999999997
2022-11-03,5,-0.69,-0.6441490645745319,-0.6399999999999997
2022-11-03,20,-0.96,-0.6565962582981288,-0.6399999999999997
2022-11-10,1,-0.69,-0.6908436275986742,-0.69
2022-11-10,5,-0.8300000000000001,-0.6942181379933714,-0.69
2022-11-10,20,-1.0100000000000002,-0.706872551973486,-0.69
2022-11-17,1,-0.8500000000000001,-0.8308844765342961,-0.8300000000000001
2022-11-17,5,-0.96,-0.8344223826714802,-0.8300000000000001
2022-11-17,20,-0.9000000000000004,-0.8476895306859207,-0.8300000000000001
2022-11-24,1,-0.9699999999999998,-0.960922198858516,-0.96
2022-11-24,5,-0.96,-0.9646109942925803,-0.96
2022-11-24,20,-0.7399999999999998,-0.9784439771703214,-0.96
2022-12-01,1,-0.9899999999999998,-0.9609208158368326,-0.96
2022-12-01,5,-1.0100000000000002,-0.9646040791841631,-0.96
2022-12-01,20,-0.7399999999999998,-0.9784163167366526,-0.96
2022-12-08,1,-0.98,-1.0109344115004495,-1.0100000000000002
2022-12-08,5,-0.9000000000000004,-1.0146720575022463,-1.0100000000000002
2022-12-08,20,-0.8600000000000003,-1.028688230008985,-1.0100000000000002
2022-12-15,1,-0.8500000000000001,-0.9009001196172253,-0.9000000000000004
2022-12-15,5,-0.7399999999999998,-0.9045005980861247,-0.9000000000000004
2022-12-15,20,-0.8999999999999999,-0.918002392344498,-0.9000000000000004
2022-12-22,1,-0.7600000000000002,-0.7408510002985964,-0.7399999999999998
2022-12-22,5,-0.7399999999999998,-0.7442550014929827,-0.7399999999999998
2022-12-22,20,-0.7599999999999998,-0.7570200059719316,-0.7399999999999998
2022-12-29,1,-0.7599999999999998,-0.740849731663685,-0.7399999999999998
2022-12-29,5,-0.8600000000000003,-0.7442486583184256,-0.7399999999999998
2022-12-29,20,-0.77,-0.7569946332737028,-0.7399999999999998
2023-01-05,1,-0.8800000000000003,-0.8608841917237277,-0.8600000000000003
2023-01-05,5,-0.8999999999999999,-0.8644209586186368,-0.8600000000000003
2023-01-05,20,-0.8300000000000001,-0.8776838344745463,-0.8600000000000003
2023-01-12,1,-0.7799999999999998,-0.9008947681331747,-0.8999999999999999
2023-01-12,5,-0.7599999999999998,-0.9044738406658739,-0.8999999999999999
2023-01-12,20,-0.92,-0.9178953626634957,-0.8999999999999999
2023-01-19,1,-0.75,-0.7608518848322943,-0.7599999999999998
2023-01-19,5,-0.77,-0.7642594241614721,-0.7599999999999998
2023-01-19,20,-0.8499999999999996,-0.7770376966458887,-0.7599999999999998
2023-01-26,1,-0.79,-0.7708535862477771,-0.77
2023-01-26,5,-0.8300000000000001,-0.7742679312388856,-0.77
2023-01-26,20,-0.8800000000000003,-0.7870717249555425,-0.77
2023-02-02,1,-0.8799999999999999,-0.8308700799052975,-0.8300000000000001
2023-02-02,5,-0.92,-0.8343503995264872,-0.8300000000000001
2023-02-02,20,-0.8199999999999998,-0.8474015981059486,-0.8300000000000001
2023-02-09,1,-0.94,-0.920895390070922,-0.92
2023-02-09,5,-0.8499999999999996,-0.92447695035461,-0.92
2023-02-09,20,-0.9800000000000004,-0.9379078014184398,-0.92
2023-02-16,1,-0.8600000000000003,-0.8508734139864264,-0.8499999999999996
2023-02-16,5,-0.8800000000000003,-0.8543670699321331,-0.8499999999999996
2023-02-16,20,-0.8300000000000001,-0.8674682797285331,-0.8499999999999996
2023-02-23,1,-0.8900000000000001,-0.8808809664113144,-0.8800000000000003
2023-02-23,5,-0.8199999999999998,-0.8844048320565707,-0.8800000000000003
2023-02-23,20,-0.69,-0.897619328226282,-0.8800000000000003
2023-03-02,1,-0.8799999999999999,-0.8208620182406589,-0.8199999999999998
2023-03-02,5,-0.9800000000000004,-0.8243100912032949,-0.8199999999999998
2023-03-02,20,-0.8299999999999996,-0.8372403648131802,-0.8199999999999998
2023-03-09,1,-0.98,-0.9809077555816691,-0.9800000000000004
2023-03-09,5,-0.8300000000000001,-0.9845387779083435,-0.9800000000000004
2023-03-09,20,-0.8199999999999998,-0.9981551116333729,-0.9800000000000004
2023-03-16,1,-0.77,-0.8308624229979467,-0.8300000000000001
2023-03-16,5,-0.69,-0.8343121149897331,-0.8300000000000001
2023-03-16,20,-0.8500000000000001,-0.8472484599589323,-0.8300000000000001
2023-03-23,1,-0.6799999999999997,-0.6908201523140011,-0.69
2023-03-23,5,-0.8299999999999996,-0.6941007615700058,-0.69
2023-03-23,20,-0.8199999999999998,-0.7064030462800234,-0.69
2023-03-30,1,-0.8400000000000003,-0.8308599005557177,-0.8299999999999996
2023-03-30,5,-0.8199999999999998,-0.8342995027785899,-0.8299999999999996
2023-03-30,20,-0.7799999999999998,-0.8471980111143605,-0.8299999999999996
2023-04-06,1,-0.8199999999999998,-0.8208557242990653,-0.8199999999999998
2023-04-06,5,-0.8500000000000001,-0.8242786214953269,-0.8199999999999998
2023-04-06,20,-0.7599999999999998,-0.8371144859813082,-0.8199999999999998
2023-04-13,1,-0.7800000000000002,-0.8508632254301547,-0.8500000000000001
2023-04-13,5,-0.8199999999999998,-0.8543161271507729,-0.8500000000000001
2023-04-13,20,-0.8300000000000001,-0.8672645086030913,-0.8500000000000001
2023-04-20,1,-0.7999999999999998,-0.8208532323820615,-0.8199999999999998
2023-04-20,5,-0.7799999999999998,-0.8242661619103085,-0.8199999999999998
2023-04-20,20,-0.8999999999999999,-0.8370646476412346,-0.8199999999999998
2023-04-27,1,-0.81,-0.7808403605699329,-0.7799999999999998
2023-04-27,5,-0.7599999999999998,-0.7842018028496655,-0.7799999999999998
2023-04-27,20,-0.9300000000000006,-0.7968072113986622,-0.7799999999999998
2023-05-04,1,-0.8000000000000003,-0.7608333333333331,-0.7599999999999998
2023-05-04,5,-0.8300000000000001,-0.7641666666666664,-0.7599999999999998
2023-05-04,20,-1.04,-0.7766666666666665,-0.7599999999999998
2023-05-11,1,-0.8599999999999999,-0.8308524209915918,-0.8300000000000001
2023-05-11,5,-0.8999999999999999,-0.8342621049579589,-0.8300000000000001
2023-05-11,20,-1.1300000000000003,-0.8470484198318354,-0.8300000000000001
2023-05-18,1,-0.8800000000000003,-0.9008714533873768,-0.8999999999999999
2023-05-18,5,-0.9300000000000006,-0.9043572669368847,-0.8999999999999999
2023-05-18,20,-1.16,-0.917429067747539,-0.8999999999999999
2023-05-25,1,-0.9699999999999998,-0.9308788667244875,-0.9300000000000006
2023-05-25,5,-1.04,-0.9343943336224348,-0.9300000000000006
2023-05-25,20,-1.29,-0.9475773344897376,-0.9300000000000006
2023-06-01,1,-1.06,-1.04090935334873,-1.04
2023-06-01,5,-1.1300000000000003,-1.044546766743649,-1.04
2023-06-01,20,-1.3000000000000005,-1.0581870669745959,-1.04
2023-06-08,1,-1.1100000000000003,-1.1309339867396948,-1.1300000000000003
2023-06-08,5,-1.16,-1.1346699336984725,-1.1300000000000003
2023-06-08,20,-1.2599999999999998,-1.148679734793889,-1.1300000000000003
2023-06-15,1,-1.2099999999999995,-1.1609412780656303,-1.16
2023-06-15,5,-1.29,-1.1647063903281518,-1.16
2023-06-15,20,-1.2300000000000004,-1.178825561312608,-1.16
2023-06-22,1,-1.3000000000000005,-1.2909772923253808,-1.29
2023-06-22,5,-1.3000000000000005,-1.2948864616269042,-1.29
2023-06-22,20,-1.14,-1.309545846507617,-1.29
2023-06-29,1,-1.3200000000000005,-1.3009787600459246,-1.3000000000000005
2023-06-29,5,-1.2599999999999998,-1.3048938002296215,-1.3000000000000005
2023-06-29,20,-1.1599999999999997,-1.319575200918485,-1.3000000000000005
2023-07-06,1,-1.23,-1.2609658928059613,-1.2599999999999998
2023-07-06,5,-1.2300000000000004,-1.2648294640298077,-1.2599999999999998
2023-07-06,20,-1.0099999999999998,-1.2793178561192318,-1.2599999999999998
2023-07-13,1,-1.2699999999999996,-1.2309559244419008,-1.2300000000000004
2023-07-13,5,-1.14,-1.2347796222095024,-1.2300000000000004
2023-07-13,20,-1.04,-1.2491184888380085,-1.2300000000000004
2023-07-20,1,-1.17,-1.1409288368105173,-1.14
2023-07-20,5,-1.1599999999999997,-1.1446441840525863,-1.14
2023-07-20,20,-1.0000000000000004,-1.1585767362103456,-1.14
2023-07-27,1,-1.17,-1.160933219178082,-1.1599999999999997
2023-07-27,5,-1.0099999999999998,-1.1646660958904107,-1.1599999999999997
2023-07-27,20,-1.0699999999999998,-1.1786643835616435,-1.1599999999999997
2023-08-03,1,-1.0200000000000005,-1.0108891422057564,-1.0099999999999998
2023-08-03,5,-1.04,-1.014445711028783,-1.0099999999999998
2023-08-03,20,-1.0799999999999996,-1.0277828441151322,-1.0099999999999998
2023-08-10,1,-1.02,-1.0408964143426296,-1.04
2023-08-10,5,-1.0000000000000004,-1.0444820717131476,-1.04
2023-08-10,20,-0.9700000000000002,-1.0579282868525897,-1.04
2023-08-17,1,-1.0499999999999998,-1.0008837737993752,-1.0000000000000004
2023-08-17,5,-1.0699999999999998,-1.0044188689968745,-1.0000000000000004
2023-08-17,20,-1.0000000000000004,-1.0176754759874969,-1.0000000000000004
2023-08-24,1,-1.08,-1.0709023836549374,-1.0699999999999998
2023-08-24,5,-1.0799999999999996,-1.0745119182746876,-1.0699999999999998
2023-08-24,20,-1.0,-1.0880476730987512,-1.0699999999999998
2023-08-31,1,-0.9899999999999998,-1.0809039387928587,-1.0799999999999996
2023-08-31,5,-0.9700000000000002,-1.0845196939642954,-1.0799999999999996
2023-08-31,20,-0.8500000000000005,-1.098078775857183,-1.0799999999999996
2023-09-07,1,-0.9900000000000002,-0.9708715336728921,-0.9700000000000002
2023-09-07,5,-1.0000000000000004,-0.9743576683644597,-0.9700000000000002
2023-09-07,20,-0.6600000000000001,-0.9874306734578383,-0.9700000000000002
2023-09-14,1,-0.9900000000000002,-1.0008787793161915,-1.0000000000000004
2023-09-14,5,-1.0,-1.0043938965809556,-1.0000000000000004
2023-09-14,20,-0.7800000000000002,-1.0175755863238207,-1.0000000000000004
2023-09-21,1,-1.0099999999999998,-1.000877539503386,-1.0
2023-09-21,5,-0.8500000000000005,-1.0043876975169301,-1.0
2023-09-21,20,-0.7000000000000002,-1.01755079006772,-1.0
2023-09-28,1,-0.8399999999999999,-0.8508340377571152,-0.8500000000000005
2023-09-28,5,-0.6600000000000001,-0.8541701887855739,-0.8500000000000005
2023-09-28,20,-0.6399999999999997,-0.8666807551422941,-0.8500000000000005
2023-10-05,1,-0.6999999999999993,-0.6607794034890266,-0.6600000000000001
2023-10-05,5,-0.7800000000000002,-0.6638970174451324,-0.6600000000000001
2023-10-05,20,-0.6999999999999997,-0.6755880697805291,-0.6600000000000001
2023-10-12,1,-0.8799999999999994,-0.7808120258499581,-0.7800000000000002
2023-10-12,5,-0.7000000000000002,-0.7840601292497895,-0.7800000000000002
2023-10-12,20,-0.7200000000000002,-0.7962405169991573,-0.7800000000000002
2023-10-19,1,-0.71,-0.7007884399551068,-0.7000000000000002
2023-10-19,5,-0.6399999999999997,-0.7039421997755333,-0.7000000000000002
2023-10-19,20,-0.7600000000000002,-0.7157687991021326,-0.7000000000000002
2023-10-26,1,-0.6099999999999999,-0.64077052395629,-0.6399999999999997
2023-10-26,5,-0.6999999999999997,-0.643852619781451,-0.6399999999999997
2023-10-26,20,-0.7199999999999998,-0.6554104791258052,-0.6399999999999997
2023-11-02,1,-0.6399999999999997,-0.7007862339115833,-0.6999999999999997
2023-11-02,5,-0.7200000000000002,-0.703931169557918,-0.6999999999999997
2023-11-02,20,-0.6400000000000001,-0.715724678231673,-0.6999999999999997
2023-11-09,1,-0.7299999999999995,-0.7207907236658286,-0.7200000000000002
2023-11-09,5,-0.7600000000000002,-0.7239536183291424,-0.7200000000000002
2023-11-09,20,-0.75,-0.735814473316569,-0.7200000000000002
2023-11-16,1,-0.7899999999999996,-0.7608007812500003,-0.7600000000000002
2023-11-16,5,-0.7199999999999998,-0.7640039062500003,-0.7600000000000002
2023-11-16,20,-0.77,-0.7760156250000002,-0.7600000000000002
2023-11-23,1,-0.73,-0.7207885204792419,-0.7199999999999998
2023-11-23,5,-0.6400000000000001,-0.7239426023962104,-0.7199999999999998
2023-11-23,20,-0.8300000000000001,-0.7357704095848423,-0.7199999999999998
2023-11-30,1,-0.6400000000000001,-0.6407651641624932,-0.6400000000000001
2023-11-30,5,-0.75,-0.6438258208124653,-0.6400000000000001
2023-11-30,20,-0.81,-0.655303283249861,-0.6400000000000001
2023-12-07,1,-0.7800000000000002,-0.7507946651847736,-0.75
2023-12-07,5,-0.77,-0.7539733259238678,-0.75
2023-12-07,20,-0.81,-0.7658933036954709,-0.75
2023-12-14,1,-0.8300000000000001,-0.7707991120976693,-0.77
2023-12-14,5,-0.8300000000000001,-0.7739955604883463,-0.77
2023-12-14,20,-0.7400000000000002,-0.7859822419533852,-0.77
2023-12-21,1,-0.7800000000000002,-0.8308146300914382,-0.8300000000000001
2023-12-21,5,-0.81,-0.8340731504571904,-0.8300000000000001
2023-12-21,20,-0.5599999999999996,-0.8462926018287615,-0.8300000000000001
2023-12-28,1,-0.7799999999999998,-0.8108079690094079,-0.81
2023-12-28,5,-0.81,-0.8140398450470393,-0.81
2023-12-28,20,-0.5299999999999998,-0.8261593801881573,-0.81
2024-01-04,1,-0.7999999999999998,-0.8108068527217464,-0.81
2024-01-04,5,-0.7400000000000002,-0.8140342636087318,-0.81
2024-01-04,20,-0.6800000000000002,-0.8261370544349268,-0.81
2024-01-11,1,-0.5699999999999998,-0.7407864238410599,-0.7400000000000002
2024-01-11,5,-0.5599999999999996,-0.7439321192052982,-0.7400000000000002
2024-01-11,20,-0.6300000000000003,-0.7557284768211923,-0.7400000000000002
2024-01-18,1,-0.5899999999999999,-0.5607357398732429,-0.5599999999999996
2024-01-18,5,-0.5299999999999998,-0.5636786993662162,-0.5599999999999996
2024-01-18,20,-0.7000000000000002,-0.574714797464866,-0.5599999999999996
2024-01-25,1,-0.5399999999999996,-0.5307264722069344,-0.5299999999999998
2024-01-25,5,-0.6800000000000002,-0.5336323610346724,-0.5299999999999998
2024-01-25,20,-0.69,-0.54452944413869,-0.5299999999999998
2024-02-01,1,-0.6799999999999997,-0.6807666941467437,-0.6800000000000002
2024-02-01,5,-0.6300000000000003,-0.6838334707337183,-0.6800000000000002
2024-02-01,20,-0.6999999999999997,-0.6953338829348724,-0.6800000000000002
2024-02-08,1,-0.6600000000000001,-0.6307519209659718,-0.6300000000000003
2024-02-08,5,-0.7000000000000002,-0.6337596048298576,-0.6300000000000003
2024-02-08,20,-0.73,-0.6450384193194295,-0.6300000000000003
2024-02-15,1,-0.71,-0.7007700739928749,-0.7000000000000002
2024-02-15,5,-0.69,-0.703850369964374,-0.7000000000000002
2024-02-15,20,-0.6999999999999997,-0.7154014798574954,-0.7000000000000002
2024-02-22,1,-0.71,-0.6907662835249042,-0.69
2024-02-22,5,-0.6999999999999997,-0.693831417624521,-0.69
2024-02-22,20,-0.6400000000000006,-0.7053256704980843,-0.69
2024-02-29,1,-0.6699999999999995,-0.7007679693905436,-0.6999999999999997
2024-02-29,5,-0.73,-0.7038398469527191,-0.6999999999999997
2024-02-29,20,-0.7199999999999998,-0.715359387810877,-0.6999999999999997
2024-03-07,1,-0.7000000000000002,-0.7307751091703056,-0.73
2024-03-07,5,-0.6999999999999997,-0.7338755458515284,-0.73
2024-03-07,20,-0.6500000000000004,-0.7455021834061135,-0.73
2024-03-14,1,-0.71,-0.7007658762605612,-0.6999999999999997
2024-03-14,5,-0.6400000000000006,-0.703829381302807,-0.6999999999999997
2024-03-14,20,-0.52,-0.7153175252112289,-0.6999999999999997
2024-03-21,1,-0.6599999999999997,-0.6407485029940125,-0.6400000000000006
2024-03-21,5,-0.7199999999999998,-0.6437425149700604,-0.6400000000000006
2024-03-21,20,-0.4900000000000002,-0.65497005988024,-0.6400000000000006
2024-03-28,1,-0.7199999999999998,-0.7207692307692305,-0.7199999999999998
2024-03-28,5,-0.6500000000000004,-0.7238461538461536,-0.7199999999999998
2024-03-28,20,-0.4899999999999997,-0.7353846153846151,-0.7199999999999998
2024-04-04,1,-0.6299999999999999,-0.6507491856677527,-0.6500000000000004
2024-04-04,5,-0.52,-0.6537459283387625,-0.6500000000000004
2024-04-04,20,-0.52,-0.6649837133550492,-0.6500000000000004
2024-04-11,1,-0.5299999999999998,-0.5207129303334237,-0.52
2024-04-11,5,-0.4900000000000002,-0.5235646516671185,-0.52
2024-04-11,20,-0.5800000000000001,-0.5342586066684739,-0.52
2024-04-18,1,-0.5100000000000002,-0.49070384407146744,-0.4900000000000002
2024-04-18,5,-0.4899999999999997,-0.4935192203573364,-0.4900000000000002
2024-04-18,20,-0.6300000000000003,-0.5040768814293451,-0.4900000000000002
2024-04-25,1,-0.5100000000000002,-0.4907028926736953,-0.4899999999999997
2024-04-25,5,-0.52,-0.4935144633684777,-0.4899999999999997
2024-04-25,20,-0.5899999999999999,-0.5040578534739116,-0.4899999999999997
2024-05-02,1,-0.5100000000000002,-0.5207100431965443,-0.52
2024-05-02,5,-0.5800000000000001,-0.5235502159827214,-0.52
2024-05-02,20,-0.5599999999999996,-0.5342008639308855,-0.52
2024-05-09,1,-0.6000000000000001,-0.5807252628740901,-0.5800000000000001
2024-05-09,5,-0.6300000000000003,-0.5836263143704503,-0.5800000000000001
2024-05-09,20,-0.54,-0.594505257481801,-0.5800000000000001
2024-05-16,1,-0.6100000000000003,-0.6307377490576201,-0.6300000000000003
2024-05-16,5,-0.5899999999999999,-0.6336887452880994,-0.6300000000000003
2024-05-16,20,-0.54,-0.6447549811523967,-0.6300000000000003
2024-05-23,1,-0.6400000000000001,-0.5907260016133368,-0.5899999999999999
2024-05-23,5,-0.5599999999999996,-0.5936300080666844,-0.5899999999999999
2024-05-23,20,-0.56,-0.6045200322667382,-0.5899999999999999
2024-05-30,1,-0.5499999999999998,-0.5607169709989255,-0.5599999999999996
2024-05-30,5,-0.54,-0.5635848549946291,-0.5599999999999996
2024-05-30,20,-0.5499999999999994,-0.5743394199785173,-0.5599999999999996
2024-06-06,1,-0.5300000000000002,-0.5407106462858675,-0.54
2024-06-06,5,-0.54,-0.5435532314293376,-0.54
2024-06-06,20,-0.4399999999999999,-0.5542129257173505,-0.54
2024-06-13,1,-0.5500000000000003,-0.5407096946973755,-0.54
2024-06-13,5,-0.56,-0.5435484734868774,-0.54
2024-06-13,20,-0.4199999999999999,-0.5541938939475094,-0.54
2024-06-20,1,-0.56,-0.5607140946777214,-0.56
2024-06-20,5,-0.5499999999999994,-0.5635704733886067,-0.56
2024-06-20,20,-0.33,-0.5742818935544264,-0.56
2024-06-27,1,-0.4900000000000002,-0.5507104700854695,-0.5499999999999994
2024-06-27,5,-0.4399999999999999,-0.5535523504273498,-0.5499999999999994
2024-06-27,20,-0.2599999999999998,-0.564209401709401,-0.5499999999999994
2024-07-04,1,-0.4399999999999999,-0.4406801813817017,-0.4399999999999999
2024-07-04,5,-0.4199999999999999,-0.4434009069085088,-0.4399999999999999
2024-07-04,20,-0.25,-0.4536036276340356,-0.4399999999999999
2024-07-11,1,-0.4199999999999999,-0.4206739477890249,-0.4199999999999999
2024-07-11,5,-0.33,-0.4233697389451251,-0.4199999999999999
2024-07-11,20,-0.1699999999999999,-0.43347895578050066,-0.4199999999999999
2024-07-18,1,-0.33,-0.3306491088055334,-0.33
2024-07-18,5,-0.2599999999999998,-0.33324554402766693,-0.33
2024-07-18,20,-0.2400000000000002,-0.3429821761106677,-0.33
2024-07-25,1,-0.2800000000000002,-0.26062964930924526,-0.2599999999999998
2024-07-25,5,-0.25,-0.2631482465462272,-0.2599999999999998
2024-07-25,20,-0.2299999999999999,-0.27259298618490946,-0.2599999999999998
2024-08-01,1,-0.1800000000000001,-0.2506261607853542,-0.25
2024-08-01,5,-0.1699999999999999,-0.253130803926771,-0.25
2024-08-01,20,-0.1800000000000001,-0.2625232157070841,-0.25
2024-08-08,1,-0.2200000000000002,-0.17060413354530993,-0.1699999999999999
2024-08-08,5,-0.2400000000000002,-0.17302066772654998,-0.1699999999999999
2024-08-08,20,-0.1599999999999997,-0.18208267090620023,-0.1699999999999999
2024-08-15,1,-0.25,-0.240621857634295,-0.2400000000000002
2024-08-15,5,-0.2299999999999999,-0.24310928817147415,-0.2400000000000002
2024-08-15,20,-0.0899999999999998,-0.25243715268589595,-0.2400000000000002
2024-08-22,1,-0.2000000000000001,-0.2306183932346722,-0.2299999999999999
2024-08-22,5,-0.1800000000000001,-0.23309196617336142,-0.2299999999999999
2024-08-22,20,0.0300000000000002,-0.24236786469344598,-0.2299999999999999
2024-08-29,1,-0.1699999999999999,-0.18060438110319355,-0.1800000000000001
2024-08-29,5,-0.1599999999999997,-0.18302190551596736,-0.1800000000000001
2024-08-29,20,0.0399999999999995,-0.1920876220638692,-0.1800000000000001
2024-09-05,1,-0.0899999999999998,-0.1605983131259881,-0.1599999999999997
2024-09-05,5,-0.0899999999999998,-0.16299156562994171,-0.1599999999999997
2024-09-05,20,0.04,-0.17196626251976777,-0.1599999999999997
2024-09-12,1,-0.04,-0.09057909976309535,-0.0899999999999998
2024-09-12,5,0.0300000000000002,-0.09289549881547755,-0.0899999999999998
2024-09-12,20,0.04,-0.10158199526191083,-0.0899999999999998
2024-09-19,1,0.02,0.029453207150368234,0.0300000000000002
2024-09-19,5,0.0399999999999995,0.02726603575184037,0.0300000000000002
2024-09-19,20,0.1400000000000001,0.019064143007360874,0.0300000000000002
2024-09-26,1,0.04,0.0394565502756624,0.0399999999999995
2024-09-26,5,0.04,0.03728275137831402,0.0399999999999995
2024-09-26,20,0.1600000000000001,0.02913100551325757,0.0399999999999995
2024-10-03,1,-0.02,0.03945726271630834,0.04
2024-10-03,5,0.04,0.03728631358154169,0.04
2024-10-03,20,0.1500000000000003,0.029145254326166756,0.04
2024-10-10,1,0.1400000000000001,0.03945797329143755,0.04
2024-10-10,5,0.1400000000000001,0.037289866457187744,0.04
2024-10-10,20,0.1500000000000003,0.02915946582875098,0.04
2024-10-17,1,0.1599999999999997,0.13948483263598335,0.1400000000000001
2024-10-17,5,0.1600000000000001,0.1374241631799164,0.1400000000000001
2024-10-17,20,0.0999999999999996,0.12969665271966538,0.1400000000000001
2024-10-24,1,0.1699999999999999,0.1594907286497781,0.1600000000000001
2024-10-24,5,0.1500000000000003,0.15745364324889013,0.1600000000000001
2024-10-24,20,0.0699999999999998,0.14981457299556028,0.1600000000000001
2024-10-31,1,0.1899999999999999,0.1494887845592074,0.1500000000000003
2024-10-31,5,0.1500000000000003,0.14744392279603577,0.1500000000000003
2024-10-31,20,0.04,0.13977569118414218,0.1500000000000003
2024-11-07,1,0.1,0.14948945037770284,0.1500000000000003
2024-11-07,5,0.0999999999999996,0.14744725188851293,0.1500000000000003
2024-11-07,20,0.04,0.13978900755405083,0.1500000000000003
2024-11-14,1,0.1200000000000001,0.09947710718002041,0.0999999999999996
2024-11-14,5,0.0699999999999998,0.09738553590010365,0.0999999999999996
2024-11-14,20,0.1600000000000001,0.08954214360041583,0.0999999999999996
2024-11-21,1,0.0699999999999998,0.06946999220576754,0.0699999999999998
2024-11-21,5,0.04,0.06734996102883846,0.0699999999999998
2024-11-21,20,0.2599999999999998,0.05939984411535443,0.0699999999999998
2024-11-28,1,0.0499999999999998,0.039462895692786715,0.04
2024-11-28,5,0.04,0.03731447846393358,0.04
2024-11-28,20,0.2600000000000002,0.0292579138557343,0.04
2024-12-05,1,0.0899999999999998,0.039463591604042496,0.04
2024-12-05,5,0.1600000000000001,0.03731795802021249,0.04
2024-12-05,20,0.29,0.029271832080849963,0.04
2024-12-12,1,0.1600000000000001,0.15949534161490692,0.1600000000000001
2024-12-12,5,0.2599999999999998,0.15747670807453426,0.1600000000000001
2024-12-12,20,0.3999999999999999,0.14990683229813673,0.1600000000000001
2024-12-19,1,0.2200000000000002,0.2595218402688031,0.2599999999999998
2024-12-19,5,0.2600000000000002,0.2576092013440163,0.2599999999999998
2024-12-19,20,0.3899999999999997,0.25043680537606594,0.2599999999999998
2024-12-26,1,0.2999999999999998,0.2595224574083636,0.2600000000000002
2024-12-26,5,0.29,0.25761228704181743,0.2600000000000002
2024-12-26,20,0.3699999999999996,0.25044914816726915,0.2600000000000002
2025-01-02,1,0.2999999999999998,0.28953080690899713,0.29
2025-01-02,5,0.3999999999999999,0.2876540345449858,0.29
2025-01-02,20,0.3799999999999999,0.28061613817994324,0.29
2025-01-09,1,0.3700000000000001,0.3995597322348094,0.3999999999999999
2025-01-09,5,0.3899999999999997,0.3977986611740473,0.3999999999999999
2025-01-09,20,0.3700000000000001,0.3911946446961894,0.3999999999999999
2025-01-16,1,0.3699999999999996,0.3895577269220876,0.3899999999999997
2025-01-16,5,0.3699999999999996,0.3877886346104394,0.3899999999999997
2025-01-16,20,0.3700000000000001,0.3811545384417585,0.3899999999999997
2025-01-23,1,0.3699999999999996,0.3695531587057007,0.3699999999999996
2025-01-23,5,0.3799999999999999,0.367765793528505,0.3699999999999996
2025-01-23,20,0.4000000000000003,0.36106317411402117,0.3699999999999996
2025-01-30,1,0.4099999999999997,0.3795562964862784,0.3799999999999999
2025-01-30,5,0.3700000000000001,0.37778148243139253,0.3799999999999999
2025-01-30,20,0.3400000000000003,0.37112592972557057,0.3799999999999999
2025-02-06,1,0.3799999999999999,0.36955430327868866,0.3700000000000001
2025-02-06,5,0.3700000000000001,0.36777151639344274,0.3700000000000001
2025-02-06,20,0.4399999999999999,0.3610860655737706,0.3700000000000001
2025-02-13,1,0.3699999999999996,0.3695548733691482,0.3700000000000001
2025-02-13,5,0.4000000000000003,0.3677743668457407,0.3700000000000001
2025-02-13,20,0.48,0.3610974673829625,0.3700000000000001
2025-02-20,1,0.3700000000000001,0.3995631067961168,0.4000000000000003
2025-02-20,5,0.3400000000000003,0.39781553398058284,0.4000000000000003
2025-02-20,20,0.4700000000000002,0.3912621359223304,0.4000000000000003
2025-02-27,1,0.33,0.3395483541719829,0.3400000000000003
2025-02-27,5,0.4399999999999999,0.3377417708599135,0.3400000000000003
2025-02-27,20,0.54,0.33096708343965325,0.3400000000000003
2025-03-06,1,0.4399999999999999,0.43957441386340457,0.4399999999999999
2025-03-06,5,0.48,0.4378720693170233,0.4399999999999999
2025-03-06,20,0.54,0.4314882772680937,0.4399999999999999
2025-03-13,1,0.4900000000000002,0.4795851361669636,0.48
2025-03-13,5,0.4700000000000002,0.477925680834818,0.48
2025-03-13,20,0.6000000000000001,0.47170272333927205,0.48
2025-03-20,1,0.4900000000000002,0.4695831215048299,0.4700000000000002
2025-03-20,5,0.54,0.4679156075241486,0.4700000000000002
2025-03-20,20,0.6099999999999999,0.46166243009659397,0.4700000000000002
2025-03-27,1,0.5299999999999998,0.5396014216806296,0.54
2025-03-27,5,0.54,0.538007108403148,0.54
2025-03-27,20,0.5900000000000003,0.5320284336125921,0.54
2025-04-03,1,0.52,0.5396019269776876,0.54
2025-04-03,5,0.6000000000000001,0.5380096348884381,0.54
2025-04-03,20,0.6000000000000001,0.5320385395537526,0.54
2025-04-10,1,0.5799999999999996,0.5996176247151178,0.6000000000000001
2025-04-10,5,0.6099999999999999,0.5980881235755888,0.6000000000000001
2025-04-10,20,0.6200000000000001,0.5923524943023551,0.6000000000000001
2025-04-17,1,0.6099999999999999,0.6096206373292866,0.6099999999999999
2025-04-17,5,0.5900000000000003,0.6081031866464338,0.6099999999999999
2025-04-17,20,0.6300000000000003,0.6024127465857358,0.6099999999999999
2025-04-24,1,0.5800000000000001,0.5896160646627939,0.5900000000000003
2025-04-24,5,0.6000000000000001,0.5880803233139684,0.5900000000000003
2025-04-24,20,0.6599999999999997,0.582321293255873,0.5900000000000003
2025-05-01,1,0.6400000000000001,0.5996190716448033,0.6000000000000001
2025-05-01,5,0.6200000000000001,0.5980953582240163,0.6000000000000001
2025-05-01,20,0.6099999999999999,0.5923814328960647,0.6000000000000001
2025-05-08,1,0.6299999999999999,0.6196245905769716,0.6200000000000001
2025-05-08,5,0.6300000000000003,0.6181229528848577,0.6200000000000001
2025-05-08,20,0.6299999999999999,0.6124918115394307,0.6200000000000001
2025-05-15,1,0.6400000000000001,0.6296275792652243,0.6300000000000003
2025-05-15,5,0.6599999999999997,0.6281378963261202,0.6300000000000003
2025-05-15,20,0.6499999999999999,0.6225515853044794,0.6300000000000003
2025-05-22,1,0.6499999999999999,0.6596355868308618,0.6599999999999997
2025-05-22,5,0.6099999999999999,0.6581779341543098,0.6599999999999997
2025-05-22,20,0.6499999999999999,0.6527117366172402,0.6599999999999997
2025-05-29,1,0.6100000000000003,0.6096234939759035,0.6099999999999999
2025-05-29,5,0.6299999999999999,0.608117469879518,0.6099999999999999
2025-05-29,20,0.71,0.6024698795180722,0.6099999999999999
2025-06-05,1,0.6499999999999999,0.6296289796941589,0.6299999999999999
2025-06-05,5,0.6499999999999999,0.6281448984707946,0.6299999999999999
2025-06-05,20,0.69,0.6225795938831786,0.6299999999999999
2025-06-12,1,0.6600000000000001,0.6496344516775162,0.6499999999999999
2025-06-12,5,0.6499999999999999,0.6481722583875813,0.6499999999999999
2025-06-12,20,0.71,0.6426890335503254,0.6499999999999999
2025-06-19,1,0.6599999999999997,0.6496349087271817,0.6499999999999999
2025-06-19,5,0.71,0.6481745436359089,0.6499999999999999
2025-06-19,20,0.7599999999999998,0.6426981745436359,0.6499999999999999
2025-06-26,1,0.71,0.7096503496503496,0.71
2025-06-26,5,0.69,0.7082517482517482,0.71
2025-06-26,20,0.7199999999999998,0.703006993006993,0.71
2025-07-03,1,0.6800000000000002,0.689645796956847,0.69
2025-07-03,5,0.71,0.6882289847842354,0.69
2025-07-03,20,0.6900000000000004,0.6829159391369418,0.69
2025-07-10,1,0.7599999999999998,0.7096512207274539,0.71
2025-07-10,5,0.7599999999999998,0.7082561036372695,0.71
2025-07-10,20,0.7000000000000002,0.7030244145490782,0.71
2025-07-17,1,0.75,0.7596640955461555,0.7599999999999998
2025-07-17,5,0.7199999999999998,0.7583204777307786,0.7599999999999998
2025-07-17,20,0.7200000000000002,0.753281910923115,0.7599999999999998
2025-07-24,1,0.71,0.7196545725646121,0.7199999999999998
2025-07-24,5,0.6900000000000004,0.7182728628230614,0.7199999999999998
2025-07-24,20,0.75,0.7130914512922463,0.7199999999999998
2025-07-31,1,0.69,0.6896475552246218,0.6900000000000004
2025-07-31,5,0.7000000000000002,0.6882377761231079,0.6900000000000004
2025-07-31,20,0.73,0.6829511044924302,0.6900000000000004
2025-08-07,1,0.7199999999999998,0.6996504709965297,0.7000000000000002
2025-08-07,5,0.7200000000000002,0.6982523549826477,0.7000000000000002
2025-08-07,20,0.73,0.6930094199305902,0.7000000000000002
2025-08-14,1,0.7399999999999998,0.7196558554097551,0.7200000000000002
2025-08-14,5,0.75,0.7182792770487746,0.7200000000000002
2025-08-14,20,0.6600000000000001,0.713117108195098,0.7200000000000002
2025-08-21,1,0.7400000000000002,0.7496636993076162,0.75
2025-08-21,5,0.73,0.7483184965380811,0.75
2025-08-21,20,0.71,0.7432739861523244,0.75
2025-08-28,1,0.7399999999999998,0.7296591751049641,0.73
2025-08-28,5,0.73,0.7282958755248209,0.73
2025-08-28,20,0.73,0.7231835020992837,0.73
2025-09-04,1,0.73,0.7296595954612728,0.73
2025-09-04,5,0.6600000000000001,0.728297977306364,0.73
2025-09-04,20,0.73,0.7231919092254563,0.73
2025-09-11,1,0.6800000000000002,0.6596427691549644,0.6600000000000001
2025-09-11,5,0.71,0.6582138457748216,0.6600000000000001
2025-09-11,20,0.73,0.6528553830992857,0.6600000000000001
2025-09-18,1,0.7400000000000002,0.7096555118110236,0.71
2025-09-18,5,0.73,0.708277559055118,0.71
2025-09-18,20,0.7000000000000002,0.7031102362204724,0.71
2025-09-25,1,0.73,0.7296608503317769,0.73
2025-09-25,5,0.73,0.7283042516588842,0.73
2025-09-25,20,0.6999999999999997,0.723217006635537,0.73
2025-10-02,1,0.7399999999999998,0.7296612665684831,0.73
2025-10-02,5,0.73,0.7283063328424153,0.73
2025-10-02,20,0.71,0.7232253313696613,0.73
2025-10-09,1,0.71,0.7296616817847511,0.73
2025-10-09,5,0.7000000000000002,0.7283084089237558,0.73
2025-10-09,20,0.71,0.7232336356950233,0.73
2025-10-16,1,0.7199999999999998,0.6996547502448581,0.7000000000000002
2025-10-16,5,0.6999999999999997,0.6982737512242901,0.7000000000000002
2025-10-16,20,0.71,0.6930950048971598,0.7000000000000002
2025-10-23,1,0.71,0.6996551724137928,0.6999999999999997
2025-10-23,5,0.71,0.6982758620689653,0.6999999999999997
2025-10-23,20,0.75,0.6931034482758618,0.6999999999999997
2025-10-30,1,0.7200000000000002,0.7096580361504641,0.71
2025-10-30,5,0.71,0.7082901807523204,0.71
2025-10-30,20,0.7200000000000002,0.7031607230092818,0.71
2025-11-06,1,0.73,0.7096584532812881,0.71
2025-11-06,5,0.71,0.7082922664064406,0.71
2025-11-06,20,0.7999999999999998,0.7031690656257623,0.71
2025-11-13,1,0.7400000000000002,0.7096588693957114,0.71
2025-11-13,5,0.75,0.7082943469785574,0.71
2025-11-13,20,0.7999999999999998,0.70317738791423,0.71
2025-11-20,1,0.7600000000000002,0.7496690192260891,0.75
2025-11-20,5,0.7200000000000002,0.7483450961304453,0.75
2025-11-20,20,0.81,0.7433803845217815,0.75
2025-11-27,1,0.73,0.7196621293145359,0.7200000000000002
2025-11-27,5,0.7999999999999998,0.7183106465726788,0.7200000000000002
2025-11-27,20,0.8300000000000001,0.7132425862907148,0.7200000000000002
2025-12-04,1,0.7799999999999998,0.7996819616411749,0.7999999999999998
2025-12-04,5,0.7999999999999998,0.798409808205875,0.7999999999999998
2025-12-04,20,0.8399999999999999,0.7936392328235007,0.7999999999999998
2025-12-11,1,0.8199999999999998,0.7996823472356933,0.7999999999999998
2025-12-11,5,0.81,0.7984117361784673,0.7999999999999998
2025-12-11,20,0.8300000000000001,0.7936469447138699,0.7999999999999998
2025-12-18,1,0.8600000000000003,0.8096851537902641,0.81
2025-12-18,5,0.8300000000000001,0.80842576895132,0.81
2025-12-18,20,0.8200000000000003,0.8037030758052798,0.81
2025-12-25,1,0.8300000000000001,0.8296903725205613,0.8300000000000001
2025-12-25,5,0.8399999999999999,0.8284518626028061,0.8300000000000001
2025-12-25,20,0.8399999999999999,0.823807450411224,0.8300000000000001
2026-01-01,1,0.8600000000000003,0.8396931625996616,0.8399999999999999
2026-01-01,5,0.8300000000000001,0.8384658129983086,0.8399999999999999
2026-01-01,20,0.8400000000000003,0.833863251993235,0.8399999999999999
2026-01-08,1,0.8300000000000001,0.8296911196911197,0.8300000000000001
2026-01-08,5,0.8200000000000003,0.8284555984555986,0.8300000000000001
2026-01-08,20,0.8500000000000001,0.8238223938223939,0.8300000000000001
2026-01-15,1,0.8300000000000001,0.8196890817064356,0.8200000000000003
2026-01-15,5,0.8399999999999999,0.8184454085321767,0.8200000000000003
2026-01-15,20,0.7899999999999996,0.813781634128706,0.8200000000000003
2026-01-22,1,0.81,0.8396942705825708,0.8399999999999999
2026-01-22,5,0.8400000000000003,0.8384713529128549,0.8399999999999999
2026-01-22,20,0.7800000000000002,0.8338854116514202,0.8399999999999999
2026-01-29,1,0.8599999999999999,0.8396946381341671,0.8400000000000003
2026-01-29,5,0.8500000000000001,0.8384731906708346,0.8400000000000003
2026-01-29,20,0.7399999999999998,0.8338927626833377,0.8400000000000003
2026-02-05,1,0.8500000000000001,0.8496974063400577,0.8500000000000001
2026-02-05,5,0.7899999999999996,0.8484870317002883,0.8500000000000001
2026-02-05,20,0.7599999999999998,0.8439481268011528,0.8500000000000001
2026-02-12,1,0.7799999999999998,0.7896833773087067,0.7899999999999996
2026-02-12,5,0.7800000000000002,0.7884168865435353,0.7899999999999996
2026-02-12,20,0.7000000000000002,0.783667546174142,0.7899999999999996
2026-02-19,1,0.7800000000000002,0.7796813608049835,0.7800000000000002
2026-02-19,5,0.7399999999999998,0.7784068040249164,0.7800000000000002
2026-02-19,20,0.6000000000000001,0.7736272160996648,0.7800000000000002
2026-02-26,1,0.7399999999999998,0.7396721703756878,0.7399999999999998
2026-02-26,5,0.7599999999999998,0.7383608518784396,0.7399999999999998
2026-02-26,20,0.5899999999999999,0.733443407513759,0.7399999999999998
2026-03-05,1,0.77,0.759677342256214,0.7599999999999998
2026-03-05,5,0.7000000000000002,0.7583867112810705,0.7599999999999998
2026-03-05,20,0.6700000000000004,0.7535468451242827,0.7599999999999998
2026-03-12,1,0.7199999999999998,0.6996634041537362,0.7000000000000002
2026-03-12,5,0.6000000000000001,0.6983170207686801,0.7000000000000002
2026-03-12,20,0.6699999999999999,0.6932680830747197,0.7000000000000002
2026-03-19,1,0.4900000000000002,0.5996399618502624,0.6000000000000001
2026-03-19,5,0.5899999999999999,0.5981998092513114,0.6000000000000001
2026-03-19,20,0.7000000000000002,0.5927992370052457,0.6000000000000001
2026-03-26,1,0.6299999999999999,0.5896380090497736,0.5899999999999999
2026-03-26,5,0.6700000000000004,0.5881900452488686,0.5899999999999999
2026-03-26,20,0.6299999999999999,0.582760180995475,0.5899999999999999
2026-04-02,1,0.6700000000000004,0.6696574690770698,0.6700000000000004
2026-04-02,5,0.6699999999999999,0.6682873453853476,0.6700000000000004
2026-04-02,20,0.6000000000000001,0.6631493815413896,0.6700000000000004
2026-04-09,1,0.6900000000000004,0.6696578759800427,0.6699999999999999
2026-04-09,5,0.7000000000000002,0.6682893799002138,0.6699999999999999
2026-04-09,20,0.5899999999999999,0.6631575196008552,0.6699999999999999
2026-04-16,1,0.6699999999999999,0.6996654010441388,0.7000000000000002
2026-04-16,5,0.6299999999999999,0.6983270052206931,0.7000000000000002
2026-04-16,20,0.6000000000000001,0.6933080208827719,0.7000000000000002
2026-04-23,1,0.6400000000000001,0.6296492059729792,0.6299999999999999
2026-04-23,5,0.6000000000000001,0.6282460298648967,0.6299999999999999
2026-04-23,20,0.6299999999999999,0.6229841194595874,0.6299999999999999
2026-04-30,1,0.5899999999999999,0.599642518939394,0.6000000000000001
2026-04-30,5,0.5899999999999999,0.5982125946969697,0.6000000000000001
2026-04-30,20,0.6000000000000001,0.5928503787878788,0.6000000000000001
2026-05-07,1,0.6100000000000003,0.5896405769685503,0.5899999999999999
2026-05-07,5,0.6000000000000001,0.5882028848427523,0.5899999999999999
2026-05-07,20,0.6300000000000003,0.5828115393710096,0.5899999999999999
2026-05-14,1,0.6300000000000003,0.599643363249882,0.6000000000000001
2026-05-14,5,0.6299999999999999,0.5982168162494096,0.6000000000000001
2026-05-14,20,0.6400000000000001,0.5928672649976383,0.6000000000000001
2026-05-21,1,0.6099999999999999,0.6296508610521349,0.6299999999999999
2026-05-21,5,0.6000000000000001,0.6282543052606746,0.6299999999999999
2026-05-21,20,0.6000000000000001,0.6230172210426986,0.6299999999999999
2026-05-28,1,0.6400000000000001,0.5996442035815269,0.6000000000000001
2026-05-28,5,0.6300000000000003,0.5982210179076344,0.6000000000000001
2026-05-28,20,0.6400000000000001,0.5928840716305374,0.6000000000000001
