origin_date,horizon,actual,vecm,var_aic,var_bic,naive,vecm_lower_90,vecm_upper_90,vecm_lower_95,vecm_upper_95
2012-01-19,1,1.02,0.9805048436822712,0.9755130806749912,0.9777354709418837,0.98,0.9348747903867118,1.0261348969778306,0.9261332816134367,1.0348764057511057
2012-01-26,1,0.99,0.9941072207356967,0.9871019998822989,1.0078174603174603,1.01,0.9485640567215184,1.0396503847498748,0.9398391936315297,1.0483752478398638
2012-02-02,1,0.9699999999999998,0.970381012050308,0.9650218723291917,0.9477210216110019,0.95,0.9249373976259934,1.0158246264746227,0.9162316055988308,1.0245304185017852
2012-02-09,1,0.9799999999999998,1.001941185932375,0.9926626806768314,0.9978404669260699,0.9999999999999998,0.9566473373339437,1.0472350345308064,0.9479702364694327,1.0559121353953174
2012-02-16,1,0.9599999999999996,0.9661636902492464,0.9591373187891153,0.957784200385356,0.9599999999999996,0.9209997860137463,1.0113275944847464,0.9123475790449589,1.019979801453534
2012-02-23,1,0.95,0.9746921414555192,0.9698777102932201,0.95780534351145,0.9599999999999996,0.9296112137820766,1.019773069128962,0.9209749029232608,1.0284093799877776
2012-03-01,1,0.8599999999999999,0.9044515824109873,0.9004046113435907,0.8977126654064271,0.8999999999999999,0.8593823263222148,0.9495208384997599,0.850748251429663,0.9581549133923116
2012-03-08,1,0.8399999999999999,0.8442512985946661,0.8409845237112447,0.8376217228464418,0.8399999999999999,0.79920137029447,0.8893012268948621,0.7905709980939207,0.8979315990954114
2012-03-15,1,0.9600000000000002,0.9409649196974442,0.9357706857119293,0.9378293135435992,0.94,0.8957754966477224,0.9861543427471661,0.8871184009505138,0.9948114384443747
2012-03-22,1,0.9500000000000002,0.9509515345648991,0.9455109237057795,0.9578860294117649,0.9600000000000002,0.905826805573419,0.9960762635563792,0.8971821035430342,1.0047209655867642
2012-03-29,1,0.91,0.9045751828658302,0.9033788633000649,0.8977959927140257,0.9000000000000001,0.85952795740541,0.9496224083262503,0.850898102997322,0.9582522627343383
2012-04-05,1,0.8799999999999999,0.867882910588772,0.8678838876601676,0.8777797833935017,0.8799999999999999,0.8230183436432549,0.9127474775342891,0.8144234817652041,0.9213423394123399
2012-04-12,1,0.79,0.8293667101195714,0.8293788175111025,0.8176923076923075,0.8199999999999998,0.7845357561507922,0.8741976640883506,0.7759473336281625,0.8827860866109803
2012-04-19,1,0.71,0.7137023090775996,0.71477963354158,0.7075177304964538,0.71,0.6688665256297233,0.7585380925254759,0.6602771779069052,0.7671274402482939
2012-04-26,1,0.6599999999999999,0.6746966968862738,0.6736542762375379,0.6774868189806675,0.6799999999999997,0.6298291660825586,0.719564227689989,0.621233736407835,0.7281596573647126
2012-05-03,1,0.77,0.7111779161270164,0.7072732805754841,0.6975435540069685,0.7,0.6663587214083505,0.7559971108456823,0.6577725516463601,0.7645832806076728
2012-05-10,1,0.6699999999999999,0.7485847875037624,0.7432671817184265,0.7476511226252159,0.75,0.7036808295697641,0.7934887454377608,0.6950784214223902,0.8020911535851347
2012-05-17,1,0.6699999999999999,0.6654464416527961,0.6624184195076249,0.6575171232876712,0.6599999999999999,0.6203355986459713,0.7105572846596209,0.6116935568021944,0.7191993265033978
2012-05-24,1,0.73,0.7128993656758174,0.7104207570993872,0.717640067911715,0.7200000000000002,0.6679321088109352,0.7578666225406995,0.659317574266161,0.7664811570854737
2012-05-31,1,0.7400000000000001,0.6700476340619482,0.6686801389375826,0.6775925925925925,0.6799999999999999,0.6251814443079723,0.7149138238159242,0.6165862715428339,0.7235089965810626
2012-06-07,1,0.77,0.7612808019024101,0.7600194076189374,0.757746243739566,0.76,0.7160330601612668,0.8065285436435534,0.7073647921485362,0.815196811656284
2012-06-14,1,0.76,0.744326517129224,0.7424866696221416,0.7477483443708609,0.75,0.6991693019353721,0.789483732323076,0.6905183764096694,0.7981346578487787
2012-06-21,1,0.74,0.7031860968665203,0.7023101047485846,0.6976847290640393,0.7,0.6580393998892825,0.7483327938437582,0.6493904893750946,0.7569817043579461
2012-06-28,1,0.71,0.7034340502897105,0.699942275518646,0.7177361563517916,0.72,0.6583677532899853,0.7485003472894357,0.6497342452804634,0.7571338552989576
2012-07-05,1,0.71,0.7243490941424129,0.7204145370806981,0.6977221324717285,0.7,0.6794478050021785,0.7692503832826473,0.6708459081249526,0.7778522801598732
2012-07-12,1,0.6499999999999999,0.6614272686664006,0.6567920103165235,0.6576762820512819,0.6599999999999999,0.6166333951865024,0.7062211421462987,0.6080520763027129,0.7148024610300883
2012-07-19,1,0.6600000000000001,0.6701900658775319,0.6654080969492211,0.6677106518282988,0.6699999999999999,0.6255929206888567,0.7147872110662071,0.6170492897313236,0.7233308420237403
2012-07-26,1,0.6399999999999999,0.6371001557003938,0.6332876639295267,0.6276656151419557,0.6299999999999999,0.5926292178390509,0.6815710935617367,0.5841097648602717,0.6900905465405159
2012-08-02,1,0.6499999999999999,0.6149908051207846,0.6090039390570445,0.6076525821596243,0.6099999999999999,0.5705965522739163,0.659385057967653,0.5620917901113514,0.6678898201302179
2012-08-09,1,0.6500000000000001,0.6480112395244797,0.6413020732755557,0.6477329192546585,0.6500000000000001,0.603756100010983,0.6922663790379764,0.5952779882758517,0.7007444907731077
2012-08-16,1,0.74,0.71625506024049,0.7087945428308181,0.7178582434514638,0.72,0.6721479519248171,0.7603621685561629,0.663698199043578,0.7688119214374021
2012-08-23,1,0.6800000000000002,0.681393440216852,0.6729595913169447,0.6878287461773702,0.6900000000000002,0.637417689655595,0.725369190778109,0.6289931014384255,0.7337937789952785
2012-08-30,1,0.6200000000000001,0.6542729970205101,0.6467722655214009,0.6377693474962065,0.6400000000000001,0.6103493573834157,0.6981966366576046,0.6019347522381001,0.7066112418029201
2012-09-06,1,0.6700000000000002,0.6778712886512142,0.6710344091172102,0.6778463855421688,0.6800000000000002,0.634006762462054,0.7217358148403743,0.625603481886543,0.7301390954158853
2012-09-13,1,0.77,0.7032774460703723,0.6977305111494396,0.7079073243647235,0.71,0.659530889174424,0.7470240029663207,0.6511502083886812,0.7554046837520635
2012-09-20,1,0.7100000000000002,0.7024918782157363,0.6973431534341823,0.7079228486646886,0.7100000000000002,0.6586645632409469,0.7463191931905258,0.650268411347815,0.7547153450836577
2012-09-27,1,0.6599999999999999,0.6549076550187335,0.6495948115800991,0.6478497790868925,0.6499999999999999,0.6111740897065245,0.6986412203309424,0.6027958977638804,0.7070194122735866
2012-10-04,1,0.6700000000000002,0.6795249728952188,0.6742285202226838,0.6678947368421052,0.6699999999999999,0.6359261773613615,0.7231237684290762,0.6275738037361364,0.7314761420543013
2012-10-11,1,0.6600000000000001,0.6646446922595167,0.6591642970816658,0.6578955007256896,0.6600000000000001,0.6211723413384069,0.7081170431806265,0.6128441911495321,0.7164451933695013
2012-10-18,1,0.75,0.7668594461873564,0.762322132494807,0.7680691642651295,0.7699999999999998,0.7233236613263728,0.8103952310483399,0.7149833588759538,0.8187355334987589
2012-10-25,1,0.72,0.7449896062248587,0.7395805015455017,0.7480543633762518,0.75,0.7013658650952768,0.7886133473544406,0.6930087125551014,0.7969704998946159
2012-11-01,1,0.71,0.7222492279723431,0.716916645217585,0.7080113636363636,0.71,0.678750666090487,0.7657477898541993,0.6704174945762625,0.7740809613684237
2012-11-08,1,0.6299999999999999,0.6516246611754228,0.648117968005589,0.6479407616361071,0.6499999999999999,0.6081799196480163,0.6950694027028294,0.5998570586871799,0.7033922636636658
2012-11-15,1,0.6199999999999999,0.653169397572406,0.6499718922570198,0.6479551820728291,0.6499999999999999,0.6098385830098542,0.6965002121349578,0.6015375474358158,0.7048012477089962
2012-11-22,1,0.6699999999999999,0.6637774625457384,0.6602368953039399,0.6579833101529902,0.6599999999999999,0.6205354631831853,0.7070194619082916,0.6122514422473934,0.7153034828440835
2012-11-29,1,0.6299999999999999,0.6155698244354877,0.6127729367497491,0.6179419889502761,0.6199999999999999,0.5724558448147319,0.6586838040562435,0.564196349068267,0.6669432998027084
2012-12-06,1,0.6499999999999999,0.6486426963694893,0.6460232034247091,0.647997256515775,0.6499999999999999,0.6056561334934242,0.6916292592455545,0.5974210474180232,0.6998643453209555
2012-12-13,1,0.6699999999999999,0.678850941845192,0.676110897829725,0.6780517711171662,0.6799999999999999,0.6359955877614806,0.7217062959289035,0.6277856378129664,0.7299162458774177
2012-12-20,1,0.6799999999999999,0.7071403823495034,0.7039877118000342,0.7081055480378893,0.7100000000000002,0.664406267476306,0.7498744972227007,0.656219543747045,0.7580612209519617
2012-12-27,1,0.6400000000000001,0.6503865338593405,0.6454791556068856,0.6480376344086023,0.6500000000000001,0.6076473397760507,0.6931257279426304,0.5994596430047618,0.7013134247139192
2013-01-03,1,0.73,0.7277912946553418,0.7229245902189863,0.7281575433911882,0.73,0.6851614361178271,0.7704211531928564,0.6769946851391375,0.778587904171546
2013-01-10,1,0.75,0.7723817258507265,0.7661439469782463,0.7682228116710875,0.77,0.7297853810911366,0.8149780706103165,0.7216250504640047,0.8231384012374483
2013-01-17,1,0.74,0.7563681928055637,0.7501752567375439,0.7482081686429513,0.75,0.7138422608633007,0.7988941247478266,0.7056954194656562,0.8070409661454712
2013-01-24,1,0.81,0.7803961123158168,0.7716526662713834,0.7682460732984291,0.7699999999999998,0.7380296607155207,0.822762563916113,0.7299133715243229,0.8308788531073108
2013-01-31,1,0.8500000000000001,0.830292533517925,0.8215779860123428,0.8283355006501951,0.8300000000000001,0.7880402080045521,0.8725448590312979,0.7799457823466629,0.8806392846891871
2013-02-07,1,0.8599999999999999,0.8398482594525922,0.8329817874349005,0.8383591731266151,0.8400000000000001,0.7976880290261988,0.8820084898789856,0.7896112463459671,0.8900852725592173
2013-02-14,1,0.8799999999999999,0.8703207067051262,0.8630498985773215,0.868408215661104,0.8700000000000001,0.828271577332147,0.9123698360781054,0.8202160786689829,0.9204253347412694
2013-02-21,1,0.8699999999999999,0.8726071665641376,0.8653813425145406,0.8684183673469387,0.8699999999999999,0.8306293922938931,0.9145849408343821,0.8225875633771248,0.9226267697511504
2013-02-28,1,0.8600000000000001,0.880613368112974,0.8751079353653571,0.8784410646387834,0.8800000000000001,0.8387625667329124,0.9224641694930356,0.830745062456449,0.930481673769499
2013-03-07,1,0.95,0.9255878111642998,0.9218784303696198,0.9185012594458438,0.92,0.8837419662015734,0.9674336561270261,0.8757254114433001,0.9754502108852995
2013-03-14,1,0.8999999999999999,0.9477209158347843,0.944118085958281,0.9485481852315394,0.95,0.9059618961342778,0.9894799355352909,0.8979619747949164,0.9974798568746523
2013-03-21,1,0.8300000000000001,0.8397107331991545,0.8359052577391353,0.8384203980099503,0.8400000000000001,0.7978039541781574,0.8816175122201515,0.7897757260693948,0.8896457403289141
2013-03-28,1,0.76,0.7668862363208222,0.7630913573424377,0.7583312731767614,0.76,0.7249187496455795,0.808853722996065,0.7168788915593378,0.8168935810823066
2013-04-04,1,0.77,0.8076675565906243,0.804814195100378,0.7983906633906634,0.8,0.7654397365840142,0.8498953765972344,0.7573500055316951,0.8579851076495535
2013-04-11,1,0.79,0.7969222128071928,0.7944950846151906,0.7984004884004885,0.8,0.7546736182160947,0.8391708073982909,0.7465799073040241,0.8472645183103614
2013-04-18,1,0.77,0.7621671464947708,0.7601557841978427,0.7583616504854369,0.76,0.720011890918842,0.8043224020706996,0.7119360612880995,0.8123982317014421
2013-04-25,1,0.7699999999999999,0.7841635225169087,0.7822101409402462,0.7884077201447528,0.79,0.7421252246234841,0.8262018204103333,0.7340718009847111,0.8342552440491062
2013-05-02,1,0.81,0.7586548449155422,0.757778711659614,0.7583812949640287,0.7599999999999999,0.7167334331931794,0.8005762566379051,0.7087024018466792,0.8086072879844053
2013-05-09,1,0.8799999999999999,0.8212084370895378,0.8189818660023519,0.8284743742550656,0.8300000000000001,0.7792956666067995,0.8631212075722762,0.7712662906927726,0.871150583486303
2013-05-16,1,0.91,0.8652985256526687,0.8632410018220814,0.8685308056872036,0.8699999999999999,0.8233125658885047,0.9072844854168328,0.8152691688480603,0.9153278824572771
2013-05-23,1,0.92,0.9236030293512618,0.9190120605354496,0.9185983510011779,0.92,0.881609091651896,0.9655969670506276,0.8735641662505247,0.973641892451999
2013-05-30,1,0.98,0.9955026160404988,0.9910846671940866,0.9886885245901637,0.9899999999999998,0.9535004638708967,1.0375047682101008,0.9454539647947551,1.0455512672862426
2013-06-06,1,1.02,0.9814208097000569,0.9761619348972775,0.9886961583236321,0.99,0.9394882583955719,1.0233533610045418,0.931455093000395,1.0313865263997186
2013-06-13,1,1.02,1.0168597886931814,1.0110588171101802,1.018738425925926,1.02,0.9748976716765699,1.058821905709793,0.9668588422745975,1.0668607351117652
2013-06-20,1,1.2200000000000002,1.1610163502817958,1.1558409713853188,1.1388837744533946,1.14,1.1189751198880327,1.203057580675559,1.1109211344599217,1.21111156610367
2013-06-27,1,1.22,1.2114193001813236,1.2069173964539468,1.2189816933638444,1.22,1.1693062367322844,1.2535323636303628,1.161238489994739,1.2616001103679082
2013-07-04,1,1.3199999999999998,1.2402174003197908,1.2352925169315345,1.2289988623435724,1.2300000000000002,1.1981896239034802,1.2822451767361014,1.1901382159008476,1.290296584738734
2013-07-11,1,1.2900000000000005,1.297705396864381,1.2927791163792353,1.3090950226244344,1.31,1.2554587565104096,1.3399520372183524,1.2473654199783748,1.3480453737503872
2013-07-18,1,1.2799999999999998,1.3170181174342228,1.3128127833643213,1.3091001124859392,1.3099999999999998,1.2748792546523915,1.3591569802160541,1.2668065654465022,1.3672296694219435
2013-07-25,1,1.3000000000000005,1.3202912687813895,1.3139508135166758,1.3091051454138702,1.31,1.2781278552107922,1.3624546823519867,1.2700504627245013,1.3705320748382777
2013-08-01,1,1.3300000000000003,1.3621865638922956,1.3571073484609757,1.35916573971079,1.36,1.3199734375978147,1.4043996901867766,1.3118865214712783,1.412486606313313
2013-08-08,1,1.35,1.3487545044006113,1.3437588463928494,1.3491592920353985,1.3500000000000003,1.3065483045017066,1.390960704299516,1.2984627152889763,1.3990462935122463
2013-08-15,1,1.5000000000000002,1.4695215331742832,1.464888552099074,1.4692959295929595,1.4700000000000002,1.4272865386407398,1.5117565277078266,1.4191954331392231,1.5198476332093434
2013-08-22,1,1.5,1.5419494017403754,1.5393683810766166,1.5393763676148802,1.5400000000000005,1.4996887744370626,1.5842100290436882,1.4915927583762625,1.5923060451044884
2013-08-29,1,1.42,1.4219326460198616,1.415184428493626,1.4092383025027202,1.41,1.3795130835827845,1.4643522084569387,1.371386619762978,1.4724786722767451
2013-09-05,1,1.4699999999999998,1.518857184861088,1.5128435171119414,1.5093506493506492,1.5099999999999998,1.4765138912551738,1.561200478467002,1.4684020385218903,1.5693123312002855
2013-09-12,1,1.4799999999999998,1.5025650079636326,1.499763547822214,1.4993433799784712,1.4999999999999998,1.4601385728481027,1.5449914430791625,1.4520107924052672,1.553119223521998
2013-09-19,1,1.47,1.4642931019581988,1.4585081146740013,1.4793254817987154,1.4800000000000002,1.421816175616141,1.5067700283002567,1.4136787223925875,1.5149074815238102
2013-09-26,1,1.35,1.3651928133388918,1.3581903970068034,1.3592012779552716,1.36,1.3226033620568804,1.407782264620903,1.3144443520373392,1.4159412746404443
2013-10-03,1,1.39,1.3695885682546733,1.3639190339509248,1.3592055084745764,1.36,1.3270842145501136,1.412092921959233,1.3189415069708752,1.4202356295384715
2013-10-10,1,1.38,1.3796696961732335,1.375889151793199,1.379230769230769,1.38,1.3372348504529272,1.4221045418935399,1.329105458761142,1.4302339335853251
2013-10-17,1,1.35,1.3687963820051503,1.365710515692328,1.3792348008385744,1.38,1.3264048362139156,1.411187927796385,1.3182837396408629,1.4193090243694377
2013-10-24,1,1.33,1.338646520428324,1.3357108371395197,1.329186652763295,1.3299999999999998,1.296264284079851,1.381028756776797,1.288144970949282,1.389148069907366
2013-10-31,1,1.38,1.320774803886579,1.3175679626759107,1.319180497925311,1.3199999999999998,1.2784554680079145,1.3630941397652434,1.2703482049401653,1.3712014028329926
2013-11-07,1,1.4700000000000002,1.416704153867507,1.4157047373519989,1.4192879256965945,1.42,1.374335100699997,1.4590732070350168,1.3662183131174765,1.4671899946175373
2013-11-14,1,1.44,1.4563466808353764,1.4554929640842142,1.4593326488706364,1.46,1.4139313005458123,1.4987620611249406,1.4058056379146204,1.5068877237561324
2013-11-21,1,1.5,1.5586084904050346,1.557799303721171,1.5494279877425943,1.5499999999999998,1.5160934646473423,1.6011235161627269,1.5079487125855897,1.6092682682244794
2013-11-28,1,1.4499999999999995,1.4473412507504748,1.4453224114506498,1.4493292682926828,1.45,1.4046815356884899,1.4900009658124598,1.3965090649910679,1.4981734365098818
2013-12-05,1,1.6,1.5976731613162978,1.59589763609324,1.589474216380182,1.59,1.5549813851634289,1.6403649374691667,1.5468027724107822,1.6485435502218133
2013-12-12,1,1.56,1.5598298847715326,1.559175091129931,1.559446680080483,1.56,1.5170186977714963,1.602641071771569,1.5088172090655525,1.6108425604775127
2013-12-19,1,1.5599999999999998,1.566318294785183,1.5639906614515051,1.55944944944945,1.5600000000000005,1.5235505544862975,1.6090860350840686,1.5153573890167265,1.6172792005536396
2013-12-26,1,1.64,1.5979191495687108,1.5965648230364304,1.5894820717131477,1.5900000000000003,1.5551710152120584,1.6406672839253633,1.546981605721358,1.6488566934160638
2014-01-02,1,1.61,1.604219064479676,1.603193745036938,1.6095044598612491,1.6100000000000003,1.5614391634934504,1.6469989654659019,1.5532436683585076,1.6551944606008446
2014-01-09,1,1.54,1.5827646660469403,1.5805658781741638,1.5794773175542407,1.58,1.5399375671408877,1.625591764952993,1.5317330301355012,1.6337963019583794
2014-01-16,1,1.48,1.4928036409763035,1.4905098879590029,1.4793817468105985,1.48,1.4498852135006972,1.5357220684519097,1.4416631803620752,1.5439441015905317
2014-01-23,1,1.43,1.4463438282757082,1.4458667265327507,1.439345703125,1.4400000000000002,1.4034505770641703,1.489237079487246,1.3952333670304393,1.497454289520977
2014-01-30,1,1.39,1.403080037908727,1.404401346437109,1.399310009718173,1.4,1.3601822535506116,1.4459778222668422,1.3519641750861486,1.4541959007313052
2014-02-06,1,1.41,1.442123535989512,1.44520435997742,1.4493617021276597,1.4500000000000002,1.3992381376814897,1.4850089342975341,1.3910224320559286,1.4932246399230953
2014-02-13,1,1.45,1.4119110628428886,1.4154970542345737,1.4293455245428297,1.4300000000000002,1.3690607467313312,1.454761378954446,1.3608517619247487,1.4629703637610285
2014-02-20,1,1.4,1.4435014219708406,1.4452777971901827,1.4393582375478926,1.44,1.400709662156648,1.4862931817850333,1.3925118951845885,1.4944909487570928
2014-02-27,1,1.42,1.4271622056654274,1.4284621051118127,1.419342230695901,1.4200000000000002,1.384193475328628,1.4701309360022268,1.3759618054950935,1.4783626058357613
2014-03-06,1,1.47,1.4367940478775065,1.438689838531834,1.4493738140417456,1.45,1.3938863595581186,1.4797017361968945,1.3856663837571834,1.4879217119978296
2014-03-13,1,1.38,1.3589972088158517,1.3610843107911668,1.3693012275731824,1.37,1.3160832773958653,1.4019111402358382,1.3078621055823305,1.410132312049373
2014-03-20,1,1.41,1.4431811521254718,1.4445193605036621,1.429360902255639,1.43,1.4003327707517428,1.4860295334992009,1.3921241565896476,1.494238147661296
2014-03-27,1,1.37,1.35647557628986,1.3586232661873123,1.369307764265669,1.37,1.313689818687586,1.3992613338921338,1.3054932015802398,1.40745795099948
2014-04-03,1,1.4,1.4386959556058667,1.4408332733170879,1.4393761638733704,1.44,1.395949327840643,1.4814425833710905,1.3877602069729276,1.4896317042388059
2014-04-10,1,1.35,1.3789793396456274,1.3799915860622676,1.3793234476367005,1.38,1.3362386573535368,1.421720021937718,1.328050675480887,1.4299080038103678
2014-04-17,1,1.38,1.3861404198429468,1.3863580469584524,1.3793265682656826,1.38,1.3434215128965084,1.4288593267893852,1.3352377026029238,1.4370431370829697
2014-04-24,1,1.35,1.3443916098203237,1.345002882223985,1.3493021120293849,1.35,1.301758606630518,1.3870246130101294,1.2935912532197995,1.3951919664208479
2014-05-01,1,1.28,1.3049404671810372,1.3061059358163853,1.30926873857404,1.3099999999999998,1.2623732974556245,1.3475076369064498,1.2542185559917483,1.355662378370326
2014-05-08,1,1.2999999999999998,1.3007412010556267,1.3021837954135294,1.2992629663330302,1.3,1.2582479990226834,1.3432344030885701,1.2501074278081485,1.351374974303105
2014-05-15,1,1.2199999999999998,1.2263362858748565,1.2269337844478123,1.2292028985507244,1.2299999999999998,1.183812630809227,1.2688599409404862,1.175666225600796,1.2770063461489172
2014-05-22,1,1.2499999999999998,1.2708229977021572,1.2709977766617597,1.2692425608656446,1.2699999999999998,1.2283755421556248,1.3132704532486896,1.2202437347553619,1.3214022606489526
2014-05-29,1,1.1900000000000002,1.2041895749993343,1.2057303223288187,1.1991831238779174,1.2,1.1616815189564609,1.2466976310422078,1.1535381021073332,1.2548410478913354
2014-06-05,1,1.2599999999999998,1.2547566816947686,1.2560204808787019,1.269249329758713,1.27,1.212240843828321,1.2972725195612163,1.204095936188056,1.3054174272014811
2014-06-12,1,1.22,1.2285727926811243,1.2306057602883658,1.2292170818505335,1.2299999999999998,1.186091258549637,1.2710543268126115,1.17795292259576,1.2791926627664887
2014-06-19,1,1.16,1.206285900667693,1.207093205615653,1.1991939769707705,1.2,1.163815851810449,1.2487559495249367,1.1556797161306964,1.2568920852046894
2014-06-26,1,1.13,1.1279693644902773,1.1283820698578542,1.1291358024691356,1.13,1.0854626374640843,1.1704760915164703,1.0773194752193267,1.178619253761228
2014-07-03,1,1.2000000000000002,1.177016827824404,1.1779355790578456,1.1891922739244951,1.19,1.134534313521975,1.219499342126833,1.1263957897933252,1.2276378658554827
2014-07-10,1,1.11,1.1130026378067046,1.1139513116542623,1.1091258741258743,1.11,1.0705520429704127,1.1554532326429965,1.0624196341654397,1.1635856414479695
2014-07-17,1,1.08,1.0716570609968876,1.0705482736520247,1.069094865100087,1.07,1.0292484410368847,1.1140656809568905,1.021124073505652,1.1221900484881233
2014-07-24,1,1.0299999999999998,1.0709360677412503,1.0708636510311385,1.0590901213171577,1.06,1.0285752418769054,1.1132968936055951,1.020460030427604,1.1214121050548966
2014-07-31,1,1.05,1.0628642978888163,1.063738536393872,1.0590940465918897,1.06,1.0204753152175985,1.1052532805600341,1.0123547096704049,1.1133738861072278
2014-08-07,1,1.01,1.0020036459100254,1.0025960501361895,0.9990463917525771,0.9999999999999998,0.9596868538402517,1.0443204379797992,0.9515800780988614,1.0524272137211896
2014-08-14,1,0.97,0.9915799868591155,0.9921790429300795,0.9890419161676645,0.9899999999999998,0.949314592689998,1.033845381028233,0.9412176634240568,1.0419423102941743
2014-08-21,1,0.9799999999999998,0.9899076794279557,0.9915767709115407,0.989045996592845,0.99,0.9476838745353566,1.0321314843205547,0.9395949126724601,1.0402204461834512
2014-08-28,1,0.8899999999999999,0.8995813375577546,0.9003958248086026,0.8989737065309583,0.8999999999999999,0.8573981239931578,0.9417645511223514,0.8493169383528214,0.9498457367626878
2014-09-04,1,0.9999999999999998,1.0041826373507368,1.0055078559085628,0.9990625,1.0,0.9619124979044619,1.0464527767970115,0.9538146595691923,1.0545506151322812
2014-09-11,1,1.0800000000000003,1.0572438891818563,1.0589347010021366,1.0591169049621536,1.0600000000000005,1.0149997489657232,1.0994880293979894,1.0069068913938315,1.107580886969881
2014-09-18,1,1.08,1.1103059531555037,1.1115180461932752,1.1091624790619767,1.11,1.068095587587117,1.1525163187238905,1.0600092003425263,1.1606027059684811
2014-09-25,1,1.0300000000000002,1.0315071252624821,1.0318253625404739,1.0290992493744786,1.0299999999999998,0.9893124872803343,1.07370176324463,0.9812291130244026,1.0817851375005616
2014-10-02,1,0.9700000000000002,0.9997903899233325,0.9991643551922852,0.999078073089701,1.0,0.9576053625055493,1.0419754173411155,0.949523829379019,1.050056950467646
2014-10-09,1,0.9599999999999996,0.9713693066647852,0.9719470444696772,0.9690570719602976,0.9699999999999998,0.9292144796183887,1.0135241337111816,0.9211387320825463,1.0215998812470242
2014-10-16,1,0.98,1.0065631342858228,1.0084738396145194,1.0090939044481053,1.0099999999999998,0.9644454502968867,1.048680818274759,0.9563768183863659,1.0567494501852797
2014-10-23,1,1.0099999999999998,1.0003804619273529,1.0020394475954062,0.9990894175553733,1.0,0.9582878638268264,1.0424730600278793,0.950224037707616,1.0505368861470898
2014-10-30,1,1.0299999999999998,1.0078926204788736,1.0102127839454356,1.0091013071895423,1.0099999999999998,0.9658770704456158,1.0499081705121314,0.957828004693912,1.0579572362638352
2014-11-06,1,1.0099999999999998,1.059721180613124,1.0618537068159286,1.059145646867372,1.06,1.017740506384075,1.1017018548421729,1.0096981219120642,1.1097442393141836
2014-11-13,1,1.0199999999999998,1.0357900567108136,1.0373568344623518,1.0291247974068072,1.03,0.9938027866345855,1.0777773267870416,0.98575913857308,1.0858209748485472
2014-11-20,1,0.97,1.0099374573045699,1.0113959497158274,1.0091121872477804,1.01,0.967992897823052,1.0518820167860876,0.959957431979436,1.0599174826297038
2014-11-27,1,0.9000000000000001,0.913649140048674,0.9146552791700306,0.9090353697749196,0.91,0.8717116471236047,0.9555866329737434,0.863677535044903,0.9636207450524451
2014-12-04,1,0.92,0.9007537271257025,0.9017016582794909,0.8990312249799839,0.8999999999999999,0.8588626799537191,0.9426447742976858,0.8508374656502501,0.9506699886011548
2014-12-11,1,0.79,0.8149660669324003,0.8167575020840264,0.8089633173843701,0.81,0.7730645498012811,0.8568675840635194,0.7650373297311511,0.8648948041336494
2014-12-18,1,0.81,0.8411738614012231,0.8436682122096179,0.8389912629070692,0.8400000000000001,0.7993039184792982,0.883043804323148,0.791282747190766,0.8910649756116802
2014-12-25,1,0.8399999999999999,0.834967735327118,0.8385713611700272,0.8389952531645568,0.8399999999999999,0.7930210760787976,0.8769143945754384,0.7849852079755171,0.8849502626787189
2015-01-01,1,0.74,0.7885669974909942,0.7922282395292289,0.7789519306540583,0.78,0.7466826475648953,0.8304513474170931,0.7386587162762253,0.8384752787057632
2015-01-08,1,0.71,0.7302249558267001,0.7325946216053952,0.728916797488226,0.73,0.6882946948644784,0.7721552167889218,0.6802619682381729,0.7801879434152273
2015-01-15,1,0.66,0.6591302054023653,0.6603492313610272,0.6688741204065676,0.6699999999999999,0.6172571317451429,0.7010032790595878,0.6092353606907087,0.709025050114022
2015-01-22,1,0.91,0.8228539572037921,0.8326823233991524,0.8690342679127725,0.8699999999999999,0.7798199744603106,0.8658879399472735,0.7715758039951903,0.8741321104123938
2015-01-29,1,0.87,0.9040048610745608,0.9137846073928022,0.9190768037238171,0.9200000000000002,0.8608653366196182,0.9471443855295034,0.8526009471599963,0.9554087749891252
2015-02-05,1,0.95,0.9283578822698223,0.9326325350856173,0.9190803709428131,0.9200000000000002,0.8851814823611408,0.9715342821785038,0.8769100285419775,0.9798057359976671
2015-02-12,1,1.0,0.9509379200815995,0.954384255019341,0.969122401847575,0.97,0.9076196626878787,0.9942561774753202,0.8993210327345569,1.0025548074286421
2015-02-19,1,1.02,1.024101573026311,1.026088474002894,1.0291717791411044,1.03,0.9806927510729656,1.0675103949796563,0.9723767713504603,1.0758263747021617
2015-02-26,1,0.8300000000000001,0.8518796194974989,0.85425112562205,0.8590450725744845,0.8600000000000001,0.8081978369445706,0.8955614020504272,0.7998295652060872,0.9039296737889106
2015-03-05,1,0.98,0.9213960346080496,0.9229540967338541,0.8990791476407914,0.9,0.8776767194133994,0.9651153498026999,0.869301257415576,0.9734908118005233
2015-03-12,1,0.93,0.9123251401498653,0.9142031896593342,0.9190978013646702,0.92,0.8685815364689239,0.9560687438308068,0.8602014214409006,0.96444885885883
2015-03-19,1,0.8400000000000001,0.8355427782763853,0.8372730892650264,0.8390407854984895,0.8400000000000001,0.791834069547338,0.8792514870054327,0.7834606394671966,0.8876249170855741
2015-03-26,1,0.8500000000000001,0.8553211663065033,0.8565294075936576,0.8490519187358916,0.85,0.8116851799366813,0.8989571526763254,0.8033256815330396,0.9073166510799671
2015-04-02,1,0.8200000000000001,0.8043302036768074,0.8061707983176748,0.8190329835082459,0.8200000000000001,0.7607494265887809,0.847910980764834,0.7524005048201927,0.8562599025334221
2015-04-09,1,0.8500000000000001,0.8759610341222195,0.8767819977906018,0.8590664675130696,0.8600000000000001,0.8323718345424302,0.9195502337020087,0.824021299247661,0.927900768996778
2015-04-16,1,0.7899999999999999,0.7828851673801052,0.783839279461859,0.7890178571428573,0.7900000000000001,0.7393143592371978,0.8264559755230125,0.7309673472542646,0.8348029875059457
2015-04-23,1,0.7999999999999999,0.8217557620714278,0.8220107974476453,0.8190437361008154,0.82,0.7782346076520611,0.8652769164907944,0.7698971080064716,0.8736144161363839
2015-04-30,1,0.95,0.9192051488163198,0.919429749308361,0.9091137370753324,0.91,0.8755460465551443,0.9628642510774952,0.867182119759413,0.9712281778732266
2015-05-07,1,1.04,1.0523866822892374,1.052646628916323,1.0592273730684327,1.06,1.008279660164471,1.0964937044140037,0.9998299237951248,1.1049434407833498
2015-05-14,1,1.0699999999999998,1.1217551346210546,1.121690410512122,1.129281524926686,1.13,1.0775249035519427,1.1659853656901664,1.0690515636145497,1.1744587056275595
2015-05-21,1,1.09,1.0842611794334174,1.0846868377519374,1.0792476260043828,1.08,1.0399057695258747,1.12861658934096,1.0314084486409407,1.137113910225894
2015-05-28,1,1.0500000000000005,1.0374093155365245,1.0379105291467379,1.0392212518195052,1.04,0.9930324276846022,1.0817862033884469,0.9845309921948046,1.0902876388782445
2015-06-04,1,1.1800000000000002,1.171646333545314,1.172189963881666,1.159311094996374,1.16,1.1272171738071537,1.2160754932834743,1.1187057244094347,1.2245869426811933
2015-06-11,1,1.16,1.1479817445624492,1.1482633511476301,1.1493063583815029,1.15,1.103500567697669,1.1924629214272293,1.094979153197219,1.2009843359276793
2015-06-18,1,1.12,1.163857650889177,1.1641405363396387,1.1693232541396688,1.17,1.119433099468256,1.2082822023100979,1.1109225329019752,1.2167927688763787
2015-06-25,1,1.2400000000000002,1.196372305457187,1.1965300766610916,1.1993472022955525,1.2000000000000002,1.1518474460218278,1.2408971648925464,1.1433176630986743,1.2494269478156999
2015-07-02,1,1.21,1.265386504181157,1.266103345632838,1.2593924231593996,1.26,1.220712957315372,1.3100600510469418,1.2121546898215538,1.31861831854076
2015-07-09,1,1.18,1.1207285209425046,1.12096461407318,1.1293019943019942,1.13,1.0758730673869499,1.1655839744980594,1.0672799513928628,1.1741770904921465
2015-07-16,1,1.14,1.1441826092979668,1.1472431314294675,1.149318665720369,1.15,1.099331839787833,1.1890333788081004,1.0907396211326967,1.1976255974632368
2015-07-23,1,1.05,1.0715532259811762,1.0743017887642556,1.0792715700141444,1.08,1.026735401364346,1.1163710505980065,1.0181494940775524,1.1249569578848
2015-07-30,1,1.03,1.0468413505385892,1.0475831296041536,1.039245947850599,1.04,1.0020858171271394,1.091596883950039,0.9935118431842497,1.1001708578929286
2015-08-06,1,0.98,0.9960403469115187,0.9970398307070659,0.9992205056179775,1.0,0.9513309783172219,1.0407497155058154,0.9427658483296865,1.049314845493351
2015-08-13,1,0.98,0.9938062320333285,0.9944803129925981,0.9892162351294611,0.99,0.9490958801111277,1.0385165839555293,0.9405305617440292,1.0470819023226279
2015-08-20,1,0.94,0.9429201387753066,0.9440440799734252,0.9391841004184099,0.94,0.8982225215485303,0.9876177560020828,0.8896596428115382,0.9961806347390749
2015-08-27,1,1.02,1.0396962757842318,1.040698756804604,1.0492633773453786,1.0499999999999998,0.9948949950570298,1.0844975565114339,0.9863122571409881,1.0930802944274756
2015-09-03,1,1.0,1.0177834480380796,1.0189300138823567,1.0292520775623268,1.03,0.9730290168742217,1.0625378792019375,0.9644552540927552,1.0711116419834041
2015-09-10,1,1.01,1.0289041857857684,1.0293590829587151,1.0292546583850932,1.03,0.9841945313757291,1.0736138401958077,0.9756293466334729,1.0821790249380638
2015-09-17,1,1.0,1.0473815792956038,1.0479410957672406,1.0492709766162311,1.05,1.0026060445278628,1.0921571140633448,0.9940282388552496,1.1007349197359582
2015-09-24,1,0.99,0.9507412487886063,0.950980539018852,0.9492049348869088,0.95,0.9059358153962315,0.9955466821809812,0.8973522819396103,1.0041302156376024
2015-10-01,1,0.8899999999999999,0.9192784127079396,0.9195926657711728,0.9091803278688525,0.91,0.874458506002436,0.9640983194134433,0.8658721998426389,0.9726846255732404
2015-10-08,1,0.96,0.9616420513502805,0.9614133519211379,0.959217154526889,0.96,0.9168247198073199,1.0064593828932409,0.9082389069804107,1.0150451957201503
2015-10-15,1,0.93,0.9053875288431312,0.9052284013899351,0.9091858887381276,0.91,0.8605187224139357,0.9502563352723268,0.8519230483631809,0.9588520093230816
2015-10-22,1,0.97,0.9367984109571633,0.936807585603971,0.9292021636240704,0.93,0.8918687689555923,0.9817280529587343,0.8832614404216353,0.9903353814926913
2015-10-29,1,0.97,0.9812283422708372,0.9815312515740049,0.9792385444743935,0.98,0.9362421689906653,1.0262145155510092,0.9276240105621067,1.0348326739795677
2015-11-05,1,1.0499999999999998,1.0287943872713892,1.0287873759377808,1.0192679650772332,1.02,0.9838564432942697,1.0737323312485088,0.9752475243218439,1.0823412502209344
2015-11-12,1,1.04,1.0474660080951752,1.0469771695546932,1.0492904953145916,1.0499999999999998,1.002582800382768,1.0923492158075825,0.99398436742786,1.1009476487624903
2015-11-19,1,1.0100000000000002,1.0048204197856165,1.0041538041132576,0.9992595063375583,1.0,0.9599921869174014,1.0496486526538318,0.9514042856855162,1.058236553885717
2015-11-26,1,0.93,0.9528832492046023,0.9518154050489142,0.9492287234042552,0.95,0.9081032001123578,0.9976632982968469,0.8995245296148231,1.0062419687943815
2015-12-03,1,0.95,0.9716922360229404,0.9707608551863868,0.9692445328031809,0.97,0.9268231254637087,1.0165613465821721,0.9182273931497001,1.0251570788961808
2015-12-10,1,0.93,0.9366681723484944,0.9356390328294271,0.939227212681638,0.94,0.8918205786476587,0.9815157660493301,0.883228968393408,0.9901073763035808
2015-12-17,1,0.8899999999999999,0.9207713409813101,0.9193223822707065,0.9092100065832786,0.91,0.8759102498552502,0.9656324321073699,0.8673160538520799,0.9742266281105403
2015-12-24,1,0.8800000000000001,0.8485328861221695,0.8477746450382017,0.8791929133858268,0.8800000000000001,0.8037000590038009,0.893365713240538,0.7951112776353582,0.9019544946089808
2015-12-31,1,0.91,0.896267021862984,0.9000500489055707,0.9092151733158927,0.91,0.8514431134961461,0.9410909302298219,0.8428560407241025,0.9496780030018656
2016-01-07,1,0.8700000000000001,0.9222621948246111,0.9251160859069416,0.9092177314211213,0.91,0.877526303584865,0.9669980860643572,0.8689560925614521,0.9755682970877702
2016-01-14,1,0.8599999999999999,0.9080116366313233,0.9091144643891123,0.9092202729044835,0.91,0.8632499485984634,0.9527733246641833,0.8546747955932416,0.9613484776694051
2016-01-21,1,0.8600000000000001,0.8154504555466892,0.8185051165062678,0.8091580310880829,0.81,0.7704367237725729,0.8604641873208054,0.7618132858670207,0.8690876252263576
2016-01-28,1,0.8,0.8165245822410827,0.8184846905856281,0.8091607488702389,0.81,0.7715295379742988,0.8615196265078666,0.7629096800998336,0.8701394843823318
2016-02-04,1,0.7599999999999999,0.7488810139957602,0.7503869069182368,0.7691377091377091,0.7699999999999999,0.7038306359659552,0.7939313920255653,0.695200177609133,0.8025618503823875
2016-02-11,1,0.69,0.649478096586537,0.6518526043854629,0.6390570878768441,0.64,0.6044125041526239,0.69454368902045,0.595779131119237,0.703177062053837
2016-02-18,1,0.6700000000000002,0.6670238806729935,0.6694160065540806,0.6790856777493608,0.6800000000000002,0.6219768474483864,0.7120709138976005,0.6133470298675852,0.7207007314784017
2016-02-25,1,0.6799999999999999,0.6396648711220367,0.64229029799903,0.6390630975143402,0.6399999999999999,0.594674615885082,0.6846551263589915,0.5860556754617974,0.6932740667822761
2016-03-03,1,0.73,0.6976995872929815,0.6987832324213745,0.7091105463786531,0.71,0.6527116025957468,0.7426875719902163,0.6440930971476911,0.7513060774382719
2016-03-10,1,0.7800000000000001,0.7225029523643858,0.7231713842934467,0.7391323622545916,0.74,0.6774134280996517,0.7675924766291199,0.6687754703617996,0.7762304343669719
2016-03-17,1,0.75,0.746013623438332,0.7463270158723666,0.7591477272727273,0.76,0.7009132790590409,0.7911139678176231,0.69227324847403,0.799753998402634
2016-03-24,1,0.71,0.7159357527560082,0.7162629043615688,0.7091189427312775,0.71,0.670832355265109,0.7610391502469074,0.6621917397848377,0.7696797657271787
2016-03-31,1,0.7,0.7004349795039673,0.7010417778767831,0.6891091593475532,0.69,0.6553669668857272,0.7455029921222074,0.6467331302091708,0.7541368287987638
2016-04-07,1,0.6699999999999999,0.6336832671664067,0.6338359027580404,0.6290744215134458,0.6299999999999999,0.5886271373562324,0.6787393969765809,0.579995577110744,0.6873709572220693
2016-04-14,1,0.67,0.6879587643631347,0.6884038044650761,0.6891147132169576,0.6900000000000001,0.6429062012908835,0.733011327435386,0.6342753243378437,0.7416422043884258
2016-04-21,1,0.84,0.8338718495976961,0.8343918570688436,0.8292044748290863,0.83,0.7885598116283892,0.879183887567003,0.779879226162533,0.8878644730328592
2016-04-28,1,0.82,0.7978365109451877,0.7985272401211615,0.8091945477075588,0.8099999999999999,0.7525703160979078,0.8431027057924676,0.7438985129591466,0.8517745089312289
2016-05-05,1,0.79,0.7773085258979207,0.7779759142394144,0.7791785052501545,0.7800000000000001,0.7320597862978847,0.8225572654979566,0.7233913271218388,0.8312257246740025
2016-05-12,1,0.72,0.7629532758746383,0.7638616836076219,0.7591687192118227,0.76,0.717755260240595,0.8081512915086817,0.7090965184319794,0.8168100333172973
2016-05-19,1,0.7300000000000001,0.7296765240284561,0.7303016369625233,0.7191467157765501,0.7200000000000001,0.6844770160077875,0.7748760320491246,0.6758179882974508,0.7835350597594614
2016-05-26,1,0.7000000000000001,0.7081896954326267,0.7086967956436594,0.7091432068543453,0.7100000000000001,0.6630275989989227,0.7533517918663306,0.6543757383570431,0.7620036525082102
2016-06-02,1,0.6799999999999999,0.6714929380867867,0.6710436758684699,0.6791275167785236,0.68,0.6263783053763954,0.716607570797178,0.6177355375258623,0.725250338647711
2016-06-09,1,0.6300000000000001,0.6735456234037874,0.6732333027688102,0.6691240875912408,0.6699999999999999,0.6284732628768688,0.7186179839307061,0.6198385932562522,0.7272526535513226
2016-06-16,1,0.6000000000000001,0.5964575177274635,0.5960677802543358,0.5890782292298363,0.5900000000000001,0.551420318192442,0.641494717262485,0.5427923844859204,0.6501226509690066
2016-06-23,1,0.6299999999999999,0.6724364005725025,0.6726122124877738,0.6791354292623942,0.68,0.6273806077261734,0.7174921934188316,0.6187491120340265,0.7261236891109786
2016-06-30,1,0.54,0.5550503439225845,0.5551190170429298,0.5390536467751658,0.54,0.5099982143238463,0.6001024735213226,0.5013674204128423,0.6087332674323266
2016-07-07,1,0.49,0.51555552063911,0.515687365340005,0.5090384615384616,0.51,0.47057265700867135,0.5605383842695487,0.46195513262127846,0.5691559086569415
2016-07-14,1,0.5400000000000001,0.5127439177930787,0.5128574323248808,0.5090413421210306,0.51,0.46772519730514606,0.5577626382810114,0.459100803694254,0.5663870318919034
2016-07-21,1,0.53,0.5307121818309074,0.5311226801090317,0.5290561529271208,0.5300000000000001,0.4857357013313632,0.5756886623304516,0.4771193997826629,0.5843049638791519
2016-07-28,1,0.49,0.47910379906240796,0.47925561760298835,0.479029184038118,0.4800000000000001,0.4341787025089957,0.5240288956158202,0.4255722447624275,0.5326353533623884
2016-08-04,1,0.55,0.5104712720515665,0.5101021727596239,0.5090498812351544,0.51,0.465572133559979,0.555370410543154,0.4569706486900303,0.5639718954131028
2016-08-11,1,0.49,0.4967888223753918,0.496283324262395,0.49904677323860275,0.5,0.4518788890648074,0.5416987556859763,0.4432753361936587,0.5503023085571248
2016-08-18,1,0.5100000000000001,0.47295969500484014,0.47252065941078225,0.4690318772136955,0.4700000000000001,0.42810131271960905,0.5178180772900712,0.41950763565854277,0.5264117543511375
2016-08-25,1,0.4800000000000001,0.4800612759260421,0.4794843808973783,0.4790406121247794,0.4800000000000001,0.4352150500693405,0.5249075017827436,0.42662370185777077,0.5334988499943134
2016-09-01,1,0.4700000000000001,0.4426863414983314,0.44237615385513757,0.4390199530516431,0.4399999999999999,0.39785576035109066,0.48751692264557217,0.3892674092511859,0.4961052737454769
2016-09-08,1,0.57,0.5182251666976309,0.5175250494945217,0.5190696313633705,0.5200000000000001,0.4733837263346925,0.5630666070605692,0.4647932948968868,0.5716570384983749
2016-09-15,1,0.61,0.6223978306950255,0.6218447748017936,0.6291365227537923,0.63,0.5774707818275601,0.667324879562491,0.5688639500693659,0.6759317113206852
2016-09-22,1,0.52,0.5256078160497908,0.5251852487818301,0.5290808609656779,0.5300000000000001,0.48070597834195894,0.5705096537576226,0.4721039763737213,0.5791116557258603
2016-09-29,1,0.48,0.4641626593112448,0.4631097409339562,0.4590429234338746,0.4599999999999999,0.41929509168681384,0.5090302269356757,0.41069965495821703,0.5176256636642725
2016-10-06,1,0.58,0.5780369875340788,0.5773823300343612,0.5691093117408906,0.57,0.5331665036740934,0.6229074713940643,0.52457050827206,0.6315034667960977
2016-10-13,1,0.63,0.5761516414384947,0.5755937820801971,0.5791176470588235,0.58,0.5313349755016605,0.6209683073753289,0.5227492901872429,0.6295539926897465
2016-10-20,1,0.6099999999999999,0.612874877248875,0.6119642824148931,0.6191431857389303,0.6199999999999999,0.5680538798843557,0.6576958746133943,0.5594673647831995,0.6662823897145506
2016-10-27,1,0.66,0.6549629186315142,0.6543640282776897,0.6491628440366972,0.65,0.6101408436772141,0.6997849935858144,0.6015541221384175,0.708371715124611
2016-11-03,1,0.6399999999999999,0.6519787245528949,0.6514476939196245,0.6591709548313321,0.6599999999999999,0.6072007364909452,0.6967567126148445,0.5986224608321868,0.7053349882736029
2016-11-10,1,0.8099999999999999,0.8045253874753725,0.8039501484297775,0.8092588369441277,0.8099999999999999,0.7596175241439408,0.8494332508068042,0.7510143678259323,0.8580364071248127
2016-11-17,1,0.9,0.8758680986680124,0.875747632851376,0.879300739056282,0.88,0.8308729410622339,0.920863256273791,0.8222530614750213,0.9294831358610035
2016-11-24,1,0.9,0.9145605161224734,0.9138316281967732,0.9093197278911564,0.91,0.8695970602388555,0.9595239720060912,0.8609832538613454,0.9681377783836013
2016-12-01,1,0.8999999999999999,0.9098179856202426,0.908700884578481,0.9093216506500849,0.91,0.8648555459732831,0.9547804252672022,0.856241934279781,0.9633940369607042
2016-12-08,1,0.99,0.9395678268312535,0.9383782428891712,0.9293348365276213,0.93,0.8945905199974278,0.9845451336650792,0.8859740601449814,0.9931615935175256
2016-12-15,1,1.0100000000000002,1.0171784810779114,1.0164870258352077,1.0193872962338393,1.02,0.9721784357602776,1.0621785263955452,0.9635576198170239,1.070799342338799
2016-12-22,1,1.0,0.9743887039775694,0.974044268806447,0.9893721973094171,0.99,0.9294425260342588,1.01933488192088,0.9208320296521546,1.0279453783029842
2016-12-29,1,0.98,0.9572907164786685,0.9566952896310998,0.959357182783678,0.96,0.9123392060128118,1.0022422269445252,0.9037276880607279,1.010853744896609
2017-01-05,1,0.97,0.9471674082168087,0.9462301202473395,0.9493534002229654,0.95,0.9022661339460484,0.992068682487569,0.8936642399174196,1.0006705765161976
2017-01-12,1,0.92,0.874508699575116,0.8735530451706978,0.8793162868260144,0.8799999999999999,0.829598170655383,0.919419228494849,0.8209945036813082,0.9280228954689238
2017-01-19,1,0.97,0.9636341649993143,0.9632631106397505,0.9593625277161862,0.96,0.9186815313722058,1.008586798626423,0.9100697982521957,1.017198531746433
2017-01-26,1,0.98,0.9963440170218446,0.9958390164620793,0.9993864013266999,1.0,0.9513618780398386,1.0413261560038505,0.9427444924758784,1.0499435415678107
2017-02-02,1,1.0,0.9742612104405391,0.9732611880364912,0.9893825799338478,0.99,0.9293311794710251,1.0191912414100532,0.92072377642112,1.0277986444599583
2017-02-09,1,0.92,0.9291769424422632,0.9284156695195821,0.9293512919186366,0.93,0.884216024776164,0.9741378601083625,0.8756027046538543,0.9827511802306722
2017-02-16,1,0.93,0.94901472320777,0.9483450826015665,0.9493640350877193,0.95,0.9040847776823719,0.9939446687331681,0.8954773910012946,1.0025520554142453
2017-02-23,1,0.8500000000000001,0.9105802843443234,0.9100076268603076,0.9093439037725534,0.91,0.8656957114849733,0.9554648572036735,0.8570970170040947,0.964063551684552
2017-03-02,1,0.94,0.9279451867577966,0.9274247932471759,0.919351145038168,0.92,0.8830405447403313,0.9728498287752618,0.8744380055406971,0.9814523679748961
2017-03-09,1,0.97,0.9793525728894077,0.9791521671885003,0.9893909733550843,0.99,0.9344881769319532,1.024216968846862,0.9258933478106831,1.0328117979681322
2017-03-16,1,0.96,0.9601194646649716,0.9596496153404304,0.9793872017353579,0.98,0.915272782879727,1.004966146450216,0.906681347324333,1.0135575820056102
2017-03-23,1,0.8899999999999999,0.9260350084899481,0.9251140211725144,0.9193564088696593,0.92,0.8812398293742335,0.9708301876056628,0.8726582603652278,0.9794117566146685
2017-03-30,1,0.8799999999999999,0.8903064273994357,0.8891538599754696,0.8893419633225458,0.8899999999999999,0.845532142090735,0.9350807127081363,0.8369545757813566,0.9436582790175148
2017-04-06,1,0.8300000000000001,0.8318459324292516,0.8315168402318232,0.8293114577729963,0.8300000000000001,0.7871031552636174,0.8765887095948859,0.7785316250793177,0.8851602397791856
2017-04-13,1,0.76,0.7577617605477492,0.7573946760658189,0.7592757510729614,0.76,0.7130460312695451,0.8024774898259533,0.7044796827435649,0.8110438383519336
2017-04-20,1,0.75,0.7418590809921144,0.7416977041796657,0.7392669876939539,0.74,0.6971733428739241,0.7865448191103047,0.6886127398592777,0.7951054221249511
2017-04-27,1,0.8200000000000001,0.8384216881138162,0.8384918276676909,0.8393223052294558,0.8400000000000001,0.7936298576729168,0.8832135185547156,0.7850489301812481,0.8917944460463844
2017-05-04,1,0.86,0.8596837724017958,0.8597004719818929,0.8493294305481639,0.85,0.8149104771167083,0.9044570676868834,0.8063331004696133,0.9130344443339784
2017-05-11,1,0.89,0.8981952323046212,0.8979982251036048,0.8993577494692145,0.9000000000000001,0.8534527745650559,0.9429376900441865,0.8448813055743245,0.9515091590349178
2017-05-18,1,0.7899999999999999,0.7718433763797127,0.7713615090503734,0.7692906299629433,0.7699999999999999,0.7270497942822345,0.8166369584771909,0.7184685312195934,0.8252182215398319
2017-05-25,1,0.73,0.7494514240629063,0.7488088387400104,0.7392766631467793,0.74,0.7046483036612486,0.794254544464564,0.6960652133123424,0.8028376348134703
2017-06-01,1,0.71,0.732575258126535,0.7320578250946266,0.7292733017377567,0.73,0.6878084299136439,0.7773420863394261,0.67923229218617,0.7859182240669
2017-06-08,1,0.6799999999999999,0.7173685565140127,0.7168678525006171,0.7092647058823529,0.71,0.672640489292712,0.7620966237353133,0.6640717771438552,0.7706653358841701
2017-06-15,1,0.63,0.6110345688347503,0.6107618954980285,0.619219486642221,0.62,0.5663109934145863,0.6557581442549142,0.5577431417757709,0.6643259958937296
2017-06-22,1,0.58,0.5643705444766092,0.5640233809763717,0.5691954022988506,0.57,0.5196908972591524,0.6090501916940659,0.5111314610996455,0.6176096278535729
2017-06-29,1,0.6599999999999999,0.6225997968467072,0.6223404847883837,0.6192235539343407,0.6199999999999999,0.5778677647699,0.6673318289235144,0.5692982930598178,0.6759013006335965
2017-07-06,1,0.72,0.7061902161019765,0.7053073054164968,0.6992671517671519,0.7000000000000002,0.6614261350156353,0.7509542971883177,0.652850523564795,0.759529908639158
2017-07-13,1,0.71,0.6946650094305847,0.6955533463600047,0.6992690513219284,0.7,0.6499111295249539,0.7394188893362156,0.6413374723499523,0.7479925465112172
2017-07-20,1,0.6299999999999999,0.6549719774457635,0.6559118043200758,0.6392399172699068,0.6399999999999999,0.6102665623160689,0.6996773925754581,0.6017021897075634,0.7082417651839636
2017-07-27,1,0.6999999999999997,0.6949033173441935,0.6971313601524672,0.699272821041774,0.7,0.6501939936850019,0.7396126410033852,0.6416288723058414,0.7481777623825456
2017-08-03,1,0.6799999999999999,0.6469532380180578,0.6492745209184322,0.6492489711934155,0.6499999999999999,0.6022039085345287,0.691702567501587,0.5936311230997915,0.7002753529363241
2017-08-10,1,0.6400000000000001,0.6271779834026097,0.6292251149530269,0.6292406362237046,0.6300000000000001,0.5824442356170114,0.6719117311882079,0.5738744352226003,0.680481531582619
2017-08-17,1,0.6300000000000001,0.6161751178336476,0.6181222712866842,0.6192374616171956,0.6200000000000001,0.5714756841666112,0.6608745515006841,0.5629124574478106,0.6694377782194847
2017-08-24,1,0.6100000000000001,0.621449486038553,0.6231618816415564,0.6192394078611535,0.6199999999999999,0.576790606500903,0.666108365576203,0.5682351488783935,0.6746638231987124
2017-08-31,1,0.5699999999999998,0.57965712787719,0.5810537734671701,0.5792209775967414,0.5800000000000001,0.5350479689747895,0.6242662867795906,0.5265020365081335,0.6328122192462465
2017-09-07,1,0.47,0.4741746735947123,0.4744179062795516,0.4691670898933468,0.47,0.4295262617465631,0.5188230854428616,0.42097280945591276,0.5273765377335119
2017-09-14,1,0.4899999999999997,0.5057264598869659,0.5056073179614384,0.4891793313069906,0.4899999999999997,0.461112327040814,0.5503405927331176,0.4525654416983712,0.5588874780755605
2017-09-21,1,0.5099999999999998,0.5320379186964075,0.5345155523324625,0.5292016169782718,0.53,0.487461729984553,0.5766141074082619,0.478922113732521,0.585153723660294
2017-09-28,1,0.5800000000000001,0.5782860563059121,0.580285123401227,0.5792288306451614,0.5800000000000001,0.5337111673444973,0.6228609452673269,0.5251718000901993,0.631400312521625
2017-10-05,1,0.5799999999999998,0.5691162971650809,0.5707741015932165,0.5792307692307693,0.5800000000000001,0.5245877484606108,0.613644845869551,0.5160572587712811,0.6221753355588808
2017-10-12,1,0.4899999999999997,0.5180489339601957,0.5192138390834226,0.5192026078234704,0.52,0.47355809434780743,0.562539773572584,0.46503482872102986,0.5710630391993615
2017-10-19,1,0.5599999999999998,0.5299136923824191,0.5308712902568599,0.5292096048024012,0.53,0.48545893693155384,0.5743684478332844,0.4769425840737026,0.5828848006911357
2017-10-26,1,0.56,0.5811504028335636,0.5822737695588923,0.5792365269461076,0.5799999999999998,0.5367254120627225,0.6255753936044046,0.5282147613286422,0.6340860443384849
2017-11-02,1,0.51,0.5366275955813682,0.537681376228108,0.5492234942757591,0.55,0.4922502602992828,0.5810049308634536,0.4837487390937252,0.5895064520690112
2017-11-09,1,0.5,0.4769805179925729,0.47707657884990323,0.4791906653426018,0.48,0.43264301619609913,0.5213180197890467,0.4241491260305863,0.5298119099545595
2017-11-16,1,0.49,0.49030064089241576,0.490613021536899,0.4891976225854383,0.49,0.4459949102732334,0.5346063715115981,0.4375071066231851,0.5430941751616465
2017-11-23,1,0.4499999999999999,0.4584528530587301,0.4587074453944772,0.45918478260869555,0.4599999999999999,0.41418740434474516,0.502718301772715,0.40570731764004875,0.5111983884774115
2017-11-30,1,0.3799999999999999,0.46904415436298064,0.4690975059222068,0.4591867915229176,0.4599999999999999,0.42481160192570355,0.5132767068002577,0.4163378172756988,0.5217504914502625
2017-12-07,1,0.3500000000000001,0.3661962325362224,0.36611168351869405,0.35913962635201585,0.3600000000000001,0.32189588690470616,0.41049657816773866,0.31340911487556394,0.4189833501968809
2017-12-14,1,0.28,0.28289783004258817,0.28178588619775125,0.289107405590976,0.29,0.23860997807193463,0.3271856820132417,0.23012559949706554,0.33567006058811083
2017-12-21,1,0.3600000000000001,0.35969794551595324,0.3590587523895267,0.3491389432485321,0.3499999999999998,0.3154290282210226,0.4039668628108839,0.30694827702815275,0.41244761400375374
2017-12-28,1,0.3600000000000001,0.33307830837791025,0.33472794558014735,0.33913616398243024,0.3399999999999998,0.28884831510994363,0.37730830164587686,0.28037502072894716,0.38578159602687334
2018-01-04,1,0.3799999999999999,0.379385514593672,0.3807176310927335,0.37915774099318417,0.3800000000000001,0.3351784102490542,0.42359261893828976,0.32670950077909366,0.4320615284082503
2018-01-11,1,0.4200000000000001,0.40364210334462647,0.40484307665365155,0.4091743564837299,0.4099999999999999,0.3594700213935438,0.44781418529570916,0.35100782128590563,0.4562763854033473
2018-01-18,1,0.4299999999999999,0.42160531713839366,0.42222604650198975,0.41918120155038746,0.4199999999999999,0.37746291561647904,0.4657477186603083,0.36900640149238084,0.4742042327844065
2018-01-25,1,0.4499999999999997,0.4442667117347294,0.44479827884670936,0.439192846785887,0.4400000000000001,0.40016647013228107,0.4883669533371778,0.39171803273129135,0.4968153907381675
2018-02-01,1,0.5099999999999998,0.508892743374523,0.5106673118709306,0.509228543876567,0.51,0.4648002551369422,0.5529852316121038,0.45635330307515587,0.56143218367389
2018-02-08,1,0.5700000000000001,0.5372305846084406,0.5391808292742679,0.5292400192400191,0.5299999999999998,0.493184194275186,0.5812769749416953,0.4847460733500299,0.5897150958668513
2018-02-15,1,0.49,0.5274385062270923,0.5291026849513184,0.5292418426103647,0.53,0.4834256505318345,0.5714513619223501,0.4749939539544731,0.5798830584997116
2018-02-22,1,0.47,0.5026685589169242,0.5039157783632408,0.49922929631402563,0.4999999999999998,0.45868785329756406,0.5466492645362844,0.45026231582259724,0.5550748020112511
2018-03-01,1,0.4300000000000001,0.41017036788514655,0.41130823366394936,0.4091881566380133,0.4099999999999999,0.3661905686581052,0.4541501671121879,0.3577652048238824,0.4625755309464107
2018-03-08,1,0.4399999999999999,0.455568381164582,0.45640662463467296,0.44920914721295846,0.4499999999999999,0.41162631581090325,0.4995104465182607,0.4032081807866692,0.5079285815424948
2018-03-15,1,0.3800000000000001,0.38723411599297525,0.38788663930293993,0.38918250950570354,0.3900000000000001,0.34332891045390806,0.43113932153204243,0.3349178367931732,0.4395503951927773
2018-03-22,1,0.3399999999999998,0.33906364647268994,0.33969587568434423,0.34916548127074426,0.3499999999999998,0.2951658118552061,0.3829614810901738,0.28675615026767814,0.39137114267770173
2018-03-29,1,0.3199999999999998,0.32319365056479027,0.32376734306911154,0.31915326395458826,0.3199999999999998,0.2793197206547424,0.3670675804748381,0.27091463857555786,0.3754726625540227
2018-04-05,1,0.3500000000000001,0.35528137150110883,0.35798728972753796,0.36917885795186417,0.3700000000000001,0.31141538268016533,0.39914736032205234,0.3030118219031723,0.4075509210990454
2018-04-12,1,0.3699999999999999,0.38890331585883375,0.39134641136656134,0.389190207156309,0.3900000000000001,0.34505203784742683,0.4327545938702407,0.33665129527162657,0.44115533644604094
2018-04-19,1,0.4000000000000001,0.4031297586377018,0.4054966968855387,0.40920150305307645,0.4099999999999999,0.3592512297098419,0.44700828756556166,0.3508452665807429,0.4554142506946607
2018-04-26,1,0.4299999999999999,0.437154242797968,0.43969954848810133,0.4392174320524837,0.4400000000000001,0.39331345578923166,0.48099502980670433,0.3849147230114759,0.4893937625844601
2018-05-03,1,0.4200000000000001,0.4047174993948471,0.40702719674323956,0.4092052360916315,0.4099999999999999,0.3609239114215944,0.44851108736809975,0.3525342207280129,0.4569007780616813
2018-05-10,1,0.4199999999999999,0.425848871003778,0.42767897441070507,0.4292164179104476,0.4299999999999999,0.3820947361309195,0.4696030058766365,0.3737126036056572,0.47798513840189877
2018-05-17,1,0.4500000000000002,0.4599848902549964,0.46166681797676024,0.45923220102373186,0.4599999999999999,0.41627307787524126,0.5036967026347515,0.40789905321788733,0.5120707272921055
2018-05-24,1,0.3900000000000001,0.41969040377114497,0.4214516254352042,0.4192154131847726,0.4200000000000001,0.37602929109615824,0.4633515164461317,0.36766497915842716,0.4717158283838628
2018-05-31,1,0.3200000000000003,0.33691061886949847,0.33847260436721227,0.3291755442334414,0.33,0.29327597055148796,0.380545267187509,0.2849167284831079,0.38890450925588904
2018-06-07,1,0.3900000000000001,0.3666527005893664,0.3680568563628886,0.36919593345656204,0.3700000000000001,0.32303693808914863,0.41026846308958415,0.3146813140428834,0.41862408713584937
2018-06-14,1,0.3300000000000003,0.33439798071271326,0.33604325837946425,0.3391839557399724,0.3400000000000001,0.29078897992999664,0.3780069814954299,0.28243465124958334,0.3863613101758432
2018-06-21,1,0.33,0.3155495187563106,0.3170945241904922,0.3191766329346826,0.32,0.27196949674687426,0.35912954076574694,0.2636207196313304,0.3674783178812908
2018-06-28,1,0.26,0.27213498430684896,0.27507996353207625,0.2791601652134004,0.2799999999999998,0.22859863564043914,0.3156713329732588,0.22025822517984422,0.3240117434338537
2018-07-05,1,0.2199999999999999,0.2313936085558244,0.23412758989136528,0.22913919413919434,0.2300000000000002,0.18790301917083158,0.2748841979408172,0.17957137497569275,0.283215842135956
2018-07-12,1,0.2200000000000002,0.2275716958630844,0.22881479045455233,0.21913659205116512,0.2200000000000002,0.18410286516957808,0.2710405265565907,0.17577538936300746,0.27936800236316134
2018-07-19,1,0.2100000000000002,0.18651093868299004,0.18788296224405004,0.17912032816773008,0.1799999999999999,0.14308505243451683,0.22993682493146325,0.13476580364535926,0.23825607372062083
2018-07-26,1,0.2299999999999999,0.2279883610648549,0.23045502649988794,0.22914506593906311,0.2299999999999999,0.18459783690135217,0.2713788852283576,0.17628536255039237,0.27969135957931746
2018-08-02,1,0.2600000000000002,0.2736617936748711,0.27579930151229437,0.27916969147005427,0.2799999999999998,0.23028142644572694,0.31704216090401527,0.22197089789417765,0.32535268945556456
2018-08-09,1,0.1899999999999999,0.21481071450409536,0.21695133687703871,0.21914440923494813,0.2200000000000002,0.17147230102893368,0.25814912797925704,0.16316980970465067,0.26645161930354005
2018-08-16,1,0.1499999999999999,0.1709918459423322,0.17318388794373898,0.1691237579042456,0.1699999999999999,0.12769408426680073,0.21428960761786364,0.11939938074983883,0.22258431113482555
2018-08-23,1,0.1299999999999999,0.1332385263064559,0.13526744339892804,0.12910770617395212,0.1299999999999999,0.08997174170736394,0.17650531090554789,0.0816829725771912,0.18479408003572062
2018-08-30,1,0.1600000000000001,0.1601208180557479,0.16192932198060142,0.16912769784172652,0.1699999999999999,0.11688652299227839,0.20335511311921742,0.10860397799598612,0.2116376581155097
2018-09-06,1,0.1800000000000001,0.16460952324687525,0.16656297609018766,0.1691296545536114,0.1699999999999999,0.12141061455370354,0.20780843194004694,0.11313484864803403,0.21608419784571647
2018-09-13,1,0.2099999999999999,0.17941270142608187,0.18114088042326715,0.1791360787824527,0.1799999999999997,0.1362503783488985,0.22257502450326525,0.1279816212775397,0.23084378157462404
2018-09-20,1,0.25,0.23753561273249757,0.23891104958217477,0.2391648057168376,0.2399999999999997,0.19439060680850354,0.2806806186564916,0.18612516724469952,0.2889460582202956
2018-09-27,1,0.2099999999999999,0.20997717883385547,0.21136676222473927,0.21915775401069537,0.2200000000000002,0.16686227414334373,0.25309208352436724,0.15860260117803276,0.2613517564896782
2018-10-04,1,0.2800000000000002,0.2526329048558129,0.2538152785877092,0.24917296576256115,0.25,0.20952355318296736,0.2957422565286585,0.20126494402865686,0.30400086568296897
2018-10-11,1,0.2200000000000002,0.21393219740341723,0.217155516178194,0.21916149068323001,0.2200000000000002,0.17083285937753143,0.257031535429303,0.1625761685725637,0.2652882262342708
2018-10-18,1,0.2000000000000001,0.1782663540162694,0.18143371672777525,0.17914563966356806,0.1800000000000001,0.13520523259341086,0.22132747543912792,0.1269558630766407,0.22957684495589809
2018-10-25,1,0.1300000000000003,0.13432534641780847,0.1357713133716075,0.13912985865724392,0.1400000000000001,0.0912774149770911,0.17737327785852583,0.08303057231129479,0.18562012052432214
2018-11-01,1,0.1799999999999997,0.17738951465178535,0.17900952623448493,0.15914059056853247,0.1600000000000001,0.1343800104187069,0.2203990188848638,0.12614052938736964,0.22863849991620105
2018-11-08,1,0.1699999999999999,0.1752529628440585,0.1778454545872028,0.17915127528584004,0.1800000000000001,0.13228625356053741,0.2182196721275796,0.12405497090724246,0.22645095478087454
2018-11-15,1,0.1399999999999996,0.1359027962545809,0.13849016510278278,0.13913558578323787,0.1399999999999996,0.09298275131784788,0.17882284119131392,0.08476040831654508,0.18704518419261673
2018-11-22,1,0.1099999999999998,0.1165357704736063,0.11891508380094508,0.11912872154115546,0.1199999999999996,0.07366185550555227,0.15940968544166034,0.06544834978355979,0.16762319116365282
2018-11-29,1,0.1099999999999998,0.11047484791947645,0.11281279204591212,0.10912625600698976,0.1099999999999998,0.06764621313127736,0.15330348270767555,0.059441381891580464,0.16150831394737244
2018-12-06,1,0.0699999999999998,0.08361821158415647,0.085924282891703,0.08911944202266782,0.09,0.04081573490086715,0.1264206882674458,0.0326159148607426,0.13462050830757033
2018-12-13,1,0.08,0.0862030111955128,0.08839119432131808,0.08912135711178754,0.0899999999999998,0.043415523744861004,0.12899049864616458,0.035218575244415726,0.13718744714660985
2018-12-20,1,0.08,0.07063054231980476,0.07238570517023485,0.07911892361111111,0.08,0.027882246114542472,0.11337883852506704,0.019692805617938194,0.12156827902167132
2018-12-27,1,0.0899999999999998,0.091782489277827,0.09333744673195167,0.08912516240796882,0.09,0.0490705879645692,0.1344943905910848,0.040888119764615524,0.14267685879103847
2019-01-03,1,0.0799999999999998,0.04897435825972395,0.05199854169720046,0.05911408815903198,0.06,0.006271700146067989,0.09167701637337991,-0.0019089973018357326,0.09985771382128364
2019-01-10,1,0.06,0.06875301322491294,0.07138550922792558,0.06912031047865459,0.07,0.026084719959961138,0.11142130648986473,0.017910605906218582,0.11959542054360729
2019-01-17,1,0.0899999999999998,0.08940175157042722,0.09214834309387676,0.08913080895008606,0.09,0.04676809068951015,0.1320354124513443,0.038600611282607,0.14020289185824744
2019-01-24,1,0.09,0.06904544852290176,0.07183857868289896,0.06912408759124067,0.0699999999999998,0.026451714523963644,0.11163918252183988,0.018291884049373763,0.11979901299642975
2019-01-31,1,0.1299999999999999,0.09738504088689481,0.09971004328740811,0.10914310197086527,0.1099999999999998,0.05482385691782914,0.13994622485596048,0.04667026216621458,0.14809981960757504
2019-02-07,1,0.1099999999999998,0.1073019212805236,0.1095805327756383,0.10914493373236435,0.1100000000000001,0.06476994954276369,0.1498338930182835,0.05662195108038843,0.15798189148065878
2019-02-14,1,0.1099999999999998,0.10629631767723005,0.1086743929078602,0.1091467576791807,0.1099999999999998,0.06380391534226829,0.14878872001219182,0.05566349732867033,0.15692913802578978
2019-02-21,1,0.1099999999999998,0.11707292221734869,0.11912692048704919,0.11915283099191125,0.1199999999999998,0.07462294141349196,0.15952290302120542,0.06649065024085843,0.16765519419383895
2019-02-28,1,0.1699999999999999,0.16161715051617861,0.16335645745414154,0.1591716227697535,0.1599999999999999,0.119184104128987,0.20405019690337023,0.11105505714173473,0.21217924389062248
2019-03-07,1,0.1100000000000001,0.1334981239741756,0.13531697503955728,0.1391649003815175,0.1399999999999999,0.09110216590730916,0.17589408204104204,0.0829802240591942,0.184016023889157
2019-03-14,1,0.0899999999999998,0.09905506485286399,0.10058448257946842,0.0991497461928934,0.1,0.05669278487166533,0.14141734483406265,0.04857729485211665,0.14953283485361132
2019-03-21,1,0.06,0.06809007502541294,0.06934074910276929,0.06913887716335987,0.0699999999999998,0.025769712910628927,0.11041043714019694,0.01766225324323975,0.11851789680758612
2019-03-28,1,0.07,0.055853433473703834,0.05710388935497557,0.05913647851727043,0.06,0.013569901849734306,0.09813696509767336,0.005469497928182056,0.10623736901922562
2019-04-04,1,0.1099999999999998,0.10752017732009399,0.10873110981598486,0.10915931063472027,0.1099999999999998,0.0652604039338664,0.14977995070632158,0.05716455146094633,0.15787580317924166
2019-04-11,1,0.1500000000000001,0.12983300055689573,0.13103830726847077,0.12916946308724822,0.1299999999999999,0.08759869566346917,0.17206730545032228,0.0795077222787198,0.18015827883507166
2019-04-18,1,0.1499999999999999,0.14585558592801195,0.14700645682727792,0.1491795730431142,0.1499999999999999,0.10365669557342966,0.18805447628259425,0.09557250667564995,0.19613866518037396
2019-04-25,1,0.1399999999999999,0.14803690772359263,0.14907654057826578,0.14918128654970753,0.1499999999999999,0.10586602968041502,0.19020778576677022,0.09778720719902578,0.19828660824815947
2019-05-02,1,0.1300000000000001,0.14442675701068244,0.1456274522679796,0.1391788245102125,0.1399999999999999,0.10228599105450085,0.18656752296686402,0.09421293725085023,0.19464057677051466
2019-05-09,1,0.09,0.10000711033618383,0.10117274701667582,0.0991638935108151,0.0999999999999998,0.05789918427311606,0.1421150363992516,0.049832421722554886,0.15018179894981276
2019-05-16,1,0.0899999999999998,0.08329545359765761,0.08414554827004615,0.08916147779161458,0.0899999999999998,0.041227694129709516,0.12536321306560572,0.03316862643414571,0.13342228076116952
2019-05-23,1,0.05,0.05894238297611705,0.05958124335706731,0.059150787075393334,0.0599999999999998,0.016911333601509308,0.10097343235072478,0.008859298586817554,0.10902546736541655
2019-05-30,1,0.06,0.028361971879099876,0.029059215646624576,0.02914014055394791,0.03,-0.013627482347087952,0.0703514261052877,-0.021671548833834257,0.07839549259203402
2019-06-06,1,0.06,0.07628096797683531,0.07676274942968123,0.07916254125412542,0.08,0.034283782438361526,0.1182781535153091,0.026238234837101977,0.12632370111656865
2019-06-13,1,0.05,0.04670411965867505,0.04714097291283782,0.0491519143680527,0.05,0.0047402184063014274,0.08866802091104867,-0.0032989528079512553,0.09670719212530135
2019-06-20,1,0.05,0.04402347530823049,0.0443359976188321,0.04915365653245686,0.05,0.002085183487560649,0.08596176712890033,-0.0059490816383632045,0.09399603225482418
2019-06-27,1,-0.01,0.028720324515885964,0.02895594712342836,0.02914719147191472,0.03,-0.013180513420839028,0.07062116245261096,-0.021207603375325394,0.07864825240709733
2019-07-04,1,-0.05,-0.04696429668173559,-0.04657936088025606,-0.050883797054009826,-0.05,-0.08885053917026603,-0.005078054193205138,-0.09687483302373504,0.002946239660263854
2019-07-11,1,0.02,0.02058435727214422,0.02117365621174304,0.019146590445079624,0.02,-0.02133591504210168,0.06250462958639012,-0.02936672810820709,0.07053544265249553
2019-07-18,1,0.04,0.04629988713220931,0.046982368702564815,0.04916055419722901,0.05,0.004380613691125905,0.08821916057329271,-0.003650008017357001,0.09624978228177562
2019-07-25,1,-0.01,0.017427303591389914,0.017928747057153596,0.01915006100040667,0.02,-0.02446186718698659,0.05931647436976642,-0.032486722023174895,0.06734132920595473
2019-08-01,1,-0.0899999999999998,-0.07205660809537343,-0.0713789857309685,-0.0808887987012987,-0.08,-0.11393731105293764,-0.03017590513780921,-0.12196054367910042,-0.022152672511646432
2019-08-08,1,-0.1099999999999998,-0.12705836477607407,-0.12638479513316042,-0.12090319967598229,-0.1200000000000001,-0.16890023894861786,-0.08521649060353029,-0.17691603300873923,-0.07720069654340891
2019-08-15,1,-0.1900000000000001,-0.20374993759709956,-0.20491609619234233,-0.20093371059013734,-0.1999999999999999,-0.24560871468927484,-0.16189116050492428,-0.2536277469007807,-0.15387212829341843
2019-08-22,1,-0.2000000000000001,-0.1762681191905532,-0.17745014376280485,-0.1809237595804759,-0.1799999999999999,-0.21809685074746274,-0.1344393876336437,-0.22611012703077754,-0.12642611135032888
2019-08-29,1,-0.1900000000000001,-0.19091066381361793,-0.19206605082912867,-0.19092592592592603,-0.1900000000000001,-0.23273582893189299,-0.14908549869534288,-0.24074842198009494,-0.14107290564714092
2019-09-05,1,-0.2099999999999999,-0.18677557468567785,-0.18797269490889928,-0.1909240658899155,-0.1899999999999999,-0.22856288703130043,-0.14498826234005527,-0.23656822849156117,-0.13698292087979452
2019-09-12,1,-0.1299999999999999,-0.14061844489506053,-0.14165914649266773,-0.15090617481956706,-0.1500000000000001,-0.18239147880926898,-0.09884541098085209,-0.19039408490052487,-0.0908428048895962
2019-09-19,1,-0.1800000000000001,-0.16133542111534527,-0.16206922588556932,-0.1709123649459785,-0.1700000000000001,-0.20307813980634565,-0.11959270242434489,-0.21107493830434887,-0.11159590392634165
2019-09-26,1,-0.2099999999999999,-0.20943330571650656,-0.20975894804803813,-0.21092651757188488,-0.2099999999999999,-0.25117579810771157,-0.16769081332530156,-0.25917255325267213,-0.159694058180341
2019-10-03,1,-0.1799999999999999,-0.17306134423440195,-0.1749166485558366,-0.17090872857712225,-0.1699999999999999,-0.21477342180891273,-0.13134926665989116,-0.2227643502811485,-0.12335833818765542
2019-10-10,1,-0.1399999999999999,-0.1288852658814773,-0.13082665462245266,-0.13089101034208442,-0.1300000000000001,-0.1705748926243317,-0.08719563913862291,-0.17856152011228807,-0.07920901165066654
2019-10-17,1,-0.0999999999999998,-0.0887669281054646,-0.09111963278819156,-0.09087336244541465,-0.0899999999999998,-0.1304302087571298,-0.04710364745379942,-0.1384117890323253,-0.03912206717860391
2019-10-24,1,-0.1199999999999998,-0.10923801880578136,-0.1115432939470541,-0.11087955625990471,-0.1099999999999998,-0.15086612932302412,-0.06760990828853859,-0.1588409719326592,-0.05963506567890353
2019-10-31,1,-0.1100000000000001,-0.09811703820016637,-0.09966499842646831,-0.10087386318703045,-0.1,-0.13972112963879163,-0.05651294676154111,-0.14769137082959644,-0.048542705570736325
2019-11-07,1,0.0,-0.01936023112273888,-0.020235226941628638,-0.020840568271507195,-0.0199999999999997,-0.060973008677698864,0.022252546432221104,-0.06894491389816529,0.03022445165268752
2019-11-14,1,-0.06,-0.0554720994610652,-0.05820186621514957,-0.06085466719180779,-0.06,-0.09708162408487722,-0.013862574837253165,-0.1050529061299556,-0.005891292792174797
2019-11-21,1,-0.1100000000000001,-0.08150524558918544,-0.08449735312550348,-0.08086084905660378,-0.08,-0.12308220574839465,-0.039928285429976236,-0.13104724930518596,-0.03196324187318493
2019-11-28,1,-0.1200000000000001,-0.12351263751232291,-0.12641155925269096,-0.13087877599058462,-0.1300000000000001,-0.16506763666129373,-0.0819576383633521,-0.17302847307060648,-0.07399680195403935
2019-12-05,1,-0.0699999999999998,-0.07873285220707756,-0.08163434115267039,-0.0808574784651525,-0.0799999999999998,-0.1202730565112573,-0.03719264790289781,-0.12823105862044987,-0.029234645793705258
2019-12-12,1,-0.0799999999999998,-0.03811360490076242,-0.040831840632326775,-0.04084017194216491,-0.04,-0.07963260848478351,0.003405398683258676,-0.08758654909792507,0.011359339296400227
2019-12-19,1,-0.0399999999999998,-0.03501040362231027,-0.03760272950060658,-0.040838533541341655,-0.04,-0.07652261168036706,0.006501804435746515,-0.08447525045085129,0.014454443206230752
2019-12-26,1,-0.0699999999999998,-0.05531733942437461,-0.057885137940799795,-0.06084468664850116,-0.0599999999999998,-0.09679396345776026,-0.013840715390988967,-0.10473978527228267,-0.005894893576466553
2020-01-02,1,-0.08,-0.037398154878878626,-0.03985092285994207,-0.04083527583527564,-0.0399999999999998,-0.07891029317368448,0.004113983415927232,-0.08686291857937893,0.01206660882162168
2020-01-09,1,-0.0599999999999998,-0.03032349522283706,-0.03277452256723948,-0.030829778984102166,-0.0299999999999998,-0.07183612650729594,0.011189136061621821,-0.07978884635674108,0.01914185591106695
2020-01-16,1,-0.0699999999999998,-0.08801927805822965,-0.09032260939618872,-0.0908513931888543,-0.0899999999999998,-0.12952627102052325,-0.04651228509593605,-0.13747791071688692,-0.03856064539957238
2020-01-23,1,-0.1299999999999999,-0.08709830195793934,-0.08953671166714605,-0.09084974893781382,-0.09,-0.12858609137394136,-0.04561051254193731,-0.13653405217983128,-0.03766255173604739
2020-01-30,1,-0.1599999999999999,-0.14955057180177117,-0.1520869284859505,-0.15087124132613716,-0.1499999999999999,-0.19106173344635857,-0.10803941015718377,-0.1990141717517576,-0.10008697185178475
2020-02-06,1,-0.1399999999999999,-0.11592197842655387,-0.11846786798960794,-0.1208580223162753,-0.1199999999999998,-0.1574127549012391,-0.07443120195186864,-0.16536128794839985,-0.06648266890470789
2020-02-13,1,-0.1299999999999999,-0.12053109937284981,-0.12278409799533835,-0.12085637480798782,-0.1200000000000001,-0.16199207901534715,-0.07907011973035247,-0.16993490377923462,-0.071127294966465
2020-02-20,1,-0.1399999999999999,-0.148478811704261,-0.1508962329751237,-0.1508662322729014,-0.1499999999999999,-0.18990580961286957,-0.10705181379565243,-0.19784212437723991,-0.09911549903128208
2020-02-27,1,-0.0199999999999997,-0.09123314660002854,-0.0937350163639675,-0.0908416220351951,-0.09,-0.1326385975825585,-0.04982769561749859,-0.14057078452699986,-0.04189550867305722
2020-03-05,1,0.02,0.05320069727242924,0.05471589366714889,0.04921344024436798,0.0499999999999999,0.01166087423456632,0.09474052031029215,0.0037029451658944987,0.10269844937896397
2020-03-12,1,0.3299999999999999,0.15744590706368775,0.15832707438262986,0.16926067073170734,0.17,0.11580175224029822,0.19909006188707729,0.10782383596686455,0.20706797816051092
2020-03-19,1,0.3099999999999999,0.3813581046186995,0.38151970616209263,0.36933815138836057,0.37,0.33952650812576524,0.4231897011116338,0.33151268299664405,0.431203526240755
2020-03-26,1,0.2799999999999999,0.2409991804303591,0.23989012941219304,0.24929384965831436,0.25,0.19910639040096534,0.28289197045975284,0.19108084221221147,0.29091751864850673
2020-04-02,1,0.3,0.25079593413286905,0.248896811167444,0.23929139825691548,0.24,0.20885676458341804,0.29273510368232003,0.20082233130792418,0.30076953695781394
2020-04-09,1,0.37,0.4035465085413464,0.4025739402086493,0.36934190620272317,0.37,0.3615939656384073,0.4454990514442855,0.35355697038284983,0.45353604669984293
2020-04-16,1,0.29,0.2759428805629378,0.2754955395714163,0.2793091732729331,0.2799999999999999,0.2339496374715365,0.3179361236543391,0.2259048451386403,0.32598091598723533
2020-04-23,1,0.2499999999999999,0.26754364414229204,0.2684743652902705,0.2693067068575734,0.2699999999999999,0.22556528235832443,0.30952200592625967,0.21752334088949904,0.31756394739508503
2020-04-30,1,0.22,0.2429917745118787,0.24375596525891446,0.23929672809326813,0.24,0.20102266982651584,0.28496087919724156,0.19298250177242096,0.29300104725133647
2020-05-07,1,0.3099999999999999,0.2614491694441826,0.2617422473151684,0.26930930930930935,0.27,0.21943485475047028,0.3034634841378949,0.21138602565708037,0.31151231323128487
2020-05-14,1,0.26,0.25385852478235926,0.25412135515886686,0.259306856500562,0.26,0.211845612717805,0.2958714368469135,0.20379705233098466,0.30391999723373386
2020-05-21,1,0.22,0.258551596704772,0.25840589278195975,0.2493044128646223,0.25,0.21651899675042777,0.3005841966591163,0.20846666468575709,0.30863652872378694
2020-05-28,1,0.25,0.25496260276956145,0.2545609105486608,0.2593094438223218,0.26,0.21294312487576122,0.2969820806633617,0.20489330665008665,0.30503189888903626
2020-06-04,1,0.38,0.3496552250249677,0.34899241211529924,0.3493442622950819,0.35,0.3076298713361978,0.3916805787137376,0.2995789274639467,0.3997315225859887
2020-06-11,1,0.25,0.2462819681209262,0.245743259061819,0.24930829304574192,0.25,0.20422648034986857,0.28833745589198384,0.196169763586164,0.2963941726556884
2020-06-18,1,0.23,0.22494967826074275,0.22456636721993373,0.21929844097995546,0.22,0.18289110098299005,0.26700825553849544,0.174833792351691,0.2750655641697945
2020-06-25,1,0.22,0.21513280253981057,0.2147886447800733,0.21929974064468322,0.22,0.1731045290360639,0.25716107604355726,0.16505302580465384,0.2652125792749673
2020-07-02,1,0.26,0.270041075147539,0.2695861122062722,0.26931952662721903,0.2700000000000001,0.228034086786527,0.312048063508551,0.21998666122429586,0.3200954890707821
2020-07-09,1,0.27,0.24506797391143983,0.24457188198661192,0.24931339977851605,0.25,0.20304205055845947,0.2870938972644202,0.19499099755364482,0.2951449502692349
2020-07-16,1,0.25,0.23144521633391207,0.23102667509930044,0.22930729550478987,0.2299999999999999,0.18943834591398276,0.27345208675384136,0.181390942946137,0.28149948972168715
2020-07-23,1,0.2299999999999999,0.2311171895153253,0.2311564757181435,0.22930856932695834,0.2299999999999999,0.18915693003495612,0.2730774489956945,0.18111845648769323,0.28111592254295736
2020-07-30,1,0.2,0.18987136505145516,0.18988046076550297,0.18929515418502202,0.19,0.1479301453473154,0.2318125847555949,0.13989531931652313,0.2398474107863872
2020-08-06,1,0.2099999999999999,0.19968117458480478,0.20022968999092497,0.19930010993037744,0.2,0.1577158913314033,0.24164645783820626,0.149676455362384,0.24968589380722556
2020-08-13,1,0.31,0.3302713254058298,0.3307625002868384,0.3293489392831017,0.33,0.2882810689272134,0.37226158188444625,0.2802368487501657,0.38030580206149395
2020-08-20,1,0.26,0.27571870899381523,0.27580402752463723,0.27933187294633083,0.28,0.23374975879377868,0.3176876591938518,0.22570962033497766,0.3257277976526528
2020-08-27,1,0.36,0.3673930664936625,0.36741180995890294,0.369365889212828,0.37,0.3254186345287454,0.40936749845857956,0.31737744590908906,0.4174086870782359
2020-09-03,1,0.3199999999999999,0.279289047698114,0.2791412222842588,0.27933430338304843,0.28,0.23732699084113937,0.32125110455508865,0.22928817296415888,0.32928992243206917
2020-09-10,1,0.29,0.29765337418883453,0.2975663527402204,0.2993427741466957,0.3,0.2556984216892604,0.3396083266884087,0.24766096481885475,0.3476457835588143
2020-09-17,1,0.3199999999999999,0.3115251338231945,0.3115493531088242,0.30934758970641524,0.3099999999999999,0.2696010322712827,0.35344923537510636,0.26156948562473553,0.3614807820216535
2020-09-24,1,0.29,0.29996812789031546,0.29998863809615905,0.29934515195369027,0.3,0.25807214614934904,0.3418641096312819,0.2500459865132551,0.3498902692673758
2020-10-01,1,0.32,0.3059929500546267,0.3059314353422482,0.3093499458288191,0.31,0.26412315786478335,0.34786274224447,0.25610201545252276,0.3558838846567306
2020-10-08,1,0.37,0.33587399766895876,0.3356025119652681,0.3393619322278298,0.3399999999999999,0.29394173535086665,0.37780625998705086,0.2859086253178229,0.3858393700200946
2020-10-15,1,0.3399999999999999,0.3419130900829105,0.34171550990719435,0.33936308024469225,0.3399999999999999,0.2999976197718451,0.3838285603939759,0.2919677266422705,0.3918584535235505
2020-10-22,1,0.4,0.411791604409087,0.4117836786340251,0.4093893678160919,0.41,0.3699028450101032,0.45368036380807086,0.3618780689833028,0.4617051398348712
2020-10-29,1,0.4,0.3806615473256843,0.38078539311034537,0.37937970598780923,0.38,0.33879051984249836,0.42253257480887024,0.33076914078077513,0.4305539538705935
2020-11-05,1,0.38,0.3533592526457823,0.3533327135754385,0.3593736578382248,0.36,0.31146923192344966,0.3952492733681149,0.30344421426052737,0.4032742910310372
2020-11-12,1,0.4599999999999999,0.45745067710958515,0.45735196564874403,0.4594105037513397,0.4599999999999999,0.41546650529988044,0.49943484891928985,0.4074234507841203,0.5074779034350501
2020-11-19,1,0.39,0.40941318585591124,0.40971713748918825,0.4093937232524964,0.41,0.3674506502849929,0.4513757214268296,0.35941174069910925,0.45941463101271324
2020-11-26,1,0.42,0.43501964337164856,0.4351530566072636,0.4294019223923103,0.4299999999999999,0.3930674946850665,0.4769717920582306,0.3850305749509143,0.4850087117923828
2020-12-03,1,0.52,0.48001662057913347,0.4801941965413651,0.4794207533759772,0.48,0.43805621165298,0.521977029505287,0.43001770947586593,0.530015531682401
2020-12-10,1,0.4599999999999999,0.4769198812604233,0.4769918791549139,0.47942178077332387,0.48,0.4349602849335368,0.5188794775873098,0.4269219384289041,0.5269178240919425
2020-12-17,1,0.5,0.48847386166501666,0.488877607790628,0.48942634560906517,0.49,0.44654854849928743,0.530399174830746,0.4385167697396471,0.5384309535903863
2020-12-24,1,0.5,0.497961882127393,0.49853355128581184,0.4994308943089431,0.5,0.45606705441693796,0.5398567098378481,0.44804111586250206,0.547882648392284
2020-12-31,1,0.47,0.4690952360400406,0.46970144122470076,0.4694213126323218,0.47,0.42722718698299794,0.5109632850970832,0.41920637850877973,0.5189840935713015
2021-01-07,1,0.6200000000000001,0.6100455743895076,0.6105601629813626,0.6094716449454034,0.6100000000000001,0.5681400686064872,0.6519510801725279,0.5601120844163734,0.6599790643626418
2021-01-14,1,0.66,0.6915508404539619,0.6918719429420257,0.6995042194092826,0.7,0.6496314717232685,0.7334702091846552,0.6416008317598221,0.7415008491481017
2021-01-21,1,0.6599999999999999,0.699195681762715,0.6993190388019271,0.6995050895050895,0.7,0.657281841430809,0.7411095220946209,0.6492522605620383,0.7491391029633916
2021-01-28,1,0.69,0.6622787657493574,0.6624765707847771,0.6594919411352487,0.6599999999999999,0.6203683165026044,0.7041892149961104,0.6123393852758672,0.7122181462228476
2021-02-04,1,0.8,0.7628144305732197,0.7627453789929071,0.7695313046519763,0.77,0.7208958402056302,0.8047330209408092,0.7128653493559237,0.8127635117905158
2021-02-11,1,0.8400000000000001,0.7941905592319948,0.7940042092462545,0.7995425977653632,0.8,0.7522899985703275,0.836091119893662,0.744262961734393,0.8441181567295966
2021-02-18,1,0.98,0.9206389961775534,0.9202301120503478,0.9195852213314745,0.92,0.8786866382206603,0.9625913541344465,0.8706496783958632,0.9706283139592436
2021-02-25,1,1.05,1.1365360531369022,1.136160630303915,1.139662491301322,1.14,1.0944798891467344,1.17859221712707,1.0864230428373718,1.1866490634364326
2021-03-04,1,1.21,1.208445525253219,1.2081164688096098,1.2096873914553663,1.21,1.1662275686196324,1.2506634818868054,1.1581397271281528,1.258751323378285
2021-03-11,1,1.27,1.174930926846676,1.1745797816352521,1.1796775312066574,1.18,1.1326907485074438,1.2171711051859084,1.1245986499261553,1.2252632037671969
2021-03-18,1,1.33,1.3420742236657655,1.3416874057603374,1.3397334717895466,1.34,1.299703184204771,1.3844452631267599,1.2915860161010662,1.3925624312304647
2021-03-25,1,1.26,1.2269999399559106,1.2266517716173515,1.2296959225984796,1.23,1.1846157905234773,1.269384089388344,1.1764961108967285,1.2775037690150928
2021-04-01,1,1.29,1.2877142669178578,1.2873491639595187,1.2897171438427044,1.29,1.245313928286221,1.3301146055494948,1.2371911472380042,1.3382373865977115
2021-04-08,1,1.26,1.237787123230682,1.23744813368685,1.2397004132231404,1.24,1.1953587537989048,1.2802154926624594,1.1872306027923456,1.2883436436690185
2021-04-15,1,1.24,1.2122717553870546,1.2119435319347929,1.209690615331729,1.21,1.1697999060689785,1.2547436047051306,1.161663425468652,1.2628800853054571
2021-04-22,1,1.19,1.2141101662000928,1.213795640443366,1.209691146190803,1.21,1.171655087459513,1.2565652449406726,1.1635218196573256,1.26469851274286
2021-04-29,1,1.24,1.2543731413615262,1.254044553003803,1.2497053785542993,1.25,1.2119192975826727,1.2968269851403798,1.2037862663664192,1.3049600163566333
2021-05-06,1,1.2,1.2029954173901174,1.2027167923805258,1.19968878248974,1.2,1.1605712997596396,1.2454195350205952,1.1524439632855144,1.2535468714947204
2021-05-13,1,1.23,1.2435359654649552,1.2432691523440882,1.2397029702970297,1.24,1.2011313556500416,1.2859405752798687,1.193007756356318,1.2940641745735924
2021-05-20,1,1.21,1.211850404939904,1.211572452196985,1.2096932515337422,1.21,1.1694495747023284,1.2542512351774795,1.161326699475444,1.2623741104043638
2021-05-27,1,1.17,1.1700592848947882,1.1697860498876747,1.1696801633208573,1.17,1.127659440133866,1.2124591296557103,1.119536753698188,1.2205818160913884
2021-06-03,1,1.15,1.200829430155602,1.2005592589318215,1.1996908967391304,1.2,1.1584552580585101,1.2432036022526938,1.1503374898247603,1.2513213704864437
2021-06-10,1,1.0699999999999998,1.0716305286068792,1.0713529147157301,1.0696473380807052,1.0699999999999998,1.029238575380766,1.1140224818329925,1.02111740075399,1.1221436564597684
2021-06-17,1,0.9200000000000002,1.0255945205650379,1.025314402704971,1.019631008801625,1.02,0.9831928786681233,1.0679961624619523,0.9750698479488228,1.076119193181253
2021-06-24,1,1.01,0.9906931147243949,0.990399499455822,0.9896214937478878,0.99,0.9481753386197477,1.033210890829042,0.9400300596644173,1.0413561697843725
2021-07-01,1,0.9200000000000002,0.9459006950941383,0.9456036371607341,0.9396052631578947,0.94,0.9033874289609358,0.9884139612273408,0.8952430139965961,0.9965583761916805
2021-07-08,1,0.8400000000000001,0.7792927940803477,0.7792187931371038,0.7795520377231391,0.78,0.7366939256101326,0.8218916625505628,0.7285331115069367,0.8300524766537587
2021-07-15,1,0.81,0.8230117419666269,0.8228944701964789,0.8195662407531944,0.8200000000000001,0.7803975612609575,0.8656259226722962,0.772233813739304,0.8737896701939497
2021-07-22,1,0.76,0.7470059500342159,0.7470401007619011,0.7395401141322592,0.74,0.7041843258751004,0.7898275741933314,0.6959808376861172,0.7980310623823146
2021-07-29,1,0.75,0.7303294949697469,0.7305134059362248,0.7395408847184987,0.74,0.6875292822822967,0.773129707657197,0.679329895963767,0.7813290939757267
2021-08-05,1,0.76,0.6896669834768584,0.6900647955459268,0.6895249247239879,0.69,0.6468640206998596,0.7324699462538572,0.6386641075370645,0.7406698594166523
2021-08-12,1,0.74,0.7893424034631076,0.7892970541522417,0.789559118236473,0.79,0.7465142549871846,0.8321705519390306,0.7383095169120298,0.8403752900141853
2021-08-19,1,0.7,0.692887099232786,0.6928904917602524,0.6895265088362788,0.69,0.6500571052291191,0.735717093236453,0.641852013599765,0.7439221848658071
2021-08-26,1,0.76,0.7754607647896727,0.7751423410822128,0.7795572569906791,0.78,0.7326108679423156,0.8183106616370299,0.7244019634556411,0.8265195661237044
2021-09-02,1,0.7999999999999999,0.7530219250962092,0.7525722852202196,0.74954802259887,0.7499999999999999,0.7101836247949823,0.7958602253974362,0.7019769418991766,0.8040669082932419
2021-09-09,1,0.8200000000000001,0.768004181749314,0.7675064288899497,0.769555408095554,0.7699999999999999,0.7251486758859915,0.8108596876126364,0.7169386968605268,0.8190696666381011
2021-09-16,1,0.8300000000000001,0.7880490347045979,0.7874005488540919,0.7895627691288506,0.79,0.7451754821611576,0.8309225872480381,0.7369620458701149,0.8391360235390808
2021-09-23,1,0.8799999999999999,0.8484380231241819,0.8477150463080014,0.8495833333333335,0.8500000000000001,0.8054577481098742,0.8914182981384896,0.7972238666221243,0.8996521796262396
2021-09-30,1,0.96,0.9770449122380654,0.976245425419921,0.9796269395840211,0.98,0.9340015398201473,1.0200882846559836,0.9257555705422811,1.0283342539338498
2021-10-07,1,0.94,0.9336428097064919,0.932898859387878,0.9296110744891233,0.93,0.890470303804494,0.9768153156084899,0.8821995959737995,0.9850860234391844
2021-10-14,1,0.8200000000000001,0.8085680442001277,0.8078507848447728,0.8095722277064824,0.81,0.7653584070803728,0.8517776813198826,0.7570805858925301,0.8600555025077253
2021-10-21,1,0.7799999999999999,0.8247911795985658,0.8238886314613906,0.8195762155059132,0.82,0.781538325280672,0.8680440339164597,0.7732522248231506,0.8763301343739811
2021-10-28,1,0.6399999999999999,0.6651050878464362,0.6641205826944491,0.6595244342407346,0.6599999999999999,0.6211245218828872,0.7090856538099851,0.6126990111622722,0.7175111645306002
2021-11-04,1,0.67,0.6597416920971323,0.6586529910475253,0.6595252128356254,0.6599999999999999,0.6157693073913993,0.7037140768028652,0.6073453639829353,0.7121380202113293
2021-11-11,1,0.69,0.6861971766576087,0.6848396772658196,0.6795325269695979,0.6799999999999999,0.6422611340278491,0.7301332192873683,0.6338441527978839,0.7385502005173336
2021-11-18,1,0.69,0.7060731965592771,0.7046814128555396,0.7095430809399478,0.71,0.6621624261898841,0.7499839669286702,0.6537502864551563,0.758396106663398
2021-11-25,1,0.66,0.7246701209431798,0.723247645362751,0.7195470837406321,0.72,0.6807270025654466,0.7686132393209131,0.6723086658097144,0.7770315760766453
2021-12-02,1,0.4399999999999999,0.5365798420711889,0.5355210602618702,0.5294860117111256,0.53,0.492562484954777,0.5805971991876008,0.48412992602443394,0.5890297581179439
2021-12-09,1,0.5,0.5048401481307809,0.5036131232397882,0.499477102955505,0.5,0.46074954458994144,0.5489307516716204,0.45230295358609635,0.5573773426754656
2021-12-16,1,0.41,0.45271299252802943,0.4513636764455186,0.44946173800259404,0.45,0.4086487978894115,0.49677718716664737,0.4002072661312562,0.5052187189248026
2021-12-23,1,0.48,0.4576334338654712,0.4560160389595466,0.4594658465522822,0.4599999999999999,0.41357551843432,0.5016913492966224,0.4051351896058831,0.5101316781250593
2021-12-30,1,0.47,0.4742036351326065,0.47223464383785113,0.469469941822883,0.47,0.43018209071657565,0.5182251795486373,0.4217487296106112,0.5266585406546018
2022-01-06,1,0.6499999999999999,0.6371761537110461,0.6348766701668128,0.6295224265892222,0.6299999999999999,0.5930765088578116,0.6812757985642806,0.5846281857781542,0.6897241216439379
2022-01-13,1,0.6100000000000001,0.5895162100593332,0.5872482425856828,0.5895103092783504,0.5899999999999999,0.5454451822994493,0.6335872378192171,0.5370023414963733,0.6420300786222931
2022-01-20,1,0.54,0.5622762565282522,0.5601467409607469,0.559501447410743,0.56,0.5182036587270903,0.6063488543294141,0.5097605171457199,0.6147919959107845
2022-01-27,1,0.51,0.5150124064822416,0.5131271075241078,0.5094861913937059,0.51,0.47090951410941706,0.5591152988550661,0.4624605688910828,0.5675642440734003
2022-02-03,1,0.49,0.5005810211550311,0.4984399547918115,0.49948380891311317,0.5,0.45649814319699117,0.5446638991130711,0.44805303221004156,0.5531090101000207
2022-02-10,1,0.3900000000000001,0.4528565924389767,0.45047812522264674,0.4494686299615876,0.4499999999999999,0.40878537755720123,0.49692780732075215,0.40034250090653056,0.5053706839714228
2022-02-17,1,0.3899999999999999,0.4051590164215411,0.40307712389581274,0.39945349952061354,0.3999999999999999,0.36107572139968824,0.449242311443394,0.35263053051436644,0.4576875023287158
2022-02-24,1,0.3699999999999999,0.40474680327047197,0.40240526132222304,0.3994543714103381,0.3999999999999999,0.36070089728446564,0.4487927092564783,0.35226286914740457,0.45723073739353937
2022-03-03,1,0.28,0.3135293257540899,0.314790862475423,0.29942338324307105,0.3,0.2695162393953358,0.35754241211284404,0.2610844986289622,0.36597415287921764
2022-03-10,1,0.3400000000000001,0.37476256661340285,0.37539184932675645,0.37944974554707367,0.3799999999999999,0.3307317223724041,0.4187934108544016,0.32229657966647046,0.42722855356033523
2022-03-17,1,0.3,0.30006589288786983,0.30145868887749594,0.29942521435376307,0.3,0.25593439977887616,0.3441973859968635,0.2474799754175629,0.3526518103581768
2022-03-24,1,0.2000000000000001,0.26569391755798955,0.26691207487408564,0.2594134432466711,0.2600000000000002,0.22153222037068102,0.3098556147452981,0.21307200970853069,0.3183158254074484
2022-03-31,1,0.1,0.12509995792764408,0.1279676243660821,0.12937321937321927,0.1299999999999999,0.08095016332792357,0.1692497525273646,0.0724922328860735,0.1777076829692147
2022-04-07,1,0.1999999999999997,0.21550409069062604,0.2180710915496601,0.21940265486725682,0.2200000000000002,0.1713468866087945,0.2596612947724576,0.16288753670656247,0.2681206446746896
2022-04-14,1,0.3399999999999998,0.3444011765644167,0.3459501389467232,0.33944146418428506,0.3399999999999998,0.3000916987348563,0.3887106543939771,0.2916031772186205,0.3971991759102129
2022-04-21,1,0.2200000000000002,0.22680824014106743,0.22873348001599905,0.249413988657845,0.25,0.18248187542302685,0.271134604859108,0.17399011882655022,0.2796263614555846
2022-04-28,1,0.25,0.2654161825329383,0.2671548525493239,0.2694212016357345,0.27,0.22110044610466725,0.30973191896120933,0.2126107256068045,0.3182216394590721
2022-05-05,1,0.4199999999999999,0.3282432019913768,0.3294799574935277,0.33944409547738674,0.3399999999999998,0.28386034792328463,0.37262605605946897,0.27535776946460516,0.38112863451814843
2022-05-12,1,0.29,0.27326385645730805,0.2741557840140189,0.2794261523988709,0.2799999999999998,0.22874760674622344,0.3177801061683927,0.22021947321803786,0.32630823969657824
2022-05-19,1,0.1899999999999999,0.17721227611234064,0.17838744869364836,0.17939574201628022,0.1799999999999997,0.1326921298997803,0.22173242232490098,0.12416324990518993,0.23026130231949135
2022-05-26,1,0.2299999999999999,0.25158881271285183,0.25171120377844974,0.24941856830259457,0.25,0.20707542456894928,0.29610220085675437,0.1985478392411891,0.30462978618451453
2022-06-02,1,0.1599999999999997,0.17145656121029568,0.17266651376633707,0.15939138576779036,0.1600000000000001,0.12695983059693455,0.2159532918236568,0.11843543641051332,0.22447768601007803
2022-06-09,1,0.1,0.14063202548443482,0.1410299634256316,0.15939233406045505,0.1600000000000001,0.09615680140267194,0.1851072495661977,0.08763652729766788,0.19362752367120176
2022-06-16,1,0.1699999999999999,0.170632149064948,0.17143937378231833,0.16939639079029237,0.1699999999999999,0.12616077273097687,0.21510352539891914,0.11764123575246405,0.22362306237743196
2022-06-23,1,0.1999999999999997,0.18912410848772537,0.18964632545850585,0.18940354147250688,0.1899999999999999,0.14467114274364762,0.23357707423180313,0.13615513274618019,0.24209308422927056
2022-06-30,1,0.1299999999999999,0.12288235913790312,0.1244059773030069,0.12938585607940437,0.1299999999999999,0.0784414012513835,0.1673233170244227,0.06992769164115237,0.17583702663465386
2022-07-07,1,0.02,0.038733160044043674,0.04043810271294947,0.02935583772065675,0.0300000000000002,-0.005687799034016824,0.08315411912210417,-0.01419767740262158,0.09166399749070893
2022-07-14,1,-0.1300000000000003,-0.11102564537747817,-0.11016328847861379,-0.13069264069264058,-0.1299999999999999,-0.15560342219843487,-0.06644786855652145,-0.16414334269007758,-0.05790794806487876
2022-07-21,1,-0.2299999999999999,-0.2886515328488265,-0.28853754109400787,-0.23072244519913543,-0.2299999999999999,-0.33324232912579393,-0.24406073657185906,-0.3417847438001237,-0.23551832189752928
2022-07-28,1,-0.3500000000000001,-0.3000504794442686,-0.2988101150671825,-0.31074599260172625,-0.31,-0.3446845186488655,-0.2554164402396717,-0.3532352175219624,-0.2468657413665748
2022-08-04,1,-0.5099999999999998,-0.4781844970383343,-0.4773184845080783,-0.4807971683594952,-0.48,-0.5228572313637271,-0.4335117627129415,-0.5314153431963429,-0.42495365088032583
2022-08-11,1,-0.5,-0.47623838086077,-0.4739483172567049,-0.47079287031346057,-0.4700000000000002,-0.5209759722038604,-0.4315007895176797,-0.5295465089220124,-0.4229302527995277
2022-08-18,1,-0.48,-0.5461294622242563,-0.5428344940417157,-0.5408131328628414,-0.54,-0.5908649852028418,-0.5013939392456708,-0.5994351256771774,-0.49282379877133525
2022-08-25,1,-0.52,-0.4984797127349686,-0.49531538644910905,-0.4907965686274512,-0.4900000000000002,-0.5433032441207772,-0.4536561813491599,-0.5518902446732477,-0.44506918079668956
2022-09-01,1,-0.48,-0.4869111225943713,-0.4838177035653212,-0.4807922912205567,-0.48,-0.5317713559468843,-0.4420508892418583,-0.5403653876233786,-0.43345685756536395
2022-09-08,1,-0.48,-0.4638864082314718,-0.462163512744876,-0.47078802687843635,-0.4700000000000002,-0.5087682764124628,-0.4190045400504809,-0.5173664527486559,-0.4104063637142877
2022-09-15,1,-0.6499999999999999,-0.6822233610409996,-0.6811545764924202,-0.6608447697468738,-0.6599999999999997,-0.7271333188437125,-0.6373134032382867,-0.7357368764069038,-0.6287098456750954
2022-09-22,1,-0.7000000000000002,-0.6708122580630035,-0.6698114368928347,-0.6708465286236297,-0.6699999999999999,-0.7158269180761224,-0.6257975980498846,-0.7244505338076642,-0.6171739823183428
2022-09-29,1,-0.6299999999999999,-0.6414852827203577,-0.6397586388278034,-0.6308330799635147,-0.6299999999999999,-0.6866368440653247,-0.5963337213753906,-0.695286686463438,-0.5876838789772773
2022-10-06,1,-0.6699999999999999,-0.6708266717356698,-0.6666487219967862,-0.6708439587128115,-0.6700000000000004,-0.7160460451441031,-0.6256072983272365,-0.7247088785361976,-0.616944464935142
2022-10-13,1,-0.6699999999999995,-0.7058030916462856,-0.7016627382027373,-0.7008517732646258,-0.7000000000000002,-0.7510830861231184,-0.6605230971694529,-0.7597575329051388,-0.6518486503874324
2022-10-20,1,-0.56,-0.6215165224791523,-0.6173567567930945,-0.6208262711864407,-0.6200000000000001,-0.6668020881343942,-0.5762309568239105,-0.6754776022065321,-0.5675554427517726
2022-10-27,1,-0.6099999999999999,-0.6365209001248046,-0.6326619477667582,-0.6308280447265033,-0.6299999999999999,-0.681948473066848,-0.5910933271827611,-0.6906511919711917,-0.5823906082784174
2022-11-03,1,-0.6200000000000001,-0.6505464237653152,-0.6491612486368123,-0.6408298129149061,-0.6399999999999997,-0.6959882531855857,-0.6051045943450448,-0.7046937032532854,-0.5963991442773451
2022-11-10,1,-0.69,-0.7003109134769465,-0.699230829931497,-0.6908436275986742,-0.69,-0.7458423965181018,-0.6547794304357912,-0.7545650218432671,-0.6460568051106259
2022-11-17,1,-0.8500000000000001,-0.830465284358531,-0.8272785271245111,-0.8308844765342961,-0.8300000000000001,-0.8759956234608569,-0.784934945256205,-0.884718029637663,-0.7762125390793989
2022-11-24,1,-0.9699999999999998,-0.9595865744724553,-0.9573138646803208,-0.960922198858516,-0.96,-1.0051233928482268,-0.9140497560966838,-1.0138470402820898,-0.9053261086628207
2022-12-01,1,-0.9899999999999998,-0.9659869719890648,-0.9631458652598888,-0.9609208158368326,-0.96,-1.0115093437238036,-0.9204646002543259,-1.0202302235641576,-0.9117437204139721
2022-12-08,1,-0.98,-1.0051293477962724,-1.0032594724832895,-1.0109344115004495,-1.0100000000000002,-1.0506347967189746,-0.9596238988735701,-1.0593524345970864,-0.9509062609954584
2022-12-15,1,-0.8500000000000001,-0.9108794827527336,-0.9108915925834123,-0.9009001196172253,-0.9000000000000004,-0.9564076364472537,-0.8653513290582134,-0.965129623957849,-0.8566293415476182
2022-12-22,1,-0.7600000000000002,-0.7496936010400936,-0.7489923534453465,-0.7408510002985964,-0.7399999999999998,-0.7953733215127309,-0.7040138805674564,-0.8041243452006908,-0.6952628568794965
2022-12-29,1,-0.7599999999999998,-0.7428221131642463,-0.7414976351795249,-0.740849731663685,-0.7399999999999998,-0.7884864900442956,-0.697157736284197,-0.7972345743066022,-0.6884096520218904
2023-01-05,1,-0.8800000000000003,-0.8626221954510834,-0.8615503600906321,-0.8608841917237277,-0.8600000000000003,-0.9082874612317706,-0.8169569296703962,-0.9170357157838789,-0.808208675118288
2023-01-12,1,-0.7799999999999998,-0.8949102871797994,-0.8935095892120534,-0.9008947681331747,-0.8999999999999999,-0.9405930891938364,-0.8492274851657623,-0.9493447032234514,-0.8404758711361473
2023-01-19,1,-0.75,-0.7756859303376858,-0.7743379500741425,-0.7608518848322943,-0.7599999999999998,-0.8215110683956683,-0.7298607922797034,-0.8302899502386439,-0.7210819104367278
2023-01-26,1,-0.79,-0.7664558534687822,-0.7662684356367745,-0.7708535862477771,-0.77,-0.8122736413968532,-0.7206380655407112,-0.8210511151497552,-0.7118605917878092
2023-02-02,1,-0.8799999999999999,-0.831181415484244,-0.8323839204033747,-0.8308700799052975,-0.8300000000000001,-0.8769936508743245,-0.7853691800941635,-0.8857700609081192,-0.7765927700603688
2023-02-09,1,-0.94,-0.9168727593125832,-0.9179201223957972,-0.920895390070922,-0.92,-0.9626885976062225,-0.8710569210189438,-0.9714656978608431,-0.8622798207643232
2023-02-16,1,-0.8600000000000003,-0.8512764449709391,-0.8514836647839328,-0.8508734139864264,-0.8499999999999996,-0.8971831145637161,-0.8053697753781621,-0.9059776156877408,-0.7965752742541374
2023-02-23,1,-0.8900000000000001,-0.8835640942426629,-0.8828326048903228,-0.8808809664113144,-0.8800000000000003,-0.9295035508548343,-0.8376246376304916,-0.9383043331027452,-0.8288238553825806
2023-03-02,1,-0.8799999999999999,-0.8236944642715958,-0.8228316801527176,-0.8208620182406589,-0.8199999999999998,-0.8696197085732994,-0.7777692199698921,-0.8784177681192263,-0.7689711604239652
2023-03-09,1,-0.98,-0.9794693660009686,-0.9786281388885357,-0.9809077555816691,-0.9800000000000004,-1.025536094293165,-0.9334026377087722,-1.0343612584215949,-0.9245774735803423
2023-03-16,1,-0.77,-0.8448047734024002,-0.8436462930400783,-0.8308624229979467,-0.8300000000000001,-0.8914306539692338,-0.7981788928355666,-0.9003629368529867,-0.7892466099518137
2023-03-23,1,-0.6799999999999997,-0.6896980985951617,-0.6887230890282483,-0.6908201523140011,-0.69,-0.7364753526024603,-0.6429208445878631,-0.7454366346252081,-0.6339595625651153
2023-03-30,1,-0.8400000000000003,-0.8273265886298715,-0.8280753488404414,-0.8308599005557177,-0.8299999999999996,-0.8741197865626911,-0.780533390697052,-0.8830841230189702,-0.7715690542407728
2023-04-06,1,-0.8199999999999998,-0.8215340635799265,-0.8227557128677374,-0.8208557242990653,-0.8199999999999998,-0.8683319045514872,-0.7747362226083658,-0.8772971304909241,-0.765770996668929
2023-04-13,1,-0.7800000000000002,-0.8457004982299984,-0.846230042266395,-0.8508632254301547,-0.8500000000000001,-0.8925156560533222,-0.7988853404066746,-0.9014841994425685,-0.7899167970174282
2023-04-20,1,-0.7999999999999998,-0.8335922865506287,-0.8347115785647485,-0.8208532323820615,-0.8199999999999998,-0.8804138959215269,-0.7867706771797305,-0.8893836752562883,-0.7778008978449691
2023-04-27,1,-0.81,-0.7872954400476015,-0.7880440654382779,-0.7808403605699329,-0.7799999999999998,-0.834106011069445,-0.740484869025758,-0.8430736757491023,-0.7315172043461008
2023-05-04,1,-0.8000000000000003,-0.754732754869324,-0.7559481667672635,-0.7608333333333331,-0.7599999999999998,-0.8015302195955613,-0.7079352901430868,-0.8104953734563666,-0.6989701362822814
2023-05-11,1,-0.8599999999999999,-0.8219962954937773,-0.823537109958103,-0.8308524209915918,-0.8300000000000001,-0.8688094779085458,-0.7751831130790088,-0.8777776428618717,-0.7662149481256829
2023-05-18,1,-0.8800000000000003,-0.8938187461155628,-0.8952505308103444,-0.9008714533873768,-0.8999999999999999,-0.9406788770427883,-0.8469586151883373,-0.9496560360867167,-0.8379814561444089
2023-05-25,1,-0.9699999999999998,-0.9296510220512725,-0.9308542060378132,-0.9308788667244875,-0.9300000000000006,-0.9764876619524304,-0.8828143821501145,-0.9854603207384008,-0.8738417233641441
2023-06-01,1,-1.06,-1.0418746635124263,-1.0423251325626308,-1.04090935334873,-1.04,-1.0887181506964618,-0.9950311763283908,-1.0976921212403423,-0.9860572057845103
2023-06-08,1,-1.1100000000000003,-1.1247474637364119,-1.1251523283897675,-1.1309339867396948,-1.1300000000000003,-1.1716047062108428,-1.077890221261981,-1.1805813119037751,-1.0689136155690486
2023-06-15,1,-1.2099999999999995,-1.1683393072107506,-1.1689296558147044,-1.1609412780656303,-1.16,-1.2151885925597543,-1.121490021861747,-1.2241636738783606,-1.1125149405431407
2023-06-22,1,-1.3000000000000005,-1.2913974943484228,-1.291218068315163,-1.2909772923253808,-1.29,-1.338249236056659,-1.2445457526401866,-1.3472247879485877,-1.2355702007482579
2023-06-29,1,-1.3200000000000005,-1.3088423745111986,-1.3088115171802395,-1.3009787600459246,-1.3000000000000005,-1.3556746965066604,-1.2620100525157367,-1.364646528096347,-1.2530382209260502
2023-07-06,1,-1.23,-1.2606695497665703,-1.2601521037505388,-1.2609658928059613,-1.2599999999999998,-1.307483640668954,-1.2138554588641866,-1.3164519796644272,-1.2048871198687134
2023-07-13,1,-1.2699999999999996,-1.2332512077723246,-1.2331538368055073,-1.2309559244419008,-1.2300000000000004,-1.2800705347773127,-1.1864318807673364,-1.2890398768712605,-1.1774625386733886
2023-07-20,1,-1.17,-1.151340619819711,-1.1511564609931195,-1.1409288368105173,-1.14,-1.1983009875627928,-1.104380252076629,-1.2072973493238326,-1.0953838903155892
2023-07-27,1,-1.17,-1.1580289330040843,-1.1584386632161656,-1.160933219178082,-1.1599999999999997,-1.2049829409509738,-1.1110749250571947,-1.2139780843436314,-1.1020797816645371
2023-08-03,1,-1.0200000000000005,-1.0099439482501484,-1.0107652177132058,-1.0108891422057564,-1.0099999999999998,-1.0569618248676083,-0.9629260716326885,-1.065969203804689,-0.9539186926956078
2023-08-10,1,-1.02,-1.0379546857577127,-1.0380096757121464,-1.0408964143426296,-1.04,-1.0849900926681457,-0.9909192788472796,-1.0940008299447146,-0.9819085415707108
2023-08-17,1,-1.0499999999999998,-0.9932039026030407,-0.9933416897159757,-1.0008837737993752,-1.0000000000000004,-1.0402217578597386,-0.9461860473463428,-1.0492291327046637,-0.9371786725014178
2023-08-24,1,-1.08,-1.0731559729237776,-1.0733855601407702,-1.0709023836549374,-1.0699999999999998,-1.1201933184485382,-1.026118627399017,-1.1292044271122288,-1.0171075187353265
2023-08-31,1,-0.9899999999999998,-1.0794245116337962,-1.0792751014870785,-1.0809039387928587,-1.0799999999999996,-1.126438653844017,-1.0324103694235753,-1.1354453173676522,-1.0234037058999401
2023-09-07,1,-0.9900000000000002,-0.9722312569476177,-0.9720404985104065,-0.9708715336728921,-0.9700000000000002,-1.0192968230694992,-0.9251656908257362,-1.0283133380516027,-0.9161491758436328
2023-09-14,1,-0.9900000000000002,-1.002803817301243,-1.0027746277033645,-1.0008787793161915,-1.0000000000000004,-1.0498468828968697,-0.9557607517056164,-1.0588590873745258,-0.9467485472279603
2023-09-21,1,-1.0099999999999998,-0.9925960923494196,-0.9924527680548638,-1.000877539503386,-1.0,-1.0396738455115666,-0.9455183391872726,-1.0486926952075637,-0.9364994894912755
2023-09-28,1,-0.8399999999999999,-0.8537173090892287,-0.8535625518140336,-0.8508340377571152,-0.8500000000000005,-0.900847953767169,-0.8065866644112885,-0.9098769360756868,-0.7975576821027707
2023-10-05,1,-0.6999999999999993,-0.66195740794006,-0.6614810123278857,-0.6607794034890266,-0.6600000000000001,-0.709304672883712,-0.6146101429964079,-0.7183751538935556,-0.6055396619865644
2023-10-12,1,-0.8799999999999994,-0.7818052103906592,-0.7814999703351252,-0.7808120258499581,-0.7800000000000002,-0.8292031718022232,-0.7344072489790952,-0.8382833649115937,-0.7253270558697247
2023-10-19,1,-0.71,-0.7022740702874949,-0.7022375667399021,-0.7007884399551068,-0.7000000000000002,-0.7497961789210732,-0.6547519616539166,-0.7589001553476225,-0.6456479852273673
2023-10-26,1,-0.6099999999999999,-0.6415013917620642,-0.6411757364166527,-0.64077052395629,-0.6399999999999997,-0.6890507264353786,-0.5939520570887499,-0.698159918649507,-0.5848428648746214
2023-11-02,1,-0.6399999999999997,-0.7006357173062716,-0.7001865486370442,-0.7007862339115833,-0.6999999999999997,-0.7482519095839211,-0.6530195250286221,-0.7573739099429593,-0.6438975246695839
2023-11-09,1,-0.7299999999999995,-0.7166031041972214,-0.7164557897836568,-0.7207907236658286,-0.7200000000000002,-0.7642943078220819,-0.6689119005723609,-0.7734306783670477,-0.6597755300273951
2023-11-16,1,-0.7899999999999996,-0.763021430915708,-0.763051299923928,-0.7608007812500003,-0.7600000000000002,-0.8106908800927247,-0.7153519817386912,-0.8198230830620917,-0.7062197787693242
2023-11-23,1,-0.73,-0.7337632740612585,-0.7338196575188145,-0.7207885204792419,-0.7199999999999998,-0.7814214700850616,-0.6861050780374555,-0.7905515172485411,-0.6769750308739759
2023-11-30,1,-0.6400000000000001,-0.6434903052804168,-0.6435356654082137,-0.6407651641624932,-0.6400000000000001,-0.6911699874952584,-0.5958106230655753,-0.700304150843443,-0.5866764597173907
2023-12-07,1,-0.7800000000000002,-0.7447961736661002,-0.745296860097372,-0.7507946651847736,-0.75,-0.7924980192783346,-0.6970943280538657,-0.8016364285460124,-0.687955918786188
2023-12-14,1,-0.8300000000000001,-0.7696769026078751,-0.7705372371987913,-0.7707991120976693,-0.77,-0.8174463501101769,-0.7219074551055734,-0.8265977101081832,-0.7127560951075671
2023-12-21,1,-0.7800000000000002,-0.8201764273103042,-0.8209935422414464,-0.8308146300914382,-0.8300000000000001,-0.8679490807010396,-0.7724037739195687,-0.8771010548622968,-0.7632517997583115
2023-12-28,1,-0.7799999999999998,-0.8110142363826138,-0.8121608510074716,-0.8108079690094079,-0.81,-0.8588165641242702,-0.7632119086409574,-0.8679742231046362,-0.7540542496605914
2024-01-04,1,-0.7999999999999998,-0.8094169647071339,-0.8106710500919775,-0.8108068527217464,-0.81,-0.8572082823330506,-0.7616256470812172,-0.8663638320670674,-0.7524700973472004
2024-01-11,1,-0.5699999999999998,-0.7414370223036013,-0.7428184780296269,-0.7407864238410599,-0.7400000000000002,-0.789210727207338,-0.6936633173998646,-0.7983629028106155,-0.6845111417965871
2024-01-18,1,-0.5899999999999999,-0.5586964638566856,-0.5596418823774241,-0.5607357398732429,-0.5599999999999996,-0.6067025384708067,-0.5106903892425645,-0.6158992299515655,-0.5014936977618056
2024-01-25,1,-0.5399999999999996,-0.530444010437849,-0.5316649490782153,-0.5307264722069344,-0.5299999999999998,-0.5784695854661571,-0.48241843540954077,-0.5876700127094099,-0.47321800816628795
2024-02-01,1,-0.6799999999999997,-0.6773281807355985,-0.6785625142968738,-0.6807666941467437,-0.6800000000000002,-0.7253622102947199,-0.6292941511764771,-0.7345642572019867,-0.6200921042692104
2024-02-08,1,-0.6600000000000001,-0.6307782537541262,-0.6321860846515104,-0.6307519209659718,-0.6300000000000003,-0.6787860415399717,-0.5827704659682807,-0.6879830612190247,-0.5735734462892277
2024-02-15,1,-0.71,-0.693882218978318,-0.695313630243196,-0.7007700739928749,-0.7000000000000002,-0.741871534015602,-0.645892903941034,-0.7510650148056565,-0.6366994231509796
2024-02-22,1,-0.71,-0.6903903023799176,-0.6914913278390369,-0.6907662835249042,-0.69,-0.7383951065423578,-0.6423854982174774,-0.7475915546382483,-0.6331890501215869
2024-02-29,1,-0.6699999999999995,-0.6972687123073309,-0.6979913929536539,-0.7007679693905436,-0.6999999999999997,-0.745262018203863,-0.6492754064107988,-0.7544562635367704,-0.6400811610778914
2024-03-07,1,-0.7000000000000002,-0.7309803856714907,-0.7317049953486483,-0.7307751091703056,-0.73,-0.7789648258995914,-0.68299594544339,-0.7881573728054145,-0.6738033985375669
2024-03-14,1,-0.71,-0.6974408553103547,-0.6982718837215266,-0.7007658762605612,-0.6999999999999997,-0.7454046107389862,-0.6494770998817232,-0.7545931949854879,-0.6402885156352215
2024-03-21,1,-0.6599999999999997,-0.6441690345478988,-0.6451325149281666,-0.6407485029940125,-0.6400000000000006,-0.692111817859855,-0.5962262512359425,-0.7012963844046738,-0.5870416846911237
2024-03-28,1,-0.7199999999999998,-0.7167096522963667,-0.7174783982206946,-0.7207692307692305,-0.7199999999999998,-0.7646374043869216,-0.6687819002058119,-0.773819091348127,-0.6596002132446065
2024-04-04,1,-0.6299999999999999,-0.6489149533513312,-0.6498225414346224,-0.6507491856677527,-0.6500000000000004,-0.6968444984817364,-0.600985408220926,-0.7060265289418519,-0.5918033777608105
2024-04-11,1,-0.5299999999999998,-0.524385034816871,-0.5251505089806949,-0.5207129303334237,-0.52,-0.5724321590787919,-0.47633791055495023,-0.581636714584036,-0.4671333550497061
2024-04-18,1,-0.5100000000000002,-0.4965114242177132,-0.497327932921979,-0.49070384407146744,-0.4900000000000002,-0.5445373904711784,-0.448485457964248,-0.5537378926628018,-0.43928495577262466
2024-04-25,1,-0.5100000000000002,-0.4857826343973195,-0.48641876808715456,-0.4907028926736953,-0.4899999999999997,-0.5337801026548942,-0.43778516613974483,-0.5429751453858527,-0.42859012340878627
2024-05-02,1,-0.5100000000000002,-0.5190319433522035,-0.519576788529705,-0.5207100431965443,-0.52,-0.5670171367566392,-0.4710467499477677,-0.5762098279510851,-0.4618540587533219
2024-05-09,1,-0.6000000000000001,-0.5748980019032037,-0.5754499316507345,-0.5807252628740901,-0.5800000000000001,-0.6228740548478773,-0.5269219489585302,-0.6320649949725033,-0.5177310088339041
2024-05-16,1,-0.6100000000000003,-0.6303712724047963,-0.6310256989581778,-0.6307377490576201,-0.6300000000000003,-0.6783304393036407,-0.5824121055059519,-0.6875181445094555,-0.5732244003001371
2024-05-23,1,-0.6400000000000001,-0.5898862130034246,-0.5906026085554501,-0.5907260016133368,-0.5899999999999999,-0.6378207532914258,-0.5419516727154233,-0.6470037406913388,-0.5327686853155104
2024-05-30,1,-0.5499999999999998,-0.5582811193329971,-0.5589581790521468,-0.5607169709989255,-0.5599999999999996,-0.6062288625667919,-0.5103333760992023,-0.6154143793011708,-0.5011478593648233
2024-06-06,1,-0.5300000000000002,-0.5440058848638932,-0.544029219287467,-0.5407106462858675,-0.54,-0.5919704070337161,-0.4960413626940704,-0.6011591381675072,-0.4868526315602792
2024-06-13,1,-0.5500000000000003,-0.5384306673059724,-0.5384491617628192,-0.5407096946973755,-0.54,-0.5863855441882206,-0.49047579042372424,-0.5955724275405637,-0.48128890707138117
2024-06-20,1,-0.56,-0.5548780275339725,-0.5558723066561677,-0.5607140946777214,-0.56,-0.602802712492748,-0.5069533425751971,-0.6119838118727997,-0.4977722431951454
2024-06-27,1,-0.4900000000000002,-0.5467973353813983,-0.5477878626864066,-0.5507104700854695,-0.5499999999999994,-0.5947089516379369,-0.49888571912485974,-0.6038875474010298,-0.4897071233617668
2024-07-04,1,-0.4399999999999999,-0.4443338860156961,-0.44512639494023165,-0.4406801813817017,-0.4399999999999999,-0.4922600274360722,-0.39640774459532,-0.5014414058355625,-0.3872263661958297
2024-07-11,1,-0.4199999999999999,-0.41917662801822586,-0.4198711239210172,-0.4206739477890249,-0.4199999999999999,-0.467081496984828,-0.37127175905162374,-0.47625880014600797,-0.36209445589044376
2024-07-18,1,-0.33,-0.33827524815087995,-0.3392604450615381,-0.3306491088055334,-0.33,-0.38627163064573217,-0.29027886565602773,-0.3954664653733316,-0.2810840309284283
2024-07-25,1,-0.2800000000000002,-0.2632246372071708,-0.263956018977947,-0.26062964930924526,-0.2599999999999998,-0.3112367630311161,-0.21521251138322556,-0.3204346137632881,-0.20601466065105356
2024-08-01,1,-0.1800000000000001,-0.24535967136487155,-0.24621630890013582,-0.2506261607853542,-0.25,-0.2933513155047957,-0.1973680272249474,-0.3025452424891824,-0.18817410024056072
2024-08-08,1,-0.2200000000000002,-0.16712283298276245,-0.16847894880912334,-0.17060413354530993,-0.1699999999999999,-0.21512185895711533,-0.11912380700840958,-0.22431720010532086,-0.10992846586020405
2024-08-15,1,-0.25,-0.240727665467061,-0.24265348728780764,-0.240621857634295,-0.2400000000000002,-0.28872077053240885,-0.19273456040171316,-0.2979149773913845,-0.18354035354273754
2024-08-22,1,-0.2000000000000001,-0.22918420055703437,-0.23130622544209836,-0.2306183932346722,-0.2299999999999999,-0.2771489040656774,-0.18121949704839133,-0.2863376699391801,-0.17203073117488865
2024-08-29,1,-0.1699999999999999,-0.17636677901894265,-0.1782111830368744,-0.18060438110319355,-0.1800000000000001,-0.22430994848677865,-0.12842360955110665,-0.23349458900882886,-0.11923896902905645
2024-09-05,1,-0.0899999999999998,-0.16460652812832666,-0.1661133683368617,-0.1605983131259881,-0.1599999999999997,-0.2125324597446714,-0.11668059651198193,-0.22171379795127028,-0.10749925830538304
2024-09-12,1,-0.04,-0.08274490771513901,-0.08432704940747603,-0.09057909976309535,-0.0899999999999998,-0.1306872492312875,-0.03480256619899052,-0.1398717311397395,-0.02561808429053851
2024-09-19,1,0.02,0.01880689358908591,0.017268654715968258,0.029453207150368234,0.0300000000000002,-0.029129305164347315,0.06674309234251913,-0.03831261028227883,0.07592639746045066
2024-09-26,1,0.04,0.04163654731966318,0.040597281459144485,0.0394565502756624,0.0399999999999995,-0.006273691555647359,0.08954678619497372,-0.015452023449004877,0.09872511808833123
2024-10-03,1,-0.02,0.044644733877114595,0.04176358232800461,0.03945726271630834,0.04,-0.0032523096490960496,0.09254177740332524,-0.01242811366331268,0.10171758141754186
2024-10-10,1,0.1400000000000001,0.04576833137749395,0.04272378624947008,0.03945797329143755,0.04,-0.0021438896839253846,0.09368055243891328,-0.011322601311602912,0.10285926406659081
2024-10-17,1,0.1599999999999997,0.13726918627791262,0.13437294287824172,0.13948483263598335,0.1400000000000001,0.08932038894253323,0.185217983613292,0.08013467027023,0.19440370228559525
2024-10-24,1,0.1699999999999999,0.15935389874540412,0.158663257785627,0.1594907286497781,0.1600000000000001,0.1114098985788983,0.20729789891190994,0.10222509891700085,0.2164826985738074
2024-10-31,1,0.1899999999999999,0.1628101274532282,0.16182945801000415,0.1494887845592074,0.1500000000000003,0.11488582332134226,0.21073443158511415,0.10570479689762871,0.2199154580088277
2024-11-07,1,0.1,0.15021640926475321,0.1481947587708924,0.14948945037770284,0.1500000000000003,0.10228708379347767,0.19814573473602876,0.09310509541422919,0.20732772311527725
2024-11-14,1,0.1200000000000001,0.09955369269803567,0.09833119777967027,0.09947710718002041,0.0999999999999996,0.05159780193136809,0.14750958346470325,0.04241072434564355,0.1566966610504278
2024-11-21,1,0.0699999999999998,0.08036286571863292,0.07931562095589807,0.06946999220576754,0.0699999999999998,0.03242351618307034,0.1283022152541955,0.023239607458795254,0.1374861239784706
2024-11-28,1,0.0499999999999998,0.0400475833759371,0.038870417579424534,0.039462895692786715,0.04,-0.007866518573594501,0.08796168532546869,-0.017045590529580837,0.09714075728145503
2024-12-05,1,0.0899999999999998,0.04580608868490273,0.04479772112583647,0.039463591604042496,0.04,-0.0020951345285977405,0.0937073118984032,-0.011271739260115245,0.10288391662992069
2024-12-12,1,0.1600000000000001,0.1545254529456627,0.15482106843983745,0.15949534161490692,0.1600000000000001,0.10662583741157557,0.20242506847974984,0.09744954066882164,0.21160136522250375
2024-12-19,1,0.2200000000000002,0.26910319803798105,0.270023571261504,0.2595218402688031,0.2599999999999998,0.2211772232675051,0.317029172808457,0.2119958767937185,0.3262105192822436
2024-12-26,1,0.2999999999999998,0.25984856050717464,0.25975923364482584,0.2595224574083636,0.2600000000000002,0.21193073428541756,0.30776638672893175,0.20275094885758577,0.3169461721567635
2025-01-02,1,0.2999999999999998,0.28910861035183305,0.2885619944495885,0.28953080690899713,0.29,0.2412022582317093,0.3370149624719568,0.23202467093762597,0.34619254976604014
2025-01-09,1,0.3700000000000001,0.3974186248388791,0.3970338030203702,0.3995597322348094,0.3999999999999999,0.349522060502207,0.44531518917555113,0.3403463482880049,0.45449090138975323
2025-01-16,1,0.3699999999999996,0.3893695269327374,0.3889050505963181,0.3895577269220876,0.3899999999999997,0.3414892877057727,0.4372497661597021,0.3323167029498887,0.44642235091558613
2025-01-23,1,0.3699999999999996,0.3717599424456699,0.3710527050856351,0.3695531587057007,0.3699999999999996,0.32389668356623413,0.41962320132510567,0.31472735179486744,0.42879253309647236
2025-01-30,1,0.4099999999999997,0.38185272013818816,0.3817419607788604,0.3795562964862784,0.3799999999999999,0.3339888813712665,0.42971655890510985,0.3248194385088276,0.4388860017675487
2025-02-06,1,0.3799999999999999,0.3702049562406085,0.3703452474125055,0.36955430327868866,0.3700000000000001,0.3223580840153535,0.41805182846586353,0.3131918914925947,0.4272180209886223
2025-02-13,1,0.3699999999999996,0.36643532984022814,0.3657362306188083,0.3695548733691482,0.3700000000000001,0.31859740394765085,0.41427325573280543,0.30943292530510785,0.42343773437534843
2025-02-20,1,0.3700000000000001,0.4010359628250619,0.4002826067741792,0.3995631067961168,0.4000000000000003,0.35322238645808796,0.4488495391920358,0.3440625725392592,0.45800935311086455
2025-02-27,1,0.33,0.3398887613423168,0.3389198665438513,0.3395483541719829,0.3400000000000003,0.29209015723667986,0.3876873654479538,0.282933211606279,0.39684431107835466
2025-03-06,1,0.4399999999999999,0.4389767029588427,0.43797394018036684,0.43957441386340457,0.4399999999999999,0.391185005264851,0.48676840065283444,0.38202938271986486,0.4959240231978206
2025-03-13,1,0.4900000000000002,0.4796417022059144,0.47940941009588034,0.4795851361669636,0.48,0.4318680971017126,0.5274153073101162,0.4227159406173807,0.5365674637944481
2025-03-20,1,0.4900000000000002,0.4838073886916414,0.4833075316599427,0.4695831215048299,0.4700000000000002,0.4360582549929721,0.5315565223903107,0.42691078658131837,0.5407039908019644
2025-03-27,1,0.5299999999999998,0.5414644536151547,0.5401846440072288,0.5396014216806296,0.54,0.4937304067138217,0.5891985005164878,0.48458582853265747,0.5983430786976519
2025-04-03,1,0.52,0.5368732034196043,0.536094528396139,0.5396019269776876,0.54,0.48914752715976784,0.5845988796794408,0.4800045525716481,0.5937418542675605
2025-04-10,1,0.5799999999999996,0.5957613733174352,0.5949431211743662,0.5996176247151178,0.6000000000000001,0.5479485437493096,0.6435742028855608,0.538788872897346,0.6527338737375243
2025-04-17,1,0.6099999999999999,0.6023479229153932,0.6009469676049821,0.6096206373292866,0.6099999999999999,0.5545179804379818,0.6501778653928045,0.5453550312061819,0.6593408146246045
2025-04-24,1,0.5800000000000001,0.5883136825542395,0.587283736585313,0.5896160646627939,0.5900000000000003,0.5404621466112982,0.6361652184971809,0.5312950606438439,0.6453323044646352
2025-05-01,1,0.6400000000000001,0.599381855961499,0.5979536050031617,0.5996190716448033,0.6000000000000001,0.5515529705175245,0.6472107414054734,0.542390223785314,0.6563734881376839
2025-05-08,1,0.6299999999999999,0.6237884123264007,0.6223906440152486,0.6196245905769716,0.6200000000000001,0.5759607001437903,0.6716161245090111,0.5667981781773596,0.6807786464754418
2025-05-15,1,0.6400000000000001,0.6336012938360918,0.6318919667138873,0.6296275792652243,0.6300000000000003,0.5857879427553967,0.6814146449167868,0.5766281719954476,0.6905744156767359
2025-05-22,1,0.6499999999999999,0.6558864820022315,0.6545975390155157,0.6596355868308618,0.6599999999999997,0.6080822887091835,0.7036906752952796,0.5989242723386177,0.7128486916658454
2025-05-29,1,0.6100000000000003,0.6117395967530272,0.6107891174132832,0.6096234939759035,0.6099999999999999,0.563954960292275,0.6595242332137795,0.5548006904924174,0.6686785030136371
2025-06-05,1,0.6499999999999999,0.6294862560419802,0.628357687706867,0.6296289796941589,0.6299999999999999,0.5817190021795459,0.6772535099044145,0.5725680624247951,0.6864044496591652
2025-06-12,1,0.6600000000000001,0.6511945095447909,0.6500753686670587,0.6496344516775162,0.6499999999999999,0.6034485582422281,0.6989404608473536,0.5943016994933179,0.7080873195962638
2025-06-19,1,0.6599999999999997,0.6524590729095953,0.6510244878599537,0.6496349087271817,0.6499999999999999,0.6047355593273719,0.7001825864918186,0.5955929990509603,0.7093251467682302
2025-06-26,1,0.71,0.7070666379935455,0.7055492287329468,0.7096503496503496,0.71,0.6593571215375613,0.7547761544495297,0.6502172427395392,0.7639160332475519
2025-07-03,1,0.6800000000000002,0.6911466109943998,0.6897923868669609,0.689645796956847,0.69,0.6434617342401842,0.7388314877486154,0.6343265757559383,0.7479666462328612
2025-07-10,1,0.7599999999999998,0.7114127792453914,0.7094258014578363,0.7096512207274539,0.71,0.6637464177342064,0.7590791407565763,0.6546148062797732,0.7682107522110095
2025-07-17,1,0.75,0.7638196802577012,0.7620308875796775,0.7596640955461555,0.7599999999999998,0.7161629497257574,0.8114764107896449,0.7070331833116749,0.8206061772037275
2025-07-24,1,0.71,0.7234316518590372,0.7217751856596879,0.7196545725646121,0.7199999999999998,0.6757912090545286,0.7710720946635459,0.6666645629373116,0.7801987407807629
2025-07-31,1,0.69,0.6908689056565187,0.6891605053254269,0.6896475552246218,0.6900000000000004,0.6432550043956564,0.738482806917381,0.6341334429347104,0.747604368378327
2025-08-07,1,0.7199999999999998,0.7016903984226622,0.7001158710655297,0.6996504709965297,0.7000000000000002,0.6541053406266502,0.7492754562186743,0.6449893048090649,0.7583914920362596
2025-08-14,1,0.7399999999999998,0.7223662842509373,0.7209153208642021,0.7196558554097551,0.7200000000000002,0.6748032935139893,0.7699292749878853,0.6656914851600266,0.779041083341848
2025-08-21,1,0.7400000000000002,0.7491933801308452,0.7472982635617372,0.7496636993076162,0.75,0.7016562940885352,0.7967304661731552,0.6925494483874537,0.8058373118742368
2025-08-28,1,0.7399999999999998,0.7333418132182088,0.7317236959747578,0.7296591751049641,0.73,0.6858263889139705,0.7808572375224471,0.6767236930277526,0.789959933408665
2025-09-04,1,0.73,0.7351167497767775,0.7333976797811649,0.7296595954612728,0.73,0.6876070445859854,0.7826264549675697,0.678505444330317,0.7917280552232381
2025-09-11,1,0.6800000000000002,0.6642943499475507,0.6622208119839728,0.6596427691549644,0.6600000000000001,0.616802328029285,0.7117863718658163,0.6077041154199323,0.720884584475169
2025-09-18,1,0.7400000000000002,0.7066221451718,0.7060643727438014,0.7096555118110236,0.71,0.6591490939171739,0.7540951964264261,0.6500545155841514,0.7631897747594486
2025-09-25,1,0.73,0.7366414904686414,0.7364175599516101,0.7296608503317769,0.73,0.6891854588150326,0.7840975221222501,0.6800941409864554,0.7931888399508273
2025-10-02,1,0.7399999999999998,0.7311139605667457,0.7293856672988608,0.7296612665684831,0.73,0.6836726519536173,0.7785552691798742,0.6745841546693576,0.7876437664641338
2025-10-09,1,0.71,0.7330975052052005,0.7315636072100064,0.7296616817847511,0.73,0.6856847129001561,0.7805102975102448,0.676601678584692,0.7895933318257089
2025-10-16,1,0.7199999999999998,0.7012285783650859,0.6994730556815517,0.6996547502448581,0.7000000000000002,0.6538409983692521,0.7486161583609197,0.6447627940639731,0.7576943626661987
2025-10-23,1,0.71,0.7068931625766206,0.7053404682119626,0.6996551724137928,0.6999999999999997,0.6595244057192456,0.7542619194339956,0.6504498074283823,0.7633365177248589
2025-10-30,1,0.7200000000000002,0.7104400084033184,0.7101377405984907,0.7096580361504641,0.71,0.6630818917160077,0.7577981250906292,0.6540093317997079,0.766870685006929
2025-11-06,1,0.73,0.7163156047495163,0.7165993245197626,0.7096584532812881,0.71,0.6689747277979574,0.7636564817010751,0.6599054705580834,0.7727257389409492
2025-11-13,1,0.7400000000000002,0.7099137488997145,0.7090276989170503,0.7096588693957114,0.71,0.6625909756632761,0.7572365221361529,0.6535251866153746,0.7663023111840543
2025-11-20,1,0.7600000000000002,0.7499986821918281,0.7491992575587845,0.7496690192260891,0.75,0.7026966245369922,0.7973007398466639,0.6936348040454532,0.806362560338203
2025-11-27,1,0.73,0.7191422392192922,0.7183206837931196,0.7196621293145359,0.7200000000000002,0.6718643344598151,0.7664201439787693,0.6628071410228471,0.7754773374157373
2025-12-04,1,0.7799999999999998,0.8006264634463665,0.7997351372999832,0.7996819616411749,0.7999999999999998,0.7533676110466176,0.8478853158461153,0.7443140675367852,0.8569388593559477
2025-12-11,1,0.8199999999999998,0.8021201234255275,0.8018940956247379,0.7996823472356933,0.7999999999999998,0.7548816363983406,0.8493586104527144,0.7458319943541007,0.8584082524969543
2025-12-18,1,0.8600000000000003,0.8113122526323875,0.811330244171943,0.8096851537902641,0.81,0.7640978431096763,0.8585266621550987,0.7550528136771125,0.8675716915876625
2025-12-25,1,0.8300000000000001,0.8270228956205925,0.8262632664720793,0.8296903725205613,0.8300000000000001,0.7798158360963667,0.8742299551448183,0.770772214728699,0.8832735765124861
2026-01-01,1,0.8600000000000003,0.8402690354510227,0.8394087350068429,0.8396931625996616,0.8399999999999999,0.7930903155062556,0.8874477553957898,0.7840521232508632,0.8964859476511823
2026-01-08,1,0.8300000000000001,0.8308280734271095,0.8296769851072655,0.8296911196911197,0.8300000000000001,0.7836730591947986,0.8779830876594205,0.7746394083255856,0.8870167385286334
2026-01-15,1,0.8300000000000001,0.8193369064211712,0.8181927702223207,0.8196890817064356,0.8200000000000003,0.7722002007544909,0.8664736120878515,0.7631700573211789,0.8755037555211634
2026-01-22,1,0.81,0.8382115565076586,0.8374232532660864,0.8396942705825708,0.8399999999999999,0.7910921068407673,0.8853310061745499,0.7820652691996394,0.8943578438156777
2026-01-29,1,0.8599999999999999,0.8412026489181876,0.840809369899983,0.8396946381341671,0.8400000000000003,0.7940971910048789,0.8883081068314964,0.7850730338128817,0.8973322640234935
2026-02-05,1,0.8500000000000001,0.8497444964645925,0.8492762909302078,0.8496974063400577,0.8500000000000001,0.8026645822686971,0.8968244106604879,0.7936453185759126,0.9058436743532724
2026-02-12,1,0.7799999999999998,0.7870486877640147,0.7862789992223642,0.7896833773087067,0.7899999999999996,0.7399865839379648,0.8341107915900646,0.7309707322399736,0.8431266432880559
2026-02-19,1,0.7800000000000002,0.7807823689400052,0.7798652817915902,0.7796813608049835,0.7800000000000002,0.7337468753266974,0.827817862553313,0.7247361214401558,0.8368286164398546
2026-02-26,1,0.7399999999999998,0.7419959548794414,0.7409959315877902,0.7396721703756878,0.7399999999999998,0.6949802539887786,0.7890116557701041,0.6859732918632838,0.7980186178955989
2026-03-05,1,0.77,0.7640847230427964,0.7632000325645848,0.759677342256214,0.7599999999999998,0.7170927802749847,0.8110766658106081,0.7080903695761122,0.8200790765094806
2026-03-12,1,0.7199999999999998,0.7059114081807039,0.7049827706150706,0.6996634041537362,0.7000000000000002,0.6589079529838449,0.7529148633775629,0.6499033368087073,0.7619194795527005
2026-03-19,1,0.4900000000000002,0.6036390088433968,0.6025517259113458,0.5996399618502624,0.6000000000000001,0.5565947198805237,0.65068329780627,0.5475822810381288,0.6596957366486649
2026-03-26,1,0.6299999999999999,0.5877930088189242,0.5871966897021849,0.5896380090497736,0.5899999999999999,0.54063024640863,0.6349557712292183,0.5315951111938833,0.6439909064439651
2026-04-02,1,0.6700000000000004,0.6701402178637482,0.6700341560196705,0.6696574690770698,0.6700000000000004,0.6229822925334468,0.7172981431940496,0.6139480839750185,0.7263323517524779
2026-04-09,1,0.6900000000000004,0.670345797792422,0.6707415240125937,0.6696578759800427,0.6699999999999999,0.6232065313054735,0.7174850642793704,0.6141758972868734,0.7265156982979706
2026-04-16,1,0.6699999999999999,0.6997201476601455,0.6997996713920522,0.6996654010441388,0.7000000000000002,0.6525993853783256,0.7468409099419653,0.6435722962749687,0.7558679990453222
2026-04-23,1,0.6400000000000001,0.6300704522236731,0.6299033524500606,0.6296492059729792,0.6299999999999999,0.5829619102449133,0.6771789942024329,0.5739371622277198,0.6862037422196263
2026-04-30,1,0.5899999999999999,0.5952754035056308,0.5948357762862153,0.599642518939394,0.6000000000000001,0.5481429118379771,0.6424078951732844,0.5391135756951854,0.6514372313160762
2026-05-07,1,0.6100000000000003,0.5918695219909459,0.5920910497454914,0.5896405769685503,0.5899999999999999,0.54475930815056,0.6389797358313318,0.5357342398489922,0.6480048041328996
2026-05-14,1,0.6300000000000003,0.6022415241052296,0.6025735503805957,0.599643363249882,0.6000000000000001,0.5551534966413711,0.649329551569088,0.5461326786614895,0.6583503695489696
2026-05-21,1,0.6099999999999999,0.6342115861075382,0.6346223396833502,0.6296508610521349,0.6299999999999999,0.587137047598952,0.6812861246161245,0.5781188137453718,0.6903043584697047
2026-05-28,1,0.6400000000000001,0.5998173931206126,0.6003726126969466,0.5996442035815269,0.6000000000000001,0.55276004942552,0.6468747368157051,0.5437451096424515,0.6558896765987736
2012-01-19,5,1.01,0.9816631748001274,0.9605347520897791,0.9686773547094188,0.98,0.8857449789443803,1.0775813706558746,0.8673695949587705,1.0959567546414843
2012-01-26,5,0.95,0.9958045457326489,0.9651093953873925,0.9990873015873016,1.01,0.9002959954132402,1.0913130960520576,0.881999088654616,1.1096100028106817
2012-02-02,5,0.9999999999999998,0.9725237701666114,0.946758312762098,0.9386051080550097,0.95,0.8767893511733585,1.0682581891598641,0.8584491739635423,1.0865983663696805
2012-02-09,5,0.9599999999999996,0.997480911853124,0.9613064060753489,0.98920233463035,0.9999999999999998,0.9019316377049843,1.0930301860012637,0.8836269293401724,1.1113348943660757
2012-02-16,5,0.9599999999999996,0.9811354686816453,0.9560466598810782,0.9489210019267819,0.9599999999999996,0.8857341683739268,1.0765367689893637,0.8674578078748489,1.0948131294884416
2012-02-23,5,0.8999999999999999,0.9917554498412096,0.9699368806208644,0.9490267175572515,0.9599999999999996,0.8967547901748942,1.0867561095075249,0.8785551818036097,1.1049557178788094
2012-03-01,5,0.8399999999999999,0.9232641232744296,0.9058217104321189,0.888563327032136,0.8999999999999999,0.8274980402252138,1.0190302063236456,0.8091517970215403,1.037376449527319
2012-03-08,5,0.94,0.8520760624270478,0.8374530215742206,0.8281086142322096,0.8399999999999999,0.7558690264702804,0.9482830983838152,0.7374383083771082,0.9667138164769874
2012-03-15,5,0.9600000000000002,0.9161462091385645,0.8924891411615637,0.9291465677179962,0.94,0.8194353895371811,1.0128570287399479,0.800908159850636,1.031384258426493
2012-03-22,5,0.9000000000000001,0.9432576434439487,0.9223055562882432,0.9494301470588237,0.9600000000000002,0.8461215059096479,1.0403937809782495,0.8275127965803343,1.0590024903075632
2012-03-29,5,0.8799999999999999,0.9301724632576697,0.9239058940408522,0.8889799635701277,0.9000000000000001,0.833347171925893,1.0269977545894464,0.8147980124899118,1.0455469140254274
2012-04-05,5,0.8199999999999998,0.8741017178478687,0.868834957579281,0.8688989169675089,0.8799999999999999,0.7777812643205753,0.9704221713751622,0.7593288184270567,0.9888746172686808
2012-04-12,5,0.71,0.8272430545683855,0.8265515769151732,0.8084615384615383,0.8199999999999998,0.7308169238990342,0.9236691852377369,0.7123442330661015,0.9421418760706696
2012-04-19,5,0.6799999999999997,0.7402087280701388,0.7422693220725455,0.6975886524822694,0.71,0.6431249300711429,0.8372925260691347,0.6245262476095188,0.8558912085307588
2012-04-26,5,0.7,0.6656304153446297,0.656293400035219,0.6674340949033389,0.6799999999999997,0.567809242968459,0.7634515877208005,0.5490692991204957,0.7821915315687638
2012-05-03,5,0.75,0.7005378030018079,0.6785955821509055,0.6877177700348431,0.7,0.6029050727267986,0.7981705332768172,0.5842012293907037,0.8168743766129121
2012-05-10,5,0.6599999999999999,0.7399745420721384,0.7191340759944082,0.7382556131260795,0.75,0.642364071406893,0.8375850127373838,0.6236644924220313,0.8562845917222456
2012-05-17,5,0.7200000000000002,0.682016782148832,0.6718705980120048,0.6475856164383561,0.6599999999999999,0.5839815429777702,0.7800520213198938,0.5652005896058098,0.7988329746918542
2012-05-24,5,0.6799999999999999,0.7066281788111493,0.6924513746343057,0.7082003395585741,0.7200000000000002,0.6088607470462623,0.8043956105760363,0.59013109847501,0.8231252591472885
2012-05-31,5,0.76,0.6739759461400279,0.6692607147289985,0.6679629629629629,0.6799999999999999,0.5764260798791797,0.771525812400876,0.5577381110918628,0.790213781188193
2012-06-07,5,0.75,0.7282031616550191,0.7202803543493447,0.7487312186978298,0.76,0.6303786821393453,0.8260276411706928,0.61163810473111,0.8447682185789281
2012-06-14,5,0.7,0.7391866967693119,0.7321602384310831,0.7387417218543046,0.75,0.6416876401180757,0.8366857534205482,0.6230094051052365,0.8553639884333873
2012-06-21,5,0.72,0.7135738479721649,0.7087851391221001,0.688423645320197,0.7,0.6162652101875903,0.8108824857567396,0.5976234543824948,0.8295242415618351
2012-06-28,5,0.7,0.7069996183993004,0.6902127503571648,0.7086807817589577,0.72,0.6101290700659564,0.8038701667326443,0.5915712405880253,0.8224279962105754
2012-07-05,5,0.6599999999999999,0.7274970052813075,0.7054654332611092,0.6886106623586429,0.7,0.6310481517263838,0.8239458588362311,0.6125711077908523,0.8424229027717626
2012-07-12,5,0.6699999999999999,0.6672732481461884,0.6480004854415542,0.6483814102564102,0.6599999999999999,0.5708567489917583,0.7636897473006184,0.5523859033017984,0.7821605929905784
2012-07-19,5,0.6299999999999999,0.682816437308365,0.6618977800116519,0.6585532591414943,0.6699999999999999,0.5870484171684685,0.7785844574482617,0.5687018028695636,0.7969310717471665
2012-07-26,5,0.6099999999999999,0.6463395425427947,0.6255200788551295,0.6183280757097791,0.6299999999999999,0.5506179335874897,0.7420611514980997,0.5322802104414104,0.760398874644179
2012-08-02,5,0.6500000000000001,0.626648732995454,0.604722327372764,0.5982629107981219,0.6099999999999999,0.5310810910403313,0.7222163749505767,0.5127728638905458,0.7405246021003622
2012-08-09,5,0.72,0.6519105300597757,0.6220319544119247,0.6386645962732921,0.6500000000000001,0.5569705203845088,0.7468505397350427,0.538782530943963,0.7650385291755885
2012-08-16,5,0.6900000000000002,0.718230251607276,0.6845657482528287,0.7092912172573189,0.72,0.6235902521694987,0.8128702510450534,0.6054597367385952,0.8310007664759569
2012-08-23,5,0.6400000000000001,0.7046688864815428,0.6690033569299936,0.6791437308868503,0.6900000000000002,0.6104144368630164,0.7989233361000692,0.5923577825583687,0.8169799904047169
2012-08-30,5,0.6800000000000002,0.6872882163972356,0.653934969169927,0.628846737481032,0.6400000000000001,0.5929215058837336,0.7816549269107376,0.5748433453671169,0.7997330874273543
2012-09-06,5,0.71,0.6756658171652553,0.6461182395255962,0.6692319277108435,0.6800000000000002,0.5812040152842715,0.7701276190462392,0.5631076377820703,0.7882239965484403
2012-09-13,5,0.7100000000000002,0.7013494605766661,0.6764233675177955,0.6995366218236173,0.71,0.6071485031185648,0.7955504180347674,0.5891020964940289,0.8135968246593034
2012-09-20,5,0.6499999999999999,0.7133381795536793,0.6879142692759416,0.6996142433234424,0.7100000000000002,0.6190375825648495,0.807638776542509,0.6009720876472014,0.8257042714601571
2012-09-27,5,0.6699999999999999,0.6851531469667573,0.6627581187083431,0.6392488954344624,0.6499999999999999,0.5908663244222923,0.7794399695112224,0.5728034683230887,0.797502825610426
2012-10-04,5,0.6600000000000001,0.6828287658495125,0.6592586426194071,0.6594736842105262,0.6699999999999999,0.5888178224786307,0.7768397092203942,0.5708078175168261,0.7948497141821989
2012-10-11,5,0.7699999999999998,0.6662375110938641,0.6465098415382754,0.6494775036284471,0.6600000000000001,0.5724826842661337,0.7599923379215945,0.5545217444455516,0.7779532777421766
2012-10-18,5,0.75,0.7460029201018837,0.7252965028487427,0.7603458213256482,0.7699999999999998,0.6516674632514847,0.8403383769522828,0.633595290108331,0.8584105500954364
2012-10-25,5,0.71,0.7575839964206399,0.7331291418682342,0.740271816881259,0.75,0.6636117951309524,0.8515561977103274,0.6456092121250341,0.8695587807162457
2012-11-01,5,0.6499999999999999,0.733651178116779,0.7149460593129022,0.7000568181818182,0.71,0.6399672441852338,0.8273351120483243,0.6220198855645233,0.8452824706690348
2012-11-08,5,0.6499999999999999,0.6669745239210935,0.653871062932591,0.6397038081805358,0.6499999999999999,0.5731643146834895,0.7607847331586974,0.5551927650611028,0.7787562827810841
2012-11-15,5,0.6599999999999999,0.6575954277350381,0.6420372158405661,0.6397759103641456,0.6499999999999999,0.5637943365189708,0.7513965189511054,0.5458245336678347,0.7693663218022415
2012-11-22,5,0.6199999999999999,0.6584432553052061,0.6425257738937294,0.6499165507649513,0.6599999999999999,0.5648987878226862,0.751987722787726,0.5469781472770092,0.769908363333403
2012-11-29,5,0.6499999999999999,0.6275111985591753,0.6137018490737919,0.6097099447513811,0.6199999999999999,0.5341864271939967,0.7208359699243538,0.5163078746012914,0.7387145225170592
2012-12-06,5,0.6799999999999999,0.6438919126235705,0.6311765072365081,0.6399862825788751,0.6499999999999999,0.550915693807382,0.7368681314397589,0.533103914644574,0.754679910602567
2012-12-13,5,0.7100000000000002,0.6669981350253117,0.6538585994905416,0.670258855585831,0.6799999999999999,0.5742292364202768,0.7597670336303466,0.5564571743148419,0.7775390957357815
2012-12-20,5,0.6500000000000001,0.6995492886905573,0.6848013563564619,0.7005277401894454,0.7100000000000002,0.6069574275606326,0.792141149820482,0.5892192811429978,0.8098792962381168
2012-12-27,5,0.73,0.6652656505057266,0.6456413991509183,0.6401881720430109,0.6500000000000001,0.5729373249258638,0.7575939760855894,0.5552496649345325,0.7752816360769207
2013-01-03,5,0.77,0.7246122617594466,0.700541432328093,0.7207877169559412,0.73,0.6324931832410994,0.8167313402777938,0.6148456094405989,0.8343789140782943
2013-01-10,5,0.75,0.7724979520985013,0.7411458945837468,0.7611140583554377,0.77,0.6805923795179554,0.8644035246790471,0.6629857077960991,0.8820101964009034
2013-01-17,5,0.7699999999999998,0.7678065497014411,0.7381589640865216,0.7410408432147563,0.75,0.6763795637763672,0.859233535626515,0.6588645765726175,0.8767485228302647
2013-01-24,5,0.8300000000000001,0.7909335471891115,0.7548615850935921,0.7612303664921464,0.7699999999999998,0.7001199980890614,0.8817470962891615,0.6827225291216605,0.8991445652565624
2013-01-31,5,0.8400000000000001,0.8383905922437295,0.8034040372777013,0.8216775032509753,0.8300000000000001,0.7479298863906249,0.9288512980968341,0.7306000128371234,0.9461811716503356
2013-02-07,5,0.8700000000000001,0.8570465581693965,0.8225962076509411,0.8317958656330751,0.8400000000000001,0.7669915085492254,0.9471016077895675,0.7497393479779146,0.9643537683608783
2013-02-14,5,0.8699999999999999,0.8796344960116513,0.8454203317790927,0.86204107830552,0.8700000000000001,0.7899240903667872,0.9693449016565154,0.772737954446254,0.9865310375770486
2013-02-21,5,0.8800000000000001,0.8844339855522063,0.8545793085026687,0.8620918367346938,0.8699999999999999,0.7950731375273947,0.9737948335770179,0.7779539675817349,0.9909140035226778
2013-02-28,5,0.92,0.8952873224411304,0.873862296219254,0.8722053231939164,0.8800000000000001,0.806184238234068,0.9843904066481928,0.7891144490037821,1.0014601958784788
2013-03-07,5,0.95,0.9163938515212741,0.8992979222211833,0.9125062972292192,0.92,0.827420223179455,1.0053674798630932,0.8103752342616833,1.0224124687808647
2013-03-14,5,0.8400000000000001,0.9454905900879345,0.9307388334795845,0.9427409261576971,0.95,0.8565571003107548,1.034424079865114,0.8395198008780835,1.0514613792977854
2013-03-21,5,0.76,0.872282555412442,0.8528534205956628,0.8321019900497513,0.8400000000000001,0.7827827042185238,0.9617824066063603,0.7656369049499834,0.9789282058749007
2013-03-28,5,0.8,0.8168450030783918,0.8014389266695727,0.7516563658838071,0.76,0.7263458553110009,0.9073441508457827,0.7090086173056367,0.9246813888511469
2013-04-04,5,0.8,0.7730349968999235,0.7589433409857853,0.7919533169533169,0.8,0.6827286833746576,0.8633413104251894,0.6654283872989555,0.8806416065008915
2013-04-11,5,0.76,0.796284942941012,0.7851773723558125,0.7920024420024421,0.8,0.7059966952187202,0.8865731906633039,0.6886998600720283,0.9038700258099958
2013-04-18,5,0.79,0.7615760419476103,0.7541637870627831,0.7518082524271845,0.76,0.67148829495474,0.8516637889404806,0.6542298704334737,0.8689222134617469
2013-04-25,5,0.7599999999999999,0.7898674341760971,0.7831148534216033,0.7820386007237636,0.79,0.7000485264114681,0.879686341940726,0.682841604360669,0.8968932639915251
2013-05-02,5,0.8300000000000001,0.7590501922150986,0.7514428544875549,0.7519064748201438,0.7599999999999999,0.6694894356328003,0.848610948797397,0.6523319685061618,0.8657684159240354
2013-05-09,5,0.8699999999999999,0.8096037548760493,0.7986762675713737,0.8223718712753278,0.8300000000000001,0.7199027361031942,0.8993047736489044,0.7027183984585361,0.9164891112935625
2013-05-16,5,0.92,0.8608654812187825,0.8449212154917682,0.8626540284360188,0.8699999999999999,0.7709027060979293,0.9508282563396356,0.7536682228749249,0.9680627395626401
2013-05-23,5,0.9899999999999998,0.9371103861608354,0.915696064958481,0.9129917550058894,0.92,0.8473168652018462,1.0269039071198247,0.8301148065901229,1.044105965731548
2013-05-30,5,0.99,1.0003928803101614,0.9773949438058666,0.9834426229508194,0.9899999999999998,0.9105346816435251,1.0902510789767976,0.8933202324973186,1.1074655281230041
2013-06-06,5,1.02,0.9945880350585997,0.9706444963293791,0.9834807916181606,0.99,0.9050183606876883,1.0841577094295112,0.8878591851491201,1.1013168849680792
2013-06-13,5,1.14,1.0216269729180198,0.9982876815602466,1.0136921296296297,1.02,0.9321850121618773,1.1110689336741624,0.9150503031668116,1.1282036426692281
2013-06-20,5,1.22,1.1498528471592682,1.1233346086538416,1.1344188722669735,1.14,1.0596618372949498,1.2400438570235865,1.0423836303445273,1.257322063974009
2013-06-27,5,1.2300000000000002,1.2063195144676557,1.1866484564337152,1.214908466819222,1.22,1.114420350522123,1.2982186784131884,1.0968149065248725,1.315824122410439
2013-07-04,5,1.31,1.252671963224758,1.227424528737001,1.2249943117178614,1.2300000000000002,1.1610320307068336,1.3443118957426825,1.1434762485801067,1.3618676778694094
2013-07-11,5,1.3099999999999998,1.2961314834969757,1.2765312444239456,1.305475113122172,1.31,1.2042184539405194,1.388044513053432,1.1866103536597281,1.4056526133342233
2013-07-18,5,1.31,1.325223733224132,1.299333253396452,1.305500562429696,1.3099999999999998,1.2335355938878922,1.4169118725603715,1.2159705766125122,1.4344768898357516
2013-07-25,5,1.36,1.3264116819023766,1.3020368801963491,1.3055257270693512,1.31,1.2349721655167054,1.4178511982880477,1.217454777808829,1.4353685859959242
2013-08-01,5,1.3500000000000003,1.3709092471758795,1.3502646042943287,1.355828698553949,1.36,1.2795194538081842,1.4622990405435747,1.2620115917126284,1.4798069026391305
2013-08-08,5,1.4700000000000002,1.3609564873444537,1.3390941416550237,1.3457964601769914,1.3500000000000003,1.2698055264482253,1.4521074482406822,1.2523434183238766,1.4695695563650308
2013-08-15,5,1.5400000000000005,1.4506873545759467,1.433859739396746,1.4664796479647966,1.4700000000000002,1.3592999051816388,1.5420748039702545,1.3417924921292563,1.559582217022637
2013-08-22,5,1.41,1.5464412362149789,1.529602013442952,1.5368818380743987,1.5400000000000005,1.454632666917173,1.6382498055127848,1.4370445784531887,1.655837893976769
2013-08-29,5,1.5099999999999998,1.4734928976931443,1.4433335453545422,1.4061915125136017,1.41,1.3812151263466175,1.565770669039671,1.3635371512064385,1.58344864417985
2013-09-05,5,1.4999999999999998,1.5177757563392564,1.4983902305702252,1.5067532467532465,1.5099999999999998,1.4256276878285459,1.609923824849967,1.407974560313897,1.627576952364616
2013-09-12,5,1.4800000000000002,1.510053080019706,1.494236856491957,1.4967168998923572,1.4999999999999998,1.418197070281359,1.601909089758053,1.4005998934863901,1.619506266553022
2013-09-19,5,1.36,1.4875460867319363,1.4615127140895778,1.4766274089935763,1.4800000000000002,1.395738579248062,1.5793535942158106,1.3781506941994834,1.5969414792643892
2013-09-26,5,1.36,1.4020091216275623,1.3730988837231772,1.356006389776358,1.36,1.3089891128054276,1.495029130449697,1.2911689446381474,1.5128492986169773
2013-10-03,5,1.38,1.387542117451044,1.3670421747384678,1.3560275423728814,1.36,1.2944141212928288,1.4806701136092593,1.2765732656141924,1.4985109692878957
2013-10-10,5,1.38,1.3861003282773237,1.3695235147656106,1.376153846153846,1.38,1.2931772571066196,1.4790233994480277,1.2753756596239922,1.496824996930655
2013-10-17,5,1.3299999999999998,1.3772602778190437,1.3636621358022045,1.376174004192872,1.38,1.2844987356941204,1.470021819943967,1.2667280828952894,1.487792472742798
2013-10-24,5,1.3199999999999998,1.3519244133900372,1.3388629162086698,1.3259332638164754,1.3299999999999998,1.2589720653161631,1.4448767614639113,1.2411648591548814,1.462683967625193
2013-10-31,5,1.42,1.337118959002805,1.324695879028089,1.3159024896265559,1.3199999999999998,1.2443146775909397,1.4299232404146702,1.226535837077548,1.4477020809280619
2013-11-07,5,1.46,1.3976522227372596,1.393487496422009,1.4164396284829721,1.42,1.3048752361559013,1.490429209318618,1.2871016246085771,1.5082028208659422
2013-11-14,5,1.5499999999999998,1.4445195373343804,1.4379186719785078,1.4566632443531826,1.46,1.351428303682954,1.537610770985807,1.333594490726217,1.555444583942544
2013-11-21,5,1.45,1.537505095265089,1.5319453084711299,1.5471399387129723,1.5499999999999998,1.4439422677481717,1.6310679227820064,1.4260181099065423,1.6489920806236358
2013-11-28,5,1.59,1.4620457291703972,1.4526309869198288,1.4466463414634145,1.45,1.3688156174862227,1.5552758408545717,1.3509551991794146,1.5731362591613798
2013-12-05,5,1.56,1.5708485982451557,1.5688493902000635,1.5873710819009101,1.59,1.47705696669663,1.6646402297936813,1.4590889760670636,1.6826082204232478
2013-12-12,5,1.5600000000000005,1.5659957840128187,1.5615606243184477,1.5572334004024146,1.56,1.472404898540263,1.6595866694853745,1.4544753655380178,1.6775162024876196
2013-12-19,5,1.5900000000000003,1.5717349264518397,1.5632492421205173,1.5572472472472478,1.5600000000000005,1.4783867803929966,1.6650830725106827,1.4605037498285385,1.6829661030751408
2013-12-26,5,1.6100000000000003,1.5998494228945925,1.5939875772786696,1.5874103585657373,1.5900000000000003,1.5067313526877562,1.692967493101429,1.4888923985583136,1.7108064472308715
2014-01-02,5,1.58,1.609679237049517,1.6029738471126953,1.6075222993062441,1.6100000000000003,1.516634346779047,1.702724127319987,1.498809411985756,1.720549062113278
2014-01-09,5,1.48,1.595577589211368,1.5845812519881999,1.5773865877712032,1.58,1.5026063016692295,1.6885488767535064,1.4847954672078247,1.7063597112149111
2014-01-16,5,1.4400000000000002,1.5239481141251336,1.5164950938712578,1.4769087340529932,1.48,1.430286098817126,1.6176101294331413,1.4123429392237257,1.6355532890265416
2014-01-23,5,1.4,1.4523107579098062,1.454685890588034,1.4367285156250003,1.4400000000000002,1.358399199293051,1.5462223165265614,1.3404082338159145,1.564213282003698
2014-01-30,5,1.4500000000000002,1.4066029402502456,1.4145990441438157,1.3965500485908648,1.4,1.3127245154825329,1.5004813650179583,1.2947398975726503,1.5184659829278409
2014-02-06,5,1.4300000000000002,1.427126870312228,1.4416192959537664,1.446808510638298,1.4500000000000002,1.3331255076825157,1.5211282329419402,1.3151173381367787,1.5391364024876772
2014-02-13,5,1.44,1.3971375456538522,1.410962910427754,1.4267276227141483,1.4300000000000002,1.3034537616349615,1.4908213296727428,1.2855064317335423,1.508768659574162
2014-02-20,5,1.4200000000000002,1.434363841450112,1.4414263549313753,1.4367911877394635,1.44,1.3407741351424376,1.5279535477577866,1.3228448280369296,1.5458828548632946
2014-02-27,5,1.45,1.4220244383011549,1.4290904489741463,1.4167111534795045,1.4200000000000002,1.32855538502312,1.5154934915791898,1.3106491918401466,1.5333996847621632
2014-03-06,5,1.37,1.4197617816776598,1.4295227119115252,1.4468690702087286,1.45,1.3265054111933914,1.5130181521619281,1.3086399623964826,1.530883600958837
2014-03-13,5,1.43,1.3638900262737792,1.371894632069568,1.3665061378659114,1.37,1.2704030436373124,1.457377008910246,1.2524934156644862,1.4752866368830722
2014-03-20,5,1.37,1.424026124801717,1.432561179605769,1.4268045112781955,1.43,1.3307727321539142,1.5172795174495197,1.312907853831544,1.53514439577189
2014-03-27,5,1.44,1.371455963784972,1.3798046581919816,1.3665388213283443,1.37,1.2784522339853532,1.4644596935845906,1.260635184447307,1.482276743122637
2014-04-03,5,1.38,1.4124115484548643,1.4209511205229999,1.4368808193668527,1.44,1.3194485588267713,1.5053745380829573,1.301639314025759,1.5231837828839696
2014-04-10,5,1.38,1.3772213685816328,1.3793633228374005,1.3766172381835031,1.38,1.2845360108597246,1.469906726303541,1.2667799529732209,1.4876627841900447
2014-04-17,5,1.35,1.380027278674692,1.3825297324100403,1.3766328413284132,1.38,1.2874222241213567,1.4726323332280276,1.269681550193492,1.4903730071558923
2014-04-24,5,1.3099999999999998,1.3381182312928543,1.3446564633431188,1.3465105601469238,1.35,1.245698005185875,1.4305384573998337,1.227992739489399,1.4482437230963097
2014-05-01,5,1.3,1.3133608680904454,1.3193133634724612,1.306343692870201,1.3099999999999998,1.2211215955437948,1.405600140637096,1.2034509957532498,1.423270740427641
2014-05-08,5,1.2299999999999998,1.2972752157763623,1.3019850073355534,1.2963148316651503,1.3,1.205183610606352,1.3893668209463725,1.1875412999712036,1.407009131581521
2014-05-15,5,1.2699999999999998,1.2303243474739876,1.2319320129734521,1.226014492753623,1.2299999999999998,1.1381024817961254,1.3225462131518497,1.1204352167002662,1.3402134782477089
2014-05-22,5,1.2,1.2559416749472412,1.2584489977429414,1.2662128043282235,1.2699999999999998,1.1638361877969772,1.3480471620975052,1.1461912177423583,1.365692132152124
2014-05-29,5,1.27,1.2015193294878972,1.2078159144805787,1.195915619389587,1.2,1.1094714146705038,1.2935672443052906,1.091837473948891,1.3112011850269034
2014-06-05,5,1.2299999999999998,1.2349002709099222,1.2428072855773535,1.2662466487935657,1.27,1.1427093830878277,1.3270911587320167,1.1250480525280562,1.3447524892917881
2014-06-12,5,1.2,1.2292533923877749,1.2367033301790846,1.2260854092526687,1.2299999999999998,1.1372489126001806,1.3212578721753692,1.1196232928790188,1.3388834918965309
2014-06-19,5,1.13,1.2015852076000355,1.2046048349799676,1.195969884853853,1.2,1.1096524661384561,1.2935179490616149,1.092040589579113,1.311129825620958
2014-06-26,5,1.19,1.1323583715811731,1.1356950445782832,1.1256790123456788,1.13,1.040416210959621,1.2243005322027254,1.0228025299388845,1.2419142132234617
2014-07-03,5,1.11,1.1605158290353208,1.164688469046732,1.1859613696224758,1.19,1.0685907004106028,1.2524409576600388,1.0509802822690217,1.2700513758016199
2014-07-10,5,1.07,1.121328046799119,1.122918657593228,1.1056293706293707,1.11,1.0294492252340806,1.2132068683641573,1.011847678297752,1.230808415300486
2014-07-17,5,1.06,1.0760301189842367,1.073148044163759,1.0654743255004353,1.07,0.9842176670382966,1.1678425709301767,0.9666288347618407,1.1854314032066329
2014-07-24,5,1.06,1.0687329092481868,1.0695980579695175,1.0554506065857887,1.06,0.9769736558197276,1.160492162676646,0.9593950149691785,1.178070803527195
2014-07-31,5,0.9999999999999998,1.0531181137373866,1.0578774118614651,1.0554702329594479,1.06,0.961421608854433,1.1448146186203403,0.9438549889620338,1.1623812385127394
2014-08-07,5,0.9899999999999998,1.0037844517567507,1.0089177679702035,0.9952319587628864,0.9999999999999998,0.912250296731067,1.0953186067824345,0.8947147787681893,1.112854124745312
2014-08-14,5,0.99,0.9858158090696025,0.9908657541956282,0.9852095808383231,0.9899999999999998,0.8944944653182055,1.0771371528209996,0.8769997163548551,1.09463190178435
2014-08-21,5,0.8999999999999999,0.9751211610449634,0.9818355475448861,0.9852299829642248,0.99,0.8839488323873675,1.0662934897025593,0.8664826307662999,1.083759691323627
2014-08-28,5,1.0,0.914451953328473,0.9175908803686976,0.8948685326547922,0.8999999999999999,0.8232739684807797,1.0056299381761662,0.8058066832836084,1.0230972233733375
2014-09-04,5,1.0600000000000005,0.9712817323030665,0.9776707505291675,0.9953125,1.0,0.879815817586186,1.062747647019947,0.8622933726577454,1.0802700919483876
2014-09-11,5,1.11,1.027459315728632,1.033970785336707,1.0555845248107658,1.0600000000000005,0.9355872281163581,1.1193314033409059,0.9179869712268938,1.1369316602303703
2014-09-18,5,1.0299999999999998,1.1036745719971803,1.108853755685652,1.1058123953098828,1.11,1.011483582921068,1.1958655610732927,0.9938222329637105,1.2135269110306501
2014-09-25,5,1.0,1.0288218215354217,1.0285994436194175,1.0254962468723934,1.0299999999999998,0.9367875018573208,1.1208561412135225,0.9191561656040532,1.1384874774667901
2014-10-02,5,0.9699999999999998,1.008086324027766,1.008456187876741,0.995390365448505,1.0,0.9161087575042302,1.1000638905513018,0.898488293651118,1.117684354404414
2014-10-09,5,1.0099999999999998,0.9659064783555782,0.9695276313576999,0.9652853598014886,0.9699999999999998,0.8739672670209925,1.0578456896901638,0.8563541510054674,1.075458805705689
2014-10-16,5,1.0,0.9711408339293335,0.9814510814374036,1.005469522240527,1.0099999999999998,0.8791810671219363,1.0631006007367307,0.8615640132226494,1.0807176546360175
2014-10-23,5,1.0099999999999998,0.9856383659512066,0.9958123343236511,0.9954470877768663,1.0,0.893819216663516,1.077457515238897,0.8762291013538958,1.0950476305485173
2014-10-30,5,1.06,0.99751912637039,1.0069940850128882,1.0055065359477122,1.0099999999999998,0.9057756150508628,1.089262637689917,0.8881999899711357,1.1068382627696443
2014-11-06,5,1.03,1.039879025095398,1.0482007965253766,1.0557282343368593,1.06,0.9480568097119819,1.131701240478814,0.9304661070196883,1.1492919431711075
2014-11-13,5,1.01,1.0287520126081,1.0365988028002548,1.0256239870340358,1.03,0.9371328875853672,1.1203711376308327,0.9195810916232101,1.13792293359299
2014-11-20,5,0.91,0.9971721368548033,1.0029359576238883,1.0055609362389024,1.01,0.9057232600466765,1.0886210136629302,0.8882040791299581,1.1061401945796485
2014-11-27,5,0.8999999999999999,0.9191700228236646,0.9246595213497392,0.9051768488745982,0.91,0.8276392487108138,1.0107007969365152,0.810104378441223,1.0282356672061062
2014-12-04,5,0.81,0.8885020991106138,0.894868440582503,0.8951561248999198,0.8999999999999999,0.7971556174079049,0.9798485808133228,0.779656052679372,0.9973481455418557
2014-12-11,5,0.8400000000000001,0.8227914499272,0.8327965652606871,0.8048165869218501,0.81,0.7313491236266981,0.9142337762277019,0.7138311976136176,0.9317517022407824
2014-12-18,5,0.8399999999999999,0.823772336877598,0.8372512114603655,0.8349563145353456,0.8400000000000001,0.7322961158532705,0.9152485579019255,0.7147716965094948,0.9327729772457012
2014-12-25,5,0.78,0.8146554408982288,0.8329683517953123,0.8349762658227846,0.8399999999999999,0.72326735327428,0.9060435285221776,0.7057598179540149,0.9235510638424428
2015-01-01,5,0.73,0.7983311597776341,0.8127978081536227,0.7747596532702916,0.78,0.7070703216731786,0.8895919978820896,0.689587163988062,0.9070751555672063
2015-01-08,5,0.6699999999999999,0.7197865605516164,0.7277038528787517,0.7245839874411303,0.73,0.6283457242423923,0.8112273968608404,0.610828083672148,0.8287450374310847
2015-01-15,5,0.8699999999999999,0.6380346624933559,0.6558258593090542,0.664370602032838,0.6699999999999999,0.5467404318350392,0.7293288931516727,0.5292508770216823,0.7468184479650296
2015-01-22,5,0.9200000000000002,0.7653717397774451,0.8112074743792692,0.8651713395638628,0.8699999999999999,0.6719124317668699,0.8588310477880203,0.6540081055188405,0.8767353740360497
2015-01-29,5,0.9200000000000002,0.862536524247972,0.9057120831102836,0.9153840186190847,0.9200000000000002,0.7671645580694335,0.9579084904265105,0.7488938172119967,0.9761792312839473
2015-02-05,5,0.97,0.9163000352847455,0.9352954046098758,0.9154018547140651,0.9200000000000002,0.8208025516166928,1.0117975189527981,0.8025077649351435,1.0300923056343474
2015-02-12,5,1.03,0.9190169622284763,0.9356244036073421,0.9656120092378753,0.97,0.8231155039564934,1.0149184205004593,0.8047433264482982,1.0332905980086544
2015-02-19,5,0.8600000000000001,1.012095095284883,1.019910252824557,1.0258588957055215,1.03,0.9156864860214013,1.1085037045483648,0.897217151825423,1.126973038744343
2015-02-26,5,0.9,0.8851680964356196,0.894704533197256,0.8552253628724218,0.8600000000000001,0.7880996654628669,0.9822365274083722,0.7695039269161633,1.0008322659550757
2015-03-05,5,0.92,0.9047982398000523,0.9121243319769926,0.8953957382039573,0.9,0.8077686601357499,1.0018278194643546,0.7891803644699799,1.0204161151301245
2015-03-12,5,0.8400000000000001,0.9023524715195967,0.9106661976861422,0.9154890068233511,0.92,0.8053604103275739,0.9993445327116196,0.7867793022066544,1.017925640832539
2015-03-19,5,0.85,0.8509665136142434,0.8592004316935438,0.8352039274924472,0.8400000000000001,0.7540115551288474,0.9479214720996393,0.7354375549030994,0.9664954723253874
2015-03-26,5,0.8200000000000001,0.840520588331086,0.847272037724959,0.8452595936794582,0.85,0.7437226352424245,0.9373185414197475,0.725178713089216,0.955862463572956
2015-04-02,5,0.8600000000000001,0.8043923657999646,0.8123035016821618,0.8151649175412294,0.8200000000000001,0.7077639781448928,0.9010207534550365,0.6892525402343777,0.9195321913655516
2015-04-09,5,0.7900000000000001,0.8447358349438698,0.8496156608884243,0.8553323375653473,0.8600000000000001,0.7481795580941341,0.9412921117936056,0.7296819347026029,0.9597897351851368
2015-04-16,5,0.82,0.7955362242723449,0.7996292494847944,0.7850892857142858,0.7900000000000001,0.6991557866226402,0.8919166619220497,0.6806918493611647,0.9103805991835252
2015-04-23,5,0.91,0.7876831794255874,0.7894915284540001,0.8152186805040771,0.82,0.6913560714432208,0.8840102874079541,0.6729023507324884,0.9024640081186864
2015-04-30,5,1.06,0.8951580695833182,0.8957834322180943,0.9055686853766618,0.91,0.7980411682420683,0.9922749709245682,0.7794361440574822,1.0108799951091543
2015-05-07,5,1.13,1.0177423274165882,1.0185375739618012,1.0561368653421634,1.06,0.9188826924258442,1.1166019624073322,0.8999438066656895,1.135540848167487
2015-05-14,5,1.08,1.105961703315234,1.1069334133219546,1.126407624633431,1.13,1.006677547962249,1.205245858668219,0.9876573353527274,1.2242660712777407
2015-05-21,5,1.04,1.0658393852774868,1.067399648663762,1.076238130021914,1.08,0.9667786716862709,1.1649000988687026,0.947801264595914,1.1838775059590596
2015-05-28,5,1.16,1.0425519070940377,1.0442326148526737,1.0361062590975254,1.04,0.9435769906581636,1.1415268235299116,0.924616020028691,1.1604877941593843
2015-06-04,5,1.15,1.14999226390086,1.151931353209187,1.156555474981871,1.16,1.0506215048287593,1.2493630229729606,1.0315847012421127,1.2683998265596073
2015-06-11,5,1.17,1.1460187488575062,1.1467563915507988,1.1465317919075144,1.15,1.0466739665217593,1.2453635311932532,1.027642139389277,1.2643953583257355
2015-06-18,5,1.2000000000000002,1.161973933175672,1.1623526085698708,1.166616270698344,1.17,1.0628162222523159,1.2611316440990281,1.043820233044064,1.28012763330728
2015-06-25,5,1.26,1.173356206659892,1.1746343177385132,1.196736011477762,1.2000000000000002,1.074203103873598,1.272509309446186,1.0552079974622675,1.2915044158575164
2015-07-02,5,1.13,1.2530942317344587,1.2558520537165072,1.256962115796998,1.26,1.1537372166061035,1.3524512468628138,1.1347030459947913,1.371485417474126
2015-07-09,5,1.15,1.1350423619244454,1.1356546814257305,1.1265099715099713,1.13,1.0356232204361322,1.2344615034127586,1.0165771480609296,1.2535075757879612
2015-07-16,5,1.08,1.1655322908628465,1.1796021121563876,1.1465933286018453,1.15,1.066554409977934,1.264510171747759,1.0475928714385994,1.2834717102870936
2015-07-23,5,1.04,1.0785243377934557,1.0878168042491072,1.0763578500707214,1.08,0.9795157165104831,1.1775329590764283,0.9605482889256636,1.1965003866612478
2015-07-30,5,1.0,1.0501501423575001,1.053260840187712,1.036229739252995,1.04,0.9513058563423549,1.1489944283726454,0.9323699110390957,1.1679303736759046
2015-08-06,5,0.99,0.992791909607887,0.9978051860570156,0.9961025280898876,1.0,0.8940583878697116,1.0915254313460625,0.8751436620660797,1.1104401571496942
2015-08-13,5,0.94,0.9866251951193835,0.9908546473314029,0.9860811756473058,0.99,0.8880031984170121,1.0852471918217548,0.8691098378542361,1.104140552384531
2015-08-20,5,1.0499999999999998,0.9310613925443922,0.9371790135193009,0.9359205020920501,0.94,0.8325908438197316,1.029531941269053,0.8137264966753112,1.0483962884134734
2015-08-27,5,1.03,1.01547780403674,1.0203884847727802,1.0463168867268935,1.0499999999999998,0.9165558505116568,1.1143997575618232,0.897605026172094,1.133350581901386
2015-09-03,5,1.03,1.0267999555896088,1.0314940438766378,1.0262603878116343,1.03,0.9280771927248982,1.1255227184543193,0.909164528036255,1.1444353831429626
2015-09-10,5,1.05,1.0196922839875038,1.0213560990548474,1.0262732919254658,1.03,0.9211086230298869,1.1182759449451205,0.9022226065797055,1.1371619613953021
2015-09-17,5,0.95,1.0404563999870577,1.0429282380085527,1.0463548830811555,1.05,0.9419094670814189,1.1390033328926967,0.9230304867525084,1.1578823132216072
2015-09-24,5,0.91,0.9531085368494807,0.9542730600548042,0.9460246744345442,0.95,0.8545627163786196,1.0516543573203418,0.8356839491627271,1.0705331245362344
2015-10-01,5,0.96,0.9364940241595684,0.9377558458693842,0.9059016393442624,0.91,0.8379977278304198,1.034990320488717,0.8191284481274272,1.0538596001917095
2015-10-08,5,0.91,0.9438746795117547,0.9418539925709202,0.9560857726344452,0.96,0.8454202268581181,1.0423291321653914,0.8265589632942747,1.0611903957292348
2015-10-15,5,0.93,0.9068084809513647,0.9064760893081846,0.9059294436906378,0.91,0.8084227426906888,1.0051942192120404,0.7895746429832412,1.024042318919488
2015-10-22,5,0.98,0.9192963893281264,0.9196382355118579,0.9260108181203517,0.93,0.8209505195815131,1.0176422590747398,0.802110057624633,1.0364827210316199
2015-10-29,5,1.02,0.9854186528579959,0.9865945600819509,0.9761927223719676,0.98,0.8870452613347657,1.0837920443812261,0.8681995269349587,1.102637778781033
2015-11-05,5,1.0499999999999998,1.0119700888847114,1.0108765601029257,1.0163398253861653,1.02,0.9136082650180325,1.1103319127513904,0.8947647466746166,1.1291754310948063
2015-11-12,5,1.0,1.0482483471778687,1.0462676656344767,1.0464524765729584,1.0499999999999998,0.9499585173173511,1.1465381770383865,0.9311287911172931,1.1653679032384443
2015-11-19,5,0.95,1.0084624256770385,1.0043422409172844,0.9962975316877919,1.0,0.9102919872447002,1.1066328641093768,0.8914851332777759,1.125439718076301
2015-11-26,5,0.97,0.9670049086185455,0.9626180767866132,0.9461436170212766,0.95,0.8688808203266626,1.0651289969104285,0.8500828458181253,1.0839269714189657
2015-12-03,5,0.94,0.9758797770383578,0.9715584253232539,0.9662226640159045,0.97,0.8776377589594911,1.0741217951172244,0.858817192229532,1.0929423618471836
2015-12-10,5,0.91,0.9286285684305389,0.924903946354896,0.9361360634081902,0.94,0.830610301155053,1.0266468357060248,0.8118325991484399,1.0454245377126379
2015-12-17,5,0.8800000000000001,0.8920927927827953,0.8868844068907592,0.9060500329163924,0.91,0.7940876444501004,0.9900979411154902,0.7753124556852045,1.0088731298803861
2015-12-24,5,0.91,0.7919754029520204,0.7920446378838575,0.8759645669291339,0.8800000000000001,0.6940923821378704,0.8898584237661704,0.6753405897685014,0.9086102161355394
2015-12-31,5,0.91,0.8830164280505783,0.8993327705639428,0.9060758665794637,0.91,0.7849137854774354,0.9811190706237213,0.7661199194001835,0.9999129367009731
2016-01-07,5,0.91,0.8952178080893191,0.9057808699430451,0.9060886571056063,0.91,0.797534150254793,0.9929014659238451,0.7788205505481449,1.0116150656304932
2016-01-14,5,0.81,0.885404909268501,0.8964650821085383,0.9061013645224172,0.91,0.7878489059541367,0.9829609125828653,0.7691597614700305,1.0016500570669715
2016-01-21,5,0.81,0.8152895858832566,0.8294898481048353,0.8057901554404145,0.81,0.7177569016858554,0.9128222700806579,0.6990722245264791,0.9315069472400341
2016-01-28,5,0.7699999999999999,0.803040660048674,0.813121561165889,0.8058037443511944,0.81,0.7056859592040207,0.9003953608933274,0.6870353789375292,0.9190459411598189
2016-02-04,5,0.64,0.7593538633386278,0.7666813961307148,0.7656885456885456,0.7699999999999999,0.6620129271313364,0.8566947995459191,0.6433649838045276,0.875342742872728
2016-02-11,5,0.6800000000000002,0.6343040918988336,0.6468074598517175,0.6352854393842207,0.64,0.5368609050586174,0.7317472787390499,0.5181933732207237,0.7504148105769436
2016-02-18,5,0.6399999999999999,0.6579411660251195,0.6703395097424749,0.6754283887468032,0.6800000000000002,0.5606305848970882,0.7552517471531509,0.5419884567988953,0.7738938752513438
2016-02-25,5,0.71,0.6264388705629372,0.6363938069224278,0.6353154875717016,0.6399999999999999,0.5291670674522523,0.7237106736736222,0.51053236819436,0.7423453729315145
2016-03-03,5,0.74,0.6930654141056544,0.6977245282077195,0.7055527318932655,0.71,0.595571612012293,0.7905592161990157,0.5768943836334691,0.8092364445778396
2016-03-10,5,0.76,0.7217641857550358,0.7244252640883299,0.7356618112729576,0.74,0.6241201721226266,0.8194081993874449,0.6054141671943226,0.8381142043157489
2016-03-17,5,0.71,0.7382772607861647,0.739050067156941,0.7557386363636364,0.76,0.6405646441447863,0.8359898774275432,0.621845496698307,0.8547090248740224
2016-03-24,5,0.69,0.7053243422143779,0.707116619953959,0.7055947136563876,0.71,0.6080073043629087,0.8026413800658471,0.5893639393276424,0.8212847451011134
2016-03-31,5,0.6299999999999999,0.713938128388146,0.7149227182882545,0.6855457967377666,0.69,0.6165319577481416,0.8113442990281503,0.5978715172330831,0.8300047395432089
2016-04-07,5,0.6900000000000001,0.6266195804483808,0.6280402523455689,0.6253721075672294,0.6299999999999999,0.5294583103000051,0.7237808505967566,0.5108447862279821,0.7423943746687796
2016-04-14,5,0.83,0.674507451141576,0.6768832599132425,0.685573566084788,0.6900000000000001,0.5774012271097532,0.7716136751733987,0.5587982484146481,0.7902166538685038
2016-04-21,5,0.8099999999999999,0.8052791682027077,0.8080899282272939,0.8260223741454319,0.83,0.707315332368039,0.9032430040373765,0.6885480579827649,0.9220102784226506
2016-04-28,5,0.7800000000000001,0.7915039577788074,0.7948173462755473,0.8059727385377943,0.8099999999999999,0.6935586701294916,0.8894492454281233,0.6747949490849059,0.908212966472709
2016-05-05,5,0.76,0.7739070627823376,0.7769662890179876,0.7758925262507722,0.7800000000000001,0.6760255563234634,0.8717885692412117,0.6572740540644268,0.8905400715002483
2016-05-12,5,0.7200000000000001,0.7638766031332204,0.7673942382568875,0.7558435960591133,0.76,0.6661378443708773,0.8616153618955634,0.647413688786926,0.8803395174795148
2016-05-19,5,0.7100000000000001,0.7233871699087888,0.7257334691779841,0.7157335788827502,0.7200000000000001,0.6256926235086887,0.8210817163088889,0.6069769378414813,0.8397974019760963
2016-05-26,5,0.68,0.7109146428990183,0.7117980044845762,0.7057160342717259,0.7100000000000001,0.6132208541914513,0.8086084316065852,0.5945053136780504,0.8273239721199862
2016-06-02,5,0.6699999999999999,0.6814324449077732,0.6795586216334105,0.6756375838926175,0.68,0.5838446703581351,0.7790202194574113,0.5651494393474565,0.7977154504680899
2016-06-09,5,0.5900000000000001,0.6692722842540427,0.6665336949957216,0.6656204379562043,0.6699999999999999,0.5718091854405283,0.7667353830675572,0.5531378389963235,0.7854067295117619
2016-06-16,5,0.68,0.5943125418762781,0.5945005000030248,0.5853911461491814,0.5900000000000001,0.4968639116745499,0.6917611720780064,0.47819533703286843,0.7104297467196878
2016-06-23,5,0.54,0.6575077589363019,0.6576805570979968,0.6756771463119711,0.68,0.5599693732546358,0.7550461446179679,0.5412836038419939,0.7737319140306098
2016-06-30,5,0.51,0.5618500030186762,0.5617151220497862,0.5352682338758289,0.54,0.464464597730279,0.6592354083070734,0.44580813530619656,0.6778918707311558
2016-07-07,5,0.51,0.510690727072019,0.5122512808121185,0.5051923076923077,0.51,0.41350731172523036,0.6078741424188077,0.3948895452201566,0.6264919089238814
2016-07-14,5,0.5300000000000001,0.5068538659086661,0.5084907483492547,0.5052067106051528,0.51,0.4096982900105689,0.6040094418067633,0.39108585680597147,0.6226218750113607
2016-07-21,5,0.4800000000000001,0.5277199673399567,0.5286423968515477,0.5252807646356035,0.5300000000000001,0.43062570667282796,0.6248142280070855,0.41202501984130563,0.6434149148386078
2016-07-28,5,0.51,0.48042632730027146,0.4797983524370834,0.4751459201905897,0.4800000000000001,0.3834802538777411,0.5773724007228018,0.36490795579453683,0.5959446988060061
2016-08-04,5,0.5,0.5062047843244993,0.5034535223954485,0.505249406175772,0.51,0.40927676882052744,0.6031327998284712,0.39070793015588845,0.6217016384931102
2016-08-11,5,0.4700000000000001,0.5030339127240905,0.5010072524905679,0.4952338661930136,0.5,0.4061624444574298,0.5999053809907511,0.38760443874465833,0.6184633867035226
2016-08-18,5,0.4800000000000001,0.47445060077753376,0.4710234621431059,0.46515938606847707,0.4700000000000001,0.37767628049487717,0.5712249210601904,0.3591368857609045,0.589764315794163
2016-08-25,5,0.4399999999999999,0.4835086117784446,0.4812218160685636,0.4752030606238965,0.4800000000000001,0.386900313264533,0.5801169102923562,0.36839272390099553,0.5986244996558937
2016-09-01,5,0.5200000000000001,0.4491216695169822,0.4466410134422463,0.43509976525821586,0.4399999999999999,0.35265210108524053,0.5455912379487239,0.33417108872836465,0.5640722503055997
2016-09-08,5,0.63,0.5043937746851224,0.4997548323528879,0.5153481568168521,0.5200000000000001,0.4078520573780909,0.6009354919921539,0.3893572232090369,0.6194303261612079
2016-09-15,5,0.5300000000000001,0.6001429754617168,0.5983346305265976,0.6256826137689615,0.63,0.5029091811694545,0.6973767697539791,0.4842817633937369,0.7160041875296967
2016-09-22,5,0.4599999999999999,0.5404060872402325,0.5368303971814993,0.5254043048283887,0.5300000000000001,0.44325933038560156,0.6375528440948635,0.42464858667598093,0.6561635878044841
2016-09-29,5,0.57,0.47618274450090836,0.4708460314205355,0.45521461716937345,0.4599999999999999,0.3788667581464444,0.5734987308553724,0.36022359455013403,0.5921418944516827
2016-10-06,5,0.58,0.5636792033238103,0.5599281636558676,0.5655465587044534,0.57,0.46629230577470804,0.6610661008729125,0.44763555747302736,0.6797228491745931
2016-10-13,5,0.6199999999999999,0.5679575634397983,0.5639911827741622,0.5755882352941176,0.58,0.47064828599681013,0.6652668408827864,0.45200640765011685,0.6839087192294797
2016-10-20,5,0.65,0.6166568002031627,0.6121273162255144,0.615715928694652,0.6199999999999999,0.5193048114729398,0.7140087889333856,0.5006547507756878,0.7326588496306377
2016-10-27,5,0.6599999999999999,0.646507570825875,0.6439498690525107,0.6458142201834862,0.65,0.549203810601532,0.7438113310502179,0.5305629892076956,0.7624521524440543
2016-11-03,5,0.8099999999999999,0.6589533595480168,0.6556337125395231,0.6558547741566608,0.6599999999999999,0.5617839950194471,0.7561227240765865,0.5431689202787229,0.7747377988173108
2016-11-10,5,0.88,0.7830216601990716,0.7804751029280029,0.8062941847206385,0.8099999999999999,0.6850897266332361,0.8809535937649071,0.6663285638770913,0.8997147565210519
2016-11-17,5,0.91,0.8708803632350809,0.8696492163297037,0.8765036952814099,0.88,0.7723697872142826,0.9693909392558792,0.7534977719008575,0.9882629545693042
2016-11-24,5,0.91,0.9099743066626725,0.9061891429964247,0.9065986394557823,0.91,0.8114809273339076,1.0084676859914374,0.7926122064508727,1.0273364068744724
2016-12-01,5,0.93,0.9179337881505536,0.9123579354731001,0.906608253250424,0.91,0.819522086793062,1.0163454895080453,0.8006690132444241,1.0351985630566831
2016-12-08,5,1.02,0.9255045218081516,0.91987090976788,0.926674182638106,0.93,0.8272084920779896,1.0238005515383135,0.8083775781472372,1.042631465469066
2016-12-15,5,0.99,1.0067773864400866,1.0041300932478192,1.016936481169196,1.02,0.9082858823741735,1.1052688905059997,0.8894175207417967,1.1241372521383766
2016-12-22,5,0.96,0.9143146506296701,0.9121194441014432,0.9868609865470852,0.99,0.8159787087852202,1.01265059247412,0.7971401487512526,1.0314891525080876
2016-12-29,5,0.95,0.964924978030997,0.9621197133486279,0.9567859139183901,0.96,0.8666628487452883,1.0631871073167056,0.8478384292411518,1.0820115268208421
2017-01-05,5,0.8799999999999999,0.9677814671054137,0.9627767278037369,0.9467670011148271,0.95,0.8696808235626637,1.0658821106481637,0.8508873404466503,1.084675593764177
2017-01-12,5,0.96,0.8811577759923102,0.8772898618215493,0.8765814341300722,0.8799999999999999,0.7829388310930935,0.9793767208915268,0.7641226845727938,0.9981928674118266
2017-01-19,5,1.0,0.9631837318728358,0.961171773083116,0.9568126385809312,0.96,0.8650968521901742,1.0612706115554973,0.8463060058649384,1.080061457880733
2017-01-26,5,0.99,0.9955725423248739,0.992657285282679,0.9969320066334991,1.0,0.8975667325479699,1.093578352101778,0.8787914170678954,1.1123536675818524
2017-02-02,5,0.93,0.9884092885972584,0.9841371753100989,0.9869128996692392,0.99,0.8905592648886821,1.0862593123058346,0.8718137938901429,1.105004783304374
2017-02-09,5,0.95,0.9318392708367518,0.9286581865557971,0.9267564595931831,0.93,0.8339352503790621,1.0297432912944415,0.8151794350345928,1.0484991066389107
2017-02-16,5,0.91,0.9453129551564914,0.9422655818499543,0.9468201754385964,0.95,0.8474907980948503,1.0431351122181325,0.8287506656072503,1.0618752447057325
2017-02-23,5,0.92,0.9124777526593705,0.9092420893991249,0.9067195188627666,0.91,0.8147527314717284,1.0102027738470125,0.7960312076429713,1.0289242976757698
2017-03-02,5,0.99,0.9261984824381219,0.9238427427108218,0.9167557251908397,0.92,0.8284849630248744,1.0239120018513692,0.8097656426312333,1.0426313222450103
2017-03-09,5,0.98,0.9699361907109174,0.9685085057859139,0.9869548667754214,0.99,0.872228717894289,1.0676436635275457,0.8535105558682933,1.0863618255535414
2017-03-16,5,0.92,0.9597023788164547,0.9566511483878413,0.9769360086767895,0.98,0.862095671243641,1.0573090863892685,0.8433968131675473,1.076007944465362
2017-03-23,5,0.8899999999999999,0.8746155007989698,0.8698813039665346,0.9167820443482965,0.92,0.7770572494647896,0.9721737521331499,0.7583676743196711,0.9908633272782684
2017-03-30,5,0.8300000000000001,0.8948092244523257,0.8897354093842261,0.8867098166127292,0.8899999999999999,0.7973163052421359,0.9923021436625155,0.7786392460003266,1.0109792029043247
2017-04-06,5,0.76,0.8418652473619478,0.8398555980101472,0.8265572888649813,0.8300000000000001,0.7444407090508105,0.9392897856730851,0.7257767497768036,0.957953744947092
2017-04-13,5,0.74,0.7628129247420513,0.7607343313338177,0.7563787553648069,0.76,0.6653572265057656,0.8602686229783371,0.6466872978160032,0.8789385516680994
2017-04-20,5,0.8400000000000001,0.7435748352338898,0.7428259996624406,0.7363349384697699,0.74,0.6462776292948959,0.8408720411728837,0.6276380635284091,0.8595116069393705
2017-04-27,5,0.85,0.8170871414146609,0.8174032603508786,0.8366115261472786,0.8400000000000001,0.7196068668764598,0.914567415952862,0.7009322300186527,0.9332420528106691
2017-05-04,5,0.9000000000000001,0.8492628808860435,0.8480768648037387,0.8466471527408196,0.85,0.7518528618442042,0.9466728999278828,0.7331916840773571,0.9653340776947299
2017-05-11,5,0.7699999999999999,0.8883246935453436,0.8870170570388141,0.8967887473460723,0.9000000000000001,0.7908847122491818,0.9857646748415054,0.772217794508565,1.0044315925821221
2017-05-18,5,0.74,0.7838638185489176,0.7810195864015338,0.7664531498147167,0.7699999999999999,0.6861284176730043,0.881599219424831,0.667404905371091,0.9003227317267443
2017-05-25,5,0.73,0.7567597042994625,0.7540321128919243,0.7363833157338965,0.74,0.6591401133240353,0.8543792952748896,0.6404387871294793,0.8730806214694457
2017-06-01,5,0.71,0.7327946339116221,0.7303625154709688,0.7263665086887835,0.73,0.6351548127590788,0.8304344550641655,0.6164496109987943,0.84913965682445
2017-06-08,5,0.62,0.7103294510160373,0.707616529479862,0.7063235294117647,0.71,0.6127939400365376,0.8078649619955369,0.5941087213406361,0.8265501806914385
2017-06-15,5,0.57,0.6158720874428333,0.6141685253964964,0.6160974332111053,0.62,0.5182542691976888,0.7134899056879778,0.4995532826112682,0.7321908922743984
2017-06-22,5,0.6199999999999999,0.5260508190788674,0.5242351714790131,0.5659770114942528,0.57,0.42852160563105757,0.6235800325266773,0.4098375933753098,0.642264044782425
2017-06-29,5,0.7000000000000002,0.6184532469607346,0.6163561457058536,0.6161177696717038,0.6199999999999999,0.5208608464012647,0.7160456475202044,0.5021647291697161,0.734741764751753
2017-07-06,5,0.7,0.6994313634784372,0.6950130652907973,0.696335758835759,0.7000000000000002,0.6016017824169912,0.797260944539883,0.5828602276878039,0.8160024992690704
2017-07-13,5,0.6399999999999999,0.6739403674191758,0.6779776946623945,0.6963452566096423,0.7,0.576149663457769,0.7717310713805827,0.5574155565504999,0.7904651782878518
2017-07-20,5,0.7,0.6491619321891487,0.6546904569142037,0.6361995863495346,0.6399999999999999,0.5514796764034134,0.746844187974884,0.5327663452921519,0.7655575190861456
2017-07-27,5,0.6499999999999999,0.6775209784280029,0.6883142297742698,0.6963641052088705,0.7,0.5798818778114748,0.7751600790445309,0.5611768140867928,0.7938651427692129
2017-08-03,5,0.6300000000000001,0.6433681775011127,0.6537932658723662,0.6462448559670781,0.6499999999999999,0.5457463655497544,0.7409899894524711,0.5270446138750777,0.7596917411271478
2017-08-10,5,0.6200000000000001,0.6195624828377253,0.6287848716194905,0.6262031811185225,0.6300000000000001,0.5220862001970267,0.7170387654784239,0.5034123280809746,0.735712637594476
2017-08-17,5,0.6199999999999999,0.6095244530948435,0.6175987402819435,0.6161873080859775,0.6200000000000001,0.5122110185098865,0.7068378876798005,0.49356834376497827,0.7254805624247087
2017-08-24,5,0.5800000000000001,0.6125260543381229,0.6197155746365557,0.6161970393057681,0.6199999999999999,0.5153738390188672,0.7096782696573786,0.4967620496121028,0.728290059064143
2017-08-31,5,0.47,0.5799468009409166,0.5864965335393396,0.5761048879837067,0.5800000000000001,0.48290071718044786,0.6769928847013853,0.46430925976729837,0.6955843421145347
2017-09-07,5,0.4899999999999997,0.4605373975559568,0.46143041474414104,0.46583544946673433,0.47,0.3630296522173928,0.5580451428945208,0.34434975268235785,0.5767250424295557
2017-09-14,5,0.53,0.5030274835046984,0.5064369470625091,0.4858966565349541,0.4899999999999997,0.4056653486527062,0.6003896183566906,0.38701334422744915,0.6190416227819476
2017-09-21,5,0.5800000000000001,0.518398909546538,0.5291050562748074,0.5260080848913593,0.53,0.42114372146730183,0.6156540976257742,0.4025122052090488,0.6342856138840272
2017-09-28,5,0.5800000000000001,0.5622728374258554,0.5711068653768446,0.5761441532258065,0.5800000000000001,0.4649746901789664,0.6595709846727444,0.4463349440828366,0.6782107307688743
2017-10-05,5,0.52,0.5670445161770588,0.5741662236954492,0.5761538461538462,0.5800000000000001,0.46980324222694414,0.6642857901271734,0.45117439154703265,0.6829146408070849
2017-10-12,5,0.53,0.521006104533917,0.5258118927887644,0.5160130391173521,0.52,0.4238254004452312,0.6181868086226029,0.4052081533453472,0.6368040557224869
2017-10-19,5,0.5799999999999998,0.523787152610386,0.5278674253047372,0.526048024012006,0.53,0.4266646873557237,0.6209096178650483,0.408058597272801,0.639515707947971
2017-10-26,5,0.55,0.5704396324615174,0.5754319496645512,0.5761826347305388,0.5799999999999998,0.4732922135914874,0.6675870513315474,0.4546813430572632,0.6861979218657717
2017-11-02,5,0.48,0.5412015407467098,0.544577594986605,0.5461174713787955,0.55,0.4441967271285233,0.6382063543648963,0.42561317598075765,0.6567899055126619
2017-11-09,5,0.49,0.4798639351309012,0.47980534942401815,0.47595332671300894,0.48,0.3828732126535471,0.5768546576082553,0.36429236099487516,0.5954355092669272
2017-11-16,5,0.4599999999999999,0.4859699220550083,0.4873401460657392,0.4859881129271917,0.49,0.3891086070413093,0.5828312370687072,0.3705525464226902,0.6013872976873263
2017-11-23,5,0.4599999999999999,0.4569535656101863,0.4573224878278493,0.4559239130434782,0.4599999999999999,0.36020622346034625,0.5537009077600263,0.3416719970215578,0.5722351341988148
2017-11-30,5,0.3600000000000001,0.47143294622692533,0.47140720052270807,0.4559339576145884,0.4599999999999999,0.3747318167081414,0.5681340757457093,0.3562064433845838,0.5866594490692669
2017-12-07,5,0.29,0.37169689581279114,0.3702525359188127,0.35569813176007875,0.3600000000000001,0.27490065423199317,0.4684931373935891,0.2563570599583272,0.4870367316672551
2017-12-14,5,0.3499999999999998,0.2826787671766507,0.27983203154127356,0.28553702795487984,0.29,0.1857711223078708,0.3795864120454306,0.16720618611700483,0.39815134823629655
2017-12-21,5,0.3399999999999998,0.3251520340360563,0.3236657180995169,0.34569471624266124,0.3499999999999998,0.22830864269970363,0.42199542537240897,0.20975601578259168,0.44054805228952093
2017-12-28,5,0.3800000000000001,0.31162811803501866,0.3183553742132826,0.3356808199121521,0.3399999999999998,0.21487274475791596,0.40838349131212137,0.19633697976801143,0.4269192563020259
2018-01-04,5,0.4099999999999999,0.37165599538919664,0.37736222425314836,0.37578870496592026,0.3800000000000001,0.2749039103306603,0.46840808044773297,0.2563687752762779,0.4869432155021154
2018-01-11,5,0.4199999999999999,0.3922453542511163,0.3979588200781544,0.40587178241864974,0.4099999999999999,0.2955228355896163,0.4889678729126163,0.2769933646732399,0.5074973438289927
2018-01-18,5,0.4400000000000001,0.40140188022140294,0.4042711713914496,0.41590600775193787,0.4199999999999999,0.30471591088067945,0.49808784956212643,0.2861934418454132,0.5166103185973927
2018-01-25,5,0.51,0.4453438237517872,0.4489501558646317,0.4359642339294346,0.4400000000000001,0.3487302234928525,0.5419574240107219,0.3302216184554929,0.5604660290480815
2018-02-01,5,0.5299999999999998,0.4896154730942185,0.49749456731002833,0.5061427193828351,0.51,0.39297928508360325,0.5862516611048337,0.3744663528317167,0.6047645933567203
2018-02-08,5,0.53,0.5186986301972946,0.526558998920238,0.526200096200096,0.5299999999999998,0.42207566673358743,0.6153215936610017,0.403565267954368,0.6338319924402211
2018-02-15,5,0.4999999999999998,0.5263394301774996,0.5328001982030003,0.5262092130518234,0.53,0.4297863970818874,0.6228924632731119,0.41128939510766965,0.6413894652473295
2018-02-22,5,0.4099999999999999,0.49747346022721195,0.5030858485307954,0.496146481570129,0.4999999999999998,0.4009927517237959,0.593954168730628,0.3825096052244581,0.6124373152299658
2018-03-01,5,0.4499999999999999,0.4080274047750183,0.4126843399371354,0.40594078319006677,0.4099999999999999,0.31153202236765004,0.5045227871823865,0.2930460647372512,0.5230087448127854
2018-03-08,5,0.3900000000000001,0.4444273619392404,0.4474612164459503,0.44604573606479264,0.4499999999999999,0.34807778960940516,0.5407769342690756,0.32961976532512216,0.5592349585533586
2018-03-15,5,0.3499999999999998,0.3893540558930465,0.3918091978044916,0.3859125475285172,0.3900000000000001,0.2930551047373263,0.4856530070487667,0.27460677812827444,0.5041013336578185
2018-03-22,5,0.3199999999999998,0.3364293706483448,0.3390456202450482,0.34582740635372194,0.3499999999999998,0.24012222195305002,0.43273651934363966,0.22167232491269384,0.4511864163839958
2018-03-29,5,0.3700000000000001,0.2845105638830119,0.28826423096476217,0.31576631977294206,0.3199999999999998,0.18826413831304334,0.3807569894529804,0.16982587421401518,0.3991952535520086
2018-04-05,5,0.3900000000000001,0.34210276016538094,0.3544190532537859,0.36589428975932053,0.3700000000000001,0.2458172734811927,0.4383882468495692,0.22737152630800647,0.4568339940227554
2018-04-12,5,0.4099999999999999,0.3751818814822982,0.38641453909597356,0.3859510357815444,0.3900000000000001,0.278947359007947,0.4714164039566494,0.260511375226544,0.4898523877380524
2018-04-19,5,0.4400000000000001,0.39270988088696634,0.4038235002481929,0.4060075152653827,0.4099999999999999,0.2965278374183744,0.4888919243555583,0.2781019072235032,0.5073178545504295
2018-04-26,5,0.4099999999999999,0.4182530364034204,0.4296196321239682,0.4360871602624181,0.4400000000000001,0.32206930470976214,0.5144367680970786,0.3036430510957151,0.5328630217111257
2018-05-03,5,0.4299999999999999,0.3958739480879018,0.40543994377674847,0.4060261804581579,0.4099999999999999,0.29983186545204255,0.491916030723761,0.2814327480430193,0.5103151481327842
2018-05-10,5,0.4599999999999999,0.41427072695436484,0.42232346464334564,0.4260820895522387,0.4299999999999999,0.3183182427494009,0.5102232111593288,0.2999362900249042,0.5286051638838255
2018-05-17,5,0.4200000000000001,0.4474841766624946,0.4546363736506229,0.45616100511865976,0.4599999999999999,0.3515779058524092,0.54339044747258,0.3332048063894714,0.5617635469355178
2018-05-24,5,0.33,0.40986224629347695,0.4171083078677412,0.4160770659238627,0.4200000000000001,0.3140965046015497,0.5056279879854042,0.2957503267928849,0.5239741657940691
2018-05-31,5,0.3700000000000001,0.33482280560816846,0.3416262763337716,0.32587772116720704,0.33,0.23901125105316628,0.43063436016317064,0.22065629671421988,0.44898931450211704
2018-06-07,5,0.3400000000000001,0.35212148105164137,0.35819730386505155,0.36597966728280973,0.3700000000000001,0.256365258628257,0.44787770347502576,0.23802090445913396,0.4662220576441488
2018-06-14,5,0.32,0.3253347938021081,0.3321115721531033,0.3359197786998618,0.3400000000000001,0.22953247247774233,0.4211371151264739,0.2111792869810563,0.4394903006231599
2018-06-21,5,0.2799999999999998,0.28731093676539815,0.2953789677744502,0.31588316467341304,0.32,0.1915985349117217,0.38302333861907456,0.17326257560227742,0.4013592979285189
2018-06-28,5,0.2300000000000002,0.26345953599219657,0.2765996781873404,0.275800826067003,0.2799999999999998,0.16785635980510516,0.359062712179288,0.14954132523831976,0.3773777467460734
2018-07-05,5,0.2200000000000002,0.22713035390163083,0.23942751900206066,0.2256959706959709,0.2300000000000002,0.13163236319072677,0.32262834461253487,0.11333747937320647,0.3409232284300552
2018-07-12,5,0.1799999999999999,0.20120648706090183,0.20698604844434446,0.21568296025582478,0.2200000000000002,0.10569096151441784,0.29672201260738584,0.08739271848716648,0.3150202556346372
2018-07-19,5,0.2299999999999999,0.18756463723694927,0.19477549206467293,0.17560164083865076,0.1799999999999999,0.09215367786415266,0.2829755966097459,0.0738754669442222,0.30125380752967634
2018-07-26,5,0.2799999999999998,0.21868011509072408,0.22934802383220443,0.22572532969531595,0.2299999999999999,0.12334692871807529,0.31401330146337286,0.10508361704357663,0.3322766131378715
2018-08-02,5,0.2200000000000002,0.25675293150416983,0.2663046196718363,0.275848457350272,0.2799999999999998,0.16142341392541473,0.35208244908292496,0.14316080509458362,0.37034505791375605
2018-08-09,5,0.1699999999999999,0.2073200093478318,0.21696222420020503,0.2157220461747399,0.2200000000000002,0.11211607958554139,0.3025239391101222,0.09387753005160245,0.32076248864406115
2018-08-16,5,0.1299999999999999,0.16332392317301384,0.17301618679203679,0.16561878952122844,0.1699999999999999,0.06818751272220439,0.25846033362382326,0.04996189809872573,0.27668594824730197
2018-08-23,5,0.1699999999999999,0.12785317572625007,0.13654937659160107,0.12553853086976105,0.1299999999999999,0.03278744926762055,0.22291890218487959,0.014575375823543305,0.24113097562895686
2018-08-30,5,0.1699999999999999,0.1486511546580482,0.15704363670966792,0.165638489208633,0.1699999999999999,0.053649690054593385,0.24365261926150303,0.035449927478688,0.26185238183740844
2018-09-06,5,0.1799999999999997,0.15153246843772528,0.1603347130330292,0.16564827276805733,0.1699999999999999,0.0566158057844299,0.24644913109102065,0.03843228901447411,0.26463264786097646
2018-09-13,5,0.2399999999999997,0.17337541694858777,0.1803272540270166,0.17568039391226467,0.1799999999999997,0.07854135348497981,0.2682094804121957,0.06037366053045201,0.2863771733667235
2018-09-20,5,0.2200000000000002,0.22760935584286285,0.23329865219887114,0.23582402858418908,0.2399999999999997,0.1327428021398961,0.3224759095458296,0.11456888491667062,0.3406498267690551
2018-09-27,5,0.25,0.19884612089219286,0.20502418704426303,0.21578877005347613,0.2200000000000002,0.10402440382160559,0.2936678379627801,0.08585907610873572,0.31183316567565
2018-10-04,5,0.2200000000000002,0.22278667180271491,0.22926460020400752,0.2458648288128057,0.25,0.12799844502927815,0.3175748985761517,0.10983953316967202,0.3357338104357578
2018-10-11,5,0.1800000000000001,0.19950012925737595,0.21419148525744366,0.21580745341614926,0.2200000000000002,0.10470176729439004,0.2942984912203619,0.08654091380110251,0.3124593447136494
2018-10-18,5,0.1400000000000001,0.17272324563457903,0.1866217206088933,0.17572819831783987,0.1800000000000001,0.07802872605425985,0.2674177652148982,0.05988776600911799,0.28555872526004006
2018-10-25,5,0.1600000000000001,0.11304122041911102,0.11974934576315227,0.13564929328621916,0.1400000000000001,0.018352164364806745,0.2077302764734153,0.00021225098643695706,0.22587018985178509
2018-11-01,5,0.1800000000000001,0.17035523068459393,0.17810563553931438,0.15570295284266206,0.1600000000000001,0.07572799271349477,0.2649824686556931,0.05759992204136037,0.2831105393278275
2018-11-08,5,0.1399999999999996,0.16438304787030822,0.17583113955091703,0.17575637642919975,0.1800000000000001,0.06985188724241724,0.2589142084981992,0.05174222244268292,0.27702387329793354
2018-11-15,5,0.1199999999999996,0.12420780663647683,0.13562168189630577,0.1356779289161909,0.1399999999999996,0.029803538715601707,0.21861207455735196,0.011718183195202639,0.23669743007775101
2018-11-22,5,0.1099999999999998,0.10490413554167156,0.11545425329360627,0.11564360770577893,0.1199999999999996,0.010626386218654388,0.19918188486468874,-0.007434731691808236,0.21724300277515135
2018-11-29,5,0.09,0.09542197281023425,0.10593292552048257,0.10563128003494957,0.1099999999999998,0.0012470328808443787,0.18959691273962412,-0.01679438947479285,0.20763833509526136
2018-12-06,5,0.0899999999999998,0.06655534249071568,0.07717566477629774,0.08559721011333914,0.09,-0.02752653101547553,0.1606372159969069,-0.04555012431118115,0.17866080929261252
2018-12-13,5,0.08,0.07497148752360931,0.08494340927410596,0.08560678555893847,0.0899999999999998,-0.01904866319971324,0.16899163824693186,-0.03706043204620198,0.18700340709342061
2018-12-20,5,0.09,0.05070263203483221,0.0585739482767922,0.07559461805555556,0.08,-0.043235471599329646,0.14464073566899407,-0.061231522398217726,0.16263678646788216
2018-12-27,5,0.06,0.06635093306702815,0.07463467069425482,0.08562581203984408,0.09,-0.027526524822114082,0.16022839095617036,-0.04551095750368993,0.1782128236377462
2019-01-03,5,0.07,0.03137712386244774,0.04529820639596787,0.055570440795159895,0.06,-0.062435688045093425,0.1251899357699889,-0.08040773627005551,0.143161983994951
2019-01-10,5,0.09,0.06137666646643902,0.07373539852972677,0.06560155239327296,0.07,-0.03232472048444869,0.15507805341732672,-0.050275422641067644,0.1730287555739457
2019-01-17,5,0.0699999999999998,0.0733087480093494,0.08610758209813169,0.08565404475043029,0.09,-0.020307317964381788,0.1669248139830806,-0.03824167488323546,0.18485917090193427
2019-01-24,5,0.1099999999999998,0.05267415558774477,0.06559260981972284,0.06562043795620418,0.0699999999999998,-0.04083268291118604,0.14618099408667556,-0.058746114740974714,0.16409442591646425
2019-01-31,5,0.1100000000000001,0.07875849724059548,0.08991287361915856,0.10571550985432714,0.1099999999999998,-0.014692761788703615,0.1722097562698946,-0.03259554606526126,0.1901125405464522
2019-02-07,5,0.1099999999999998,0.0896899250287852,0.10071806443531092,0.10572466866182138,0.1100000000000001,-0.003716287593461612,0.183096137651032,-0.02161044217239648,0.2009902922299669
2019-02-14,5,0.1199999999999998,0.093538942524997,0.10455597214874567,0.10573378839590425,0.1099999999999998,0.00021888552041958442,0.1868589995295744,-0.017658763925750123,0.20473664897574412
2019-02-21,5,0.1599999999999999,0.10976761171880275,0.1194365786836583,0.11576415495955705,0.1199999999999998,0.016534733987820113,0.20300048944978538,-0.0013262142202414562,0.22086143765784697
2019-02-28,5,0.1399999999999999,0.14510192575488426,0.15348038198144912,0.15585811384876794,0.1599999999999999,0.05188321330284543,0.2383206382069231,0.03402497878677456,0.25617887272299394
2019-03-07,5,0.1,0.12432327093555348,0.13308758956050223,0.13582450190758785,0.1399999999999999,0.03121251256848298,0.21743402930262398,0.013374959193736852,0.2352715826773701
2019-03-14,5,0.0699999999999998,0.09553336137984642,0.10240681152062756,0.09574873096446701,0.1,0.002492217089106602,0.18857450567058623,-0.015332000073756374,0.2063987228334492
2019-03-21,5,0.06,0.05951867596977686,0.06576720160723845,0.06569438581680014,0.0699999999999998,-0.03341803553227178,0.15245538747182552,-0.05122224614084371,0.17025959808039742
2019-03-28,5,0.1099999999999998,0.04618271745416,0.05235038963836833,0.055682392586352145,0.06,-0.046660469000854715,0.13902590390917471,-0.06444676268932419,0.1568121975976442
2019-04-04,5,0.1299999999999999,0.09449133227087346,0.10034555907808382,0.10579655317360216,0.1099999999999998,0.001652370365736025,0.18733029417601088,-0.016133114010949898,0.2051157785526968
2019-04-11,5,0.1499999999999999,0.11734813598920345,0.12319688832994583,0.1258473154362415,0.1299999999999999,0.024569924624099668,0.21012634735430724,0.006796078440673037,0.22790019353773386
2019-04-18,5,0.1499999999999999,0.13848691833517823,0.14412278990024968,0.14589786521557127,0.1499999999999999,0.04575018194518127,0.2312236547251752,0.027984281267678532,0.24898955540267792
2019-04-25,5,0.1399999999999999,0.1287724581627933,0.13399640077455294,0.14590643274853793,0.1499999999999999,0.036101771959630394,0.22144314436595625,0.018348524747245187,0.23919639157834144
2019-05-02,5,0.0999999999999998,0.13730302343057174,0.1432228577362365,0.13589412255106284,0.1399999999999999,0.04473087181034821,0.22987517505079527,0.026996501212365714,0.24760954564877777
2019-05-09,5,0.0899999999999998,0.09853552070695365,0.10444580209822153,0.09581946755407633,0.0999999999999998,0.006047147942054756,0.19102389347185256,-0.011671172847831049,0.20874221426173833
2019-05-16,5,0.0599999999999998,0.08222607944110437,0.08624904241884726,0.08580738895807369,0.0899999999999998,-0.010175899286985757,0.1746280581691945,-0.027877669269318672,0.1923298281515274
2019-05-23,5,0.03,0.047380396938940084,0.05082566816558462,0.05575393537696748,0.0599999999999998,-0.04493727925887228,0.13969807313675245,-0.06262289911086767,0.15738369298874783
2019-05-30,5,0.08,0.021956895272213256,0.02527947310965455,0.02570070276973956,0.03,-0.07028124891968039,0.1141950394641069,-0.08795163254736127,0.13186542309178778
2019-06-06,5,0.05,0.06778589196838893,0.07030186966717718,0.07581270627062707,0.08,-0.02446103762804265,0.16003282156482052,-0.04213310430637321,0.17770488824315106
2019-06-13,5,0.05,0.04611500315440524,0.04809263903278244,0.04575957184026348,0.05,-0.046035015056936315,0.1382650213657468,-0.06368851608254876,0.15591852239135923
2019-06-20,5,0.03,0.041044466939685054,0.04290415630369607,0.045768282662284304,0.05,-0.05103812383445806,0.13312705771382816,-0.06867870755028758,0.1507676414296577
2019-06-27,5,-0.05,0.021674543948954086,0.02281796793888688,0.025735957359573597,0.03,-0.07031973537389902,0.11366882327180719,-0.0879434009563827,0.13129248885429087
2019-07-04,5,0.02,-0.04718693038266211,-0.045079713691241294,-0.054418985270049104,-0.05,-0.13921022289130192,0.04483636212597768,-0.15683944663117919,0.06246558586585496
2019-07-11,5,0.05,0.007842801554863416,0.01145104046337234,0.015732952225398122,0.02,-0.08430021910239846,0.09998582221212529,-0.1019523795821215,0.11763798269184833
2019-07-18,5,0.02,0.028023110805094564,0.031227791078690295,0.04580277098614507,0.05,-0.06408862490544674,0.12013484651563587,-0.08173479201859495,0.1377810136287841
2019-07-25,5,-0.08,0.018132238784056717,0.020712716389388656,0.015750305002033345,0.02,-0.07389226321088889,0.11015674077900232,-0.09152171865628457,0.12778619622439802
2019-08-01,5,-0.1200000000000001,-0.07913700922659861,-0.07585507642672407,-0.08444399350649351,-0.08,-0.17123540698092177,0.012961388527724563,-0.1888790188951851,0.03060500044198787
2019-08-08,5,-0.1999999999999999,-0.10262571106584449,-0.09981127789246165,-0.12451599837991101,-0.1200000000000001,-0.19469965709434772,-0.01055176503734126,-0.21233858470604422,0.007087162574355224
2019-08-15,5,-0.1799999999999999,-0.19921372700575035,-0.20522073978634595,-0.20466855295068706,-0.1999999999999999,-0.291410471484683,-0.10701698252681771,-0.30907292402467224,-0.08935452998682844
2019-08-22,5,-0.1900000000000001,-0.17594232358536804,-0.18159405124087166,-0.1846187979023799,-0.1799999999999999,-0.268004755222031,-0.0838798919487051,-0.28564147698144327,-0.06624317018929282
2019-08-29,5,-0.1899999999999999,-0.1913790209131088,-0.19712202712307297,-0.19462962962962974,-0.1900000000000001,-0.283364416872969,-0.0993936249532486,-0.3009863806385594,-0.08177166118765819
2019-09-05,5,-0.1500000000000001,-0.18347079480133724,-0.1893391131175779,-0.19462032944957802,-0.1899999999999999,-0.27536666880076655,-0.09157492080190796,-0.2929714825315446,-0.07397010707112987
2019-09-12,5,-0.1700000000000001,-0.142134859442963,-0.14706217249141462,-0.15453087409783492,-0.1500000000000001,-0.2340118042410153,-0.050257914644910695,-0.2516129916385337,-0.03265672724739231
2019-09-19,5,-0.2099999999999999,-0.17188205481542057,-0.17477561194595023,-0.17456182472989207,-0.1700000000000001,-0.26371286161623175,-0.0800512480146094,-0.2813052101963801,-0.06245889943446105
2019-09-26,5,-0.1699999999999999,-0.1871564918296827,-0.18736580145540102,-0.21463258785942482,-0.2099999999999999,-0.27895174106026255,-0.09536124259910282,-0.29653727775241856,-0.0777757059069468
2019-10-03,5,-0.1300000000000001,-0.1806528385261041,-0.18974639176866218,-0.1745436428856117,-0.1699999999999999,-0.27237027788689533,-0.08893539916531286,-0.2899409082703736,-0.07136476878183458
2019-10-10,5,-0.0899999999999998,-0.12453093069465879,-0.13391479568513975,-0.1344550517104217,-0.1300000000000001,-0.21622215009033235,-0.03283971129898522,-0.23378775742346208,-0.01527410396585549
2019-10-17,5,-0.1099999999999998,-0.08876215705287423,-0.10030194469802506,-0.09436681222707403,-0.0899999999999998,-0.18038114264422092,0.0028568285384724668,-0.1979329118950201,0.020408597789271662
2019-10-24,5,-0.1,-0.10216289043304731,-0.1119838509491537,-0.11439778129952437,-0.1099999999999998,-0.19369153095640126,-0.01063424990969336,-0.21122599248679597,0.006900211620701355
2019-10-31,5,-0.0199999999999997,-0.11007694021428797,-0.11725589789140978,-0.10436931593515224,-0.1,-0.20152575911747167,-0.01862812131110428,-0.21904492894113758,-0.0011089514874383505
2019-11-07,5,-0.06,-0.005271017819227272,-0.010705986902160345,-0.02420284135753719,-0.0199999999999997,-0.09678258061949893,0.08624054498104439,-0.11431377051080122,0.10377173487234667
2019-11-14,5,-0.08,-0.048454784448549004,-0.06242457115452127,-0.06427333595903899,-0.06,-0.1400028214864138,0.04309325258931579,-0.1575409988748784,0.0606314299777804
2019-11-21,5,-0.1300000000000001,-0.06893839703338563,-0.08387095417979253,-0.08430424528301887,-0.08,-0.1604687048431267,0.02259191077635543,-0.17800348578140127,0.040126691714630014
2019-11-28,5,-0.0799999999999998,-0.11144669423746598,-0.12561100792414456,-0.1343938799529228,-0.1300000000000001,-0.2030238478785894,-0.019869540596342536,-0.22056760323649416,-0.002325785238437808
2019-12-05,5,-0.04,-0.0733490993333051,-0.08748499493103555,-0.08428739232576331,-0.0799999999999998,-0.16484649192091672,0.01814829325430649,-0.18237496717505902,0.03567676850844882
2019-12-12,5,-0.04,-0.03342366225218846,-0.04687809389219934,-0.04420085971082454,-0.04,-0.12485636704984931,0.0580090425454724,-0.14237244983800623,0.07552512533362932
2019-12-19,5,-0.0599999999999998,-0.029937181954376987,-0.042762667580061524,-0.044192667706708266,-0.04,-0.1212747911948986,0.06140042728614463,-0.1387726561948437,0.07889829228608973
2019-12-26,5,-0.0399999999999998,-0.0526505312340787,-0.06493090708767699,-0.06422343324250661,-0.0599999999999998,-0.14391458047674868,0.03861351800859128,-0.16139835333083508,0.05609729086267767
2020-01-02,5,-0.0299999999999998,-0.03366125597000681,-0.04585452659538972,-0.044176379176378976,-0.0399999999999998,-0.12492300477868613,0.05760049283867251,-0.1424063369305936,0.07508382499057997
2020-01-09,5,-0.0899999999999998,-0.026281605194807767,-0.038012183810684864,-0.034148894920511624,-0.0299999999999998,-0.11748512853823871,0.06492191814862318,-0.1349573062342879,0.08239409584467236
2020-01-16,5,-0.09,-0.07811595116359957,-0.0894013390761638,-0.09425696594427224,-0.0899999999999998,-0.16931367280740628,0.01308177048020713,-0.18678473905158322,0.03055283672438408
2020-01-23,5,-0.1499999999999999,-0.08565660476069908,-0.09746403118408158,-0.09424874468906913,-0.09,-0.17677240078449166,0.0054591912630934936,-0.19422777225133686,0.022914562729938692
2020-01-30,5,-0.1199999999999998,-0.14703076668534312,-0.15943274473184976,-0.1543562066306861,-0.1499999999999999,-0.23817802536722849,-0.055883508003457774,-0.2556394242454371,-0.03842210912524911
2020-02-06,5,-0.1200000000000001,-0.11482588157418344,-0.12715308936850786,-0.12429011158137726,-0.1199999999999998,-0.2059172537968963,-0.023734509351470603,-0.22336794631081472,-0.006283816837552164
2020-02-13,5,-0.1499999999999999,-0.11282617520380055,-0.12423567632171151,-0.12428187403993866,-0.1200000000000001,-0.20381689428134592,-0.02183545612625519,-0.22124830432049186,-0.004404046087109245
2020-02-20,5,-0.09,-0.14102782859485452,-0.15313699794055996,-0.1543311613645074,-0.1499999999999999,-0.2319460804992134,-0.05010957669049565,-0.24936360774874083,-0.03269204944096822
2020-02-27,5,0.0499999999999999,-0.0987361998384679,-0.11089184075840236,-0.09420811017597551,-0.09,-0.1895852618140872,-0.0078871378628486,-0.2069895341071678,0.009517134430232
2020-03-05,5,0.17,0.03611075128170964,0.04322314052280473,0.0460672012218403,0.0499999999999999,-0.0554586926362339,0.12768019519965318,-0.07300097101552587,0.14522247357894513
2020-03-12,5,0.37,0.13659360633801199,0.13624966927480164,0.1663033536585366,0.17,0.04471948516604794,0.22846772750997602,0.027118838700447026,0.24606837397557696
2020-03-19,5,0.25,0.5043673932890238,0.5050332699156728,0.366690756941803,0.37,0.411484226668097,0.5972505599099506,0.393690273839525,0.6150445127385227
2020-03-26,5,0.24,0.3254352066019773,0.3128539853584733,0.24646924829157174,0.25,0.23226438390342244,0.41860602930053215,0.21441532379478692,0.43645508940916766
2020-04-02,5,0.37,0.2626245555052042,0.2547919003599339,0.23645699128457748,0.24,0.16924406884209753,0.35600504216831086,0.15135484267505972,0.37389426833534867
2020-04-09,5,0.2799999999999999,0.3990593079620772,0.39568180586622875,0.36670953101361575,0.37,0.30568573290143364,0.4924328830227208,0.28779783081423366,0.5103207851099208
2020-04-16,5,0.2699999999999999,0.2816912922304855,0.2804828997166954,0.2765458663646658,0.2799999999999999,0.18823878162849528,0.3751438028324757,0.17033575758378333,0.39304682687718767
2020-04-23,5,0.24,0.2577586115016766,0.2619542124031048,0.2665335342878673,0.2699999999999999,0.16446531908208284,0.3510519039212704,0.1465927970209927,0.3689244259823605
2020-04-30,5,0.27,0.2545001158300918,0.25742218249148985,0.2364836404663407,0.24,0.1612699104539843,0.3477303212061993,0.14340947419828526,0.36559075746189834
2020-05-07,5,0.26,0.25308804311225247,0.25429843434191407,0.2665465465465466,0.27,0.1599424940802044,0.34623359214430055,0.1420982757361855,0.36407781048831944
2020-05-14,5,0.25,0.25579244574726595,0.2561475600671149,0.2565342825028101,0.26,0.16266893944813346,0.34891595204639847,0.144828943907492,0.3667559475870399
2020-05-21,5,0.26,0.24902734218593994,0.248045889278605,0.24652206432311144,0.25,0.15575705356384878,0.3422976308080311,0.1378889384206376,0.3601657459512423
2020-05-28,5,0.35,0.27999556119937663,0.27807538766869255,0.2565472191116088,0.26,0.186742749193717,0.37324837320503623,0.1688779821069912,0.39111314029176203
2020-06-04,5,0.25,0.35338911020149466,0.3503397041090856,0.3467213114754098,0.35,0.2600078320051409,0.44677038839784844,0.24211845420131278,0.46465976620167654
2020-06-11,5,0.22,0.2512538886319804,0.24944044605979676,0.24654146522870957,0.25,0.15767294239038768,0.34483483487357314,0.13974531348135277,0.362762463782608
2020-06-18,5,0.22,0.22345057375595262,0.2217410590561965,0.21649220489977727,0.22,0.12988811015215834,0.3170130373597469,0.11196402202663779,0.33493712548526744
2020-06-25,5,0.2700000000000001,0.2202417412738233,0.21828481765990312,0.21649870322341608,0.22,0.12677259611644337,0.3137108864312032,0.10886638533182257,0.331617097215824
2020-07-02,5,0.25,0.26506251973882733,0.2629539647701053,0.26659763313609475,0.2700000000000001,0.1716448183363598,0.35848022114129485,0.15374846281164822,0.37637657666600643
2020-07-09,5,0.2299999999999999,0.2470890168495747,0.24486670090239188,0.2465669988925803,0.25,0.15375664492167546,0.34042138877747397,0.13587663626260799,0.35830139743654144
2020-07-16,5,0.2299999999999999,0.2321061904368196,0.230229060598377,0.2265364775239498,0.2299999999999999,0.13884232509278832,0.3253700557808509,0.12097544047940256,0.34323694039423663
2020-07-23,5,0.19,0.2398926544812683,0.2400288396559662,0.2265428466347921,0.2299999999999999,0.1469113356919789,0.33287397327055773,0.12909857950950104,0.3506867294530356
2020-07-30,5,0.2,0.17468980554115185,0.17563388650211237,0.18647577092511014,0.19,0.08174354678561518,0.2676360642966885,0.06393750717632773,0.28544210390597596
2020-08-06,5,0.33,0.1999967951999806,0.20279250034917395,0.19650054965188715,0.2,0.10710933958313301,0.2928842508168282,0.0893145650966237,0.31067902530333746
2020-08-13,5,0.28,0.31291225444674375,0.31571215709267675,0.3267446964155084,0.33,0.21976170036913745,0.40606280852435006,0.2019165231910498,0.4239079857024377
2020-08-20,5,0.37,0.27627695974479466,0.2766837073864413,0.2766593647316539,0.28,0.18319965946654596,0.3693542600230434,0.1653685157748015,0.3871854037147878
2020-08-27,5,0.28,0.36648221091644145,0.36659978267167037,0.3668294460641399,0.37,0.2732857958655601,0.4596786259673228,0.2554318329405518,0.47753258889233113
2020-09-03,5,0.3,0.2836697309329528,0.28320070344186943,0.27667151691524194,0.28,0.1905179966396571,0.3768214652262485,0.17267259336352536,0.3946668685023802
2020-09-10,5,0.3099999999999999,0.2929332403364473,0.29293714462898357,0.29671387073347855,0.3,0.19990602886279835,0.38596045181009625,0.18208448085839649,0.40378199981449814
2020-09-17,5,0.3,0.30630533088283673,0.30610118012822646,0.3067379485320767,0.3099999999999999,0.21335173301438687,0.3992589287512866,0.19554428742559066,0.4170663743400828
2020-09-24,5,0.31,0.2932402928028526,0.2934325749049999,0.2967257597684515,0.3,0.20038860683832221,0.38609197876738294,0.18260068486911157,0.4038799007365936
2020-10-01,5,0.3399999999999999,0.30277168907303365,0.3022260948356099,0.3067497291440953,0.31,0.20998696374595835,0.3955564144001089,0.19221186966007248,0.4133315084859948
2020-10-08,5,0.3399999999999999,0.3326617409407556,0.3314341981000978,0.3368096611391492,0.3399999999999999,0.23985493821139753,0.4254685436701137,0.22207561468040243,0.4432478672011088
2020-10-15,5,0.41,0.3450083661542984,0.3438216690471985,0.3368154012234616,0.3399999999999999,0.25227530891144917,0.43774142339714767,0.23451011306102304,0.4555066192475738
2020-10-22,5,0.38,0.40093940220087465,0.40138122780147817,0.40694683908045975,0.41,0.3082520782203374,0.4936267261814119,0.2904956436507965,0.5113831607509528
2020-10-29,5,0.36,0.37240981781964455,0.37331192167975485,0.37689852993904627,0.38,0.279840814830435,0.4649788208088541,0.2621070474266993,0.4827125882125898
2020-11-05,5,0.4599999999999999,0.35789070115056876,0.3579553392577642,0.35686828919112384,0.36,0.2653624950596239,0.4504189072415136,0.24763654326026185,0.46814485904087566
2020-11-12,5,0.41,0.4441588144554777,0.44419694016883243,0.4570525187566987,0.4599999999999999,0.3514052814664622,0.5369123474444932,0.3336361630057864,0.5546814659051691
2020-11-19,5,0.4299999999999999,0.4114914044778285,0.41265273313468176,0.40696861626248215,0.41,0.3188015361785434,0.5041812727771137,0.3010446141849683,0.5219381947706887
2020-11-26,5,0.48,0.42924812851906236,0.4300128237903825,0.427009611961552,0.4299999999999999,0.33662429648089437,0.5218719605572304,0.3188800252846386,0.539616231753486
2020-12-03,5,0.48,0.47238969676769993,0.47347806525274844,0.47710376687988626,0.48,0.379764252493653,0.5650151410417469,0.36201967243573563,0.5827597210996642
2020-12-10,5,0.49,0.47994563536011625,0.4806596467423486,0.47710890386661936,0.48,0.3873499653318796,0.5725413053883529,0.3696110892302842,0.5902801814899483
2020-12-17,5,0.5,0.4851690530277528,0.48733880884471675,0.4871317280453258,0.49,0.39266825375162645,0.5776698523038792,0.37494755237155786,0.5953905536839478
2020-12-24,5,0.47,0.48528479146023673,0.48847187926280766,0.4971544715447154,0.5,0.39286712857684625,0.5777024543436272,0.375162353926071,0.5954072289944025
2020-12-31,5,0.6100000000000001,0.46932358953489567,0.47206887503721545,0.467106563161609,0.47,0.3769746054232659,0.5616725736465255,0.35928298780480866,0.5793641912649826
2021-01-07,5,0.7,0.5956844326972368,0.5985041599900291,0.6073582247270166,0.6100000000000001,0.5030145006763804,0.6883543647180932,0.4852613979453353,0.7061074674491383
2021-01-14,5,0.7,0.675779765145452,0.6777486798462545,0.6975210970464134,0.7,0.5828166801234483,0.7687428501674557,0.565007417047491,0.786552113243413
2021-01-21,5,0.6599999999999999,0.6948752311284462,0.695559039930261,0.6975254475254474,0.7,0.6020036434082612,0.7877468188486312,0.5842119087901692,0.8055385534667232
2021-01-28,5,0.77,0.6610322056188336,0.6622774953274315,0.6574597056762438,0.6599999999999999,0.5682833454702351,0.7537810657674321,0.5505151222019281,0.771549289035739
2021-02-04,5,0.8,0.7520159250958094,0.7520222691224807,0.7676565232598811,0.77,0.658991651963731,0.8450401982278878,0.6411706668676925,0.8628611833239263
2021-02-11,5,0.92,0.793629710287805,0.7929194087697895,0.7977129888268157,0.8,0.7005610833908231,0.886698337184787,0.6827316012890389,0.9045278192865712
2021-02-18,5,1.14,0.9081403107486539,0.9062418061366511,0.917926106657372,0.92,0.8147791651025752,1.0015014563947324,0.7968936441617606,1.019386977335547
2021-02-25,5,1.21,1.1259196205952384,1.123963296571982,1.138312456506611,1.14,1.0315833969136414,1.2202558442768354,1.0135110768659552,1.2383281643245216
2021-03-04,5,1.18,1.1937141706468979,1.191843557472134,1.208436957276832,1.21,1.0993300396599057,1.28809830163389,1.081248541842303,1.3061797994514928
2021-03-11,5,1.34,1.1752608646343201,1.1731286811372055,1.178387656033287,1.18,1.0809228230773054,1.2695989061913349,1.0628501547728726,1.2876715744957676
2021-03-18,5,1.23,1.3422159603616648,1.3397005596655105,1.338667358947733,1.34,1.2475618797513672,1.4368700409719624,1.2294286667410346,1.455003253982295
2021-03-25,5,1.29,1.2299831063266415,1.227680259032847,1.228479612992398,1.23,1.1353468336858692,1.3246193789674139,1.117217032210492,1.3427491804427911
2021-04-01,5,1.24,1.283091633604695,1.2807154969961745,1.288585719213522,1.29,1.1884809407723036,1.3777023264370862,1.170356039710212,1.3958272274991779
2021-04-08,5,1.21,1.2417708905303106,1.2395694287124317,1.2385020661157025,1.24,1.147167630608046,1.3363741504525752,1.129044153494523,1.3544976275660983
2021-04-15,5,1.21,1.217854173707929,1.2157428933262435,1.2084530766586457,1.21,1.123287415693446,1.3124209317224118,1.10517093137796,1.3305374160378978
2021-04-22,5,1.25,1.219847557162897,1.2179224618003905,1.2084557309540152,1.21,1.1253697619919416,1.3143253523338525,1.1072703205992889,1.3324247937265052
2021-04-29,5,1.2,1.2385943030799802,1.236706226375907,1.248526892771497,1.25,1.1441524714567368,1.3330361347032236,1.126059919726601,1.3511286864333594
2021-05-06,5,1.24,1.21006121177448,1.2087481558555162,1.1984439124487003,1.2,1.1157075109675683,1.3044149125813918,1.097631842765908,1.322490580783052
2021-05-13,5,1.21,1.2422387287598962,1.2409069298161317,1.2385148514851485,1.24,1.1479449254819927,1.3365325320377996,1.1298807320592887,1.3545967254605036
2021-05-20,5,1.17,1.221099069768417,1.2196992256947194,1.2084662576687115,1.21,1.1268549257364653,1.3153432138003687,1.1088002457090524,1.3333978938277815
2021-05-27,5,1.2,1.1599397429187914,1.1584961307291022,1.1684008166042872,1.17,1.0656417139561558,1.254237771881427,1.0475767110042602,1.2723027748333227
2021-06-03,5,1.0699999999999998,1.1987702072169915,1.1975750916268038,1.198454483695652,1.2,1.1045315493544545,1.2930088650795284,1.086477920331689,1.311062494102294
2021-06-10,5,1.02,1.0768943221258491,1.075737137719671,1.0682366904035265,1.0699999999999998,0.9825442300299875,1.1712444142217109,0.9644692531617146,1.1893193910899837
2021-06-17,5,0.99,1.0228362711448475,1.0216331164074968,1.0181550440081246,1.02,0.9284861538256838,1.1171863884640114,0.9104111721252948,1.1352613701644003
2021-06-24,5,0.94,0.9774113607872285,0.9763667260846252,0.988107468739439,0.99,0.8829115144712053,1.0719112071032515,0.8648078486636297,1.0900148729108272
2021-07-01,5,0.78,0.945811421802276,0.9450562431552075,0.9380263157894736,0.94,0.8513336701910469,1.0402891734135051,0.833234237143283,1.0583886064612689
2021-07-08,5,0.8200000000000001,0.7837227098289592,0.784135288539887,0.7777601886156955,0.78,0.6887985507331288,0.8786468689247896,0.6706135978434787,0.8968318218144397
2021-07-15,5,0.74,0.815602989009991,0.8157907630790079,0.8178312037659718,0.8200000000000001,0.7208999360164758,0.9103060420035061,0.7027573411955463,0.9284486368244356
2021-07-22,5,0.74,0.7484241290740317,0.7494924235327336,0.7377005706612957,0.74,0.6534787268371476,0.8433695313109157,0.6352897043247274,0.8615585538233359
2021-07-29,5,0.69,0.7325354935413969,0.7348635626302724,0.7377044235924933,0.74,0.6376953518005977,0.8273756352821962,0.6195264944092665,0.8455444926735273
2021-08-05,5,0.79,0.6998537926620991,0.702812617907376,0.6876246236199397,0.69,0.6050767134175596,0.7946308719066386,0.5869199371290217,0.8127876481951766
2021-08-12,5,0.69,0.7804499401354161,0.7809481208868106,0.7877955911823648,0.79,0.6856052316099904,0.8752946486608418,0.6674354993437689,0.8934643809270634
2021-08-19,5,0.78,0.691441017388621,0.6923136350525984,0.6876325441813937,0.69,0.5965669718178048,0.7863150629594371,0.5783916193512736,0.8044904154259683
2021-08-26,5,0.7499999999999999,0.7611140408380377,0.7603256682144731,0.7777862849533955,0.78,0.6661789682701467,0.8560491134059287,0.6479919246485146,0.8742361570275607
2021-09-02,5,0.7699999999999999,0.7559534195459291,0.7548611925600475,0.7477401129943502,0.7499999999999999,0.6610952047713247,0.8508116343205335,0.6429228850657477,0.8689839540261105
2021-09-09,5,0.79,0.7667247330780145,0.7650975889723441,0.7677770404777703,0.7699999999999999,0.6718787690689527,0.8615706970870762,0.6537087962853434,0.8797406698706856
2021-09-16,5,0.8500000000000001,0.7953087563522494,0.7929392854666595,0.787813845644253,0.79,0.700552250832299,0.8900652618721998,0.6823994159240795,0.9082180967804193
2021-09-23,5,0.98,0.8382298296917409,0.83540201013025,0.8479166666666668,0.8500000000000001,0.7434626936224831,0.9329969657609987,0.7253078221827822,0.9511518372006995
2021-09-30,5,0.93,0.9659989566853046,0.9625713363003786,0.9781346979201057,0.98,0.8706652416363069,1.0613326717343021,0.8524018286814325,1.0795960846891766
2021-10-07,5,0.81,0.9415154999793592,0.9385839102270443,0.9280553724456164,0.93,0.8462055947518093,1.0368254052069092,0.8279467431276379,1.0550842568310805
2021-10-14,5,0.82,0.8253707332614971,0.8223197105386554,0.807861138532412,0.81,0.7297816269151118,0.9209598396078824,0.7114692877568803,0.9392721787661139
2021-10-21,5,0.6599999999999999,0.8303938861939308,0.8263592525421886,0.8178810775295663,0.82,0.7348133220849707,0.9259744503028909,0.7165026193930154,0.9442851529948463
2021-10-28,5,0.6599999999999999,0.6681367787719263,0.6638724682467316,0.6576221712036733,0.6599999999999999,0.5717568489049066,0.764516708638946,0.5532930089211345,0.7829805486227182
2021-11-04,5,0.6799999999999999,0.660536979371106,0.655742473807221,0.657626064178127,0.6599999999999999,0.564215219664657,0.756858739077555,0.545762523541833,0.775311435200379
2021-11-11,5,0.71,0.6869077513929707,0.6813362607146556,0.6776626348479895,0.6799999999999999,0.5906850060348037,0.7831304967511377,0.5722512784367056,0.8015642243492357
2021-11-18,5,0.72,0.7017860138592723,0.6961861576602891,0.7077154046997388,0.71,0.6056472272569241,0.7979248004616205,0.587229583931089,0.8163424437874556
2021-11-25,5,0.53,0.7168114177489666,0.7106153906556123,0.7177354187031606,0.72,0.620739038187694,0.8128837973102392,0.6023341166907907,0.8312887188071425
2021-12-02,5,0.5,0.5476750105432155,0.5433662761135222,0.5274300585556279,0.53,0.45105451611300573,0.6442955049734254,0.4325445903351619,0.6628054307512692
2021-12-09,5,0.45,0.5028884148043775,0.49755089613701514,0.4973855147775252,0.5,0.40591126617324347,0.5998655634355116,0.3873330149037284,0.6184438147050266
2021-12-16,5,0.4599999999999999,0.4567923103953584,0.45113732916124005,0.4473086900129702,0.45,0.359868199637738,0.5537164211529788,0.3413001090190035,0.5722845117717134
2021-12-23,5,0.47,0.45749684557243336,0.4505583565439127,0.45732923276141135,0.4599999999999999,0.36065050365905893,0.5543431874858078,0.34209731148959555,0.5728963796552712
2021-12-30,5,0.6299999999999999,0.4791209914669893,0.470318044947118,0.467349709114415,0.47,0.3824030407274508,0.5758389422065278,0.3638744449038481,0.5943675380301304
2022-01-06,5,0.5899999999999999,0.6274750028268812,0.6174670149871382,0.6276121329461115,0.6299999999999999,0.5305556553365522,0.7243943503172101,0.5119884772335789,0.7429615284201835
2022-01-13,5,0.56,0.6053903274878013,0.5953864157409028,0.5875515463917524,0.5899999999999999,0.5085342299551402,0.7022464250204624,0.48997916886759707,0.7208014861080055
2022-01-20,5,0.51,0.5715165170368997,0.5620820965275295,0.5575072370537151,0.56,0.4747494970355738,0.6682835370382255,0.456211500842008,0.6868215332317913
2022-01-27,5,0.5,0.5200776608674358,0.5106352558733743,0.5074309569685292,0.51,0.42330636654666776,0.6168489551882038,0.40476755150678895,0.6353877702280826
2022-02-03,5,0.4499999999999999,0.5056585158547633,0.49585650501710243,0.4974190445655659,0.5,0.4089820582364723,0.6023349734730543,0.3904614113951131,0.6208556203144135
2022-02-10,5,0.3999999999999999,0.4603092689753622,0.4496052833737683,0.44734314980793843,0.4499999999999999,0.3636760493239347,0.5569424886267896,0.3451636857309913,0.575454852219733
2022-02-17,5,0.3999999999999999,0.4073764092312096,0.39713633068358667,0.397267497603068,0.3999999999999999,0.3107024738026276,0.5040503446597916,0.29218231014596524,0.522570508316454
2022-02-24,5,0.3,0.40436149178243197,0.3935790061898707,0.39727185705169105,0.3999999999999999,0.30782381329332176,0.5008991702715422,0.2893297528547314,0.5193932307101325
2022-03-03,5,0.3799999999999999,0.31595967732611,0.3200546778163418,0.2971169162153552,0.3,0.21982123328111403,0.412098121371106,0.2014036555801881,0.4305156990720319
2022-03-10,5,0.3,0.34574458039710704,0.3484567460240233,0.3772487277353688,0.3799999999999999,0.24949512038492028,0.4419940404092938,0.2310562749671919,0.4604328858270222
2022-03-17,5,0.2600000000000002,0.287471992792945,0.2928066089704867,0.2971260717688155,0.3,0.19121487937566745,0.38372910621022255,0.1727745677683794,0.4021694178175106
2022-03-24,5,0.1299999999999999,0.22463789966336856,0.23166213206570024,0.25706721623335466,0.2600000000000002,0.12852257712657397,0.3207532222001631,0.11010942889377698,0.33916637043296016
2022-03-31,5,0.2200000000000002,0.1134521872480991,0.12737268229016468,0.12686609686609676,0.1299999999999999,0.01745965456141929,0.20944471993477892,-0.0009299703906772705,0.22783434488687548
2022-04-07,5,0.3399999999999998,0.18787021912127608,0.20102263151633645,0.21701327433628337,0.2200000000000002,0.09172921856805798,0.28401121967449416,0.07331115110791771,0.30242928713463446
2022-04-14,5,0.25,0.3285931008894137,0.3344806644852018,0.33720732092142613,0.3399999999999998,0.23090839232519345,0.4262778094536339,0.2121945913265858,0.44499161045224156
2022-04-21,5,0.27,0.2055575395801419,0.2133628785568141,0.24706994328922496,0.25,0.10807808056551613,0.3030369985947676,0.08940359994041036,0.3217114792198734
2022-04-28,5,0.3399999999999998,0.23427369920631738,0.2427989652748963,0.2671060081786726,0.27,0.1368535999633718,0.33169379844926294,0.1181904910971715,0.35035690731546326
2022-05-05,5,0.2799999999999998,0.3074369203145992,0.3119244846368269,0.33722047738693445,0.3399999999999998,0.2097672425655817,0.40510659806361665,0.1910563210727707,0.42381751955642766
2022-05-12,5,0.1799999999999997,0.21823667811368275,0.2221884057383005,0.2771307619943554,0.2799999999999998,0.12033404661460682,0.31613930961275866,0.10157849735779313,0.3348948588695724
2022-05-19,5,0.25,0.18462480320908822,0.18929039466985426,0.1769787100814023,0.1799999999999997,0.08677064405642712,0.2824789623617493,0.06802438081641254,0.3012252256017639
2022-05-26,5,0.1600000000000001,0.249620207763775,0.24994560270049712,0.2470928415129728,0.25,0.1517881203896824,0.3474522951378676,0.13304608551742247,0.3661943300101275
2022-06-02,5,0.1600000000000001,0.17396781260956806,0.17710711374608618,0.1569569288389514,0.1600000000000001,0.07630288293603255,0.2716327422831036,0.057592871048634725,0.29034275417050137
2022-06-09,5,0.1699999999999999,0.1252938827539253,0.12745510040427507,0.15696167030227492,0.1600000000000001,0.027675480997763582,0.22291228451008704,0.00897438262609826,0.24161338288175235
2022-06-16,5,0.1899999999999999,0.10429995002891158,0.10754211817387824,0.16698195395146226,0.1699999999999999,0.006692566883797421,0.20190733317402576,-0.012006420614042751,0.22060632067186592
2022-06-23,5,0.1299999999999999,0.0938774999977534,0.09763456828242176,0.18701770736253484,0.1899999999999999,-0.003735357643638068,0.19149035763914485,-0.02243539390986181,0.2101903939053686
2022-06-30,5,0.0300000000000002,0.11351915143735201,0.11968972288105015,0.12692928039702223,0.1299999999999999,0.015863593777111898,0.21117470909759212,-0.0028446226809465402,0.22988292555565057
2022-07-07,5,-0.1299999999999999,0.04333055415982806,0.05105221269135562,0.02677918860328295,0.0300000000000002,-0.05433784340706581,0.14099895172672194,-0.07304851965091355,0.15970962797056967
2022-07-14,5,-0.2299999999999999,-0.12221123248682975,-0.12201958739298366,-0.13346320346320337,-0.1299999999999999,-0.22003747273600288,-0.02438499223765661,-0.238778387454108,-0.0056440775195514825
2022-07-21,5,-0.31,-0.27713453433067115,-0.27614202194156934,-0.23361222599567757,-0.2299999999999999,-0.37507134893521726,-0.17919771972612503,-0.3938334467690056,-0.16043562189233668
2022-07-28,5,-0.48,-0.3102835262948709,-0.3051055689897285,-0.3137299630086313,-0.31,-0.40821275494395015,-0.2123542976457916,-0.42697339950973906,-0.1935936530800027
2022-08-04,5,-0.4700000000000002,-0.5590149427481128,-0.556414830588521,-0.4839858417974761,-0.48,-0.6571725841398955,-0.4608573013563301,-0.6759769865330387,-0.4420528989631869
2022-08-11,5,-0.54,-0.4902165309027902,-0.47750683639995584,-0.473964351567302,-0.4700000000000002,-0.5887260986352291,-0.39170696317035136,-0.6075979207873294,-0.372835141018251
2022-08-18,5,-0.4900000000000002,-0.5575289318765632,-0.5401410273908159,-0.5440656643142069,-0.54,-0.6558900704137004,-0.45916779333942587,-0.6747334574661411,-0.44032440628698527
2022-08-25,5,-0.48,-0.5084098889900184,-0.4932378129520312,-0.4939828431372551,-0.4900000000000002,-0.606998962611683,-0.4098208153683538,-0.6258860159848317,-0.3909337619952051
2022-09-01,5,-0.4700000000000002,-0.5068551076632637,-0.49223116125767913,-0.4839614561027837,-0.48,-0.6054692637776471,-0.40824095154888035,-0.6243611222915818,-0.38934909303494564
2022-09-08,5,-0.6599999999999997,-0.5113577622981211,-0.5032511732503837,-0.473940134392181,-0.4700000000000002,-0.6099952286069282,-0.41272029598931403,-0.6288915527362708,-0.39382397185997137
2022-09-15,5,-0.6699999999999999,-0.6991607100851613,-0.6951072390580271,-0.6642238487343699,-0.6599999999999997,-0.7979638350052323,-0.6003575851650904,-0.8168918949336622,-0.5814295252366605
2022-09-22,5,-0.6299999999999999,-0.7068442300493369,-0.701503387974107,-0.6742326431181486,-0.6699999999999999,-0.8055795239261134,-0.6081089361725605,-0.8244945892245301,-0.5891938708741438
2022-09-29,5,-0.6700000000000004,-0.727271531604645,-0.7193426744793848,-0.6341653998175736,-0.6299999999999999,-0.8261165972122527,-0.6284264659970372,-0.8450526918647643,-0.6094903713445257
2022-10-06,5,-0.7000000000000002,-0.676087978507903,-0.6554363131082643,-0.6742197935640563,-0.6700000000000004,-0.77502110991105,-0.5771548471047561,-0.7939740756357768,-0.5582018813800292
2022-10-13,5,-0.6200000000000001,-0.7209365168017796,-0.7030298754048881,-0.7042588663231284,-0.7000000000000002,-0.8197955721295924,-0.6220774614739668,-0.8387343468416937,-0.6031386867618656
2022-10-20,5,-0.6299999999999999,-0.642269689000623,-0.6226599389216548,-0.6241313559322035,-0.6200000000000001,-0.7411334569421164,-0.5434059210591295,-0.7600731344660896,-0.5244662435351564
2022-10-27,5,-0.6399999999999997,-0.6836794449554632,-0.6671801885292863,-0.6341402236325173,-0.6299999999999999,-0.7826164800249152,-0.5847424098860111,-0.8015701935886383,-0.565788696322288
2022-11-03,5,-0.69,-0.6926967585049455,-0.6890122045320639,-0.6441490645745319,-0.6399999999999997,-0.7917073616096297,-0.5936861554002613,-0.8106751688589605,-0.5747183481509305
2022-11-10,5,-0.8300000000000001,-0.7626110702737494,-0.7573050143064445,-0.6942181379933714,-0.69,-0.8616646286191573,-0.6635575119283416,-0.8806406649540692,-0.6445814755934296
2022-11-17,5,-0.96,-0.8229745994918436,-0.8089947616172609,-0.8344223826714802,-0.8300000000000001,-0.9220122465224672,-0.72393695246122,-0.9409852346712005,-0.7049639643124866
2022-11-24,5,-0.96,-0.9637332989362349,-0.9530545163601082,-0.9646109942925803,-0.96,-1.0630318139615729,-0.864434783910897,-1.0820547775037097,-0.8454118203687602
2022-12-01,5,-1.0100000000000002,-0.9896594181186749,-0.9752474103226346,-0.9646040791841631,-0.96,-1.0889058873307955,-0.8904129489065542,-1.1079188802746098,-0.87139995596274
2022-12-08,5,-0.9000000000000004,-1.0579163422606481,-1.0501233236909395,-1.0146720575022463,-1.0100000000000002,-1.1571007085596738,-0.9587319759616224,-1.1761018042313953,-0.9397308802899009
2022-12-15,5,-0.7399999999999998,-0.9559312738972575,-0.9555868191962527,-0.9045005980861247,-0.9000000000000004,-1.0554138062154819,-0.8564487415790333,-1.0744720225935025,-0.8373905252010125
2022-12-22,5,-0.7399999999999998,-0.8083676259589443,-0.8065877111457406,-0.7442550014929827,-0.7399999999999998,-0.908924117322149,-0.7078111345957396,-0.9281880757875834,-0.6885471761303051
2022-12-29,5,-0.8600000000000003,-0.7487282410554177,-0.7439341332880665,-0.7442486583184256,-0.7399999999999998,-0.8492581136995255,-0.6481983684113098,-0.8685169727239181,-0.6289395093869172
2023-01-05,5,-0.8999999999999999,-0.8632062898705065,-0.8573996149938043,-0.8644209586186368,-0.8600000000000003,-0.9638359644091771,-0.762576615331836,-0.9831139428312891,-0.743298636909724
2023-01-12,5,-0.7599999999999998,-0.9032739805780586,-0.896439644722095,-0.9044738406658739,-0.8999999999999999,-1.003889574031441,-0.8026583871246761,-1.0231648548908354,-0.783383106265282
2023-01-19,5,-0.77,-0.7724205980089839,-0.7682981207233949,-0.7642594241614721,-0.7599999999999998,-0.8732692508089077,-0.67157194520906,-0.8925891796617919,-0.6522520163561759
2023-01-26,5,-0.8300000000000001,-0.7751397116711021,-0.7773162694489053,-0.7742679312388856,-0.77,-0.8759191350395844,-0.6743602883026197,-0.895225801368351,-0.6550536219738532
2023-02-02,5,-0.92,-0.8368366773268261,-0.841989612752794,-0.8343503995264872,-0.8300000000000001,-0.9375634729984129,-0.7361098816552393,-0.9568600572553672,-0.716813297398285
2023-02-09,5,-0.8499999999999996,-0.9446570196959503,-0.9490926927706755,-0.92447695035461,-0.92,-1.045408829224407,-0.8439052101674936,-1.0647102054733377,-0.824603833918563
2023-02-16,5,-0.8800000000000003,-0.8611985036118386,-0.8592207249935697,-0.8543670699321331,-0.8499999999999996,-0.9621907295351374,-0.7602062776885398,-0.9815381631930117,-0.7408588440306655
2023-02-23,5,-0.8199999999999998,-0.8897301901512387,-0.8852299793513012,-0.8844048320565707,-0.8800000000000003,-0.9907434411755861,-0.7887169391268912,-1.0100949026855448,-0.7693654776169325
2023-03-02,5,-0.9800000000000004,-0.8253636275799636,-0.8215080738304096,-0.8243100912032949,-0.8199999999999998,-0.9263809131812832,-0.724346341978644,-0.9457331476092521,-0.7049941075506752
2023-03-09,5,-0.8300000000000001,-0.9865165919904458,-0.9823095881936578,-0.9845387779083435,-0.9800000000000004,-1.087727184914092,-0.8853059990667997,-1.1071164519013503,-0.8659167320795412
2023-03-16,5,-0.69,-0.8486591644099841,-0.8417096910671299,-0.8343121149897331,-0.8300000000000001,-0.9504945661899313,-0.7468237626300369,-0.9700035299933122,-0.7273147988266561
2023-03-23,5,-0.8299999999999996,-0.7005229012818335,-0.7006569104462758,-0.6941007615700058,-0.69,-0.8027346359256555,-0.5983111666380114,-0.8223156951309403,-0.5787301074327267
2023-03-30,5,-0.8199999999999998,-0.8270637512451232,-0.8322042168722837,-0.8342995027785899,-0.8299999999999996,-0.9292776846061586,-0.7248498178840879,-0.9488591650273835,-0.7052683374628629
2023-04-06,5,-0.8500000000000001,-0.8132007121199895,-0.8172964995939875,-0.8242786214953269,-0.8199999999999998,-0.9153523795299406,-0.7110490447100383,-0.9349219314453155,-0.6914794927946634
2023-04-13,5,-0.8199999999999998,-0.8481620849004943,-0.8523927355474431,-0.8543161271507729,-0.8500000000000001,-0.9503541330226655,-0.7459700367783231,-0.969931420812199,-0.7263927489887896
2023-04-20,5,-0.7799999999999998,-0.8236767405265895,-0.8276695004416232,-0.8242661619103085,-0.8199999999999998,-0.9258224559800546,-0.7215310250731243,-0.9453908676583253,-0.7019626133948537
2023-04-27,5,-0.7599999999999998,-0.770485940866947,-0.7740251638976621,-0.7842018028496655,-0.7799999999999998,-0.8725798629707433,-0.6683920187631507,-0.8921383524160155,-0.6488335293178785
2023-05-04,5,-0.8300000000000001,-0.7692686961246195,-0.7756451232173646,-0.7641666666666664,-0.7599999999999998,-0.8713170035493393,-0.6672203886998996,-0.8908667544311311,-0.6476706378181079
2023-05-11,5,-0.8999999999999999,-0.8410901804464866,-0.8486978226570493,-0.8342621049579589,-0.8300000000000001,-0.9430664005544497,-0.7391139603385236,-0.9626023414170467,-0.7195780194759266
2023-05-18,5,-0.9300000000000006,-0.8914722400165556,-0.8974542038246996,-0.9043572669368847,-0.8999999999999999,-0.9935380851694069,-0.7894063948637042,-1.013091195815066,-0.7698532842180451
2023-05-25,5,-1.04,-0.9244315629730839,-0.9286461523621544,-0.9343943336224348,-0.9300000000000006,-1.0264419727905543,-0.8224211531556136,-1.0459844634952844,-0.8028786624508834
2023-06-01,5,-1.1300000000000003,-1.0409104035260008,-1.0427766528516824,-1.044546766743649,-1.04,-1.1431035967868994,-0.9387172102651024,-1.1626811039546607,-0.9191397030973409
2023-06-08,5,-1.16,-1.1358537652383958,-1.1382313067980756,-1.1346699336984725,-1.1300000000000003,-1.23816016501619,-1.0335473654606016,-1.2577593595520162,-1.0139481709247753
2023-06-15,5,-1.29,-1.1686221969802983,-1.170407375139326,-1.1647063903281518,-1.16,-1.2708590127551878,-1.066385381205409,-1.290444876840402,-1.0467995171201947
2023-06-22,5,-1.3000000000000005,-1.284503505737292,-1.283743521997489,-1.2948864616269042,-1.29,-1.3868922419705643,-1.1821147695040197,-1.4065072099889078,-1.1624998014856762
2023-06-29,5,-1.2599999999999998,-1.3034909166569175,-1.3026430277193322,-1.3048938002296215,-1.3000000000000005,-1.4058382827463936,-1.2011435505674415,-1.4254453253417136,-1.1815365079721214
2023-07-06,5,-1.2300000000000004,-1.258253462458961,-1.2567414559890187,-1.2648294640298077,-1.2599999999999998,-1.3605788900313673,-1.1559280348865546,-1.3801817297883037,-1.1363251951296183
2023-07-13,5,-1.14,-1.2573636692635264,-1.257100735693482,-1.2347796222095024,-1.2300000000000004,-1.359679873493223,-1.1550474650338298,-1.3792809463021638,-1.135446392224889
2023-07-20,5,-1.1599999999999997,-1.1614303069590213,-1.1613546849131287,-1.1446441840525863,-1.14,-1.2639878052301818,-1.0588728086878607,-1.2836351035818967,-1.0392255103361459
2023-07-27,5,-1.0099999999999998,-1.158998026552994,-1.1607199279625384,-1.1646660958904107,-1.1599999999999997,-1.2613885787868986,-1.0566074743190894,-1.2810038947028297,-1.0369921584031583
2023-08-03,5,-1.04,-1.0454489686670896,-1.0486623342950665,-1.014445711028783,-1.0099999999999998,-1.1482167401666104,-0.9426811971675689,-1.1679043212955242,-0.9229936160386548
2023-08-10,5,-1.0000000000000004,-1.0351425666780625,-1.03553145730553,-1.0444820717131476,-1.04,-1.1378267652249197,-0.9324583681312054,-1.1574983359912292,-0.9127867973648957
2023-08-17,5,-1.0699999999999998,-1.0106511540272098,-1.0118779613452653,-1.0044188689968745,-1.0000000000000004,-1.1132896931576552,-0.9080126148967644,-1.132952516789997,-0.8883497912644227
2023-08-24,5,-1.0799999999999996,-1.0811416058738894,-1.0813985421879164,-1.0745119182746876,-1.0699999999999998,-1.1837279464553765,-0.9785552652924023,-1.2033807702292758,-0.958902441518503
2023-08-31,5,-0.9700000000000002,-1.0840645241918176,-1.0831259338388144,-1.0845196939642954,-1.0799999999999996,-1.1865983162456968,-0.9815307321379384,-1.206241073114521,-0.9618879752691144
2023-09-07,5,-1.0000000000000004,-0.9783077047422997,-0.9776696317875685,-0.9743576683644597,-0.9700000000000002,-1.0810092158688127,-0.8756061936157866,-1.1006841032665096,-0.8559313062180899
2023-09-14,5,-1.0,-1.0014692123887519,-1.0013286438017646,-1.0043938965809556,-1.0000000000000004,-1.1040882172124116,-0.898850207565092,-1.1237472985893358,-0.8791911261881679
2023-09-21,5,-0.8500000000000005,-1.0040909052364921,-1.0034875984974785,-1.0043876975169301,-1.0,-1.1066799606643338,-0.9015018498086503,-1.126333304530837,-0.8818485059421473
2023-09-28,5,-0.6600000000000001,-0.8779953285814173,-0.8765513842592548,-0.8541701887855739,-0.8500000000000005,-0.9809730042160535,-0.775017652946781,-1.0007007974136841,-0.7552898597491504
2023-10-05,5,-0.7800000000000002,-0.6853574764607655,-0.6834672655078958,-0.6638970174451324,-0.6600000000000001,-0.7890268824539186,-0.5816880704676124,-0.8088871928537218,-0.5618277600678092
2023-10-12,5,-0.7000000000000002,-0.7696140780645901,-0.7680899231739216,-0.7840601292497895,-0.7800000000000002,-0.873158230747409,-0.6660699253817713,-0.8929945459328285,-0.6462336101963518
2023-10-19,5,-0.6399999999999997,-0.7225684156731,-0.7220287916956162,-0.7039421997755333,-0.7000000000000002,-0.8264683116344903,-0.6186685197117098,-0.8463727778030025,-0.5987640535431976
2023-10-26,5,-0.6999999999999997,-0.645242594066796,-0.6431221676607224,-0.643852619781451,-0.6399999999999997,-0.7492691986014539,-0.541215989532138,-0.7691979387741557,-0.5212872493594363
2023-11-02,5,-0.7200000000000002,-0.7020685988236939,-0.7006579702008209,-0.703931169557918,-0.6999999999999997,-0.8062256508288501,-0.5979115468185376,-0.8261793812793503,-0.5779578163680374
2023-11-09,5,-0.7600000000000002,-0.7053295989591899,-0.7050478016341469,-0.7239536183291424,-0.7200000000000002,-0.8094456487598339,-0.6012135491585459,-0.8293915242747253,-0.5812676736436545
2023-11-16,5,-0.7199999999999998,-0.7605041257486397,-0.7614118740876957,-0.7640039062500003,-0.7600000000000002,-0.864587053351744,-0.6564211981455353,-0.8845265835315004,-0.636481667965779
2023-11-23,5,-0.6400000000000001,-0.7287841227568264,-0.7294134847994773,-0.7239426023962104,-0.7199999999999998,-0.8328225337763628,-0.6247457117372899,-0.852753535758633,-0.6048147097550197
2023-11-30,5,-0.75,-0.6399499128509454,-0.6406719983190844,-0.6438258208124653,-0.6400000000000001,-0.7440634523934022,-0.5358363733084885,-0.76400884700936,-0.5158909786925308
2023-12-07,5,-0.77,-0.7360913884275317,-0.7391030075406322,-0.7539733259238678,-0.75,-0.8402472853019127,-0.6319354915531508,-0.8602007944599734,-0.61198198239509
2023-12-14,5,-0.8300000000000001,-0.7851774025917603,-0.7894633480928656,-0.7739955604883463,-0.77,-0.8893688988091187,-0.6809859063744018,-0.9093292278577227,-0.6610255773257978
2023-12-21,5,-0.81,-0.8189688118370078,-0.822443242311699,-0.8340731504571904,-0.8300000000000001,-0.9231627763043244,-0.7147748473696911,-0.9431235782041987,-0.6948140454698168
2023-12-28,5,-0.81,-0.8024360314577391,-0.8073240900869231,-0.8140398450470393,-0.81,-0.9065903143271365,-0.6982817485883417,-0.9265435142846221,-0.6783285486308561
2024-01-04,5,-0.7400000000000002,-0.8052311830963919,-0.8115636504588369,-0.8140342636087318,-0.81,-0.9093137879852771,-0.7011485782075066,-0.9292532563415427,-0.6812091098512411
2024-01-11,5,-0.5599999999999996,-0.7487280612787621,-0.7546661987431937,-0.7439321192052982,-0.7400000000000002,-0.8527863196200252,-0.6446698029374991,-0.8727211238230789,-0.6247349987344454
2024-01-18,5,-0.5299999999999998,-0.5541677373982905,-0.558508823188895,-0.5636786993662162,-0.5599999999999996,-0.6589488680661356,-0.4493866067304454,-0.6790221554470162,-0.42931331934956485
2024-01-25,5,-0.6800000000000002,-0.5359206281392872,-0.5426416150429937,-0.5336323610346724,-0.5299999999999998,-0.6406827364198875,-0.4311585198586869,-0.660752379615566,-0.4110888766630084
2024-02-01,5,-0.6300000000000003,-0.668312733341591,-0.6739638423530723,-0.6838334707337183,-0.6800000000000002,-0.7732241412276384,-0.5634013254555437,-0.79332238627049,-0.543303080412692
2024-02-08,5,-0.7000000000000002,-0.6352627387500783,-0.6415675722167301,-0.6337596048298576,-0.6300000000000003,-0.7400872884171288,-0.5304381890830279,-0.7601688937274235,-0.5103565837727332
2024-02-15,5,-0.69,-0.6982370567140752,-0.7036964620043349,-0.703850369964374,-0.7000000000000002,-0.8030391676849125,-0.593434945743238,-0.8231164743357571,-0.5733576390923933
2024-02-22,5,-0.6999999999999997,-0.685197059311999,-0.6892081140073524,-0.693831417624521,-0.69,-0.7899596698160825,-0.5804344488079156,-0.8100294092244688,-0.5603647093995293
2024-02-29,5,-0.73,-0.6973863014439295,-0.7008671639060909,-0.7038398469527191,-0.6999999999999997,-0.8020754696514387,-0.5926971332364204,-0.8221311394624113,-0.5726414634254477
2024-03-07,5,-0.6999999999999997,-0.7231852318442555,-0.726738947757996,-0.7338755458515284,-0.73,-0.8278451842646462,-0.6185252794238649,-0.84789525710518,-0.5984752065833311
2024-03-14,5,-0.6400000000000006,-0.6932575576159168,-0.6976817533255694,-0.703829381302807,-0.6999999999999997,-0.7978396984449669,-0.5886754167868666,-0.8178748646470193,-0.5686402505848143
2024-03-21,5,-0.7199999999999998,-0.6519827807092702,-0.6562664071995047,-0.6437425149700604,-0.6400000000000006,-0.7565452740103782,-0.5474202874081622,-0.7765766762668405,-0.5273888851516999
2024-03-28,5,-0.6500000000000004,-0.7111231588072169,-0.714884167577921,-0.7238461538461536,-0.7199999999999998,-0.8156712249956637,-0.6065750926187701,-0.835699863399735,-0.5865464542146988
2024-04-04,5,-0.52,-0.657085808767078,-0.6611038291797444,-0.6537459283387625,-0.6500000000000004,-0.7615837678556308,-0.5525878496785253,-0.781602807067466,-0.53256881046669
2024-04-11,5,-0.4900000000000002,-0.5291542757343615,-0.5325463011867053,-0.5235646516671185,-0.52,-0.6338502841667513,-0.42445826730197167,-0.6539072643835088,-0.40440128708521417
2024-04-18,5,-0.4899999999999997,-0.4970896236770017,-0.5000268404311222,-0.4935192203573364,-0.4900000000000002,-0.6018073425446943,-0.3923719048093092,-0.6218684819054142,-0.37231076544858926
2024-04-25,5,-0.52,-0.48398400705140765,-0.48664076907602605,-0.4935144633684777,-0.4899999999999997,-0.5886309344144391,-0.37933707968837616,-0.608678511999216,-0.35928950210359933
2024-05-02,5,-0.5800000000000001,-0.5254891607107073,-0.528091049537372,-0.5235502159827214,-0.52,-0.6300879171232321,-0.4208904042981825,-0.6501262664306773,-0.4008520549907373
2024-05-09,5,-0.6300000000000003,-0.5696803463265184,-0.5720538781286076,-0.5836263143704503,-0.5800000000000001,-0.6742470963262185,-0.46511359632681837,-0.6942793140533059,-0.44508137859973096
2024-05-16,5,-0.5899999999999999,-0.6293458346609799,-0.6325536418272213,-0.6336887452880994,-0.6300000000000003,-0.7339055534871471,-0.5247861158348127,-0.7539364242277491,-0.5047552450942108
2024-05-23,5,-0.5599999999999996,-0.5887036324118082,-0.5919297119706265,-0.5936300080666844,-0.5899999999999999,-0.6931870273089863,-0.48422023751463017,-0.7132032764077824,-0.4642039884158341
2024-05-30,5,-0.54,-0.5656483292759958,-0.5687776342129288,-0.5635848549946291,-0.5599999999999996,-0.6701191703510674,-0.4611774882009243,-0.6901330144702906,-0.44116364408170106
2024-06-06,5,-0.54,-0.5326053621809564,-0.5320495662458081,-0.5435532314293376,-0.54,-0.6370252764722837,-0.42818544788962914,-0.6570293643695712,-0.40818135999234173
2024-06-13,5,-0.56,-0.5377377298389463,-0.5387326951089367,-0.5435484734868774,-0.54,-0.6421835259450726,-0.4332919337328201,-0.6621925721120702,-0.41328288756582243
2024-06-20,5,-0.5499999999999994,-0.5537384005036312,-0.5578885263231084,-0.5635704733886067,-0.56,-0.6581395320349069,-0.4493372689723555,-0.6781400216532111,-0.42933677935405135
2024-06-27,5,-0.4399999999999999,-0.5485500514614328,-0.5530607353713345,-0.5535523504273498,-0.5499999999999994,-0.6529033843877913,-0.44419671853507425,-0.6728947170603096,-0.42420538586255596
2024-07-04,5,-0.4199999999999999,-0.4498930699255697,-0.45322309371262315,-0.4434009069085088,-0.4399999999999999,-0.5543715223655611,-0.34541461748557833,-0.5743868246205615,-0.32539931523057797
2024-07-11,5,-0.33,-0.4220148765669205,-0.42542753831418983,-0.4233697389451251,-0.4199999999999999,-0.5264356697180459,-0.31759408341579515,-0.5464399259815761,-0.2975898271522649
2024-07-18,5,-0.2599999999999998,-0.33705740390785555,-0.34183960523021933,-0.33324554402766693,-0.33,-0.44154341990764695,-0.23257138790806414,-0.46156017114023057,-0.21255463667548052
2024-07-25,5,-0.25,-0.25253349402218017,-0.2556255456851691,-0.2631482465462272,-0.2599999999999998,-0.3571444760871358,-0.14792251195722456,-0.3771851675055421,-0.12788182053881825
2024-08-01,5,-0.1699999999999999,-0.24435807487042469,-0.2480548445314601,-0.253130803926771,-0.25,-0.3488878775037926,-0.1398282722370568,-0.36891301709479174,-0.11980313264605766
2024-08-08,5,-0.2400000000000002,-0.14851992241917633,-0.15522761637232557,-0.17302066772654998,-0.1699999999999999,-0.25311262517953415,-0.043927219658818545,-0.2731498147676779,-0.02389003007067475
2024-08-15,5,-0.2299999999999999,-0.2275039877484127,-0.23810314475652905,-0.24310928817147415,-0.2400000000000002,-0.3320986262326422,-0.12290934926418326,-0.35213618665417284,-0.10287178884265259
2024-08-22,5,-0.1800000000000001,-0.223363015280992,-0.23322692782333226,-0.23309196617336142,-0.2299999999999999,-0.32790123397878124,-0.11882479658320276,-0.34792798586465323,-0.09879804469733079
2024-08-29,5,-0.1599999999999997,-0.16600533154194974,-0.17518157648435376,-0.18302190551596736,-0.1800000000000001,-0.2705096002504797,-0.06150106283341977,-0.2905298482182642,-0.04148081486563529
2024-09-05,5,-0.0899999999999998,-0.15167804579862051,-0.1591362364279214,-0.16299156562994171,-0.1599999999999997,-0.2561468788637169,-0.047209212733524145,-0.27616033830145176,-0.027195753295789257
2024-09-12,5,0.0300000000000002,-0.06734990967792828,-0.07474871676249269,-0.09289549881547755,-0.0899999999999998,-0.17181839783452013,0.037118578478663566,-0.19183179119692745,0.05713197184107088
2024-09-19,5,0.0399999999999995,0.035827113965349544,0.028255132227337706,0.02726603575184037,0.0300000000000002,-0.06868334403239636,0.14033757196309543,-0.08870477770394564,0.16035900563464472
2024-09-26,5,0.04,0.09128365701263824,0.08536374483054593,0.03728275137831402,0.0399999999999995,-0.013194302676496739,0.19576161670177322,-0.033209510533493525,0.21577682455877
2024-10-03,5,0.04,0.05487439988990346,0.041392910842755794,0.03728631358154169,0.04,-0.04957495600015584,0.15932375577996277,-0.06958468412740193,0.17933348390720885
2024-10-10,5,0.1400000000000001,0.03795810316669827,0.02391382825717806,0.037289866457187744,0.04,-0.06651037903549814,0.1424265853688947,-0.08652377125720112,0.16243997759059767
2024-10-17,5,0.1600000000000001,0.15359615580802544,0.1427073872687255,0.1374241631799164,0.1400000000000001,0.04898515123032114,0.2582071603857297,0.028944455499068864,0.278247856116982
2024-10-24,5,0.1500000000000003,0.1922201342145468,0.18815387900393254,0.15745364324889013,0.1600000000000001,0.08757169812928293,0.2968685702998107,0.06752383151331551,0.3169164369157781
2024-10-31,5,0.1500000000000003,0.17976524284313952,0.17528147133499516,0.14744392279603577,0.1500000000000003,0.07515354881891985,0.2843769368673592,0.055112721007989224,0.30441776467828985
2024-11-07,5,0.0999999999999996,0.1565016175405391,0.14757124254397244,0.14744725188851293,0.1500000000000003,0.05192574868254597,0.26107748639853223,0.031891784023907646,0.28111145105717056
2024-11-14,5,0.0699999999999998,0.11618503860537273,0.11131146355874226,0.09738553590010365,0.0999999999999996,0.011601210665974082,0.22076886654477137,-0.008434278741703702,0.24080435595244915
2024-11-21,5,0.04,0.08543848752682322,0.07955549544081952,0.06734996102883846,0.0699999999999998,-0.019117104480375763,0.1899940795340222,-0.0391471846318459,0.21002415968549232
2024-11-28,5,0.04,0.040155161911366824,0.03472009822123586,0.03731447846393358,0.04,-0.06439072330449618,0.1447010471272298,-0.08441894389202774,0.16472926771476137
2024-12-05,5,0.1600000000000001,0.04442404518580004,0.039486109445231767,0.03731795802021249,0.04,-0.06005867284774992,0.14890676321934998,-0.08007479227741529,0.16892288264901537
2024-12-12,5,0.2599999999999998,0.17817831476312135,0.18024525097129399,0.15747670807453426,0.1600000000000001,0.07359357607207809,0.28276305345416464,0.05355791218852493,0.3027987173377178
2024-12-19,5,0.2600000000000002,0.27234154597237714,0.27645652166926205,0.2576092013440163,0.2599999999999998,0.16770947062922986,0.3769736213155244,0.14766473829780566,0.3970183536469486
2024-12-26,5,0.29,0.274870531728183,0.27549541816687495,0.25761228704181743,0.2600000000000002,0.1703394972735179,0.37940156618284804,0.15031412169820801,0.39942694175815796
2025-01-02,5,0.3999999999999999,0.2921923660010915,0.2898815205497572,0.2876540345449858,0.29,0.1877026651577353,0.39668206684444773,0.1676852080067925,0.41669952399539045
2025-01-09,5,0.3899999999999997,0.3919631807269091,0.38991448446978916,0.3977986611740473,0.3999999999999999,0.28740570902743506,0.49652065242638316,0.26737526877674683,0.5165510926770713
2025-01-16,5,0.3699999999999996,0.3817479037067248,0.37938947197310835,0.3877886346104394,0.3899999999999997,0.27728693802405013,0.48620886938939945,0.25727498576825997,0.5062208216451896
2025-01-23,5,0.3799999999999999,0.37542324066317934,0.3728894409929188,0.367765793528505,0.3699999999999996,0.27100838063431465,0.479838100692044,0.2510052609997504,0.49984122032660827
2025-01-30,5,0.3700000000000001,0.39362732845379905,0.39395808508259017,0.37778148243139253,0.3799999999999999,0.28924964747062654,0.49800500943697157,0.2692536503557752,0.5180010065518229
2025-02-06,5,0.3700000000000001,0.38182679101705697,0.38203753157097387,0.36777151639344274,0.3700000000000001,0.2774756614987517,0.48617792053536224,0.2574847509408144,0.5061688310932995
2025-02-13,5,0.4000000000000003,0.3702972804347985,0.36676933784396015,0.3677743668457407,0.3700000000000001,0.2660024684273234,0.47459209244227357,0.2460223468117488,0.4945722140578481
2025-02-20,5,0.3400000000000003,0.40063219751083234,0.3974073563311885,0.39781553398058284,0.4000000000000003,0.2963998144726646,0.5048645805490001,0.2764316525929109,0.5248327424287538
2025-02-27,5,0.4399999999999999,0.3482487995322432,0.3435146668999679,0.3377417708599135,0.3400000000000003,0.2440608783432141,0.4524367207212723,0.22410123417528077,0.4723963648892056
2025-03-06,5,0.48,0.43556530695861057,0.4309553353945683,0.4378720693170233,0.4399999999999999,0.33132979646210897,0.5398008174551122,0.31136103544423266,0.5597695784729885
2025-03-13,5,0.4700000000000002,0.4914802264171457,0.4900275119357302,0.477925680834818,0.48,0.3872258605280784,0.5957345923062131,0.3672534873167543,0.6157069655175372
2025-03-20,5,0.54,0.4823562111284856,0.4799971791837875,0.4679156075241486,0.4700000000000002,0.37815610836199537,0.5865563138949758,0.35819413052669685,0.6065182917302743
2025-03-27,5,0.54,0.5399329373369026,0.5344729993581934,0.538007108403148,0.54,0.43578564669038855,0.6440802279834167,0.4158337862574765,0.6640320884163288
2025-04-03,5,0.6000000000000001,0.5334270591222551,0.5298620963506124,0.5380096348884381,0.54,0.4293389970123912,0.637515121232119,0.40939848319723127,0.6574556350472789
2025-04-10,5,0.6099999999999999,0.605322798501227,0.6010616030252428,0.5980881235755888,0.6000000000000001,0.5011700908489121,0.709475506153542,0.48121719266126795,0.7294284043411862
2025-04-17,5,0.5900000000000003,0.6054787245424839,0.5998845742227734,0.6081031866464338,0.6099999999999999,0.5013588620028684,0.7095985870820993,0.4814122560682479,0.7295451930167198
2025-04-24,5,0.6000000000000001,0.5991689891523913,0.5940126263714379,0.5880803233139684,0.5900000000000003,0.49501757629010223,0.7033204020146803,0.47506492614990825,0.7232730521548743
2025-05-01,5,0.6200000000000001,0.6077470631881474,0.6012398288582852,0.5980953582240163,0.6000000000000001,0.5036589459871739,0.711835180389121,0.4837184216180175,0.7317757047582774
2025-05-08,5,0.6300000000000003,0.6300845682705768,0.6228195802118119,0.6181229528848577,0.6200000000000001,0.5260522186234458,0.7341169179177078,0.50612237783947,0.7540467587016836
2025-05-15,5,0.6599999999999997,0.6316405428108168,0.6238711303196661,0.6281378963261202,0.6300000000000003,0.5276720351989157,0.735609050422718,0.5077544248567379,0.7555266607648957
2025-05-22,5,0.6099999999999999,0.666359994648243,0.661113806198865,0.6581779341543098,0.6599999999999997,0.5624519597806981,0.770268029515788,0.5425459344134909,0.7901740548829952
2025-05-29,5,0.6299999999999999,0.6213450132642989,0.6162081876825981,0.608117469879518,0.6099999999999999,0.5174550859508987,0.7252349405776991,0.4975525295111195,0.7451374970174783
2025-06-05,5,0.6499999999999999,0.6345639574320547,0.6292143472146552,0.6281448984707946,0.6299999999999999,0.5307326517058638,0.7383952631582457,0.5108413256084112,0.7582865892556983
2025-06-12,5,0.6499999999999999,0.6490285740651077,0.6431851464340252,0.6481722583875813,0.6499999999999999,0.5452586112411957,0.7527985368890198,0.5253790368179078,0.7726781113123077
2025-06-19,5,0.71,0.6590789328655473,0.6526024956468065,0.6481745436359089,0.6499999999999999,0.5553770341947517,0.7627808315363429,0.5355104990591404,0.7826473666719542
2025-06-26,5,0.69,0.7064905035163187,0.699865957647382,0.7082517482517482,0.71,0.602825592140587,0.8101554148920505,0.5829661427903505,0.8300148642422869
2025-07-03,5,0.71,0.7022004571388324,0.6954882705526498,0.6882289847842354,0.69,0.5986100282689664,0.8057908860086984,0.5787648477926728,0.825636066484992
2025-07-10,5,0.7599999999999998,0.7117407688291832,0.7029653618369842,0.7082561036372695,0.71,0.6082133148611766,0.8152682227971899,0.5883801987069108,0.8351013389514557
2025-07-17,5,0.7199999999999998,0.7668595249676541,0.7589390888282679,0.7583204777307786,0.7599999999999998,0.6633734498998729,0.8703456000354353,0.6435482608461301,0.890170789089178
2025-07-24,5,0.6900000000000004,0.7326581566699631,0.7252929704448772,0.7182728628230614,0.7199999999999998,0.6292075126441422,0.8361088006957841,0.6093891112389287,0.8559272021009976
2025-07-31,5,0.7000000000000002,0.6966967099261814,0.688335079475982,0.6882377761231079,0.6900000000000004,0.5932919619596434,0.8001014578927194,0.5734823530228998,0.8199110668294629
2025-08-07,5,0.7200000000000002,0.7088089177918325,0.7020253425429752,0.6982523549826477,0.7000000000000002,0.6054703940961954,0.8121474414874696,0.5856734719744623,0.8319443636092028
2025-08-14,5,0.75,0.7276202125251339,0.7196690359207714,0.7182792770487746,0.7200000000000002,0.6243456885182409,0.8308947365320268,0.6045610270405405,0.8506793980097273
2025-08-21,5,0.73,0.7554141427962527,0.7468013860769853,0.7483184965380811,0.75,0.652206718279914,0.8586215673125914,0.6324349112861118,0.8783933743063936
2025-08-28,5,0.73,0.7398996228586028,0.732336465094157,0.7282958755248209,0.73,0.6367446298010296,0.8430546159161759,0.6169828672850155,0.8628163784321901
2025-09-04,5,0.6600000000000001,0.7392789236914807,0.7306493002840958,0.728297977306364,0.73,0.636186283518456,0.8423715638645055,0.6164364661624395,0.862121381220522
2025-09-11,5,0.71,0.6756330989877029,0.665908072536732,0.6582138457748216,0.6600000000000001,0.5725047675366483,0.7787614304387575,0.5527481126777691,0.7985180852976366
2025-09-18,5,0.73,0.727084557174735,0.7251049230531628,0.708277559055118,0.71,0.6239921069440834,0.8301770074053866,0.604242325975991,0.8499267883734789
2025-09-25,5,0.73,0.7627674587989777,0.7616539067408767,0.7283042516588842,0.73,0.6597106813280789,0.8658242362698765,0.6399677343152381,0.8855671832827172
2025-10-02,5,0.73,0.7309262326021677,0.7230318577111744,0.7283063328424153,0.73,0.6279048122781361,0.8339476529261993,0.6081686387574834,0.853683826446852
2025-10-09,5,0.7000000000000002,0.7393380529347727,0.732307919732205,0.7283084089237558,0.73,0.6363830393067803,0.8422930665627651,0.6166595875489596,0.8620165183205859
2025-10-16,5,0.6999999999999997,0.7064261878510741,0.6985177637621849,0.6982737512242901,0.7000000000000002,0.6035192648142608,0.8093331108878875,0.5838050259390544,0.8290473497630939
2025-10-23,5,0.71,0.7088172153149046,0.701447884356103,0.6982758620689653,0.6999999999999997,0.605966320966402,0.8116681096634072,0.5862628157028189,0.8313716149269903
2025-10-30,5,0.71,0.7248977219009023,0.7245955172549849,0.7082901807523204,0.71,0.6220731245425709,0.8277223192592337,0.602374657085295,0.8474207867165096
2025-11-06,5,0.71,0.7367572484788684,0.738329197379326,0.7082922664064406,0.71,0.6339792798470825,0.8395352171106543,0.6142897452179045,0.8592247517398323
2025-11-13,5,0.75,0.7145284741691407,0.7105805114574402,0.7082943469785574,0.71,0.6117978737520872,0.8172590745861942,0.5921174136173433,0.8369395347209381
2025-11-20,5,0.7200000000000002,0.7529641546443054,0.7489336476062023,0.7483450961304453,0.75,0.6502822432532015,0.8556460660354094,0.6306111106453124,0.8753171986432985
2025-11-27,5,0.7999999999999998,0.7286227268413994,0.7241366632231434,0.7183106465726788,0.7200000000000002,0.6259848882095116,0.8312605654732872,0.6063221987741267,0.850923254908672
2025-12-04,5,0.7999999999999998,0.7981108055939139,0.7935504860336737,0.798409808205875,0.7999999999999998,0.695501493088111,0.9007201180997167,0.6758442685023905,0.9203773426854372
2025-12-11,5,0.81,0.799889817409992,0.7988984663111417,0.7984117361784673,0.7999999999999998,0.6973297694064656,0.9024498654135183,0.6776819825936109,0.9220976522263731
2025-12-18,5,0.8300000000000001,0.8293608131010805,0.8298646051887564,0.80842576895132,0.81,0.726842485050659,0.9318791411515019,0.7072026906750194,0.9515189355271415
2025-12-25,5,0.8399999999999999,0.8344319893287283,0.8308166416478884,0.8284518626028061,0.8300000000000001,0.731957404056353,0.9369065746011036,0.7123259896375718,0.9565379890198848
2026-01-01,5,0.8300000000000001,0.8436157521861228,0.8391804205008309,0.8384658129983086,0.8399999999999999,0.7412063197196379,0.9460251846526078,0.7215873868515706,0.965644117520675
2026-01-08,5,0.8200000000000003,0.8363768656895731,0.8309825082925646,0.8284555984555986,0.8300000000000001,0.7340276445753005,0.9387260868038458,0.7144202466063972,0.958333484772749
2026-01-15,5,0.8399999999999999,0.8242332063590093,0.8190944338465228,0.8184454085321767,0.8200000000000003,0.7219401183769638,0.9265262943410548,0.70234347402837,0.9461229386896486
2026-01-22,5,0.8400000000000003,0.8393588441292424,0.8354790468327962,0.8384713529128549,0.8399999999999999,0.7371238647340768,0.9415938235244081,0.7175383524505436,0.9611793358079412
2026-01-29,5,0.8500000000000001,0.8396964415848283,0.8381281060498694,0.8384731906708346,0.8400000000000003,0.7374975944646662,0.9418952887049903,0.7179190041673271,0.9614738790023294
2026-02-05,5,0.7899999999999996,0.8502630707204475,0.8476395247722548,0.8484870317002883,0.8500000000000001,0.7481152129591041,0.9524109284817909,0.7285463908714266,0.9719797505694684
2026-02-12,5,0.7800000000000002,0.7966139570294171,0.7933761084224333,0.7884168865435353,0.7899999999999996,0.6944780488551858,0.8987498652036483,0.6749115159916715,0.9183163980671626
2026-02-19,5,0.7399999999999998,0.7856638757126393,0.7811823155609461,0.7784068040249164,0.7800000000000002,0.6835798273875868,0.8877479240376918,0.6640232294966144,0.9073045219286642
2026-02-26,5,0.7599999999999998,0.7457573336480038,0.7410710238241778,0.7383608518784396,0.7399999999999998,0.6437020581798565,0.8478126091161511,0.624150972405634,0.8673636948903736
2026-03-05,5,0.7000000000000002,0.7646788415210319,0.7607745946713188,0.7583867112810705,0.7599999999999998,0.6626736408091666,0.8666840422328973,0.6431321480310014,0.8862255350110625
2026-03-12,5,0.6000000000000001,0.7152328282200715,0.7110040880805861,0.6983170207686801,0.7000000000000002,0.6132554859821712,0.8172101704579718,0.5937193301492205,0.8367463262909225
2026-03-19,5,0.5899999999999999,0.6166879144561521,0.6116737719847622,0.5981998092513114,0.6000000000000001,0.5145790337399516,0.7187967951723526,0.4950176786210253,0.7383581502912789
2026-03-26,5,0.6700000000000004,0.5810573263561412,0.5775598206539819,0.5881900452488686,0.5899999999999999,0.4788151861746567,0.6832994665376256,0.4592283020742637,0.7028863506380186
2026-04-02,5,0.6699999999999999,0.6650942716885974,0.6660584363666748,0.6682873453853476,0.6700000000000004,0.5628151336521869,0.7673734097250078,0.5432211617434294,0.7869673816337653
2026-04-09,5,0.7000000000000002,0.6640561128323736,0.664882026936081,0.6682893799002138,0.6699999999999999,0.5618395343114508,0.7662726913532965,0.5422575471477021,0.7858546785170452
2026-04-16,5,0.6299999999999999,0.7002019387045568,0.7009385751436484,0.6983270052206931,0.7000000000000002,0.598027949933376,0.8023759274757376,0.5784541218368239,0.8219497555722898
2026-04-23,5,0.6000000000000001,0.6348105513503101,0.6335574581158081,0.6282460298648967,0.6299999999999999,0.5326716072481016,0.7369494954525185,0.513104492781255,0.7565166099193651
2026-04-30,5,0.5899999999999999,0.5972168176394628,0.5960362578718047,0.5982125946969697,0.6000000000000001,0.4950979969732504,0.6993356383056751,0.4755347376233631,0.7188988976555625
2026-05-07,5,0.6000000000000001,0.5867171907702067,0.5879718804451929,0.5882028848427523,0.5899999999999999,0.48464270793594727,0.688791673604466,0.4650879425394747,0.7083464390009386
2026-05-14,5,0.6299999999999999,0.6000487408514512,0.6018027210720389,0.5982168162494096,0.6000000000000001,0.49802236945397294,0.7020751122489295,0.4784768209335797,0.7216206607693227
2026-05-21,5,0.6000000000000001,0.6227204842140586,0.6247130758510228,0.6282543052606746,0.6299999999999999,0.5207362254841412,0.7247047429439759,0.5011987446346438,0.7442422237934734
2026-05-28,5,0.6300000000000003,0.5929108478857527,0.5963114655876076,0.5982210179076344,0.6000000000000001,0.4909793316523869,0.6948423641191185,0.4714519548672732,0.7143697409042321
2012-01-19,20,0.9599999999999996,0.9809217156265209,0.9254886730614229,0.9347094188376753,0.98,0.8313312868739573,1.1305121443790844,0.8026737256638373,1.1591697055892043
2012-01-26,20,0.9599999999999996,1.0291565447740183,0.9427335316577181,0.9663492063492063,1.01,0.8807107472475675,1.1776023423004691,0.8522724670415791,1.2060406225064575
2012-02-02,20,0.8999999999999999,0.997369894985051,0.9180881918157278,0.9044204322200392,0.95,0.8485086124923714,1.1462311774777305,0.8199907363794064,1.1747490535906955
2012-02-09,20,0.8399999999999999,1.0163685632086557,0.9364576915500749,0.9568093385214005,0.9999999999999998,0.8669751179462597,1.1657620084710516,0.8383552935517499,1.1943818328655613
2012-02-16,20,0.94,0.9897470258710006,0.9261188305368407,0.9156840077071287,0.9599999999999996,0.8398493828797451,1.1396446688622561,0.8111329675642966,1.1683610841777046
2012-02-23,20,0.9600000000000002,0.9990158513157976,0.9346808867520616,0.9161068702290073,0.9599999999999996,0.849426902773875,1.1486047998577202,0.8207696251328804,1.1772620774987148
2012-03-01,20,0.9000000000000001,0.9221335339954692,0.8688436233541498,0.8542533081285443,0.8999999999999999,0.7703897397091864,1.073877328281752,0.7413196507384008,1.1029474172525375
2012-03-08,20,0.8799999999999999,0.8590679483805321,0.8123295978676658,0.7924344569288388,0.8399999999999999,0.7052530835936028,1.0128828131674614,0.6757862324092339,1.0423496643518304
2012-03-15,20,0.8199999999999998,0.9150305803317951,0.8641193207231848,0.8965862708719851,0.94,0.7614425591942737,1.0686186014693164,0.7320191652405729,1.0980419954230174
2012-03-22,20,0.71,0.9482448093517992,0.9060138563672515,0.9177205882352943,0.9600000000000002,0.7935180611383548,1.1029715575652437,0.7638765172592072,1.1326131014443912
2012-03-29,20,0.6799999999999997,0.9173184361102941,0.8860532166053299,0.8559198542805102,0.9000000000000001,0.7637023583310323,1.0709345138895559,0.7342735894684235,1.1003632827521646
2012-04-05,20,0.7,0.8696643445330865,0.8457500304242773,0.835595667870036,0.8799999999999999,0.7163376158386046,1.0229910732275684,0.6869642785913559,1.052364410474817
2012-04-12,20,0.75,0.8168057690325327,0.7983028959589014,0.7738461538461536,0.8199999999999998,0.6630168442147812,0.9705946938502841,0.63355496244096,1.0000565756241053
2012-04-19,20,0.6599999999999999,0.7253216235067467,0.7035638650827192,0.660354609929078,0.71,0.5673337104741746,0.8833095365393188,0.5370674138538272,0.9135758331596662
2012-04-26,20,0.7200000000000002,0.6822519860997879,0.6271852763527331,0.6297363796133565,0.6799999999999997,0.5201871124644915,0.8443168597350843,0.48913977825371724,0.8753641939458585
2012-05-03,20,0.6799999999999999,0.7060253765905365,0.6473774710117681,0.6508710801393728,0.7,0.5454392183764143,0.8666115348046588,0.5146751668465444,0.8973755863345287
2012-05-10,20,0.76,0.7451727330477864,0.6925922719463099,0.7030224525043178,0.75,0.5842818654616133,0.9060636006339595,0.553459439692471,0.9368860264031018
2012-05-17,20,0.75,0.6670238693283004,0.6317236205822642,0.6103424657534245,0.6599999999999999,0.5062331303011822,0.8278146083554185,0.47542988651001755,0.8586178521465833
2012-05-24,20,0.7,0.696137422854404,0.6596069063850695,0.6728013582342957,0.7200000000000002,0.5365482224061812,0.8557266233026269,0.5059751615595949,0.8862996841492132
2012-05-31,20,0.72,0.6618109601777674,0.637974961665319,0.6318518518518518,0.6799999999999999,0.5033852773681816,0.8202366429873532,0.4730351156617767,0.8505868046937581
2012-06-07,20,0.7,0.7281470220613737,0.6938790586661888,0.7149248747913188,0.76,0.5694289075526627,0.8868651365700847,0.5390227236836946,0.9172713204390528
2012-06-14,20,0.6599999999999999,0.731095109131333,0.7007657119157213,0.7049668874172186,0.75,0.5731733795524552,0.8890168387102109,0.5429197619276234,0.9192704563350427
2012-06-21,20,0.6699999999999999,0.6991753938323131,0.6712194007832982,0.6536945812807882,0.7,0.54157065961142,0.8567801280532061,0.5113777698951218,0.8869730177695043
2012-06-28,20,0.6299999999999999,0.7275650012543486,0.6706398747997052,0.6747231270358306,0.72,0.5706162101331644,0.8845137923755328,0.5405489817288032,0.9145810207798941
2012-07-05,20,0.6099999999999999,0.7313159363575885,0.6672582437802934,0.6544426494345719,0.7,0.5750183184827643,0.8876135542324127,0.5450758376128647,0.9175560351023123
2012-07-12,20,0.6500000000000001,0.6742144609551407,0.6200234426862289,0.6135256410256409,0.6599999999999999,0.5175099510191956,0.8309189708910858,0.4874895204151805,0.8609394014951008
2012-07-19,20,0.72,0.6964773851513668,0.6235812889850928,0.6242130365659777,0.6699999999999999,0.5407985615115098,0.8521562087912238,0.5109746252157045,0.8819801450870292
2012-07-26,20,0.6900000000000002,0.6598925597725824,0.5945118359917031,0.5833123028391166,0.6299999999999999,0.5041576919518492,0.8156274275933156,0.47432301907645574,0.8454621004687091
2012-08-02,20,0.6400000000000001,0.6357811499815283,0.5705843847362968,0.5630516431924881,0.6099999999999999,0.48027736102593344,0.7912849389371233,0.45048695673628625,0.8210753432267704
2012-08-09,20,0.6800000000000002,0.6727725262550186,0.5939468068284272,0.6046583850931678,0.6500000000000001,0.518513160258461,0.8270318922515763,0.48896115442396404,0.8565838980860732
2012-08-16,20,0.71,0.7411318439351541,0.6539862596815976,0.6771648690292758,0.72,0.5863592793371482,0.89590440853316,0.5567089582530957,0.9255547296172124
2012-08-23,20,0.7100000000000002,0.7390003473936033,0.6465156851300699,0.6465749235474008,0.6900000000000002,0.5854859802442923,0.8925147145429143,0.5560766964425116,0.9219239983446951
2012-08-30,20,0.6499999999999999,0.7005588521070271,0.6159510482362344,0.5953869499241276,0.6400000000000001,0.5474459485526744,0.8536717556613798,0.5181135745347756,0.8830041296792785
2012-09-06,20,0.6699999999999999,0.6844209273857147,0.6129093811850863,0.6369277108433736,0.6800000000000002,0.5307819031986836,0.8380599515727458,0.5013487384125476,0.8674931163588818
2012-09-13,20,0.6600000000000001,0.7157422063987966,0.6464201480883967,0.6681464872944693,0.71,0.562006119448425,0.8694782933491682,0.5325543600095104,0.8989300527880828
2012-09-20,20,0.7699999999999998,0.7306762211209505,0.6666570303763013,0.6684569732937687,0.7100000000000002,0.5770647200972583,0.8842877221446428,0.5476368280197083,0.9137156142221928
2012-09-27,20,0.75,0.6954439975251504,0.6312628029500839,0.6069955817378497,0.6499999999999999,0.5420930300515026,0.8487949649987983,0.5127150492966218,0.878172945753679
2012-10-04,20,0.71,0.6958418763221473,0.6317979534215193,0.6278947368421052,0.6699999999999999,0.5426200613688328,0.8490636912754619,0.5132668228136219,0.8784169298306728
2012-10-11,20,0.6499999999999999,0.669683075424574,0.6180976543243829,0.6179100145137882,0.6600000000000001,0.5165797222061219,0.822786428643026,0.48724917777944704,0.8521169730697009
2012-10-18,20,0.6499999999999999,0.7627822903717689,0.703271294760023,0.7313832853025934,0.7699999999999998,0.6082480130749874,0.9173165676685504,0.5786433415219736,0.9469212392215642
2012-10-25,20,0.6599999999999999,0.7722927147471361,0.7135200261359465,0.7110872675250357,0.75,0.6183100455923642,0.926275383901908,0.5888110475388213,0.955774381955451
2012-11-01,20,0.6199999999999999,0.7298853937018792,0.6851564578094207,0.6702272727272727,0.71,0.5768968497452893,0.8828739376584691,0.5475882997301336,0.9121824876736249
2012-11-08,20,0.6499999999999999,0.6692548933177163,0.6247268584682425,0.6088152327221438,0.6499999999999999,0.5156150285301301,0.8228947581053024,0.48618170270720806,0.8523280839282245
2012-11-15,20,0.6799999999999999,0.6553007526370682,0.6090018313382324,0.6091036414565826,0.6499999999999999,0.5015170258426855,0.8090844794314509,0.4720561398723666,0.8385453654017698
2012-11-22,20,0.7100000000000002,0.6612749060580997,0.6130380868133773,0.6196662030598052,0.6599999999999999,0.5077595135621619,0.8147902985540375,0.47835003333114456,0.8441997787850548
2012-11-29,20,0.6500000000000001,0.6306801229543928,0.5860564603189615,0.5788397790055247,0.6199999999999999,0.47777263698688344,0.7835876089219022,0.4484796155339694,0.8128806303748162
2012-12-06,20,0.73,0.6423622672497463,0.6007866371777754,0.6099451303155006,0.6499999999999999,0.4900542024198865,0.7946703320796061,0.4608760141691103,0.8238485203303824
2012-12-13,20,0.77,0.6729742118869548,0.6295938767589915,0.6410354223433242,0.6799999999999999,0.5209815192521328,0.8249669045217769,0.49186374795489196,0.8540846758190177
2012-12-20,20,0.75,0.7030207349912194,0.6614510734363132,0.672110960757781,0.7100000000000002,0.5509726401152895,0.8550688298671494,0.5218442552171052,0.8841972147653336
2012-12-27,20,0.7699999999999998,0.6790577341856482,0.6264953317648564,0.6107526881720431,0.6500000000000001,0.5277644418611641,0.8303510265101323,0.4987806571255704,0.859334811245726
2013-01-03,20,0.8300000000000001,0.7481900076779952,0.6745786237937953,0.693150867823765,0.73,0.5972027739289245,0.8991772414270658,0.5682776219042064,0.9281023934517839
2013-01-10,20,0.8400000000000001,0.7989665756939177,0.7140632589999939,0.7344562334217507,0.77,0.6479472196994112,0.9499859316884243,0.6190159139038771,0.9789172374839583
2013-01-17,20,0.8700000000000001,0.7961057461212685,0.7115532280293501,0.714163372859025,0.75,0.6465945635045205,0.9456169287380165,0.6179521837535804,0.9742593084889566
2013-01-24,20,0.8699999999999999,0.8171581824992077,0.7291537053121417,0.7349214659685862,0.7699999999999998,0.6694565092125402,0.9648598557858752,0.6411607834876598,0.9931555815107556
2013-01-31,20,0.8800000000000001,0.8758318297134335,0.7804160870418008,0.7967100130039012,0.8300000000000001,0.7294342530744765,1.0222294063523907,0.7013883577018273,1.0502753017250397
2013-02-07,20,0.92,0.8989616135464435,0.7999740984793291,0.8071834625322998,0.8400000000000001,0.7537196819016281,1.044203545191259,0.7258951774791417,1.0720280496137455
2013-02-14,20,0.95,0.9172597865743245,0.8271711056257287,0.8381643132220797,0.8700000000000001,0.7728756258573771,1.0616439472912718,0.7452154476091962,1.0893041255394529
2013-02-21,20,0.8400000000000001,0.9077848987227906,0.8411551197376068,0.8383673469387753,0.8699999999999999,0.7650759538898116,1.0504938435557696,0.7377367026029031,1.077833094842678
2013-02-28,20,0.76,0.9061660385888562,0.8500037847076738,0.8488212927756655,0.8800000000000001,0.764920218644029,1.0474118585336833,0.7378612633051295,1.0744708138725831
2013-03-07,20,0.8,0.9255893854225931,0.8779885161735946,0.8900251889168767,0.92,0.7848716995953811,1.066307071249805,0.7579139207550645,1.0932648500901216
2013-03-14,20,0.8,0.9655267638305214,0.9115433267542653,0.9209637046307885,0.95,0.8246415370554111,1.1064119906056316,0.7976516618101999,1.133401865850843
2013-03-21,20,0.76,0.8785817646307337,0.8328238265950582,0.8084079601990051,0.8400000000000001,0.7376266231231486,1.0195369061383186,0.710623354068306,1.0465401751931613
2013-03-28,20,0.79,0.8048047423752871,0.7606290226848955,0.7266254635352287,0.76,0.6602848446250136,0.9493246401255606,0.6325986627589979,0.9770108219915763
2013-04-04,20,0.7599999999999999,0.7893961683585546,0.7489908053226487,0.7678132678132679,0.8,0.6454823161124976,0.9333100206046117,0.6179122365016732,0.9608801002154361
2013-04-11,20,0.8300000000000001,0.7905661966524805,0.7619674769888887,0.7680097680097681,0.8,0.6470383249344476,0.9340940683705135,0.6195421889622637,0.9615902043426974
2013-04-18,20,0.8699999999999999,0.7599383787632343,0.7400567755943537,0.7272330097087378,0.76,0.616626470457948,0.9032502870685206,0.5891717073514717,0.9307050501749969
2013-04-25,20,0.92,0.7856120278232275,0.7558704032444523,0.7581544028950543,0.79,0.6427747883853288,0.9284492672611262,0.6154109592526044,0.9558130963938506
2013-05-02,20,0.9899999999999998,0.7565977446479059,0.7243169360050936,0.7276258992805754,0.7599999999999999,0.614106062110054,0.8990894271857577,0.58680843252029,0.9263870567755217
2013-05-09,20,0.99,0.8294233346390445,0.7819984591953413,0.7994874851013112,0.8300000000000001,0.6863987220726011,0.9724479472054879,0.6589989972148282,0.9998476720632608
2013-05-16,20,1.02,0.8880215941665911,0.8360130246302703,0.8406161137440757,0.8699999999999999,0.7438863965950604,1.0321567917381218,0.716273913086699,1.0597692752464831
2013-05-23,20,1.14,0.9742739031864119,0.90357896572522,0.8919670200235572,0.92,0.8290846819548592,1.1194631244179647,0.8012702754504486,1.1472775309223753
2013-05-30,20,1.22,1.0355350386077442,0.959947595840473,0.9637704918032785,0.9899999999999998,0.8895105644242005,1.181559512791288,0.8615361455928168,1.2095339316226716
2013-06-06,20,1.2300000000000002,1.0199108083352892,0.9507409686398354,0.9639231664726426,0.99,0.8748621542371787,1.1649594624333997,0.847074676669762,1.1927469400008164
2013-06-13,20,1.31,1.0647608387999914,0.9862832265221821,0.9947685185185186,1.02,0.9197918569772664,1.2097298206227163,0.8920196425060761,1.2375020350939065
2013-06-20,20,1.3099999999999998,1.1834739218780421,1.1093163101593362,1.117675489067894,1.14,1.0364799549131367,1.3304678888429475,1.008319806961539,1.3586280367945454
2013-06-27,20,1.31,1.2565997682511296,1.1859396627794454,1.1996338672768878,1.22,1.1062438390113263,1.406955697490933,1.0774396281976695,1.4357599083045898
2013-07-04,20,1.36,1.2820710682560394,1.2157887775400646,1.209977246871445,1.2300000000000002,1.1313036167315609,1.432838519780518,1.1024205691556812,1.4617215673563977
2013-07-11,20,1.3500000000000003,1.344257085688086,1.2692475062997615,1.291900452488688,1.31,1.192898322864311,1.495615848511861,1.1639019957163685,1.5246121756598034
2013-07-18,20,1.4700000000000002,1.3647899829060317,1.285058352075891,1.292002249718785,1.3099999999999998,1.2138985528029107,1.5156814130091527,1.1849917542174522,1.5445882115946112
2013-07-25,20,1.5400000000000005,1.362207734603911,1.2880347907548395,1.292102908277405,1.31,1.2118821475778219,1.51253332163,1.1830837495280835,1.5413317196797385
2013-08-01,20,1.41,1.4172596544029616,1.3419314545631575,1.3433147942157955,1.36,1.2668811051093671,1.5676382036965562,1.2380725608929555,1.5964467479129678
2013-08-08,20,1.5099999999999998,1.3863907426154025,1.3242802893451988,1.3331858407079649,1.3500000000000003,1.2362559518502032,1.5365255333806018,1.2074941053069397,1.5652873799238654
2013-08-15,20,1.4999999999999998,1.5031517684899496,1.4323976352127281,1.4559185918591862,1.4700000000000002,1.3519125453955647,1.6543909915843344,1.3229391188913369,1.6833644180885623
2013-08-22,20,1.4800000000000002,1.5985809082528526,1.5286286977203805,1.5275273522975934,1.5400000000000005,1.4452689423362863,1.7518928741694189,1.4158984332459945,1.7812633832597107
2013-08-29,20,1.36,1.4940632766745496,1.4291428518680518,1.3947660500544068,1.41,1.3426288266259105,1.6454977267231887,1.3136179998117963,1.674508553537303
2013-09-05,20,1.36,1.5515420194849354,1.4895386961741197,1.4970129870129867,1.5099999999999998,1.4010040070305387,1.702080031939332,1.3721649138991356,1.7309191250707352
2013-09-12,20,1.38,1.5439986768104594,1.4783571998380842,1.4868675995694292,1.4999999999999998,1.3935798853134314,1.6944174683074875,1.3647636317574734,1.7232337218634455
2013-09-19,20,1.38,1.515420544138308,1.4459453823923951,1.4665096359743042,1.4800000000000002,1.3652266564772766,1.6656144317993393,1.3364534885351524,1.6943875997414635
2013-09-26,20,1.3299999999999998,1.4289280006567298,1.3676164579622034,1.3440255591054313,1.36,1.2759807824089135,1.581875218904546,1.2466801493042088,1.6111758520092507
2013-10-03,20,1.3199999999999998,1.403579103925158,1.352579812000658,1.3441101694915256,1.36,1.2497762496793974,1.5573819581709185,1.2203116993963732,1.5868465084539427
2013-10-10,20,1.42,1.4087277644655924,1.3662002598482808,1.3646153846153846,1.38,1.2552978282537104,1.5621577006774745,1.2259047191816739,1.591550809749511
2013-10-17,20,1.46,1.3871832511179107,1.3524718254288841,1.3646960167714883,1.38,1.2341273112853857,1.5402391909504358,1.2048058500067484,1.569560652229073
2013-10-24,20,1.5499999999999998,1.3629584955953706,1.328721141386573,1.313733055265902,1.3299999999999998,1.2097060946831053,1.516210896507636,1.1803469966688493,1.545569994521892
2013-10-31,20,1.45,1.3486998154479375,1.3160352658754704,1.303609958506224,1.3199999999999998,1.1954640078235572,1.5019356230723178,1.16610808864345,1.531291542252425
2013-11-07,20,1.59,1.4114184686527826,1.3866560653587017,1.4057585139318884,1.42,1.2586401992845808,1.5641967380209845,1.2293719323071697,1.5934650049983956
2013-11-14,20,1.56,1.46179185630734,1.4371434638271634,1.446652977412731,1.46,1.308089977038973,1.615493735575707,1.2786447708852455,1.6449389417294344
2013-11-21,20,1.5600000000000005,1.539899156882543,1.5210431088775929,1.5385597548518894,1.5499999999999998,1.3854322097461733,1.6943661040189129,1.3558404368672883,1.723957876897798
2013-11-28,20,1.5900000000000003,1.4736800654778035,1.4505385314255377,1.4365853658536585,1.45,1.3201440903825614,1.6272160405730456,1.2907306670710654,1.6566294638845416
2013-12-05,20,1.6100000000000003,1.5804176584010012,1.5637558912539729,1.57948432760364,1.59,1.4255309775479834,1.735304339254019,1.3958587948141559,1.7649765219878466
2013-12-12,20,1.58,1.5785020835763124,1.5567719121316619,1.548933601609658,1.56,1.4238234538357057,1.733180713316919,1.3941911281805595,1.7628130389720653
2013-12-19,20,1.48,1.584389316673362,1.56179355805454,1.5489889889889894,1.5600000000000005,1.4301188157756204,1.7386598175711037,1.4005646767891906,1.7682139565575334
2013-12-26,20,1.4400000000000002,1.6077585305973132,1.585095461876959,1.5796414342629486,1.5900000000000003,1.4540143033419812,1.7615027578526452,1.4245609844363976,1.7909560767582289
2014-01-02,20,1.4,1.6257094273641557,1.5987830716047635,1.6000891972249756,1.6100000000000003,1.4720946770475385,1.779324177680773,1.4426661624915877,1.8087526922367236
2014-01-09,20,1.4500000000000002,1.6068568190635162,1.590389464296732,1.5695463510848127,1.58,1.4535188552163234,1.760194782910709,1.4241433656116065,1.7895702725154259
2014-01-16,20,1.4300000000000002,1.5080491824080144,1.5082527098591292,1.4676349362119725,1.48,1.3525243164282852,1.6635740483877437,1.3227298743394666,1.6933684904765622
2014-01-23,20,1.44,1.4269917256165803,1.4524515299701444,1.4269140625,1.4400000000000002,1.2696761871835007,1.5843072640496598,1.239538699714927,1.6144447515182336
2014-01-30,20,1.4200000000000002,1.3673556109472633,1.4065208409386194,1.3862001943634596,1.4,1.2095359139327635,1.5251753079617631,1.179301843042863,1.5554093788516636
2014-02-06,20,1.45,1.386633261293079,1.4224468178277967,1.4372340425531918,1.4500000000000002,1.2293394964321713,1.5439270261539866,1.1992061802029108,1.574060342383247
2014-02-13,20,1.37,1.382684301059955,1.4061549938112754,1.416910490856593,1.4300000000000002,1.2259711767563055,1.5393974253636045,1.1959490958677645,1.5694195062521454
2014-02-20,20,1.43,1.4158098354746238,1.4362418732238749,1.4271647509578544,1.44,1.2591747623408736,1.572444908608374,1.2291676339877158,1.6024520369615318
2014-02-27,20,1.37,1.3835417354118682,1.4129156565048355,1.4068446139180173,1.4200000000000002,1.2273596614354234,1.539723809388313,1.1974393157139278,1.5696441551098086
2014-03-06,20,1.44,1.397842844806317,1.4194617719202507,1.4374762808349146,1.45,1.242079488750724,1.5536062008619098,1.2122393582846205,1.5834463313280134
2014-03-13,20,1.38,1.3451232606850534,1.369667887755935,1.356024551463645,1.37,1.1895188926435702,1.5007276287265365,1.1597092200669457,1.5305373013031611
2014-03-20,20,1.38,1.401174339395159,1.4310929625945688,1.4172180451127818,1.43,1.246044543965718,1.5563041348246,1.216325786922872,1.586022891867446
2014-03-27,20,1.35,1.3443122493623532,1.3646077639987624,1.3561552853133771,1.37,1.1894760425348405,1.4991484561898658,1.1598135292864706,1.5288109694382357
2014-04-03,20,1.3099999999999998,1.4030178284310013,1.4142183999608817,1.4275232774674116,1.44,1.2480839508996113,1.5579517059623913,1.2184027265331698,1.5876329303288328
2014-04-10,20,1.3,1.3614539436275255,1.364538249729572,1.3664689527340128,1.38,1.207112806464003,1.5157950807910479,1.1775451354412851,1.5453627518137658
2014-04-17,20,1.2299999999999998,1.357024126523884,1.3719381631549104,1.366531365313653,1.38,1.2033131364609415,1.5107351165868266,1.1738661849204577,1.5401820681273104
2014-04-24,20,1.2699999999999998,1.3208106771851664,1.3418334709471653,1.3360422405876953,1.35,1.1673404207882052,1.4742809335821276,1.137939587437406,1.5036817669329268
2014-05-01,20,1.2,1.2909922182732285,1.3071291227725208,1.2953747714808042,1.3099999999999998,1.137792742723153,1.4441916938233041,1.1084437838054901,1.473540652740967
2014-05-08,20,1.27,1.2776584282139463,1.2858932365218787,1.2852593266606005,1.3,1.1246892577847476,1.430627598643145,1.0953844192239388,1.4599324372039537
2014-05-15,20,1.2299999999999998,1.2155068041320007,1.2224249213453087,1.2140579710144925,1.2299999999999998,1.0619804924421032,1.3690331158218982,1.0325689203829396,1.398444687881062
2014-05-22,20,1.2,1.2365495548968342,1.2480311928511294,1.2548512173128943,1.2699999999999998,1.083551157373181,1.3895479524204872,1.054240719675748,1.4188583901179204
2014-05-29,20,1.13,1.173522191023154,1.1909444880854019,1.1836624775583482,1.2,1.0201443203416338,1.326900061704674,0.9907611856452023,1.3562831964011055
2014-06-05,20,1.19,1.2231575530023915,1.242345902145868,1.2549865951742627,1.27,1.069848288214968,1.376466817789815,1.0404782965894257,1.4058368094153573
2014-06-12,20,1.11,1.21129456693323,1.226613665831975,1.2143416370106759,1.2299999999999998,1.0586284755573787,1.3639606583090813,1.0293816989099909,1.3932074349564691
2014-06-19,20,1.07,1.181105836388245,1.1928698030966731,1.1838795394154118,1.2,1.028883615165714,1.333328057610776,0.9997218722747915,1.3624898005016983
2014-06-26,20,1.06,1.1085867723324125,1.118366601899414,1.112716049382716,1.13,0.95574361879341,1.2614299258714152,0.9264629217286476,1.2907106229361776
2014-07-03,20,1.06,1.1555236877218706,1.1575544514997818,1.1738454784899033,1.19,1.0031362651122953,1.307911110331446,0.973942874014327,1.3371045014294143
2014-07-10,20,0.9999999999999998,1.1135399513260036,1.113286409856964,1.0925174825174826,1.11,0.9615368487756694,1.2655430538763377,0.9324170832145342,1.294662819437473
2014-07-17,20,0.9899999999999998,1.0646940154940538,1.0665150085385022,1.0518973020017408,1.07,0.9124652180947364,1.2169228128933713,0.8833022153826453,1.2460858156054624
2014-07-24,20,0.99,1.0508799974954475,1.0564417485835471,1.0418024263431542,1.06,0.8985379455844325,1.2032220494064625,0.8693532463097446,1.2324067486811503
2014-07-31,20,0.8999999999999999,1.0409765971679767,1.0527520381508217,1.0418809318377913,1.06,0.8887126277579518,1.1932405665780017,0.8595428870208537,1.2224103073150998
2014-08-07,20,1.0,0.9796180183309529,0.9970865729923748,0.9809278350515461,0.9999999999999998,0.8277207893291008,1.131515247332805,0.7986213063336448,1.1606147303282608
2014-08-14,20,1.0600000000000005,0.9589658636132755,0.9764552474085121,0.9708383233532931,0.9899999999999998,0.8074274325089259,1.1105042947176251,0.7783966856805864,1.1395350415459646
2014-08-21,20,1.11,0.9550388793853104,0.9737127528253505,0.9709199318568995,0.99,0.8037634009377191,1.1063143578329018,0.7747830288687759,1.1352947299018448
2014-08-28,20,1.0299999999999998,0.8892814679053779,0.8997489958534152,0.8794741306191687,0.8999999999999999,0.7379304894938634,1.0406324463168923,0.7089356536329816,1.0696272821777741
2014-09-04,20,1.0,0.9586689487365501,0.9645306728328087,0.98125,1.0,0.8073795714267065,1.1099583260463937,0.7783965367041493,1.1389413607689507
2014-09-11,20,0.9699999999999998,1.024787174233757,1.0338006589209154,1.042338099243062,1.0600000000000005,0.8719958258039199,1.1775785226635942,0.8427250532249638,1.2068492952425505
2014-09-18,20,1.0099999999999998,1.0890965593643007,1.091818387646815,1.093249581239531,1.11,0.934455832075292,1.2437372866533094,0.9048307675252563,1.2733623512033452
2014-09-25,20,1.0,1.0203574194187646,1.024754786509222,1.0119849874895746,1.0299999999999998,0.8665779756753385,1.1741368631621907,0.8371179102240593,1.2035969286134698
2014-10-02,20,1.0099999999999998,0.9844664916128368,0.993014546215434,0.9815614617940199,1.0,0.8306047346849945,1.1383282485406792,0.8011289002093168,1.167804083016357
2014-10-09,20,1.06,0.9386508545998524,0.9516570848512305,0.9511414392059551,0.9699999999999998,0.7843970904687897,1.092904618730915,0.7548461578032426,1.1224555513964622
2014-10-16,20,1.03,0.9394432323664941,0.9692392910522465,0.9918780889621085,1.0099999999999998,0.7853517143404096,1.0935347503925785,0.7558318637281951,1.123054601004793
2014-10-23,20,1.01,0.9584167779160979,0.982629152673707,0.9817883511074651,1.0,0.8044182556580246,1.1124153001741712,0.7749162205700804,1.1419173352621155
2014-10-30,20,0.91,0.9756501365352288,0.9936229798075766,0.9920261437908494,1.0099999999999998,0.8216249465368666,1.129675326533591,0.7921178026167195,1.1591824704537381
2014-11-06,20,0.8999999999999999,1.0234108526896133,1.045789209214208,1.042912937347437,1.06,0.868722029782294,1.1780996755969326,0.8390877513865784,1.2077339539926482
2014-11-13,20,0.81,1.0026965687662808,1.0225258196489544,1.0124959481361426,1.03,0.8485575395042784,1.1568355980282832,0.8190285869985612,1.1863645505340004
2014-11-20,20,0.8400000000000001,0.9730861411253044,0.9920393640200817,0.9922437449556094,1.01,0.8192924963698857,1.1268797858807231,0.7898297103811108,1.156342571869498
2014-11-27,20,0.8399999999999999,0.8897847479015802,0.9108612426679652,0.8907073954983923,0.91,0.7354261713424229,1.0441433244607374,0.7058551593937376,1.0737143364094228
2014-12-04,20,0.78,0.8567167979708891,0.8870587651340279,0.8806244995996797,0.8999999999999999,0.7025274957182692,1.010906100223509,0.6729889122400505,1.0404446837017276
2014-12-11,20,0.73,0.7787259218703396,0.819321765226753,0.7892663476874003,0.81,0.6243756391096444,0.9330762046310348,0.5948062160329148,0.9626456277077644
2014-12-18,20,0.6699999999999999,0.7746717868182744,0.8218321044713022,0.8198252581413821,0.8400000000000001,0.6205357720261375,0.9288078016104113,0.5910073970129472,0.9583361766236016
2014-12-25,20,0.8699999999999999,0.7768730457523549,0.8216377824144379,0.8199050632911391,0.8399999999999999,0.6226576818366345,0.9310884096680754,0.5931141056345377,0.9606319858701722
2015-01-01,20,0.9200000000000002,0.7768475344557493,0.7954729531947672,0.7590386130811663,0.78,0.6230012176084707,0.9306938513030278,0.593528341042985,0.9601667278685135
2015-01-08,20,0.9200000000000002,0.6673372423936255,0.7085609598417385,0.7083359497645212,0.73,0.5136486675338015,0.8210258172534495,0.48420601015211373,0.8504684746351372
2015-01-15,20,0.97,0.5768089823010634,0.6412953474013612,0.6474824081313525,0.6699999999999999,0.4224459200462931,0.7311720445558336,0.39287404875722287,0.7607439158449039
2015-01-22,20,1.03,0.7123032947558201,0.8126455201885074,0.8506853582554516,0.8699999999999999,0.5555119681074226,0.8690946214042176,0.5254749057224046,0.8991316837892356
2015-01-29,20,0.8600000000000001,0.809091843856916,0.9125440615301483,0.9015360744763384,0.9200000000000002,0.6480463310603242,0.9701373566535079,0.6171942793677829,1.000989408346049
2015-02-05,20,0.9,0.8464319373699805,0.9063627110003396,0.9016074188562598,0.9200000000000002,0.6849217232691096,1.0079421514708513,0.6539806471237152,1.0388832276162459
2015-02-12,20,0.92,0.8908647376991293,0.9334015969143925,0.9524480369515012,0.97,0.7283864675264626,1.053343007871796,0.6972599374963266,1.084469537901932
2015-02-19,20,0.8400000000000001,0.9933676789430992,1.0133300704577717,1.013435582822086,1.03,0.827644695063421,1.1590906628227775,0.7958965638891248,1.1908387939970737
2015-02-26,20,0.85,0.8541531742210624,0.8819220164176976,0.8409014514896869,0.8600000000000001,0.6900211009274168,1.0182852475147082,0.6585777460538454,1.0497286023882795
2015-03-05,20,0.8200000000000001,0.8762284556395175,0.8957840572182115,0.8815829528158295,0.9,0.7124529334893148,1.04000397778972,0.681077884364333,1.0713790269147019
2015-03-12,20,0.8600000000000001,0.8783607888480706,0.9042762785336167,0.9019560272934042,0.92,0.7154070619350164,1.0413145157611248,0.6841894469955445,1.0725321307005966
2015-03-19,20,0.7900000000000001,0.8090806451769967,0.8414153707277413,0.8208157099697886,0.8400000000000001,0.6463051042918049,0.9718561860621886,0.6151216250723979,1.0030396652815956
2015-03-26,20,0.82,0.8105378370448338,0.8286372347249489,0.8310383747178329,0.85,0.6481040034044819,0.9729716706851858,0.6169859862361339,1.004089687853534
2015-04-02,20,0.91,0.7815480905675878,0.8017913475813142,0.8006596701649176,0.8200000000000001,0.6194240652273593,0.9436721159078163,0.5883653991177535,0.974730782017422
2015-04-09,20,1.06,0.8212692390634032,0.8382695441554557,0.8413293502613892,0.8600000000000001,0.6591297190013037,0.9834087591255027,0.6280680845136798,1.0144703936131267
2015-04-16,20,1.13,0.7606480595821261,0.771127668806789,0.770357142857143,0.7900000000000001,0.5988152927904131,0.9224808263738391,0.5678124240988085,0.9534836950654437
2015-04-23,20,1.08,0.7780808904838656,0.7806997969815133,0.8008747220163083,0.82,0.6163609862491971,0.9398007947185342,0.5853797390320664,0.9707820419356649
2015-04-30,20,1.04,0.8937857447650877,0.8879433047927167,0.892274741506647,0.91,0.7299360500075323,1.057635439522643,0.6985467913769485,1.0890246981532268
2015-05-07,20,1.16,1.0100032513028903,1.0102385591576026,1.0445474613686534,1.06,0.8406647128413544,1.1793417897644263,0.8082239372405253,1.2117825653652552
2015-05-14,20,1.15,1.0935896067350843,1.0968689156889375,1.1156304985337242,1.13,0.9203757138997932,1.2668034995703754,0.8871925231183748,1.2999866903517938
2015-05-21,20,1.17,1.0701209226680821,1.0720718304936785,1.0649525200876553,1.08,0.8973827157169642,1.2428591296192,0.8642906537427572,1.275951191593407
2015-05-28,20,1.2000000000000002,1.0379613342362581,1.0417958471816788,1.024425036390102,1.04,0.8653227409006264,1.2105999275718897,0.8322497622548581,1.2436729062176581
2015-06-04,20,1.26,1.1381998072620938,1.1425421448347173,1.1462218999274836,1.16,0.9652092677449031,1.3111903467792845,0.9320688655391864,1.3443307489850012
2015-06-11,20,1.13,1.1382195590157773,1.1380849836902445,1.1361271676300577,1.15,0.9656215594899633,1.3108175585415913,0.932556357542205,1.3438827604893495
2015-06-18,20,1.15,1.1434656808293542,1.1456056412596738,1.1564650827933765,1.17,0.9714570975855252,1.3154742640731831,0.9385048121747412,1.3484265494839671
2015-06-25,20,1.08,1.1735655146226398,1.175814435276937,1.1869440459110476,1.2000000000000002,1.0017440676073643,1.3453869616379153,0.9688276325378695,1.37830339670741
2015-07-02,20,1.04,1.238693670096204,1.2455500805585982,1.2478484631879914,1.26,1.0658420323030262,1.4115453078893816,1.0327282399859987,1.444659100206409
2015-07-09,20,1.0,1.1259908769235922,1.127824159026042,1.116039886039886,1.13,0.9538439793865421,1.2981377744606424,0.9208651966232384,1.331116557223946
2015-07-16,20,0.99,1.144373253373793,1.1691876548788795,1.136373314407381,1.15,0.9748168655240492,1.3139296412235366,0.9423343557546026,1.3464121509929834
2015-07-23,20,0.94,1.0737432381000258,1.0843873230088268,1.0654314002828855,1.08,0.9043981395353364,1.2430883366647152,0.8719561071926207,1.2755303690074309
2015-07-30,20,1.0499999999999998,1.0267048129004748,1.0389112454579503,1.0249189570119803,1.04,0.8574128671382533,1.1959967586626963,0.8249810174636596,1.22842860833729
2015-08-06,20,1.03,0.9776974160221856,0.9926003656742902,0.9844101123595506,1.0,0.8082719234168614,1.1471229086275099,0.7758144897068281,1.1795803423375433
2015-08-13,20,1.03,0.9605511117295786,0.9782045765888109,0.9743247025892232,0.99,0.7914115394583302,1.1296906840008272,0.7590088805059021,1.1620933429532552
2015-08-20,20,1.05,0.9055544037110356,0.9269159077158913,0.9236820083682008,0.94,0.7364478002348732,1.0746610071871978,0.7040514572297359,1.1070573501923353
2015-08-27,20,0.95,1.0014756091568005,1.0141328695498613,1.0352675469075745,1.0499999999999998,0.8319457262909609,1.17100549202264,0.7994682941739077,1.2034829241396932
2015-09-03,20,0.91,1.007077108578281,1.0143782494374263,1.0150415512465374,1.03,0.8377801496709122,1.17637406748565,0.805347339610583,1.208806877545979
2015-09-10,20,0.96,1.0076033094504633,1.0121551649769778,1.0150931677018633,1.03,0.8384834756658057,1.1767231432351208,0.8060845980842339,1.2091220208166926
2015-09-17,20,0.91,1.0269441115982088,1.0311846265941729,1.0354195323246218,1.05,0.8580194224322154,1.1958688007642022,0.8256579293872135,1.228230293809204
2015-09-24,20,0.93,0.9447771045503021,0.9495737366588904,0.9340986977381768,0.95,0.7761316781051593,1.1134225309954449,0.7438236843955308,1.1457305247050733
2015-10-01,20,0.98,0.918615164522644,0.9185576360036114,0.8936065573770492,0.91,0.7500051283122373,1.0872252007330507,0.7177039144335555,1.1195264146117325
2015-10-08,20,1.02,0.932427230600845,0.930093123726432,0.9443430905377808,0.96,0.7638336911773169,1.101020770024373,0.7315356376457488,1.1333188235559413
2015-10-15,20,1.0499999999999998,0.895830231563053,0.8943944498642203,0.8937177747625509,0.91,0.7274053195201161,1.0642551436059897,0.6951395705251504,1.0965208926009555
2015-10-22,20,1.0,0.9178945005164609,0.9167941793933242,0.9140432724814064,0.93,0.7495844561238004,1.0862045449091213,0.7173407127260263,1.1184482883068956
2015-10-29,20,0.95,0.978318935628532,0.9737511470562301,0.9647708894878706,0.98,0.8094565816535437,1.1471812896035203,0.7771070303789256,1.1795308408781384
2015-11-05,20,0.97,1.014326290349185,1.004653014358238,1.005359301544661,1.02,0.8451083756852698,1.1835442050131002,0.8126907084068953,1.2159618722914747
2015-11-12,20,0.94,1.0465340937292864,1.0358546574142142,1.0358099062918338,1.0499999999999998,0.8770345860459494,1.2160336014126234,0.8445629730087605,1.2485052144498123
2015-11-19,20,0.91,1.006326664964283,0.9939271086164775,0.9851901267511675,1.0,0.8372164870564641,1.175436842872102,0.8048194592849628,1.2078338706436034
2015-11-26,20,0.8800000000000001,0.9653662406483468,0.950319993969686,0.9345744680851064,0.95,0.7961353188641106,1.134597162432583,0.7637151597662402,1.1670173215304533
2015-12-03,20,0.91,0.9697360297577274,0.9539883890881746,0.9548906560636182,0.97,0.8004090680449576,1.1390629914704973,0.7679705102423471,1.1715015492731078
2015-12-10,20,0.91,0.9299892278209758,0.9172042189894221,0.9245442536327608,0.94,0.7607838497795972,1.0991946058623543,0.7283685841858137,1.1316098714561378
2015-12-17,20,0.91,0.8433326841811996,0.8478146138115586,0.8942001316655694,0.91,0.6742967404106947,1.0123686279517043,0.6419139339323048,1.0447514344300943
2015-12-24,20,0.81,0.7553921873235474,0.7881480062269621,0.8638582677165355,0.8800000000000001,0.5853658515528037,0.9254185230942911,0.5527933122178031,0.9579910624292917
2015-12-31,20,0.81,0.8806098061471557,0.9087023109811171,0.8943034663178548,0.91,0.7111877902341706,1.0500318220601408,0.6787310225662386,1.0824885897280727
2016-01-07,20,0.7699999999999999,0.8662033206213879,0.89770651775644,0.8943546284224251,0.91,0.6983808715419961,1.0340257697007798,0.6662305384823853,1.0661761027603904
2016-01-14,20,0.64,0.8507423534626344,0.8930871672252694,0.8944054580896686,0.91,0.6831705917867473,1.0183141151385215,0.6510682837891036,1.050416423136165
2016-01-21,20,0.6800000000000002,0.76691379160989,0.8133209358750596,0.793160621761658,0.81,0.5993091120589197,0.9345184711608604,0.5672004978689082,0.9666270853508718
2016-01-28,20,0.6399999999999999,0.7642920828252847,0.7982692272790956,0.7932149774047773,0.81,0.5970405207095377,0.9315436449410317,0.5649995544606322,0.9635846111899372
2016-02-04,20,0.71,0.7208567758684424,0.7489250362693926,0.7527541827541827,0.7699999999999999,0.5535889614590835,0.8881245902778013,0.5215448817014938,0.920168670035391
2016-02-11,20,0.74,0.5777887427672683,0.6311779815016803,0.6211417575368826,0.64,0.40962619072148265,0.745951294813054,0.37741070294804113,0.7781667825864955
2016-02-18,20,0.76,0.618653537665737,0.6584929006959273,0.6617135549872124,0.6800000000000002,0.45127127977582,0.7860357955556541,0.4192052756807139,0.8181017996507602
2016-02-25,20,0.71,0.590944684446191,0.6229244326261723,0.6212619502868068,0.6399999999999999,0.4236512807594656,0.7582380881329163,0.39160229877458397,0.790287070117798
2016-03-03,20,0.69,0.6667643721410748,0.6801351956527364,0.6922109275730622,0.71,0.4984619939330768,0.8350667503490727,0.4662197191730895,0.86730902510906
2016-03-10,20,0.6299999999999999,0.7095673773965471,0.7149088577698869,0.7226472450918302,0.74,0.540440293109385,0.8786944616837091,0.5080400265237102,0.911094728269384
2016-03-17,20,0.6900000000000001,0.7272367037332249,0.7286625985671188,0.7429545454545454,0.76,0.5573984073366621,0.8970750001297877,0.5248618913617149,0.9296115161047349
2016-03-24,20,0.83,0.6982974225189004,0.7048183481452388,0.6923788546255506,0.71,0.5301306192173594,0.8664642258204414,0.49791431701599587,0.8986805280218049
2016-03-31,20,0.8099999999999999,0.703007308250221,0.7032880189988489,0.6721831869510665,0.69,0.5343822844810385,0.8716323320194034,0.502078199383345,0.9039364171170969
2016-04-07,20,0.7800000000000001,0.6060503073034123,0.6147801494631596,0.611488430268918,0.6299999999999999,0.43804745883819757,0.774053155768627,0.40586256603780246,0.806238048569022
2016-04-14,20,0.76,0.6589163867083923,0.6676374517548582,0.6722942643391522,0.6900000000000001,0.4912626944834542,0.8265700789333303,0.45914469076420605,0.8586880826525785
2016-04-21,20,0.7200000000000001,0.7823685810831288,0.7899662904472496,0.8140894965817277,0.83,0.6123625431484784,0.9523746190177792,0.579793892340873,0.9849432698253846
2016-04-28,20,0.7100000000000001,0.7788415271674523,0.7884313426369983,0.7938909541511772,0.8099999999999999,0.6090041811397556,0.9486788731951489,0.5764678472302933,0.9812152071046112
2016-05-05,20,0.68,0.7610515069229806,0.7694354783368327,0.7635701050030884,0.7800000000000001,0.5912723015769891,0.9308307122689722,0.5587471058811054,0.9633559079648558
2016-05-12,20,0.6699999999999999,0.7466739019076588,0.7537790317960976,0.7433743842364532,0.76,0.5770487590806763,0.9162990447346413,0.5445530776799619,0.9487947261353558
2016-05-19,20,0.5900000000000001,0.7125069974706394,0.7132785303418698,0.7029343155310007,0.7200000000000001,0.5427928135170296,0.8822211814242492,0.5102800741965149,0.9147339207447639
2016-05-26,20,0.68,0.7027230266013323,0.697844299524277,0.6928641370869034,0.7100000000000001,0.5327749000056893,0.8726711531969754,0.5002173434756805,0.9052287097269842
2016-06-02,20,0.54,0.6752352206478147,0.6663960848495578,0.6625503355704698,0.68,0.505405453650147,0.8450649876454824,0.47287057168195384,0.8775998696136755
2016-06-09,20,0.51,0.6618625774265274,0.6579810339846606,0.6524817518248175,0.6699999999999999,0.49209801205713616,0.8316271427959188,0.4595756209927322,0.8641495338603227
2016-06-16,20,0.51,0.5805761556055982,0.5800811244265146,0.5715645845967253,0.5900000000000001,0.4106770800075712,0.7504752312036251,0.3781289203485943,0.7830233908626021
2016-06-23,20,0.5300000000000001,0.651761815935667,0.6487340758957465,0.662708585247884,0.68,0.481894422564345,0.8216292093069889,0.44935233238025785,0.8541712994910761
2016-06-30,20,0.4800000000000001,0.5604253285356958,0.5578904448584742,0.5210729355033152,0.54,0.39136875663450243,0.7294819004368892,0.35898199835302735,0.7618686587183643
2016-07-07,20,0.51,0.4903648713861262,0.4970059272570352,0.4907692307692308,0.51,0.3217702629719205,0.658959479800332,0.2894720046500725,0.6912577381221799
2016-07-14,20,0.5,0.4996584586561535,0.4994375738062135,0.49082684242061114,0.51,0.33096135226658663,0.6683555650457204,0.29864345804939874,0.7006734592629082
2016-07-21,20,0.4700000000000001,0.5165719138320713,0.5126003568554152,0.5111230585424135,0.5300000000000001,0.3479083849964072,0.6852354426677355,0.31559692334856404,0.7175469043155787
2016-07-28,20,0.4800000000000001,0.4732329816525722,0.466601677383542,0.4605836807623586,0.4800000000000001,0.30498261332213594,0.6414833499830085,0.27275030227615227,0.6737156610289922
2016-08-04,20,0.4399999999999999,0.5021562917100454,0.4937031174811474,0.4909976247030879,0.51,0.3337533058326292,0.6705592775874616,0.3014917573098176,0.7028208261102732
2016-08-11,20,0.5200000000000001,0.4977547475704513,0.48801565057148555,0.48093546477205446,0.5,0.329585681672013,0.6659238134688896,0.2973689460170549,0.6981405491238477
2016-08-18,20,0.63,0.47074193060026587,0.4603123238727165,0.450637544273908,0.4700000000000001,0.30269918360355585,0.6387846775969759,0.27050664730204876,0.670977213898483
2016-08-25,20,0.5300000000000001,0.47749758176365525,0.46637624406320577,0.4608122424955857,0.4800000000000001,0.3097045352540889,0.6452906282732216,0.2775598349475328,0.6774353285797777
2016-09-01,20,0.4599999999999999,0.4435674393831236,0.4283892444873815,0.42039906103286373,0.4399999999999999,0.27613378072419115,0.611001098042056,0.24405792960413442,0.6430769491621128
2016-09-08,20,0.57,0.4979110578783336,0.4838343518391731,0.501392627267408,0.5200000000000001,0.330113299718669,0.6657088160379983,0.2979676967848377,0.6978544189718295
2016-09-15,20,0.58,0.6012558609066635,0.5904022582379398,0.612730455075846,0.63,0.43143185741282764,0.7710798644004994,0.3988980795792053,0.8036136422341217
2016-09-22,20,0.6199999999999999,0.5423618876428236,0.5283082492665412,0.5116172193135545,0.5300000000000001,0.37374746796863656,0.7109763073170106,0.34144541433447945,0.7432783609511677
2016-09-29,20,0.65,0.47660938929550956,0.45887928487687824,0.4408584686774941,0.4599999999999999,0.3075539483590052,0.6456648302320139,0.275167406740388,0.6780513718506311
2016-10-06,20,0.6599999999999999,0.560947386046165,0.5433556414596264,0.5521862348178137,0.57,0.3925078281753589,0.7293869439169711,0.36023927342796536,0.7616554986643647
2016-10-13,20,0.8099999999999999,0.5705047164927385,0.552837374981082,0.5623529411764705,0.58,0.40213615496280575,0.7388732780226712,0.3698812012325444,0.7711282317529325
2016-10-20,20,0.88,0.6140567186256061,0.5992284271907519,0.6028637147786082,0.6199999999999999,0.44498292878479634,0.7831305084664157,0.4125928720024574,0.8155205652487547
2016-10-27,20,0.91,0.641558742360637,0.6270225874890341,0.6332568807339449,0.65,0.47264954916689095,0.8104679355543831,0.4402910247394463,0.8428264599818278
2016-11-03,20,0.91,0.6516211370833199,0.6367044020502917,0.6434190966266438,0.6599999999999999,0.4829433994509651,0.8202988747156748,0.4506292157742844,0.8526130583923555
2016-11-10,20,0.93,0.7845110413324956,0.7701172423612258,0.7951767388825541,0.8099999999999999,0.6134916262680582,0.955530456396933,0.5807288392622483,0.9882932434027429
2016-11-17,20,1.02,0.8756489676647246,0.8607592312913465,0.8660147811256396,0.88,0.7022040812335345,1.0490938540959145,0.6689766382016958,1.0823212971277534
2016-11-24,20,0.99,0.9122525603650846,0.8949053527750961,0.8963945578231293,0.91,0.7382097011141778,1.0862954196159915,0.7048677023395291,1.1196374183906401
2016-12-01,20,0.96,0.9244037288679473,0.9029497888044332,0.8964330130016959,0.91,0.7508601279971141,1.0979473297387805,0.7176137738950954,1.1311936838407992
2016-12-08,20,0.95,0.9286766913011566,0.9109758186709085,0.916696730552424,0.93,0.7552632453232058,1.1020901372791074,0.7220418254488692,1.135311557153444
2016-12-15,20,0.8799999999999999,0.9764193223222182,0.9646377743402782,1.0077459246767848,1.02,0.8025803010357666,1.1502583436086697,0.7692773522123216,1.1835612924321146
2016-12-22,20,0.96,0.9237259054819934,0.9128034117257986,0.9774439461883407,0.99,0.7502718939666723,1.0971799169973147,0.7170427028105771,1.1304091081534098
2016-12-29,20,1.0,0.9636473947542066,0.9526930698188615,0.9471436556735606,0.96,0.790454100303353,1.1368406892050602,0.7572748556264263,1.1700199338819868
2017-01-05,20,0.99,0.9565348589875569,0.9447695334682037,0.9370680044593087,0.95,0.7837022980370625,1.1293674199380512,0.7505921603374559,1.1624775576376578
2017-01-12,20,0.93,0.8823660272939454,0.8721088349214025,0.866325736520289,0.8799999999999999,0.7089984142642869,1.055733640323604,0.6757857747680271,1.0889462798198637
2017-01-19,20,0.95,0.9548516224027522,0.9446347115934108,0.9472505543237251,0.96,0.7820891673983724,1.1276140774071322,0.7489924601398623,1.1607107846656421
2017-01-26,20,0.91,0.9915486825460663,0.9776808972880255,0.9877280265339967,1.0,0.8187797314352686,1.164317633656864,0.7856817796949501,1.1974155853971824
2017-02-02,20,0.92,0.9848146671896029,0.9710759170165261,0.977651598676957,0.99,0.8123820618986517,1.157247272480554,0.7793485451024695,1.1902807892767362
2017-02-09,20,0.99,0.9314592982627836,0.9201707052589332,0.9170258383727323,0.93,0.759096916818385,1.1038216797071823,0.7260768530498984,1.1368417434756688
2017-02-16,20,0.98,0.947895909800501,0.9357515481517317,0.9372807017543859,0.95,0.7758259806075468,1.1199658389934553,0.742861942938903,1.152929876662099
2017-02-23,20,0.92,0.9148641727227111,0.9029792918365789,0.8968780754510661,0.91,0.7429826507505265,1.0867456946948957,0.7100547069115927,1.1196736385338297
2017-03-02,20,0.8899999999999999,0.9219540322540419,0.9091078740393413,0.9070229007633588,0.92,0.7503410798798089,1.093566984628275,0.7174645868573254,1.1264434776507586
2017-03-09,20,0.8300000000000001,0.9753858521173011,0.961573835043623,0.9778194671016857,0.99,0.803752638731875,1.1470190655027273,0.770872264236671,1.1798994399979312
2017-03-16,20,0.76,0.9381419172056327,0.9246415573905312,0.9677440347071583,0.98,0.7666048602905904,1.109678974120675,0.7337429068264559,1.1425409275848093
2017-03-23,20,0.74,0.8819944403932072,0.8672188687573748,0.9071281773931855,0.92,0.710259038037232,1.0537298427491824,0.6773590868438198,1.0866297939425944
2017-03-30,20,0.8400000000000001,0.8986889765481828,0.8813496560102834,0.8768392664509168,0.8899999999999999,0.727199752829113,1.0701782002672526,0.6943469629374939,1.1030309901588717
2017-04-06,20,0.85,0.8366935057960725,0.8278242880504754,0.8162291554599248,0.8300000000000001,0.6652086997345392,1.0081783118576058,0.6323567561490128,1.041030255443132
2017-04-13,20,0.9000000000000001,0.7606765427586186,0.7535393479621509,0.7455150214592274,0.76,0.5889490375974369,0.9324040479198004,0.5560505992972298,0.9653024862200075
2017-04-20,20,0.7699999999999999,0.7399665298211249,0.7357533176175354,0.7253397538790797,0.74,0.5686188046148638,0.9113142550273859,0.5357931220878386,0.9441399375544112
2017-04-27,20,0.74,0.8121062277220519,0.807285016441269,0.8264461045891143,0.8400000000000001,0.6405855865798239,0.9836268688642799,0.6077267779426558,1.016485677501448
2017-05-04,20,0.73,0.8454989251018292,0.8381519593899819,0.8365886109632783,0.85,0.6738060724075001,1.0171917777961583,0.6409142726014679,1.0500835776021904
2017-05-11,20,0.71,0.8866290837279093,0.8787736198957837,0.8871549893842888,0.9000000000000001,0.7144629836598972,1.0587951837959213,0.68148052220063,1.0917776452551886
2017-05-18,20,0.62,0.7856562940547152,0.777008584587332,0.755812599258867,0.7699999999999999,0.6135185116544635,0.9577940764549668,0.5805414751097709,0.9907711129996594
2017-05-25,20,0.57,0.7555021871622778,0.7454787135013771,0.7255332629355861,0.74,0.5830791749277434,0.9279251993968122,0.5500474959069039,0.9609568784176516
2017-06-01,20,0.6199999999999999,0.7296587699776058,0.719705698688623,0.7154660347551343,0.73,0.5570198635670944,0.9022976763881172,0.5239468249444773,0.9353707150107343
2017-06-08,20,0.7000000000000002,0.7061604340297509,0.6965331110849107,0.6952941176470588,0.71,0.5336618524756042,0.8786590155838977,0.5006156963761144,0.9117051716833875
2017-06-15,20,0.7,0.5825978849985115,0.575797307720157,0.6043897328444212,0.62,0.4093746525271982,0.7558211174698248,0.37618967251906765,0.7890060974779554
2017-06-22,20,0.6399999999999999,0.5238779232964453,0.5185076350139849,0.5539080459770115,0.57,0.3502443140011724,0.6975115325917183,0.31698071667073113,0.7307751299221595
2017-06-29,20,0.7,0.6153682243714281,0.6057290249955825,0.6044710786868159,0.6199999999999999,0.442109687144952,0.7886267615979042,0.40891794368149537,0.8218185050613609
2017-07-06,20,0.6499999999999999,0.6984528740992871,0.6817950062723215,0.6853430353430355,0.7000000000000002,0.5241130706756941,0.8727926775228801,0.4907141852681525,0.9061915629304218
2017-07-13,20,0.6300000000000001,0.6486943922546079,0.6764475406259669,0.6853810264385691,0.7,0.474507608633986,0.8228811758752298,0.44113803776485816,0.8562507467443576
2017-07-20,20,0.6200000000000001,0.6058642253217238,0.6402872427021001,0.6247983453981385,0.6399999999999999,0.432103863314359,0.7796245873290886,0.39881598352389935,0.8129124671195482
2017-07-27,20,0.6199999999999999,0.6460351059284999,0.6814349958496376,0.6854564208354822,0.7,0.47255868930825007,0.8195115225487497,0.4393252059279046,0.8527450059290952
2017-08-03,20,0.5800000000000001,0.6144174284786671,0.6457770728821323,0.6349794238683126,0.6499999999999999,0.44144854309123793,0.7873863138660963,0.40831228924283436,0.8205225677144998
2017-08-10,20,0.47,0.5942608061620134,0.6219224652824151,0.6148127244740894,0.6300000000000001,0.42142697664443135,0.7670946356795953,0.38831659592099443,0.8002050164030323
2017-08-17,20,0.4899999999999997,0.5857617480634003,0.6105609545009328,0.60474923234391,0.6200000000000001,0.41328810861298687,0.7582353875138137,0.38024673075947446,0.7912767653673262
2017-08-24,20,0.53,0.5865139115627612,0.6102925970701758,0.6047881572230729,0.6199999999999999,0.41436341305420915,0.7586644100713134,0.3813839404402105,0.7916438826853119
2017-08-31,20,0.5800000000000001,0.5664313542124663,0.5829874648089661,0.564419551934827,0.5800000000000001,0.3945362845126127,0.7383264239123198,0.36160574528814404,0.7712569631367885
2017-09-07,20,0.5800000000000001,0.4422007305957874,0.4635589680485238,0.4533417978669375,0.47,0.26835941039884603,0.6160420507927288,0.23505602116508445,0.6493454400264904
2017-09-14,20,0.52,0.46650386344002065,0.49262509634225954,0.47358662613981733,0.4899999999999997,0.29313369338064954,0.6398740334993918,0.2599205640252717,0.6730871628547697
2017-09-21,20,0.53,0.4900551380013188,0.5174566581332386,0.5140323395654371,0.53,0.31681693541816325,0.6632933405844743,0.283629087533391,0.6964811884692466
2017-09-28,20,0.5799999999999998,0.5317605135992015,0.554789088789866,0.5645766129032259,0.5800000000000001,0.3584117155141828,0.7051093116842202,0.32520268046262035,0.7383183467357827
2017-10-05,20,0.55,0.5463395820688048,0.5633403717343725,0.5646153846153846,0.5800000000000001,0.3729974114754083,0.7196817526622014,0.33978964607557705,0.7528895180620326
2017-10-12,20,0.48,0.502487376653063,0.5157203236864746,0.5040521564694083,0.52,0.3295185447848424,0.6754562085212836,0.29638230118930065,0.7085924521168253
2017-10-19,20,0.49,0.5035437184605385,0.5150168469420502,0.5141920960480241,0.53,0.3308499713248736,0.6762374655962033,0.2977664266728868,0.7093210102481902
2017-10-26,20,0.4599999999999999,0.5553683800386621,0.5639282612022429,0.5647305389221555,0.5799999999999998,0.3826442024457162,0.728092557631608,0.34955482812468264,0.7611819319526415
2017-11-02,20,0.4599999999999999,0.5241581401555809,0.5292036009471778,0.5344698855151817,0.55,0.35188556512076885,0.696430715190393,0.31888270588001344,0.7294335744311484
2017-11-09,20,0.3600000000000001,0.46935281742087825,0.470840866247285,0.4638133068520357,0.48,0.2971295663738708,0.6415760684678857,0.26413615630183174,0.6745694785399248
2017-11-16,20,0.29,0.4760493161986688,0.4771140858857715,0.4739524517087667,0.49,0.3041293635731759,0.6479692688241617,0.27119405743968406,0.6809045749576536
2017-11-23,20,0.3499999999999998,0.4479062611782184,0.4473781902625054,0.44369565217391294,0.4599999999999999,0.276217947757216,0.6195945745992208,0.24332701755563838,0.6524855048007985
2017-11-30,20,0.3399999999999998,0.4737823414196255,0.464737058963444,0.4437358304583538,0.4599999999999999,0.30214400124705787,0.6454206815921931,0.26926264459532456,0.6783020382439264
2017-12-07,20,0.3800000000000001,0.3682765076253642,0.35845291805470914,0.34279252704031477,0.3600000000000001,0.19628863017433287,0.5402643850763955,0.16334031144463562,0.5732127038060928
2017-12-14,20,0.4099999999999999,0.25362936075670284,0.25362154723344144,0.27214811181951937,0.29,0.08051848455425029,0.4267402369591554,0.04735502902919711,0.4599036924842086
2017-12-21,20,0.4199999999999999,0.2875797339973539,0.3036680326943526,0.33277886497064557,0.3499999999999998,0.11486416256007434,0.4602953054346335,0.08177643695035777,0.4933830310443501
2017-12-28,20,0.4400000000000001,0.2918451671248766,0.31266624514369046,0.32272327964860886,0.3399999999999998,0.11936056681922066,0.46432976743053256,0.08631708915636455,0.4973732450933887
2018-01-04,20,0.51,0.3436679090822082,0.36254846405581964,0.36315481986368076,0.3800000000000001,0.1709041887919852,0.5164316293724311,0.1378072391382444,0.5495285790261719
2018-01-11,20,0.5299999999999998,0.37022796700228566,0.3877337246420055,0.39348712967459926,0.4099999999999999,0.19737091452183614,0.5430850194827352,0.1642560848942454,0.576199849110326
2018-01-18,20,0.53,0.38875294726342957,0.40895047929200107,0.4036240310077518,0.4199999999999999,0.21546826269158495,0.5620376318352742,0.18227151008979886,0.5952343844370602
2018-01-25,20,0.4999999999999998,0.4093546661693744,0.4327482106774304,0.42385693571773814,0.4400000000000001,0.23595251808209589,0.5827568142566528,0.20273326258415814,0.6159760697545906
2018-02-01,20,0.4099999999999999,0.4660413584642708,0.4887160677163995,0.49457087753134044,0.51,0.2922163662423618,0.6398663506861798,0.2589161050158386,0.673166611912703
2018-02-08,20,0.4499999999999999,0.4938419309448117,0.5148139057843211,0.5148003848003846,0.5299999999999998,0.3197466386582387,0.6679372232313847,0.2863945951037096,0.7012892667859139
2018-02-15,20,0.3900000000000001,0.5056289680221828,0.5222145013602608,0.5148368522072937,0.53,0.33152642292015305,0.6797315131242125,0.29817298991842045,0.7130849461259452
2018-02-22,20,0.3499999999999998,0.47913428507828426,0.49244663133780187,0.4845859262805168,0.4999999999999998,0.3053724352828436,0.652896134873725,0.27208427047162287,0.6861842996849457
2018-03-01,20,0.3199999999999998,0.39798593499426876,0.4062021319830832,0.39376313276026736,0.4099999999999999,0.22400550522438614,0.5719663647641514,0.19067546628358967,0.6052964037049479
2018-03-08,20,0.3700000000000001,0.4277690290321776,0.4344307146158534,0.4341829442591709,0.4499999999999999,0.25415694724262416,0.6013811108217311,0.2208974740116858,0.6346405840526694
2018-03-15,20,0.3900000000000001,0.3743169057802166,0.3793961580900987,0.3736501901140686,0.3900000000000001,0.20076969329951305,0.5478641182609201,0.16752264730877003,0.5811111642516631
2018-03-22,20,0.4099999999999999,0.29100399832433965,0.3104537767523177,0.3333096254148884,0.3499999999999998,0.11701711695666991,0.46499087969200936,0.08368584206073895,0.4983221545879404
2018-03-29,20,0.4400000000000001,0.24033103940338907,0.2745931333847865,0.30306527909176895,0.3199999999999998,0.06622290261367919,0.41443917619309895,0.032868398392796455,0.4477936804139817
2018-04-05,20,0.4099999999999999,0.30413658539818417,0.3438788416807525,0.3535771590372818,0.3700000000000001,0.13042181906103686,0.47785135173533144,0.09714267419246406,0.5111304966039043
2018-04-12,20,0.4299999999999999,0.3362184072327153,0.37334618463960917,0.37380414312617716,0.3900000000000001,0.1623793528447514,0.5100574616206792,0.12907639767993398,0.5433604167854966
2018-04-19,20,0.4599999999999999,0.3582321130552766,0.39230750107589807,0.39403006106153116,0.4099999999999999,0.18430106149849593,0.5321631646120573,0.15098048211454554,0.5654837439960076
2018-04-26,20,0.4200000000000001,0.3850777116261786,0.416305157288795,0.42434864104967207,0.4400000000000001,0.21083724866866774,0.5593181745836895,0.1774573942613788,0.5926980289909785
2018-05-03,20,0.33,0.3669781355805818,0.39478971478941527,0.394104721832632,0.4099999999999999,0.19314328261892377,0.5408129885422398,0.15984113233602648,0.5741151388251371
2018-05-10,20,0.3700000000000001,0.3893969661880932,0.4136453732362927,0.4143283582089551,0.4299999999999999,0.21569983323471711,0.5630940991414694,0.1824240664550968,0.5963698659210896
2018-05-17,20,0.3400000000000001,0.4261355406058325,0.44661137901706793,0.44464402047463925,0.4599999999999999,0.25232343365624166,0.5999476475554233,0.21902564090636661,0.6332454403052983
2018-05-24,20,0.32,0.38623694481630916,0.40643036934604315,0.4043082636954504,0.4200000000000001,0.2128899802793253,0.559583909353293,0.17968129648696757,0.5927925931456508
2018-05-31,20,0.2799999999999998,0.3073831768310036,0.32698476894322626,0.31351088466882815,0.33,0.13405832082950045,0.48070803283250674,0.1008538724465475,0.5139124812154596
2018-06-07,20,0.2300000000000002,0.3298568190915834,0.346361752786874,0.35391866913123854,0.3700000000000001,0.15681006635563932,0.5029035718275274,0.12365889518715759,0.5360547429960092
2018-06-14,20,0.2200000000000002,0.2826780090369774,0.31109976348239154,0.32367911479944683,0.3400000000000001,0.10992322367602567,0.45543279439792905,0.07682798571791025,0.4885280323560445
2018-06-21,20,0.1799999999999999,0.24287667282741637,0.28326817429066264,0.30353265869365226,0.32,0.07015769958988277,0.41559564606495,0.03706932228540327,0.4486840233694295
2018-06-28,20,0.2299999999999999,0.226576123670007,0.26785858604942625,0.26320330426801264,0.2799999999999998,0.05403317388349746,0.39911907345651654,0.02097851800668013,0.43217372933333387
2018-07-05,20,0.2799999999999998,0.1892069559746612,0.22776628403897337,0.212783882783883,0.2300000000000002,0.01690299977511378,0.3615109121742086,-0.01610587126503782,0.3945197832143602
2018-07-12,20,0.2200000000000002,0.18246277201392838,0.21199916516138712,0.2027318410232985,0.2200000000000002,0.009828555133592098,0.35509698889426466,-0.02324358509934088,0.38816912912719764
2018-07-19,20,0.1699999999999999,0.1474682187025825,0.18087324257875959,0.16240656335460338,0.1799999999999999,-0.024969644819482134,0.3199060822246471,-0.05800416895337454,0.3529406063585395
2018-07-26,20,0.1299999999999999,0.18351216109866836,0.21612492978491657,0.21290131878126412,0.2299999999999999,0.01106786782739766,0.35595645436993906,-0.02196788807602021,0.38899221027335695
2018-08-02,20,0.1699999999999999,0.2244616860730066,0.25447708732982893,0.26339382940108874,0.2799999999999998,0.05179041934467982,0.39713295280133337,0.01871118134288907,0.4302121908031241
2018-08-09,20,0.1699999999999999,0.17831101185566003,0.20756907984001843,0.202888184698959,0.2200000000000002,0.006127657879586967,0.3504943658317331,-0.026858108971144767,0.38348013268246484
2018-08-16,20,0.1799999999999997,0.1305984900972603,0.15977825368448523,0.15247515808491408,0.1699999999999999,-0.04142037933869738,0.302617359533218,-0.07437463531125477,0.33557161550577536
2018-08-23,20,0.2399999999999997,0.09258473247324284,0.11979017738024011,0.1121541234790445,0.1299999999999999,-0.07940562945238078,0.26457509439886645,-0.11235442414155819,0.29752388908804384
2018-08-30,20,0.2200000000000002,0.11991910956891394,0.14566394508238914,0.15255395683453227,0.1699999999999999,-0.05186620095319677,0.29170442009102465,-0.08477571322840963,0.3246139323662375
2018-09-06,20,0.25,0.12475491008832237,0.14961884662799507,0.1525930910722296,0.1699999999999999,-0.04693779019805805,0.2964476103747028,-0.0798295608067669,0.32933938098341164
2018-09-13,20,0.2200000000000002,0.1484963081670128,0.16867078326084245,0.16272157564905967,0.1799999999999997,-0.02319212319782349,0.3201847395318491,-0.0560830759943135,0.35307569232833913
2018-09-20,20,0.1800000000000001,0.2049294637014528,0.2223554626398572,0.2232961143367572,0.2399999999999997,0.0328292451235373,0.3770296822793683,-0.00014059518843595464,0.40999952259134154
2018-09-27,20,0.1400000000000001,0.14755680784356223,0.1790922025533205,0.20315508021390394,0.2200000000000002,-0.02440627651707511,0.3195198922041996,-0.05734984554780112,0.35246346123492556
2018-10-04,20,0.1600000000000001,0.1759462966288284,0.21628080256645832,0.23345931525122277,0.25,0.004097330117210585,0.34779526314044623,-0.028824376958370895,0.3807169702160277
2018-10-11,20,0.1800000000000001,0.15883387746208083,0.2037291170865944,0.20322981366459647,0.2200000000000002,-0.012854255886446453,0.3305220108106081,-0.045745151590910665,0.3634129065150723
2018-10-18,20,0.1399999999999996,0.12866434341256539,0.17194856833870975,0.1629127932713591,0.1800000000000001,-0.04278649147375174,0.3001151782988825,-0.07563192708252289,0.33296061390765364
2018-10-25,20,0.1199999999999996,0.10200662482907456,0.1341570319008186,0.12259717314487642,0.1400000000000001,-0.06965649013724877,0.2736697397953979,-0.10254259298280237,0.3065558426409515
2018-11-01,20,0.1099999999999998,0.12856749775305187,0.16250702396704486,0.14281181137064794,0.1600000000000001,-0.04294982816264392,0.30008482366874767,-0.07580800169027951,0.33294299719638326
2018-11-08,20,0.09,0.12980903605858596,0.16412457025982535,0.1630255057167987,0.1800000000000001,-0.04165073999685348,0.3012688121140254,-0.07449788849664013,0.33411596061381205
2018-11-15,20,0.0899999999999998,0.08986409714053971,0.1239499262795716,0.12271171566476484,0.1399999999999996,-0.08115809024828609,0.2608862845293655,-0.11392140835796753,0.29364960263904694
2018-11-22,20,0.08,0.07354375568693855,0.1056868494869218,0.10257443082311693,0.1199999999999996,-0.09720620288422513,0.24429371425810223,-0.1299173691679484,0.2770048805418255
2018-11-29,20,0.09,0.061116214116867684,0.09260183636813962,0.09252512013979883,0.1099999999999998,-0.10941396418445795,0.23164639241819332,-0.14208302639382178,0.2643154546275571
2018-12-06,20,0.06,0.031256690316469625,0.06317392856949011,0.07238884045335658,0.09,-0.13903852856561597,0.20155190919855523,-0.1716625787779228,0.23417595941086206
2018-12-13,20,0.07,0.04127762308484039,0.07015926408767525,0.07242714223575447,0.0899999999999998,-0.12880567949744565,0.21136092566712644,-0.16138913216361553,0.24394437833329632
2018-12-20,20,0.09,0.005205928071244981,0.04032764005807423,0.06237847222222222,0.08,-0.1647514231776932,0.17516327932018316,-0.1973107469067712,0.20772260304926116
2018-12-27,20,0.0699999999999998,0.015213072847754097,0.05720279681335863,0.07250324815937635,0.09,-0.15472805829279046,0.18515420398829863,-0.1872842746790191,0.21771042037452726
2019-01-03,20,0.1099999999999998,-0.007803997286174917,0.036898528580186274,0.04228176318063958,0.06,-0.17753829388203698,0.16193029930968714,-0.21005488625171562,0.19444689167936577
2019-01-10,20,0.1100000000000001,0.022373719389506386,0.06314211163111824,0.052406209573091854,0.07,-0.1472097175730465,0.19195715635205926,-0.17969740923556263,0.2244448480145754
2019-01-17,20,0.1099999999999998,0.03269188807963397,0.07295143479784572,0.07261617900172117,0.09,-0.1367757829672325,0.20215955912650044,-0.1692412969487132,0.23462507310798114
2019-01-24,20,0.1199999999999998,0.010319337522897057,0.0505764434208068,0.05248175182481731,0.0699999999999998,-0.1588769594669478,0.17951563451274188,-0.1912904853719533,0.21192916041774745
2019-01-31,20,0.1599999999999999,0.04285158842848849,0.07927019473596532,0.09286203941730914,0.1099999999999998,-0.12631370994249028,0.21201688679946726,-0.15872129733374873,0.24442447419072572
2019-02-07,20,0.1399999999999999,0.052949357693076335,0.08832136388772528,0.09289867464728527,0.1100000000000001,-0.11617815418480233,0.22207686957095502,-0.14857850268552503,0.2544772180716777
2019-02-14,20,0.1,0.05788318978028882,0.09183731073525464,0.09293515358361755,0.1099999999999998,-0.11114334527908253,0.22690972483966015,-0.1435243492977999,0.25929072885837756
2019-02-21,20,0.0699999999999998,0.07614879324760773,0.10701718859444109,0.10305661983822884,0.1199999999999998,-0.09277210889509435,0.24506969539030982,-0.12513287644680982,0.2774304629420253
2019-02-28,20,0.06,0.11762209706234913,0.14323437674939415,0.1434324553950721,0.1599999999999999,-0.051406124732145564,0.28665031885684383,-0.08378745188460518,0.31903164600930345
2019-03-07,20,0.1099999999999998,0.0942614081801368,0.11839599924451832,0.12329800763035174,0.1399999999999999,-0.07448007785753101,0.2630028942178046,-0.10680647403899922,0.2953292903992728
2019-03-14,20,0.1299999999999999,0.06717315274331515,0.08865682916718703,0.08299492385786802,0.1,-0.101249224241761,0.2355955297283913,-0.13351448758683312,0.26786079307346344
2019-03-21,20,0.1499999999999999,0.0319987544347478,0.052780226923998926,0.052777543267201146,0.0699999999999998,-0.1363038300026334,0.20030133887212898,-0.1685461442707043,0.23254365314019992
2019-03-28,20,0.1499999999999999,0.020078260600597267,0.039760621574252,0.042729570345408585,0.06,-0.1480778435110921,0.18823436471228666,-0.18029209603126517,0.22044861723245968
2019-04-04,20,0.1399999999999999,0.07159943917690095,0.08991963351496249,0.09318621269440922,0.1099999999999998,-0.096536613996303,0.2397354923501049,-0.12874702528811832,0.27194590364192023
2019-04-11,20,0.0999999999999998,0.09392241218730008,0.11102001049062461,0.11338926174496633,0.1299999999999999,-0.07424915104059637,0.2620939754151965,-0.10646636511768623,0.2943111894922864
2019-04-18,20,0.0899999999999998,0.1104384667602329,0.12897761210582293,0.13359146086228538,0.1499999999999999,-0.057813120704260826,0.27869005422472665,-0.09004566530401646,0.31092259882448225
2019-04-25,20,0.0599999999999998,0.10816769618377324,0.12662552169955996,0.13362573099415195,0.1499999999999999,-0.05999807317676488,0.2763334655443114,-0.09221417730243704,0.30854956966998354
2019-05-02,20,0.03,0.11638621006247882,0.13359364639642257,0.12357649020425167,0.1399999999999999,-0.05162181065133806,0.28439423077629566,-0.08380769431747329,0.31658011444243095
2019-05-09,20,0.08,0.07848865860865094,0.09237504422889262,0.08327787021630595,0.0999999999999998,-0.08930983002935429,0.24628714724665618,-0.1214555729034741,0.278432890120776
2019-05-16,20,0.05,0.060956803325349515,0.07301738577335246,0.07322955583229536,0.0899999999999998,-0.10669646534060019,0.22861007199129924,-0.13881438791717277,0.2607279945678718
2019-05-23,20,0.05,0.030263307437973744,0.04100885606224276,0.04301574150787055,0.0599999999999998,-0.13723347489066146,0.19776008976660892,-0.16932141883272156,0.22984803370866902
2019-05-30,20,0.03,0.0030868191749295337,0.013138685311816806,0.01280281107895824,0.03,-0.1642963049164409,0.17046994326629997,-0.19636247495278653,0.2025361133026456
2019-06-06,20,-0.05,0.05495442288350624,0.0611923757002807,0.06325082508250825,0.08,-0.1122833303808615,0.22219217614787398,-0.14432165121985047,0.25423049698686295
2019-06-13,20,0.02,0.03236408056301687,0.03778628292844831,0.03303828736105393,0.05,-0.13465017916616387,0.19937834029219761,-0.16664568456757373,0.23137384569360747
2019-06-20,20,0.05,0.023528240857843746,0.029609847012740692,0.03307313064913722,0.05,-0.14330157539300778,0.19035805710869527,-0.17526174631269908,0.22231822802838658
2019-06-27,20,0.02,0.007336064963590308,0.014013808451894077,0.012943829438294384,0.03,-0.15931879795184162,0.17399092787902226,-0.1912454524496568,0.20591758237683744
2019-07-04,20,-0.08,-0.06697999674512661,-0.05682423840444193,-0.0676759410801964,-0.05,-0.23370240237158563,0.0997424088813324,-0.26564199626259394,0.1316820027723407
2019-07-11,20,-0.1200000000000001,-0.014352589298090718,-0.003069125760125281,0.0029318089015924857,0.02,-0.18096285475636636,0.15225767616018493,-0.21288096556345928,0.18417578696727785
2019-07-18,20,-0.1999999999999999,0.014042503150132238,0.02084445030548325,0.03321108394458028,0.05,-0.15273767944439715,0.18082268574466165,-0.184688341871092,0.21277334817135646
2019-07-25,20,-0.1799999999999999,0.004394020355467418,0.009655983210286356,0.003001220008133385,0.02,-0.1621596633673424,0.17094770407827725,-0.19406693461363583,0.2028549753245707
2019-08-01,20,-0.1900000000000001,-0.0678399723627933,-0.06932558011300521,-0.09777597402597403,-0.08,-0.23440292819199524,0.09872298346640865,-0.26631197572811344,0.13063203100252685
2019-08-08,20,-0.1899999999999999,-0.0994791499676888,-0.11177341974776782,-0.13806399351964369,-0.1200000000000001,-0.26621262730967654,0.06725432737429896,-0.29815434224792103,0.09919604231254345
2019-08-15,20,-0.1500000000000001,-0.19671832262111066,-0.2182095712728805,-0.21867421180274849,-0.1999999999999999,-0.3643283967021942,-0.029108248540027137,-0.3964380443411918,0.003001399098970431
2019-08-22,20,-0.1700000000000001,-0.17341979444033717,-0.193678659706842,-0.19847519160951987,-0.1799999999999999,-0.3406580143360137,-0.00618157454466059,-0.3726964245691933,0.02585683568851896
2019-08-29,20,-0.2099999999999999,-0.18915761771926765,-0.2106414913974411,-0.20851851851851863,-0.1900000000000001,-0.356349605050734,-0.021965630387801333,-0.3883791583500187,0.010063922911483392
2019-09-05,20,-0.1699999999999999,-0.18075260501887333,-0.2010996771599996,-0.20848131779831247,-0.1899999999999999,-0.34779832690060514,-0.013706883137141523,-0.37979985961653007,0.018294649578783406
2019-09-12,20,-0.1300000000000001,-0.14365434666516558,-0.1605426082153205,-0.16812349639133933,-0.1500000000000001,-0.31073342846855767,0.023424735138226543,-0.34274135206125805,0.0554326587309269
2019-09-19,20,-0.0899999999999998,-0.15373358435828605,-0.17161574225874382,-0.18824729891956793,-0.1700000000000001,-0.32067265391087807,0.013205485194305977,-0.3526537548673916,0.04518658615081947
2019-09-26,20,-0.1099999999999998,-0.17644706261536852,-0.20323630360399958,-0.2285303514376996,-0.2099999999999999,-0.34306811877517274,-0.009826006455564279,-0.37498829679466783,0.022094171563930787
2019-10-03,20,-0.1,-0.16478205635013382,-0.20228435797410524,-0.1881745715424471,-0.1699999999999999,-0.33123015559599034,0.0016660428957226692,-0.3631171996550475,0.03355308695477985
2019-10-10,20,-0.0199999999999997,-0.1087051017327457,-0.14678171448919866,-0.14782020684168665,-0.1300000000000001,-0.2751320651597514,0.057721861694259996,-0.30701506015612795,0.08960485669063656
2019-10-17,20,-0.06,-0.07604116543426556,-0.11296147603739315,-0.10746724890829674,-0.0899999999999998,-0.24246269358878478,0.09038036272025365,-0.27434464733101643,0.12226231646248531
2019-10-24,20,-0.08,-0.08896897332380796,-0.12331023943051919,-0.12759112519809807,-0.1099999999999998,-0.2551901138902422,0.07725216724262629,-0.28703367868192947,0.10909573203431355
2019-10-31,20,-0.1300000000000001,-0.07803435536973972,-0.11704131984639515,-0.11747726374060895,-0.1,-0.24411601566981145,0.08804730493033201,-0.2759328597394297,0.11986414899995025
2019-11-07,20,-0.0799999999999998,0.01952149633211038,-0.023504845778489596,-0.03681136543014966,-0.0199999999999997,-0.14666716742954355,0.1857101600937643,-0.17850451052624228,0.21754750319046307
2019-11-14,20,-0.04,-0.02177285371447915,-0.07288087324246824,-0.07709334383615597,-0.06,-0.1876756305414163,0.144129923112458,-0.2194582052789417,0.1759124978499834
2019-11-21,20,-0.04,-0.043948181786839374,-0.09583949661108031,-0.09721698113207547,-0.08,-0.20986807953798287,0.12197171596430412,-0.241653934190791,0.15375757061711226
2019-11-28,20,-0.0599999999999998,-0.09014038335742615,-0.13958988683509999,-0.14757551981169095,-0.1300000000000001,-0.2565811087148508,0.07630034199999851,-0.2884667401323316,0.10818597341747928
2019-12-05,20,-0.0399999999999998,-0.050231602006387016,-0.09937328022475891,-0.09714956930305382,-0.0799999999999998,-0.21635943112386907,0.11589622711109504,-0.24818511991518485,0.14772191590241082
2019-12-12,20,-0.0299999999999998,-0.011511518383610558,-0.05894749035040786,-0.056803438843298165,-0.04,-0.1775660721894228,0.15454303542220169,-0.2093777233732066,0.18635468660598548
2019-12-19,20,-0.0899999999999998,-0.012467734548441425,-0.05600799771613507,-0.056770670826833076,-0.04,-0.17830122996080433,0.1533657608639215,-0.21007053221562183,0.18513506311873895
2019-12-26,20,-0.09,-0.03360773682403151,-0.07588385589924049,-0.07689373297002705,-0.0599999999999998,-0.19930801817818794,0.13209254453012492,-0.23105180015033133,0.16383632650226831
2020-01-02,20,-0.1499999999999999,-0.013316237864746408,-0.05532865482775566,-0.056705516705516504,-0.0399999999999998,-0.17895175141183145,0.15231927568233866,-0.21068312558883,0.18405064985933722
2020-01-09,20,-0.1199999999999998,-0.008751084185375527,-0.05036124536200131,-0.04659557968204711,-0.0299999999999998,-0.17424296441445553,0.15674079604370444,-0.20594682225476818,0.18844465388401715
2020-01-16,20,-0.1200000000000001,-0.05966706619433837,-0.10059569397923777,-0.10702786377708959,-0.0899999999999998,-0.22532846822807326,0.10599433583939652,-0.25706480195293185,0.13773066956425511
2020-01-23,20,-0.1499999999999999,-0.07056105064638452,-0.11191642815045531,-0.10699497875627656,-0.09,-0.23608894172657022,0.09496684043380119,-0.26779969829147643,0.12667759699870737
2020-01-30,20,-0.09,-0.13071232713792127,-0.17337619276832242,-0.1674248265227447,-0.1499999999999999,-0.2965951670989858,0.03517051282314326,-0.3283739224614426,0.06694926818560001
2020-02-06,20,0.0499999999999999,-0.09791560083770912,-0.13972945910717557,-0.1371604463255096,-0.1199999999999998,-0.2635205049388947,0.06768930326347644,-0.29524601515737137,0.09941481348195313
2020-02-13,20,0.17,-0.09484245384087434,-0.13669298518610423,-0.13712749615975434,-0.1200000000000001,-0.26034109710524883,0.07065618942350016,-0.2920462505638677,0.10236134288211901
2020-02-20,20,0.37,-0.1241137219370185,-0.1657624659138563,-0.1673246454580298,-0.1499999999999999,-0.28949882819037087,0.04127138431633387,-0.32118223096701015,0.07295478709297315
2020-02-27,20,0.25,-0.08056164164548262,-0.12627443243295972,-0.10683244070390206,-0.09,-0.2455834201581743,0.08446013686720909,-0.277197218969813,0.11607393567884776
2020-03-05,20,0.24,0.0397116443672938,0.014570238809278283,0.03426880488736148,0.0499999999999999,-0.1267973203311311,0.2062206090657187,-0.15869602459764345,0.23811931333223105
2020-03-12,20,0.37,0.16788216532216194,0.12007131231231159,0.15521341463414634,0.17,-0.0006130013025816006,0.33637733194690544,-0.032892209213302936,0.3686565398576268
2020-03-19,20,0.2799999999999999,0.6672745499207827,0.6264589936415224,0.35676302776721186,0.37,0.4867812385616477,0.8477678612799178,0.45220350413421684,0.8823455957073486
2020-03-26,20,0.2699999999999999,0.3618838818853911,0.29963436876858246,0.23587699316628702,0.25,0.18926172291316318,0.534506040857619,0.15619189265582528,0.567575871114957
2020-04-02,20,0.24,0.3246029038568672,0.30626067914897437,0.22582796513830997,0.24,0.1503469426018163,0.49885886511191807,0.1169641191315057,0.5322416885822286
2020-04-09,20,0.27,0.3915944567535248,0.3824690074249925,0.3568381240544629,0.37,0.21729100099894058,0.565897912508109,0.18389907884137524,0.5992898346656743
2020-04-16,20,0.26,0.27970381116184184,0.2738263179338032,0.26618346545866356,0.2799999999999999,0.10601781089660972,0.45338981142707396,0.07274417684496257,0.4866634454787211
2020-04-23,20,0.25,0.2531516877871933,0.25883541652355807,0.2561341371514694,0.2699999999999999,0.07928815965536695,0.4270152159190197,0.04598051596990932,0.46032285960447733
2020-04-30,20,0.26,0.2396366044501379,0.2433139408236171,0.2259345618653629,0.24,0.06565873158346774,0.41361447731680806,0.03232918247755531,0.44694402642272046
2020-05-07,20,0.35,0.24513801747754543,0.24518419107828232,0.2561861861861862,0.27,0.07129142086805715,0.4189846140870337,0.03798702081350447,0.4522890141415864
2020-05-14,20,0.25,0.24913794035138537,0.2475625289730895,0.24613713001124016,0.26,0.07546654405879757,0.42280933664397313,0.04219570774122644,0.4560801729615443
2020-05-21,20,0.22,0.25228496236454445,0.24469225313699317,0.23608825729244576,0.25,0.07749027283068255,0.42707965189840635,0.04400424330130523,0.46056568142778365
2020-05-28,20,0.22,0.2698632808982136,0.26068638380373427,0.24618887644643525,0.26,0.09514326963485217,0.444583292161575,0.06167154648273296,0.4780550153136942
2020-06-04,20,0.2700000000000001,0.34482277065358874,0.334146260243077,0.3368852459016393,0.35,0.16972319746912937,0.5199223438380481,0.13617876031332954,0.5534667809938479
2020-06-11,20,0.25,0.24852566140469923,0.24068560965607935,0.23616586091483824,0.25,0.07392377367326763,0.4231275491361308,0.040474679858966744,0.4565766429504317
2020-06-18,20,0.2299999999999999,0.21945261490682588,0.2103831494246003,0.20596881959910912,0.22,0.044753206517749694,0.39415202329590204,0.011285430330258223,0.42761979948339357
2020-06-25,20,0.2299999999999999,0.21748397050942447,0.20794986428062417,0.2059948128936643,0.22,0.043060761506349465,0.3919071795124995,0.009645897800468789,0.4253220432183802
2020-07-02,20,0.19,0.2622428181255577,0.25292813268895903,0.25639053254437877,0.2700000000000001,0.08794575837002672,0.4365398778810887,0.05455506151635209,0.46993057473476335
2020-07-09,20,0.2,0.24523642364667134,0.23658528489330238,0.23626799557032116,0.25,0.07113335665230497,0.4193394906410377,0.037779823669833595,0.45269302362350905
2020-07-16,20,0.33,0.22890005015391549,0.22063498942853424,0.21614591009579945,0.2299999999999999,0.05492569989621199,0.402874400411619,0.021596825628809768,0.4362032746790212
2020-07-23,20,0.28,0.21849492869967277,0.22046344832213888,0.2161713865391687,0.2299999999999999,0.04537379793427215,0.3916160594650734,0.012208377906758355,0.42478147949258716
2020-07-30,20,0.37,0.16486404891945242,0.1684905031008516,0.17590308370044053,0.19,-0.008325305900801855,0.3380534037397067,-0.04150379584892672,0.37123189368783155
2020-08-06,20,0.28,0.18565798121358407,0.1916656246718143,0.18600219860754857,0.2,0.012735648083511797,0.35858031434365634,-0.020391687586263585,0.3917076500134317
2020-08-13,20,0.3,0.29933888718654206,0.3030705524579649,0.31697878566203364,0.33,0.1259233409120415,0.4727544334610426,0.09270151867655493,0.5059762556965292
2020-08-20,20,0.3099999999999999,0.27469769886866874,0.27145603122778006,0.26663745892661556,0.28,0.10137935276644999,0.4480160449708875,0.0681761515076531,0.48121924622968437
2020-08-27,20,0.3,0.3601387743342257,0.35571846366111276,0.35731778425655975,0.37,0.18654283215474116,0.5337347165137103,0.15328645084530687,0.5669910978231445
2020-09-03,20,0.31,0.2788621699069673,0.2750732515405604,0.26668606766096764,0.28,0.10568458099919989,0.4520397588147348,0.07250834508804849,0.48521599472588617
2020-09-10,20,0.3399999999999999,0.2885983068797515,0.2847185356328958,0.2868554829339143,0.3,0.11560319308114117,0.46159342067836184,0.08246191456434718,0.4947346991951559
2020-09-17,20,0.3399999999999999,0.30059207836295276,0.2962233066539124,0.29695179412830724,0.3099999999999999,0.12774291069175261,0.47344124603415294,0.0946295915846248,0.5065545651412807
2020-09-24,20,0.41,0.28725722668814563,0.2829760989379741,0.28690303907380604,0.3,0.11461129868282563,0.45990315469346565,0.08153691490875259,0.49297753846753867
2020-10-01,20,0.38,0.29967440904225473,0.29485307140906725,0.29699891657638133,0.31,0.12715636587614465,0.4721924522083648,0.0941064814476385,0.505242336636871
2020-10-08,20,0.36,0.3297535501439271,0.32283022955469876,0.3272386445565969,0.3399999999999999,0.1573049372564454,0.5022021630314089,0.12426835382905421,0.5352387464588
2020-10-15,20,0.4599999999999999,0.3397452782110232,0.333774086852401,0.3272616048938466,0.3399999999999999,0.16739890277457223,0.5120916536474741,0.13438190533296443,0.5451086510890819
2020-10-22,20,0.41,0.38998065890592015,0.38801006687530176,0.39778735632183904,0.41,0.21789642955117983,0.5620648882606605,0.18492965235056782,0.5950316654612725
2020-10-29,20,0.4299999999999999,0.36255368657667314,0.36090367776617027,0.367594119756185,0.38,0.19076469997382403,0.5343426731795222,0.15785448345897732,0.5672528896943689
2020-11-05,20,0.48,0.35506273055487714,0.3533925548941204,0.3474731567644953,0.36,0.18327442429659258,0.5268510368131617,0.15036433811773167,0.5597611229920226
2020-11-12,20,0.48,0.4398887595668216,0.43774234494497266,0.4482100750267952,0.4599999999999999,0.2680354783293286,0.6117420408043146,0.23511294466663257,0.6446645744670106
2020-11-19,20,0.49,0.40528313421868023,0.40598934886419186,0.3978744650499286,0.41,0.23377302978898984,0.5767932386483706,0.20091623970666525,0.6096500287306952
2020-11-26,20,0.5,0.4215262191013949,0.4218718942377783,0.41803844784620847,0.4299999999999999,0.2501890903261953,0.5928633478765944,0.21736543779449993,0.6256870004082898
2020-12-03,20,0.47,0.4637252261682549,0.4643283094255066,0.4684150675195451,0.48,0.2924293110541337,0.6350211412823761,0.2596135539675206,0.6678368983689892
2020-12-10,20,0.6100000000000001,0.4721625189973425,0.4723803346829413,0.46843561546647744,0.48,0.3009567832134029,0.6433682547812821,0.2681583020962226,0.6761667358984624
2020-12-17,20,0.7,0.47208732546478005,0.47703175071344217,0.4785269121813031,0.49,0.30113268021699735,0.6430419707125627,0.26838230139131514,0.675792349538245
2020-12-24,20,0.7,0.4757967244107665,0.4818063285537292,0.48861788617886176,0.5,0.30497902913198854,0.6466144196895445,0.272254886290468,0.679338562531065
2020-12-31,20,0.6599999999999999,0.45926492522117346,0.4649119979839011,0.4584262526464361,0.47,0.28862008584375326,0.6299097645985936,0.25592905761133566,0.6626007928310113
2021-01-07,20,0.77,0.5811963499119472,0.5849884058284761,0.5994328989080663,0.6100000000000001,0.4098544459075247,0.7525382539163699,0.377029878568479,0.7853628212554155
2021-01-14,20,0.8,0.671067797635924,0.6717141853871563,0.690084388185654,0.7,0.4984358265283172,0.8436997687435307,0.4653641165259143,0.8767714787459335
2021-01-21,20,0.92,0.6916432419092322,0.6903254335132072,0.6901017901017901,0.7,0.5191950908824511,0.8640913929360133,0.4861585959353284,0.897127887883136
2021-01-28,20,1.14,0.6537573179226556,0.6533650643682283,0.6498388227049754,0.6599999999999999,0.48170336927381235,0.8258112665714987,0.4487423930538511,0.85877224279146
2021-02-04,20,1.21,0.7481827076065591,0.7443003421143499,0.7606260930395243,0.77,0.575602136724498,0.9207632784886203,0.5425402736429314,0.9538251415701868
2021-02-11,20,1.18,0.7926900788763223,0.7878102540843482,0.7908519553072626,0.8,0.6198313261079672,0.9655488316446773,0.5867161707502804,0.9986639870023641
2021-02-18,20,1.34,0.9054445095630044,0.8978807702865778,0.9117044266294877,0.92,0.731447721817216,1.0794412973087928,0.698114549121809,1.1127744700041997
2021-02-25,20,1.23,1.1238907960694053,1.1161304709263926,1.1332498260264439,1.14,0.9459561883612364,1.3018254037775743,0.9118686337341283,1.3359129584046823
2021-03-04,20,1.29,1.1943354720603516,1.18659071129076,1.203747829107329,1.21,1.0157458677943771,1.372925076326326,0.9815328331876723,1.407138110933031
2021-03-11,20,1.24,1.1793942686189138,1.1715888090816617,1.1735506241331484,1.18,1.0011212542462875,1.3576672829915402,0.9669688698718388,1.3918196673659888
2021-03-18,20,1.21,1.339725780131499,1.3304451380809923,1.3346694357909312,1.34,1.1599939756019664,1.5194575846610316,1.1255621256991222,1.5538894345638758
2021-03-25,20,1.21,1.2305498863900084,1.2229334725940106,1.2239184519695923,1.23,1.0514939568679982,1.4096058159120186,1.017191586702327,1.44390818607769
2021-04-01,20,1.25,1.287140183585933,1.2792676165862251,1.2843428768540877,1.29,1.1080550461148497,1.4662253210570164,1.0737470804803013,1.5005332866915648
2021-04-08,20,1.2,1.2455979147620058,1.2382705441689799,1.2340082644628099,1.24,1.0667006553498308,1.4244951741741807,1.0324286821716053,1.4587671473524062
2021-04-15,20,1.24,1.2212493678606384,1.2143552497983767,1.2038123066345823,1.21,1.0421902316370886,1.4003085040841883,1.0078872471523967,1.43461148856888
2021-04-22,20,1.21,1.2140185602974125,1.2080039828119649,1.2038229238160603,1.21,1.0350988542984183,1.3929382662964067,1.0008225809491118,1.4272145396457132
2021-04-29,20,1.17,1.2440496627533963,1.2383717305853104,1.2441075710859884,1.25,1.065338640056946,1.4227606854498467,1.0311023448971937,1.456996980609599
2021-05-06,20,1.2,1.2122180441069628,1.2069343648662365,1.1937756497948016,1.2,1.0336738498822726,1.390762238331653,0.9994695146358713,1.4249665735780543
2021-05-13,20,1.0699999999999998,1.2404548690619894,1.2351296261010327,1.234059405940594,1.24,1.0620208917221183,1.4188888464018605,1.027837671109517,1.453072067014462
2021-05-20,20,1.02,1.211489145604512,1.2064188222831354,1.2038650306748466,1.21,1.0332807193211226,1.3896975718879014,0.9991407083126451,1.423837582896379
2021-05-27,20,0.99,1.1626201851724771,1.157739986138048,1.1636032664171485,1.17,0.9843931710050846,1.3408471993398696,0.9502495990507096,1.3749907712942446
2021-06-03,20,0.94,1.1963389530295423,1.1917253875032354,1.1938179347826086,1.2,1.0183820169885722,1.3742958890705124,0.9842901848447185,1.408387721214366
2021-06-10,20,0.78,1.0787330234865582,1.0742605981827609,1.0629467616141064,1.0699999999999998,0.9004267626972633,1.257039284275853,0.8662680091905872,1.2911980377825292
2021-06-17,20,0.8200000000000001,1.0105737865413649,1.0065703690307675,1.0126201760324984,1.02,0.8318822455885212,1.1892653274942084,0.7976496826144746,1.2234978904682552
2021-06-24,20,0.74,0.9766660146019054,0.9732677567620597,0.982429874957756,0.99,0.7973788002844673,1.1559532289193435,0.7630321220822643,1.1902999071215465
2021-07-01,20,0.74,0.9413806473086047,0.9383484107205885,0.9321052631578947,0.94,0.7620495548983294,1.12071173971888,0.7276944708165407,1.1550668238006687
2021-07-08,20,0.69,0.7767982453995338,0.7796678815798554,0.7710407544627821,0.78,0.5958080108875448,0.9577884799115228,0.5611350791551233,0.9924614116439443
2021-07-15,20,0.79,0.8106310593412717,0.8116093843389496,0.8113248150638871,0.8200000000000001,0.630395176068825,0.9908669426137183,0.5958667580395957,1.0253953606429478
2021-07-22,20,0.69,0.7355899440454169,0.7398507782376229,0.730802282645183,0.74,0.5547098910559967,0.9164699970348371,0.5200580671829054,0.9511218209079284
2021-07-29,20,0.78,0.7281860649303789,0.7348637882760071,0.7308176943699731,0.74,0.5474172572294036,0.9089548726313541,0.5127867450049889,0.9435853848557688
2021-08-05,20,0.7499999999999999,0.6851348098316636,0.6942156543406688,0.6804984944797591,0.69,0.5047444375305201,0.8655251821328072,0.4701864234981702,0.9000831961651571
2021-08-12,20,0.7699999999999999,0.7715474775880845,0.772906575250065,0.7811823647294589,0.79,0.5911266332290983,0.9519683219470707,0.5565627815581365,0.9865321736180325
2021-08-19,20,0.79,0.6740365906340513,0.6780658494368323,0.6805301767255751,0.69,0.4937700719858258,0.8543031092822768,0.4592357850305969,0.8888373962375057
2021-08-26,20,0.8500000000000001,0.7587756560209354,0.756240183045328,0.7711451398135819,0.78,0.5788789980478404,0.9386723139940305,0.5444155665946991,0.9731357454471717
2021-09-02,20,0.98,0.753186025371628,0.7492987486126883,0.740960451977401,0.7499999999999999,0.5734353729421673,0.9329366778010888,0.538999912281266,0.9673721384619901
2021-09-09,20,0.93,0.7655753705063402,0.7599197488879037,0.7611081619110815,0.7699999999999999,0.5857114962457409,0.9454392447669394,0.5512543452829719,0.9798963957297084
2021-09-16,20,0.81,0.7894499272255315,0.7809921877897708,0.7812553825770123,0.79,0.6099291098065043,0.9689707446445588,0.5755376794417566,1.0033621750093065
2021-09-23,20,0.82,0.8403051386022152,0.8303929221885401,0.8416666666666668,0.8500000000000001,0.6608357802044633,1.0197744969999671,0.6264542080242553,1.0541560691801752
2021-09-30,20,0.6599999999999999,0.9696323403705611,0.9595246823917591,0.9725387916804226,0.98,0.789200048612972,1.1500646321281502,0.7546340039238547,1.1846306768172674
2021-10-07,20,0.6599999999999999,0.9418305643135496,0.9315458256596063,0.9222214897824654,0.93,0.7618159117824767,1.1218452168446225,0.7273298756995078,1.1563312529275915
2021-10-14,20,0.6799999999999999,0.8283369397279929,0.8165203845750122,0.801444554129648,0.81,0.6476389147818484,1.0090349646741374,0.6130219626571413,1.0436519167988447
2021-10-21,20,0.71,0.8290962366102521,0.8137192092930183,0.8115243101182654,0.82,0.6488372184260571,1.009355254794447,0.6143043683609345,1.0438881048595696
2021-10-28,20,0.72,0.6739736562667422,0.6573056695902427,0.6504886848146932,0.6599999999999999,0.4916278165795603,0.8563194959539242,0.45669518682629084,0.8912521257071936
2021-11-04,20,0.53,0.6667730907884579,0.6501644483432661,0.6505042567125081,0.6599999999999999,0.48448220074918846,0.8490639808277274,0.44956009789200224,0.8839860836849136
2021-11-11,20,0.5,0.6917862606434305,0.6731561912246629,0.6706505393919581,0.6799999999999999,0.5098972122610782,0.8736753090257828,0.4750520916144245,0.9085204296724365
2021-11-18,20,0.45,0.7093342535871843,0.6893036077862589,0.7008616187989556,0.71,0.527722584913095,0.8909459222612736,0.4929306028665127,0.9257379043078559
2021-11-25,20,0.4599999999999999,0.7281855693433158,0.7063314744625215,0.7109416748126425,0.72,0.5468509328146436,0.909520205871988,0.5121120227843038,0.9442591159023278
2021-12-02,20,0.47,0.5512376468075343,0.5352772093919166,0.5197202342225115,0.53,0.36819363614501,0.7342816574700586,0.3331272553380946,0.769348038276974
2021-12-09,20,0.6299999999999999,0.5100386033421433,0.4903220478025241,0.4895420591101007,0.5,0.32641798863776195,0.6936592180465248,0.2912411457794887,0.728836060904798
2021-12-16,20,0.5899999999999999,0.4613819743386315,0.4422298584407437,0.43923476005188067,0.45,0.2774473961275479,0.6453165525497151,0.24221040618308667,0.6805535424941763
2021-12-23,20,0.56,0.46916084187136237,0.44464843325001385,0.44931693104564574,0.4599999999999999,0.2854759805760879,0.6528457031666368,0.2502868297738745,0.6880348539688502
2021-12-30,20,0.51,0.49162912791911184,0.4614958580694476,0.45939883645765994,0.47,0.30864510186530586,0.6746131539729179,0.273590212519511,0.7096680433187127
2022-01-06,20,0.5,0.6440024485584238,0.60959802383372,0.6204485317844465,0.6299999999999999,0.46117315247360985,0.8268317446432378,0.42614790528870994,0.8618569918281377
2022-01-13,20,0.4499999999999999,0.6221719160724638,0.5891369405883272,0.5802061855670102,0.5899999999999999,0.4400217778993184,0.8043220542456092,0.4051266393690115,0.8392171927759161
2022-01-20,20,0.3999999999999999,0.5868904846155616,0.5508427891258275,0.5500289482148601,0.56,0.4051633976264877,0.7686175716046355,0.3703493044899512,0.803431664741172
2022-01-27,20,0.3999999999999999,0.5353584250785525,0.4970189324037425,0.4997238278741169,0.51,0.3533873142759204,0.7173295358811845,0.31852647264463,0.752190377512475
2022-02-03,20,0.3,0.5276716080708901,0.488616617158995,0.48967617826226356,0.5,0.3459199430706593,0.7094232730711209,0.31110114143863277,0.7442420747031474
2022-02-10,20,0.3799999999999999,0.4803682504098513,0.4350935586152884,0.43937259923175404,0.4499999999999999,0.29866816550891784,0.6620683353107848,0.26385924525677074,0.6968772555629319
2022-02-17,20,0.3,0.4290050993248451,0.38769175632471614,0.3890699904122722,0.3999999999999999,0.2472843430708117,0.6107258555788785,0.21247146273531095,0.6455387359143793
2022-02-24,20,0.2600000000000002,0.4248108020307956,0.3849083650935558,0.38908742820676445,0.3999999999999999,0.24369563633741134,0.6059259677241798,0.20899877110197276,0.6406228329596184
2022-03-03,20,0.1299999999999999,0.27223572746042446,0.28951499701078515,0.28846766486142084,0.3,0.09381238837412648,0.45065906654672244,0.05963120576893963,0.48484024915190926
2022-03-10,20,0.2200000000000002,0.31808505130259374,0.3341794365794989,0.36899491094147574,0.3799999999999999,0.13930819716810156,0.4968619054370859,0.10505929044970236,0.5311108121554851
2022-03-17,20,0.3399999999999998,0.22155983487915132,0.25426532488521864,0.288504287075262,0.3,0.042901263695973996,0.4002184060623286,0.008675016855921869,0.43444465290238077
2022-03-24,20,0.25,0.16487914379542346,0.21163063530919146,0.24826886493341804,0.2600000000000002,-0.013471154429392812,0.34322944202023975,-0.04763834434148956,0.37739663193233647
2022-03-31,20,0.27,0.056449893754959624,0.11832471004349814,0.11746438746438735,0.1299999999999999,-0.12060421190738124,0.2335039994173005,-0.15452308568047765,0.2674228731903969
2022-04-07,20,0.3399999999999998,0.13407173457145888,0.18367187132792506,0.20805309734513294,0.2200000000000002,-0.04270644940781096,0.31084991855072874,-0.07657246389981734,0.34471593304273507
2022-04-14,20,0.2799999999999998,0.24953352216829752,0.27714037822391,0.3288292836857051,0.3399999999999998,0.06392716660673073,0.4351398777298643,0.028369908432873597,0.4706971359037214
2022-04-21,20,0.1799999999999997,0.12791532723016824,0.17041839472707634,0.2382797731568998,0.25,-0.055789003754294936,0.31161965821463145,-0.09098188443290697,0.3468125388932435
2022-04-28,20,0.25,0.1942551537540968,0.23659872702724605,0.25842403271469017,0.27,0.01078432296054116,0.37772598454765244,-0.024363825270485112,0.4128741327786787
2022-05-05,20,0.1600000000000001,0.21864654973315711,0.24955893018888048,0.3288819095477385,0.3399999999999998,0.03374231403068295,0.4035507854356313,-0.0016804365880680183,0.4389735360543823
2022-05-12,20,0.1600000000000001,0.16515289714923337,0.19561023235526265,0.2685230479774222,0.2799999999999998,-0.019811810875395075,0.3501176051738618,-0.05524614638823391,0.3855519406867006
2022-05-19,20,0.1699999999999999,0.15087925165434787,0.18255445141663382,0.16791484032561022,0.1799999999999997,-0.03418024187092422,0.33593874517961997,-0.06963273577336845,0.3713912390820642
2022-05-26,20,0.1899999999999999,0.23597335125862806,0.24930838329537272,0.23837136605189121,0.25,0.05084998048472966,0.42109672203252646,0.015385249394534145,0.456561453122722
2022-06-02,20,0.1299999999999999,0.09909690742575082,0.11794902331393226,0.14782771535580533,0.1600000000000001,-0.08481344011877055,0.2830072549702722,-0.12004578810975945,0.3182396029612611
2022-06-09,20,0.0300000000000002,0.0704696953924416,0.09338898209840041,0.1478466812090995,0.1600000000000001,-0.11314683302732964,0.25408622381221285,-0.14832289306177981,0.289262283846663
2022-06-16,20,-0.1299999999999999,-0.008534763724592054,0.021780014483666177,0.1579278158058493,0.1699999999999999,-0.19208439271772354,0.17501486526853943,-0.22724763659521877,0.21017810914603466
2022-06-23,20,-0.2299999999999999,0.04292746818639334,0.07255411907662863,0.1780708294501397,0.1899999999999999,-0.1405789712784538,0.2264339076512405,-0.17573394118708108,0.26158887755986776
2022-06-30,20,-0.31,0.0889047342959253,0.12282807093113081,0.11771712158808922,0.1299999999999999,-0.09490777149034246,0.27271724008219306,-0.13012137559377493,0.30793084418562555
2022-07-07,20,-0.48,-0.006013005845801611,0.03471815424892242,0.017116754413131197,0.0300000000000002,-0.18962442192188192,0.1775984102302787,-0.22479950256678513,0.2127734908751819
2022-07-14,20,-0.4700000000000002,-0.24834794524859316,-0.23276151265883477,-0.14385281385281376,-0.1299999999999999,-0.43187110713406585,-0.0648247833631205,-0.4670292806152522,-0.02966660988193412
2022-07-21,20,-0.54,-0.3840263863118776,-0.3566698941226205,-0.2444489039827106,-0.2299999999999999,-0.5689565319192316,-0.19909624070452359,-0.6043842461890078,-0.16366852643474736
2022-07-28,20,-0.4900000000000002,-0.41909312471319715,-0.38519781052464086,-0.3249198520345253,-0.31,-0.6043344707435652,-0.2338517786828292,-0.6398218027659309,-0.1983644466604634
2022-08-04,20,-0.48,-0.642454060949625,-0.5948189166082805,-0.49594336718990456,-0.48,-0.8289762569759416,-0.4559318649233084,-0.8647089659082204,-0.4201991559910295
2022-08-11,20,-0.4700000000000002,-0.5609480969477343,-0.4881674182218527,-0.4858574062692073,-0.4700000000000002,-0.7478370313568923,-0.3740591625385763,-0.7836399976428136,-0.338256196252655
2022-08-18,20,-0.6599999999999997,-0.6324464049605989,-0.5530923064560399,-0.5562626572568273,-0.54,-0.8194225917775005,-0.44547021814369725,-0.8552422733120943,-0.4096505366091034
2022-08-25,20,-0.6699999999999999,-0.5810521401747193,-0.5090774660570038,-0.5059313725490199,-0.4900000000000002,-0.7687470872894342,-0.39335719306000433,-0.8047044642461334,-0.35739981610330523
2022-09-01,20,-0.6299999999999999,-0.5899949672471654,-0.5101416947199824,-0.4958458244111349,-0.48,-0.7776265316162068,-0.402363402878124,-0.8135717661188133,-0.3664181683755174
2022-09-08,20,-0.6700000000000004,-0.6408456673744092,-0.6019245819958833,-0.48576053756872345,-0.4700000000000002,-0.8284775835049982,-0.45321375124382013,-0.8644228853957938,-0.41726844935302454
2022-09-15,20,-0.7000000000000002,-0.8327371515125499,-0.7843439280447632,-0.6768953949374806,-0.6599999999999997,-1.0203163253657959,-0.6451579776593039,-1.0562515232342022,-0.6092227797908976
2022-09-22,20,-0.6200000000000001,-0.8550513718233126,-0.7948745021288013,-0.6869305724725944,-0.6699999999999999,-1.0422761805863017,-0.6678265630603235,-1.078143491495967,-0.6319592521506581
2022-09-29,20,-0.6299999999999999,-0.8294733181141025,-0.7520508980015659,-0.6466615992702949,-0.6299999999999999,-1.0163472318836153,-0.6425994043445898,-1.052147320613107,-0.6067993156150981
2022-10-06,20,-0.6399999999999997,-0.7730045718436307,-0.6775258289162674,-0.6868791742562238,-0.6700000000000004,-0.9602117029609174,-0.585797440726344,-0.9960756273022175,-0.5499335163850438
2022-10-13,20,-0.69,-0.8235239055359929,-0.7249856879894744,-0.717035465292513,-0.7000000000000002,-1.010306575097877,-0.6367412359741087,-1.0460891838556419,-0.6009586272163437
2022-10-20,20,-0.8300000000000001,-0.7393650946718211,-0.6388094924027641,-0.6365254237288137,-0.6200000000000001,-0.9262960214407886,-0.5524341679028536,-0.9621070323498293,-0.5166231569938129
2022-10-27,20,-0.96,-0.7911306623962198,-0.7229005674077463,-0.6465608945300694,-0.6299999999999999,-0.9781910252179676,-0.6040702995744719,-1.0140268326439799,-0.5682344921484596
2022-11-03,20,-0.96,-0.8326795462705796,-0.8011831220648195,-0.6565962582981288,-0.6399999999999997,-1.0207945583825828,-0.6445645341585764,-1.0568324086588146,-0.6085266838823447
2022-11-10,20,-1.0100000000000002,-0.8210252134358484,-0.7708769596837245,-0.706872551973486,-0.69,-1.0090999237757075,-0.6329505030959894,-1.0451300533006067,-0.5969203735710902
2022-11-17,20,-0.9000000000000004,-0.8835404426911415,-0.8210366286889587,-0.8476895306859207,-0.8300000000000001,-1.0715908919301933,-0.6954899934520897,-1.1076163736712257,-0.6594645117110575
2022-11-24,20,-0.7399999999999998,-1.0360677585401343,-0.9711071206799162,-0.9784439771703214,-0.96,-1.2251100328993,-0.8470254841809686,-1.261325522044726,-0.8108099950355426
2022-12-01,20,-0.7399999999999998,-1.048795433705064,-0.9799259620498467,-0.9784163167366526,-0.96,-1.2376284956016264,-0.8599623718085018,-1.273803905184456,-0.823786962225672
2022-12-08,20,-0.8600000000000003,-1.1549257336409715,-1.1201802358223412,-1.028688230008985,-1.0100000000000002,-1.3437117536825856,-0.9661397135993576,-1.3798781512928655,-0.9299733159890775
2022-12-15,20,-0.8999999999999999,-1.04885944164696,-1.038844891397769,-0.918002392344498,-0.9000000000000004,-1.2379629017349125,-0.8597559815590078,-1.2741901124442279,-0.8235287708496923
2022-12-22,20,-0.7599999999999998,-0.841920804915484,-0.8229084431817006,-0.7570200059719316,-0.7399999999999998,-1.0341824679348905,-0.6496591418960775,-1.0710147066167632,-0.6128269032142047
2022-12-29,20,-0.77,-0.784584804526098,-0.7563244444715302,-0.7569946332737028,-0.7399999999999998,-0.9775904104234008,-0.5915791986287953,-1.014565168842251,-0.5546044402099451
2023-01-05,20,-0.8300000000000001,-0.8985758393067785,-0.8668289724458459,-0.8776838344745463,-0.8600000000000003,-1.091580257264632,-0.705571421348925,-1.1285547881057703,-0.6685968905077867
2023-01-12,20,-0.92,-0.9249271468552585,-0.9013468689273257,-0.9178953626634957,-0.8999999999999999,-1.1181829784203254,-0.7316713152901915,-1.1552056734448133,-0.6946486202657037
2023-01-19,20,-0.8499999999999996,-0.774813721646924,-0.7687826651186612,-0.7770376966458887,-0.7599999999999998,-0.9680235119080546,-0.5816039313857934,-1.0050373866390465,-0.5445900566548013
2023-01-26,20,-0.8800000000000003,-0.8003518971440811,-0.812394090144394,-0.7870717249555425,-0.77,-0.9931583558116542,-0.6075454384765079,-1.030094962899745,-0.5706088313884173
2023-02-02,20,-0.8199999999999998,-0.8670652626907138,-0.883607840724094,-0.8474015981059486,-0.8300000000000001,-1.0595631977830582,-0.6745673275983695,-1.096440699931644,-0.6376898254497835
2023-02-09,20,-0.9800000000000004,-0.9723777500281499,-0.9707280788433673,-0.9379078014184398,-0.92,-1.1652436226152387,-0.7795118774410609,-1.202191611835525,-0.7425638882207748
2023-02-16,20,-0.8300000000000001,-0.8934106069156414,-0.8733994341106736,-0.8674682797285331,-0.8499999999999996,-1.086289034849303,-0.7005321789819798,-1.1232394293412093,-0.6635817844900735
2023-02-23,20,-0.69,-0.9164292833655454,-0.8943685150323769,-0.897619328226282,-0.8800000000000003,-1.109196750056195,-0.7236618166748958,-1.1461258873150009,-0.68673267941609
2023-03-02,20,-0.8299999999999996,-0.8592855350299063,-0.83541471446868,-0.8372403648131802,-0.8199999999999998,-1.052350322114366,-0.6662207479454467,-1.0893364180800602,-0.6292346519797525
2023-03-09,20,-0.8199999999999998,-1.0210032040312367,-0.9921737324623102,-0.9981551116333729,-0.9800000000000004,-1.2140986433247407,-0.8279077647377326,-1.2510906114412421,-0.7909157966212312
2023-03-16,20,-0.8500000000000001,-0.8542017693057649,-0.8396773698135166,-0.8472484599589323,-0.8300000000000001,-1.0478430568288513,-0.6605604817826785,-1.0849395949982705,-0.6234639436132591
2023-03-23,20,-0.8199999999999998,-0.6926182982713476,-0.7074551019135892,-0.7064030462800234,-0.69,-0.8886834782709173,-0.49655311827177784,-0.9262443699928388,-0.4589922265498564
2023-03-30,20,-0.7799999999999998,-0.8328215367514461,-0.8538262967041587,-0.8471980111143605,-0.8299999999999996,-1.0282022556378323,-0.6374408178650598,-1.0656320227523135,-0.6000110507505786
2023-04-06,20,-0.7599999999999998,-0.8021305367366758,-0.8235573099529165,-0.8371144859813082,-0.8199999999999998,-0.9974223602888607,-0.6068387131844909,-1.0348350974135063,-0.5694259760598452
2023-04-13,20,-0.8300000000000001,-0.8477227691309761,-0.8659604503776298,-0.8672645086030913,-0.8500000000000001,-1.043352039278765,-0.6520934989831871,-1.0808294222270058,-0.6146161160349464
2023-04-20,20,-0.8999999999999999,-0.8162989104719347,-0.8359443593490419,-0.8370646476412346,-0.8199999999999998,-1.0117251957226576,-0.6208726252212118,-1.0491636921447955,-0.5834341287990737
2023-04-27,20,-0.9300000000000006,-0.7640747154285318,-0.7848058097501417,-0.7968072113986622,-0.7799999999999998,-0.9595049785709922,-0.5686444522860714,-0.996944237051752,-0.5312051938053116
2023-05-04,20,-1.04,-0.7598404017211907,-0.7919123660660491,-0.7766666666666665,-0.7599999999999998,-0.9550916116474928,-0.5645891917948886,-0.9924965682778955,-0.527184235164486
2023-05-11,20,-1.1300000000000003,-0.8288647081733175,-0.8609596420460126,-0.8470484198318354,-0.8300000000000001,-1.0239787303872883,-0.6337506859593468,-1.0613574054882093,-0.5963720108584256
2023-05-18,20,-1.16,-0.8990232452663534,-0.9183426306979703,-0.917429067747539,-0.8999999999999999,-1.0943666522738373,-0.7036798382588694,-1.1317892714212834,-0.6662572191114234
2023-05-25,20,-1.29,-0.9429566543585239,-0.9519021193507373,-0.9475773344897376,-0.9300000000000006,-1.1383238053184181,-0.7475895033986297,-1.1757509731778055,-0.7101623355392424
2023-06-01,20,-1.3000000000000005,-1.0481363367606984,-1.0503780144954942,-1.0581870669745959,-1.04,-1.244185468565937,-0.8520872049554598,-1.2817432858791868,-0.8145293876422098
2023-06-08,20,-1.2599999999999998,-1.1740853874080237,-1.1821643568873181,-1.148679734793889,-1.1300000000000003,-1.3711814878571151,-0.9769892869589324,-1.4089398766123113,-0.9392308982037362
2023-06-15,20,-1.2300000000000004,-1.197733460858673,-1.199765456079781,-1.178825561312608,-1.16,-1.3947510846417253,-1.0007158370756206,-1.4324944393477559,-0.96297248236959
2023-06-22,20,-1.14,-1.3152877704141541,-1.3043436972933027,-1.309545846507617,-1.29,-1.5128595379144987,-1.1177160029138096,-1.550709051869018,-1.0798664889592902
2023-06-29,20,-1.1599999999999997,-1.325203272700547,-1.3158361122128763,-1.319575200918485,-1.3000000000000005,-1.522749513351612,-1.1276570320494819,-1.5605941370384062,-1.0898124083626877
2023-07-06,20,-1.0099999999999998,-1.2915960560296604,-1.2780833104301448,-1.2793178561192318,-1.2599999999999998,-1.4890180467157277,-1.0941740653435932,-1.5268388674025108,-1.05635324465681
2023-07-13,20,-1.04,-1.2803025289406902,-1.279452060140841,-1.2491184888380085,-1.2300000000000004,-1.4777586690804554,-1.082846388800925,-1.5155860318974255,-1.045019025983955
2023-07-20,20,-1.0000000000000004,-1.1728695420107313,-1.175434402775149,-1.1585767362103456,-1.14,-1.3708976125548362,-0.9748414714666265,-1.4088345420780921,-0.9369045419433707
2023-07-27,20,-1.0699999999999998,-1.188529390281863,-1.1946005076733655,-1.1786643835616435,-1.1599999999999997,-1.3863614680431267,-0.9906973125205993,-1.4242608505440373,-0.9527979300196888
2023-08-03,20,-1.0799999999999996,-1.0574779941858976,-1.0624750239261593,-1.0277828441151322,-1.0099999999999998,-1.2567601160044506,-0.8581958723673446,-1.2949372885128883,-0.8200186998589071
2023-08-10,20,-0.9700000000000002,-1.0444503317091884,-1.0455572822469683,-1.0579282868525897,-1.04,-1.2436436187802025,-0.8452570446381744,-1.2818037729056029,-0.807096890512774
2023-08-17,20,-1.0000000000000004,-1.0317857190522481,-1.0304088740787856,-1.0176754759874969,-1.0000000000000004,-1.2309488710386196,-0.8326225670658767,-1.2691032520805419,-0.7944681860239543
2023-08-24,20,-1.0,-1.0976013473216504,-1.0919385869989435,-1.0880476730987512,-1.0699999999999998,-1.296646492053643,-0.8985562025896578,-1.3347782660334437,-0.860424428609857
2023-08-31,20,-0.8500000000000005,-1.0944719322031522,-1.0888518165944772,-1.098078775857183,-1.0799999999999996,-1.2933570750569074,-0.895586789349397,-1.3314581969177355,-0.8574856674885689
2023-09-07,20,-0.6600000000000001,-0.9932823070571452,-0.9896933510744346,-0.9874306734578383,-0.9700000000000002,-1.192331670437887,-0.7942329436764033,-1.2304642525989717,-0.7561003615153186
2023-09-14,20,-0.7800000000000002,-1.0160027738833475,-1.012159023594538,-1.0175755863238207,-1.0000000000000004,-1.2146547793584863,-0.8173507684082086,-1.2527112382769472,-0.7792943094897478
2023-09-21,20,-0.7000000000000002,-1.0362523167907443,-1.0255458484647955,-1.01755079006772,-1.0,-1.2348058805837252,-0.8376987529977633,-1.2728434806851108,-0.7996611528963778
2023-09-28,20,-0.6399999999999997,-0.8952030149833414,-0.8825231247949071,-0.8666807551422941,-0.8500000000000005,-1.09457809555838,-0.6958279344083029,-1.1327730765006607,-0.6576329534660222
2023-10-05,20,-0.6999999999999997,-0.6915967520545182,-0.680218562592587,-0.6755880697805291,-0.6600000000000001,-0.8944142572016854,-0.488779246907351,-0.9332687154494973,-0.4499247886595391
2023-10-12,20,-0.7200000000000002,-0.7920489191717881,-0.782165476584979,-0.7962405169991573,-0.7800000000000002,-0.9934365200106761,-0.5906613183329001,-1.0320170464930614,-0.552080791850515
2023-10-19,20,-0.7600000000000002,-0.7457458253900816,-0.7348676463995347,-0.7157687991021326,-0.7000000000000002,-0.9470455235384106,-0.5444461272417526,-0.9856092101951718,-0.5058824405849914
2023-10-26,20,-0.7199999999999998,-0.6592608513257342,-0.6476288214176119,-0.6554104791258052,-0.6399999999999997,-0.8610100896229622,-0.4575116130285062,-0.8996598962570568,-0.4188618063944116
2023-11-02,20,-0.6400000000000001,-0.7108514060215672,-0.704950773816301,-0.715724678231673,-0.6999999999999997,-0.9122812121442792,-0.5094215998988552,-0.9508698240403815,-0.47083298800275286
2023-11-09,20,-0.75,-0.7184594223355941,-0.7177155423267073,-0.735814473316569,-0.7200000000000002,-0.9197222905041426,-0.5171965541670457,-0.9582789215129672,-0.478639923158221
2023-11-16,20,-0.77,-0.7693753243776751,-0.7720072182403117,-0.7760156250000002,-0.7600000000000002,-0.9708020558490753,-0.5679485929062749,-1.0093900787234809,-0.5293605700318693
2023-11-23,20,-0.8300000000000001,-0.7279200706904205,-0.7349775915100829,-0.7357704095848423,-0.7199999999999998,-0.929122118899566,-0.5267180224812751,-0.9676670984162202,-0.48817304296462083
2023-11-30,20,-0.81,-0.633028078479215,-0.643582613128933,-0.655303283249861,-0.6400000000000001,-0.8344774914482846,-0.43157866551014545,-0.8730698594964637,-0.39298629746196645
2023-12-07,20,-0.81,-0.7276926748583523,-0.7471906778130847,-0.7658933036954709,-0.75,-0.9286706757374238,-0.5267146739792808,-0.9671727337240771,-0.48821261599262755
2023-12-14,20,-0.7400000000000002,-0.7611023078660031,-0.7846689675638723,-0.7859822419533852,-0.77,-0.962081592025239,-0.5601230237067671,-1.000583895854358,-0.521620719877648
2023-12-21,20,-0.5599999999999996,-0.8046781504284317,-0.828132305746851,-0.8462926018287615,-0.8300000000000001,-1.00599488008611,-0.6033614207707534,-1.0445618295286372,-0.5647944713282262
2023-12-28,20,-0.5299999999999998,-0.7880280885135205,-0.816418732148646,-0.8261593801881573,-0.81,-0.9889439979366531,-0.5871121790903878,-1.027434160846101,-0.5486220161809399
2024-01-04,20,-0.6800000000000002,-0.796985881235977,-0.8270590878234411,-0.8261370544349268,-0.81,-0.9976736640577839,-0.5962980984141701,-1.0361201239569813,-0.5578516385149728
2024-01-11,20,-0.6300000000000003,-0.7334794177877599,-0.760797957054411,-0.7557284768211923,-0.7400000000000002,-0.9340893980181604,-0.5328694375573595,-0.9725209530030252,-0.49443788257249466
2024-01-18,20,-0.7000000000000002,-0.5411882929736405,-0.5695093811075413,-0.574714797464866,-0.5599999999999996,-0.7434293172290197,-0.3389472687182612,-0.7821733370177628,-0.3002032489295181
2024-01-25,20,-0.69,-0.516470150901049,-0.5477730709507066,-0.54452944413869,-0.5299999999999998,-0.7186490373670631,-0.31429126443503486,-0.7573811532023443,-0.2755591485997536
2024-02-01,20,-0.6999999999999997,-0.6487586020797339,-0.6797697741419806,-0.6953338829348724,-0.6800000000000002,-0.8512601867964082,-0.44625701736305956,-0.8900541230633028,-0.407463081096165
2024-02-08,20,-0.73,-0.6252537940986274,-0.6534769910114233,-0.6450384193194295,-0.6300000000000003,-0.8274198591672652,-0.4230877290299895,-0.8661495187626442,-0.3843580694346105
2024-02-15,20,-0.6999999999999997,-0.6920993860228731,-0.7135453006034426,-0.7154014798574954,-0.7000000000000002,-0.8945176852550402,-0.4896810867907061,-0.9332956662306097,-0.4509031058151366
2024-02-22,20,-0.6400000000000006,-0.6819411870298577,-0.7004143898771544,-0.7053256704980843,-0.69,-0.884198851787876,-0.47968352227183947,-0.9229460594558632,-0.4409363146038523
2024-02-29,20,-0.7199999999999998,-0.6907538350895498,-0.7089889786735336,-0.715359387810877,-0.6999999999999997,-0.8928980832283645,-0.4886095869507351,-0.9316235632782536,-0.449884106900846
2024-03-07,20,-0.6500000000000004,-0.7143459112151783,-0.7349538153444213,-0.7455021834061135,-0.73,-0.9164769250164293,-0.5122148974139273,-0.9551998697180213,-0.47349195271233535
2024-03-14,20,-0.52,-0.6921185024149826,-0.713441562724815,-0.7153175252112289,-0.6999999999999997,-0.8940636448367396,-0.49017335999322564,-0.9327509815085968,-0.45148602332136845
2024-03-21,20,-0.4900000000000002,-0.6407288445607244,-0.6604345195972969,-0.65497005988024,-0.6400000000000006,-0.8425652136011395,-0.43889247552030947,-0.8812317121762023,-0.40022597694524653
2024-03-28,20,-0.4899999999999997,-0.704890049823197,-0.7250618974340343,-0.7353846153846151,-0.7199999999999998,-0.9065485134253102,-0.5032315862210839,-0.945180930033831,-0.4645991696125631
2024-04-04,20,-0.52,-0.6501103904939749,-0.66920044482006,-0.6649837133550492,-0.6500000000000004,-0.851676568327606,-0.44854421266034383,-0.8902913054289475,-0.4099294755590023
2024-04-11,20,-0.5800000000000001,-0.5261555611661948,-0.541353023641622,-0.5342586066684739,-0.52,-0.7282697131804128,-0.32404140915197677,-0.7669894276105359,-0.28532169472185365
2024-04-18,20,-0.6300000000000003,-0.4938850847205828,-0.5074092793020739,-0.5040768814293451,-0.4900000000000002,-0.6962184653723824,-0.29155170406878317,-0.7349801781987458,-0.25278999124241974
2024-04-25,20,-0.5899999999999999,-0.48495149293007445,-0.4971562128307332,-0.5040578534739116,-0.4899999999999997,-0.6871881582509124,-0.2827148276092365,-0.7259313429833322,-0.24397164287681675
2024-05-02,20,-0.5599999999999996,-0.5196971855673715,-0.5316986778751088,-0.5342008639308855,-0.52,-0.7217899266228349,-0.3176044445119082,-0.7605055392807645,-0.27888883185397867
2024-05-09,20,-0.54,-0.5656780424740927,-0.5801156492925338,-0.594505257481801,-0.5800000000000001,-0.7677846928828786,-0.3635713920653068,-0.8065029702042332,-0.32485311474395223
2024-05-16,20,-0.54,-0.6248012581964478,-0.6403404290952357,-0.6447549811523967,-0.6300000000000003,-0.827069226788727,-0.4225332896041687,-0.8658184083982524,-0.38378410799464324
2024-05-23,20,-0.56,-0.5861405304024561,-0.6025615641242417,-0.6045200322667382,-0.5899999999999999,-0.7881188337283203,-0.38416222707659187,-0.8268125231504647,-0.3454685376544474
2024-05-30,20,-0.5499999999999994,-0.561737666224754,-0.57593313616094,-0.5743394199785173,-0.5599999999999996,-0.7636763738526653,-0.35979895859684263,-0.8023624777885777,-0.3211128546609302
2024-06-06,20,-0.4399999999999999,-0.5010063165941507,-0.5038806105633075,-0.5542129257173505,-0.54,-0.7028402909997111,-0.2991723421885903,-0.7415063308262064,-0.26050630236209504
2024-06-13,20,-0.4199999999999999,-0.5166175278967796,-0.5283038168904989,-0.5541938939475094,-0.54,-0.7183903391858254,-0.31484471660773383,-0.7570446617803431,-0.2761903940132161
2024-06-20,20,-0.33,-0.5445494938841169,-0.56685333802631,-0.5742818935544264,-0.56,-0.7462008101949443,-0.34289817757328944,-0.784831857571896,-0.3042671301963378
2024-06-27,20,-0.2599999999999998,-0.5407253874310524,-0.5617416289353308,-0.564209401709401,-0.5499999999999994,-0.742262722809037,-0.3391880520530676,-0.7808719344603546,-0.3005788404017501
2024-07-04,20,-0.25,-0.4376748900180285,-0.45642091986944394,-0.4536036276340356,-0.4399999999999999,-0.6394007885211241,-0.23594899151493282,-0.6780461238692912,-0.1973036561667658
2024-07-11,20,-0.1699999999999999,-0.4035583333465598,-0.42719444438023346,-0.43347895578050066,-0.4199999999999999,-0.6052812534264698,-0.20183541326664983,-0.6439260181876985,-0.16319064850542123
2024-07-18,20,-0.2400000000000002,-0.31267364444513945,-0.34325298378664765,-0.3429821761106677,-0.33,-0.5145886006421048,-0.11075868824817411,-0.5532701544333868,-0.07207713445689215
2024-07-25,20,-0.2299999999999999,-0.21326664464539288,-0.23376855875371222,-0.27259298618490946,-0.2599999999999998,-0.41582738681652676,-0.010705902474258983,-0.45463265608370984,0.028099366792924074
2024-08-01,20,-0.1800000000000001,-0.20216744731327538,-0.2306936658968547,-0.2625232157070841,-0.25,-0.40453617038497547,0.00020127575842468493,-0.4433046538822304,0.03896975925567964
2024-08-08,20,-0.1599999999999997,-0.11851817298685516,-0.16571858387599125,-0.18208267090620023,-0.1699999999999999,-0.32103097197592234,0.083994626002212,-0.35982705660016967,0.12279071062645938
2024-08-15,20,-0.0899999999999998,-0.19569917056264133,-0.24810554355290873,-0.25243715268589595,-0.2400000000000002,-0.39790718131351654,0.006508840188233916,-0.4366448765898294,0.04524653546454677
2024-08-22,20,0.0300000000000002,-0.18671353268183255,-0.23857407219848112,-0.24236786469344598,-0.2299999999999999,-0.3887212811073054,0.015294215743640344,-0.4274206114300838,0.05399354606641871
2024-08-29,20,0.0399999999999995,-0.12925239271952876,-0.18212862535880905,-0.1920876220638692,-0.1800000000000001,-0.3310385310926558,0.0725337456535983,-0.3696954068032452,0.11119062136418764
2024-09-05,20,0.04,-0.08976141334321702,-0.1317287988022083,-0.17196626251976777,-0.1599999999999997,-0.291675439597316,0.11215261291088197,-0.3303568152361932,0.15083398854975913
2024-09-12,20,0.04,-0.014827285261630074,-0.06564464352553138,-0.10158199526191083,-0.0899999999999998,-0.2167484989759801,0.18709392845271994,-0.25543125154173557,0.22577668101847542
2024-09-19,20,0.1400000000000001,0.11492834969463432,0.06253888981230224,0.019064143007360874,0.0300000000000002,-0.08761897173111356,0.3174756711203822,-0.1264216699392015,0.3562783693284702
2024-09-26,20,0.1600000000000001,0.14014499464064112,0.08693469644959752,0.02913100551325757,0.0399999999999995,-0.06246302533594572,0.34275301461722796,-0.10127735177754124,0.3815673410588235
2024-10-03,20,0.1500000000000003,0.09803640044523487,0.032361940296430115,0.029145254326166756,0.04,-0.10428091678153287,0.3003537176720026,-0.143039552281426,0.33911235317189575
2024-10-10,20,0.1500000000000003,0.07455351091524294,0.01687036793996797,0.02915946582875098,0.04,-0.12762029617964843,0.27672731801013434,-0.16635143894205284,0.31545846077253875
2024-10-17,20,0.0999999999999996,0.19508763279150546,0.1378757909383208,0.12969665271966538,0.1400000000000001,-0.006858060251072218,0.39703332583408313,-0.04554550240728425,0.43572076799029513
2024-10-24,20,0.0699999999999998,0.2581240754476665,0.23576313858234305,0.14981457299556028,0.1600000000000001,0.05579161166878352,0.4604565392265495,0.017030074490968966,0.4992180764043641
2024-10-31,20,0.04,0.21993717152650244,0.19424411108344997,0.13977569118414218,0.1500000000000003,0.01772201807854462,0.42215232497446026,-0.02101704554920994,0.4608913886022148
2024-11-07,20,0.04,0.1814371684898377,0.14098236193862235,0.13978900755405083,0.1500000000000003,-0.020652206007715224,0.38352654298739064,-0.059367173722380734,0.4222415107020562
2024-11-14,20,0.1600000000000001,0.13458040684773132,0.10842725324985365,0.08954214360041583,0.0999999999999996,-0.06768652299012196,0.3368473366855846,-0.10643550560183185,0.3755963192972945
2024-11-21,20,0.2599999999999998,0.09267538106930699,0.06793740526296949,0.05939984411535443,0.0699999999999998,-0.1096480700662781,0.2949988322048921,-0.14840788066051958,0.33375864279913353
2024-11-28,20,0.2600000000000002,0.05633430216363436,0.031408837049829316,0.0292579138557343,0.04,-0.14602065975211728,0.25868926407938597,-0.18478650697663604,0.2974551113039048
2024-12-05,20,0.29,0.062377466262835995,0.03503619070767515,0.029271832080849963,0.04,-0.13983149151844296,0.2645864240441149,-0.17856936822067984,0.30332430074635186
2024-12-12,20,0.3999999999999999,0.22161678945630167,0.22704464894281717,0.14990683229813673,0.1600000000000001,0.018848332966974024,0.4243852459456293,-0.01999672885804507,0.46323030777064844
2024-12-19,20,0.3899999999999997,0.30513426352932094,0.31686271455084597,0.25043680537606594,0.2599999999999998,0.10174019993104524,0.5085283271275967,0.06277528836585447,0.5474932386927874
2024-12-26,20,0.3699999999999996,0.2807428384163216,0.2751095792670055,0.25044914816726915,0.2600000000000002,0.07778162028903218,0.483704056543611,0.03889963044338424,0.5225860463892589
2025-01-02,20,0.3799999999999999,0.2980373794037241,0.28472155444117786,0.28061613817994324,0.29,0.09512402248594432,0.5009507363215039,0.05625120157946281,0.5398235572279854
2025-01-09,20,0.3700000000000001,0.40256743967539554,0.3895645557011867,0.3911946446961894,0.3999999999999999,0.1992854926286936,0.6058493867220975,0.16034205962310177,0.6447928197276893
2025-01-16,20,0.3700000000000001,0.3955085020847859,0.38189487818324486,0.3811545384417585,0.3899999999999997,0.1924357223831903,0.5985812817863815,0.15353236029687803,0.6374846438726938
2025-01-23,20,0.4000000000000003,0.38447484520422515,0.3690462921329435,0.36106317411402117,0.3699999999999996,0.1816667575792349,0.5872829328292154,0.1428141034790579,0.6261355869293924
2025-01-30,20,0.3400000000000003,0.42049094016931365,0.4182778520604436,0.37112592972557057,0.3799999999999999,0.21761313555441994,0.6233687447842073,0.17874712552684702,0.6622347548117803
2025-02-06,20,0.4399999999999999,0.3967055317067032,0.3883188706608823,0.3610860655737706,0.3700000000000001,0.19402529383077946,0.5993857695826269,0.15519713235382793,0.6382139310595785
2025-02-13,20,0.48,0.3784003649824227,0.35900230755180884,0.3610974673829625,0.3700000000000001,0.17586342846252226,0.5809373015023231,0.13706271972713965,0.6197380102377057
2025-02-20,20,0.4700000000000002,0.41353096422949975,0.39540447248553046,0.3912621359223304,0.4000000000000003,0.21111317981945293,0.6159487486395465,0.1723352974701561,0.6547266309888434
2025-02-27,20,0.54,0.36463024945784805,0.3400069700002515,0.33096708343965325,0.3400000000000003,0.16233364131063893,0.5669268576050572,0.12357897312148888,0.6056815257942072
2025-03-06,20,0.54,0.45806536308606083,0.430962951492464,0.4314882772680937,0.4399999999999999,0.255859657788308,0.6602710683838137,0.2171224041757067,0.6990083219964149
2025-03-13,20,0.6000000000000001,0.5286039830008598,0.5142776079181745,0.47170272333927205,0.48,0.3260783872213654,0.7311295787803541,0.28727985107125487,0.7699281149304646
2025-03-20,20,0.6099999999999999,0.5062475848946718,0.48911589967610514,0.46166243009659397,0.4700000000000002,0.30386648390900906,0.7086286858803346,0.2650956291315192,0.7473995406578244
2025-03-27,20,0.5900000000000003,0.5545199786281735,0.5293430229602001,0.5320284336125921,0.54,0.3522967371690629,0.7567432200872841,0.3135561240927466,0.7954838331636004
2025-04-03,20,0.6000000000000001,0.5648275470939512,0.5384578756081919,0.5320385395537526,0.54,0.36264274875830305,0.7670123454295994,0.3239095003654957,0.8057455938224067
2025-04-10,20,0.6200000000000001,0.6178956620110052,0.5893957844485922,0.5923524943023551,0.6000000000000001,0.4158015263679211,0.8199897976540893,0.3770856465439674,0.858705677478043
2025-04-17,20,0.6300000000000003,0.6308534528217082,0.6016614107917044,0.6024127465857358,0.6099999999999999,0.42881232265410407,0.8328945829893124,0.39010659727432634,0.8716003083690902
2025-04-24,20,0.6599999999999997,0.6200728938005231,0.5888663544206548,0.582321293255873,0.5900000000000003,0.41799649833734814,0.8221492892636981,0.37928401706165626,0.86086177053939
2025-05-01,20,0.6099999999999999,0.6326327302329627,0.5980831373488991,0.5923814328960647,0.6000000000000001,0.43072626243092615,0.8345391980349993,0.39204633479112516,0.8732191256748003
2025-05-08,20,0.6299999999999999,0.6488692018890453,0.6145703200968076,0.6124918115394307,0.6200000000000001,0.44712739575702753,0.850611008021063,0.40847901292879546,0.8892593908492952
2025-05-15,20,0.6499999999999999,0.6484285106758281,0.6166776876291704,0.6225515853044794,0.6300000000000003,0.44690480452196546,0.8499522168296907,0.40829820386874305,0.8885588174829131
2025-05-22,20,0.6499999999999999,0.6847609854225629,0.6561284825318556,0.6527117366172402,0.6599999999999997,0.48341856970495234,0.8861034011401735,0.4448466994941588,0.924675271350967
2025-05-29,20,0.71,0.6424249888444727,0.6133184413756895,0.6024698795180722,0.6099999999999999,0.44114248443643356,0.8437074932525119,0.4025820916445868,0.8822678860443587
2025-06-05,20,0.69,0.657330998195038,0.6268612689103205,0.6225795938831786,0.6299999999999999,0.45615422594105653,0.8585077704490196,0.417614088627465,0.897047907762611
2025-06-12,20,0.71,0.6760119836320674,0.6439475797006194,0.6426890335503254,0.6499999999999999,0.4750072164855192,0.8770167507786155,0.43650003079146527,0.9155239364726695
2025-06-19,20,0.7599999999999998,0.6832307520976864,0.6492460214243101,0.6426981745436359,0.6499999999999999,0.4823628922903228,0.8840986119050499,0.44388193441368684,0.9225795697816859
2025-06-26,20,0.7199999999999998,0.7406521803649097,0.7043834561894887,0.703006993006993,0.71,0.5399268375157739,0.9413775232140454,0.5014731821108799,0.9798311786189394
2025-07-03,20,0.6900000000000004,0.7277258988752879,0.6896747108085411,0.6829159391369418,0.69,0.5271894503161952,0.9282623474343806,0.4887719820505741,0.9666798157000018
2025-07-10,20,0.7000000000000002,0.7398010695021595,0.7000258744083381,0.7030244145490782,0.71,0.5394609211383739,0.9401412178659452,0.5010810587871783,0.9785210802171407
2025-07-17,20,0.7200000000000002,0.7904235511528255,0.7536598282381372,0.753281910923115,0.7599999999999998,0.5902601518711148,0.9905869504345362,0.5519141499592579,1.028932952346393
2025-07-24,20,0.75,0.7540110211191484,0.7190301302875082,0.7130914512922463,0.7199999999999998,0.5540174739177022,0.9540045683205947,0.5157040111624439,0.9923180310758529
2025-07-31,20,0.73,0.7190225144184309,0.6825751666448983,0.6829511044924302,0.6900000000000004,0.5191050396763929,0.9189399891604689,0.4808061503880341,0.9572388784488277
2025-08-07,20,0.73,0.737419474559849,0.7007040071069354,0.6930094199305902,0.7000000000000002,0.5376603619232391,0.937178587196459,0.49939181061684546,0.9754471385028526
2025-08-14,20,0.6600000000000001,0.7534800315328424,0.714531367252633,0.713117108195098,0.7200000000000002,0.5539232205585736,0.9530368425071112,0.5156934248886187,0.9912666381770661
2025-08-21,20,0.71,0.7834550307028059,0.7434130345304581,0.7432739861523244,0.75,0.5840873416609474,0.9828227197446643,0.5458937767405093,1.0210162846651025
2025-08-28,20,0.73,0.7704072198244084,0.730565815268148,0.7231835020992837,0.73,0.571166786843834,0.9696476528049828,0.532997600811778,1.0078168388370388
2025-09-04,20,0.73,0.7713700781255034,0.7279708917096112,0.7231919092254563,0.73,0.5722940050836366,0.9704461511673702,0.5341563060594279,1.008583850191579
2025-09-11,20,0.73,0.708535587834178,0.6618799692665824,0.6528553830992857,0.6600000000000001,0.509286379529297,0.907784796139059,0.47111551237769655,0.9459556632906595
2025-09-18,20,0.7000000000000002,0.7770078899852286,0.7619773438474504,0.7031102362204724,0.71,0.5777071816101339,0.9763085983603234,0.5395264484101052,1.014489331560352
2025-09-25,20,0.6999999999999997,0.7891880763637531,0.7696636744422896,0.723217006635537,0.73,0.5900606554893235,0.9883154972381827,0.5519131195813853,1.0264630331461209
2025-10-02,20,0.71,0.7582548066704576,0.7233435747047009,0.7232253313696613,0.73,0.5593752515908683,0.957134361750047,0.5212752001994649,0.9952344131414503
2025-10-09,20,0.71,0.761113563668833,0.7270748558107962,0.7232336356950233,0.73,0.5624048914172526,0.9598222359204134,0.5243375766463954,0.9978895506912706
2025-10-16,20,0.71,0.7334538036942991,0.696187870841678,0.6930950048971598,0.7000000000000002,0.5348668317413942,0.9320407756472041,0.49682283152206047,0.9700847758665379
2025-10-23,20,0.75,0.7284075177363653,0.6947261265045546,0.6931034482758618,0.6999999999999997,0.5299027987226362,0.9269122367500943,0.49187455598631,0.9649404794864205
2025-10-30,20,0.7200000000000002,0.7619390212610692,0.7588035651338148,0.7031607230092818,0.71,0.5632935858768987,0.9605844566452396,0.5252383856137253,0.998639656908413
2025-11-06,20,0.7999999999999998,0.7533104858056074,0.7476456991765681,0.7031690656257623,0.71,0.5547993337164476,0.9518216378947673,0.5167698585733795,0.9898511130378354
2025-11-13,20,0.7999999999999998,0.7249526234270438,0.706049122744695,0.70317738791423,0.71,0.5266038153411052,0.9233014315129824,0.48860544100607817,0.9612998058480094
2025-11-20,20,0.81,0.7679745965852913,0.7462325774919432,0.7433803845217815,0.75,0.5697777972932287,0.9661713958773539,0.53180854381407,1.0041406493565126
2025-11-27,20,0.8300000000000001,0.7445883119007466,0.7202087184217515,0.7132425862907148,0.7200000000000002,0.5465207982944715,0.9426558255070216,0.5085763125259539,0.9806003112755393
2025-12-04,20,0.8399999999999999,0.81558707599781,0.7912224648834854,0.7936392328235007,0.7999999999999998,0.6176144313338716,1.0135597206617484,0.5796881199401761,1.0514860320554438
2025-12-11,20,0.8300000000000001,0.8269024748254337,0.8158423036611716,0.7936469447138699,0.7999999999999998,0.6288894180594139,1.0249155315914533,0.5909553647780945,1.0628495848727728
2025-12-18,20,0.8200000000000003,0.8425959000344992,0.8303057378583449,0.8037030758052798,0.81,0.6446046072948977,1.0405871927741008,0.6066747234241779,1.0785170766448204
2025-12-25,20,0.8399999999999999,0.846361809509479,0.8264041773167734,0.823807450411224,0.8300000000000001,0.6485089802042313,1.0442146388147266,0.6106056222575194,1.0821179967614387
2026-01-01,20,0.8400000000000003,0.8558197427623099,0.8346657874875211,0.833863251993235,0.8399999999999999,0.6581072234397305,1.0535322620848893,0.6202307451667398,1.0914087403578798
2026-01-08,20,0.8500000000000001,0.8475097878806377,0.8250362633824483,0.8238223938223939,0.8300000000000001,0.6499278270916937,1.0450917486695817,0.6120763603732546,1.0829432153880207
2026-01-15,20,0.7899999999999996,0.8350944233734103,0.8135113232401994,0.813781634128706,0.8200000000000003,0.6376410513789232,1.0325477953678974,0.599814218865218,1.0703746278816026
2026-01-22,20,0.7800000000000002,0.8461207872065122,0.8292836022918042,0.8338854116514202,0.8399999999999999,0.6488181294461348,1.0434234449668895,0.6110201697849593,1.081221404628065
2026-01-29,20,0.7399999999999998,0.8480550777137544,0.8367417090240334,0.8338927626833377,0.8400000000000003,0.6508164413416575,1.0452937140858514,0.6130307464815705,1.0830794089459383
2026-02-05,20,0.7599999999999998,0.8598096947074979,0.8448378426693677,0.8439481268011528,0.8500000000000001,0.6627038233890481,1.0569155660259477,0.6249435627942626,1.0946758266207333
2026-02-12,20,0.7000000000000002,0.8076695602204325,0.7900664424526646,0.783667546174142,0.7899999999999996,0.6105988754971223,1.0047402449437426,0.5728453557213343,1.0424937647195305
2026-02-19,20,0.6000000000000001,0.7974552302065057,0.7766520632729425,0.7736272160996648,0.7800000000000002,0.6004886769829001,0.9944217834301112,0.5627551060424192,1.0321553543705921
2026-02-26,20,0.5899999999999999,0.7576488455941319,0.7372650384428455,0.733443407513759,0.7399999999999998,0.5606184943230447,0.9546791968652192,0.5228727013676524,0.9924249898206114
2026-03-05,20,0.6700000000000004,0.7722215624383115,0.7548190547605274,0.7535468451242827,0.7599999999999998,0.5753315405005334,0.9691115843760897,0.5376126309259324,1.0068304939506907
2026-03-12,20,0.6699999999999999,0.7113738012223063,0.6967864170165747,0.6932680830747197,0.7000000000000002,0.5145155352518216,0.908232067192791,0.4768027092788527,0.9459448931657599
2026-03-19,20,0.7000000000000002,0.613442889517303,0.5979270512532766,0.5927992370052457,0.6000000000000001,0.41620786176110175,0.8106779172735041,0.37842285821617294,0.848462920818433
2026-03-26,20,0.6299999999999999,0.5738572507678096,0.5696706727338025,0.582760180995475,0.5899999999999999,0.3763521244729657,0.7713623770626534,0.33851537720707514,0.809199124328544
2026-04-02,20,0.6000000000000001,0.6656487308978161,0.6668486182585294,0.6631493815413896,0.6700000000000004,0.4684930491075634,0.8628044126880687,0.4307232461466219,0.9005742156490102
2026-04-09,20,0.5899999999999999,0.6669339320614367,0.6661717186369019,0.6631575196008552,0.6699999999999999,0.46998194779946023,0.8638859163234132,0.4322511678858727,0.9016166962370007
2026-04-16,20,0.6000000000000001,0.7003561759655537,0.6980556005791484,0.6933080208827719,0.7000000000000002,0.5034360803212827,0.8972762716098246,0.46571140942163025,0.9350009425094771
2026-04-23,20,0.6299999999999999,0.622443644866336,0.6207689534500884,0.6229841194595874,0.6299999999999999,0.42566852277198963,0.8192187669606823,0.3879716249619356,0.8569156647707363
2026-04-30,20,0.6000000000000001,0.5840190100015341,0.5866785965594421,0.5928503787878788,0.6000000000000001,0.38725740070273595,0.7807806193003323,0.34956309158614834,0.8184749284169199
2026-05-07,20,0.6300000000000003,0.5745520436649498,0.5835078618134472,0.5828115393710096,0.5899999999999999,0.3778699498337369,0.7712341374961628,0.34019087377315743,0.8089132135567423
2026-05-14,20,0.6400000000000001,0.5854661916542612,0.5952476613707575,0.5928672649976383,0.6000000000000001,0.38896875317812774,0.7819636301303946,0.3513250521892363,0.819607331119286
2026-05-21,20,0.6000000000000001,0.6026787606422928,0.6184214247505471,0.6230172210426986,0.6299999999999999,0.40621949130722856,0.799138029977357,0.3685831025140816,0.836774418770504
2026-05-28,20,0.6400000000000001,0.5769986617486134,0.5943350257796577,0.5928840716305374,0.6000000000000001,0.3806611132410682,0.7733362102561585,0.3430480429322271,0.8109492805649996
