origin_date,horizon,actual,var_aic,naive
2012-01-19,1,1.02,0.979068512428182,0.98
2012-01-26,1,0.99,1.0098465762281983,1.01
2012-02-02,1,0.9699999999999998,0.9537467882659239,0.95
2012-02-09,1,0.9799999999999998,0.9972044026781852,0.9999999999999998
2012-02-16,1,0.9599999999999996,0.9542354289192878,0.9599999999999996
2012-02-23,1,0.95,0.9590722513663802,0.9599999999999996
2012-03-01,1,0.8599999999999999,0.9027434933543772,0.8999999999999999
2012-03-08,1,0.8399999999999999,0.8399110797048511,0.8399999999999999
2012-03-15,1,0.9600000000000002,0.9309224989412155,0.94
2012-03-22,1,0.9500000000000002,0.9578865019953234,0.9600000000000002
2012-03-29,1,0.91,0.8971148161412501,0.9000000000000001
2012-04-05,1,0.8799999999999999,0.8710984304872058,0.8799999999999999
2012-04-12,1,0.79,0.8217600603538439,0.8199999999999998
2012-04-19,1,0.71,0.7054700144328357,0.71
2012-04-26,1,0.6599999999999999,0.6789128407769511,0.6799999999999997
2012-05-03,1,0.77,0.6895364027700375,0.7
2012-05-10,1,0.6699999999999999,0.746864752446991,0.75
2012-05-17,1,0.6699999999999999,0.6530272752876916,0.6599999999999999
2012-05-24,1,0.73,0.714931876095954,0.7200000000000002
2012-05-31,1,0.7400000000000001,0.6735287009816496,0.6799999999999999
2012-06-07,1,0.77,0.7647972503791319,0.76
2012-06-14,1,0.76,0.7487095520468892,0.75
2012-06-21,1,0.74,0.7043813177170355,0.7
2012-06-28,1,0.71,0.715482045731022,0.72
2012-07-05,1,0.71,0.7002575992711407,0.7
2012-07-12,1,0.6499999999999999,0.6544413007386699,0.6599999999999999
2012-07-19,1,0.6600000000000001,0.6667762839721827,0.6699999999999999
2012-07-26,1,0.6399999999999999,0.625870120656646,0.6299999999999999
2012-08-02,1,0.6499999999999999,0.6109834082831378,0.6099999999999999
2012-08-09,1,0.6500000000000001,0.6461639870709208,0.6500000000000001
2012-08-16,1,0.74,0.7166014244772412,0.72
2012-08-23,1,0.6800000000000002,0.6854634350342325,0.6900000000000002
2012-08-30,1,0.6200000000000001,0.6377799368841115,0.6400000000000001
2012-09-06,1,0.6700000000000002,0.6777859596572249,0.6800000000000002
2012-09-13,1,0.77,0.7057845508969627,0.71
2012-09-20,1,0.7100000000000002,0.7104019715095987,0.7100000000000002
2012-09-27,1,0.6599999999999999,0.6462085551372588,0.6499999999999999
2012-10-04,1,0.6700000000000002,0.6670169259403209,0.6699999999999999
2012-10-11,1,0.6600000000000001,0.6571460105911262,0.6600000000000001
2012-10-18,1,0.75,0.7611730015359175,0.7699999999999998
2012-10-25,1,0.72,0.7420838972877223,0.75
2012-11-01,1,0.71,0.7048997119262235,0.71
2012-11-08,1,0.6299999999999999,0.6452221597537159,0.6499999999999999
2012-11-15,1,0.6199999999999999,0.6482226681764885,0.6499999999999999
2012-11-22,1,0.6699999999999999,0.6581869743229244,0.6599999999999999
2012-11-29,1,0.6299999999999999,0.6191684327161474,0.6199999999999999
2012-12-06,1,0.6499999999999999,0.647046973743708,0.6499999999999999
2012-12-13,1,0.6699999999999999,0.6775404255530634,0.6799999999999999
2012-12-20,1,0.6799999999999999,0.7087575051573602,0.7100000000000002
2012-12-27,1,0.6400000000000001,0.6446146349279603,0.6500000000000001
2013-01-03,1,0.73,0.7257491097079672,0.73
2013-01-10,1,0.75,0.7680376520467125,0.77
2013-01-17,1,0.74,0.7462212801553589,0.75
2013-01-24,1,0.81,0.7677740737235375,0.7699999999999998
2013-01-31,1,0.8500000000000001,0.8291869762465234,0.8300000000000001
2013-02-07,1,0.8599999999999999,0.8382913997854,0.8400000000000001
2013-02-14,1,0.8799999999999999,0.8696928498856905,0.8700000000000001
2013-02-21,1,0.8699999999999999,0.8687327460041548,0.8699999999999999
2013-02-28,1,0.8600000000000001,0.878034352814827,0.8800000000000001
2013-03-07,1,0.95,0.9128409904356768,0.92
2013-03-14,1,0.8999999999999999,0.946736832081922,0.95
2013-03-21,1,0.8300000000000001,0.8357331231167161,0.8400000000000001
2013-03-28,1,0.76,0.76143073886019,0.76
2013-04-04,1,0.77,0.7857911810058181,0.8
2013-04-11,1,0.79,0.7957137907281778,0.8
2013-04-18,1,0.77,0.7588037233253142,0.76
2013-04-25,1,0.7699999999999999,0.7873337839503641,0.79
2013-05-02,1,0.81,0.7573900884824722,0.7599999999999999
2013-05-09,1,0.8799999999999999,0.8263487926287653,0.8300000000000001
2013-05-16,1,0.91,0.8687870273517214,0.8699999999999999
2013-05-23,1,0.92,0.9166402582381666,0.92
2013-05-30,1,0.98,0.9848252124063355,0.9899999999999998
2013-06-06,1,1.02,0.9863281428487057,0.99
2013-06-13,1,1.02,1.0177262796527078,1.02
2013-06-20,1,1.2200000000000002,1.13930747102464,1.14
2013-06-27,1,1.22,1.2172446217072295,1.22
2013-07-04,1,1.3199999999999998,1.2287310159310971,1.2300000000000002
2013-07-11,1,1.2900000000000005,1.3023350252001966,1.31
2013-07-18,1,1.2799999999999998,1.312191399399839,1.3099999999999998
2013-07-25,1,1.3000000000000005,1.306172573279966,1.31
2013-08-01,1,1.3300000000000003,1.3592790136279274,1.36
2013-08-08,1,1.35,1.3505898289044294,1.3500000000000003
2013-08-15,1,1.5000000000000002,1.4693699955923971,1.4700000000000002
2013-08-22,1,1.5,1.5415208846551527,1.5400000000000005
2013-08-29,1,1.42,1.4105596588702585,1.41
2013-09-05,1,1.4699999999999998,1.51012155028158,1.5099999999999998
2013-09-12,1,1.4799999999999998,1.5012816376234568,1.4999999999999998
2013-09-19,1,1.47,1.4740204481115406,1.4800000000000002
2013-09-26,1,1.35,1.3604232951683517,1.36
2013-10-03,1,1.39,1.3575308638043375,1.36
2013-10-10,1,1.38,1.3794198041739298,1.38
2013-10-17,1,1.35,1.3788685368704205,1.38
2013-10-24,1,1.33,1.327828692847871,1.3299999999999998
2013-10-31,1,1.38,1.318068957383679,1.3199999999999998
2013-11-07,1,1.4700000000000002,1.4200188893802368,1.42
2013-11-14,1,1.44,1.4587583861209883,1.46
2013-11-21,1,1.5,1.549984527246159,1.5499999999999998
2013-11-28,1,1.4499999999999995,1.45067595412086,1.45
2013-12-05,1,1.6,1.5868307577666796,1.59
2013-12-12,1,1.56,1.5588480281362627,1.56
2013-12-19,1,1.5599999999999998,1.5579924336950364,1.5600000000000005
2013-12-26,1,1.64,1.5907056562324866,1.5900000000000003
2014-01-02,1,1.61,1.6086530381717439,1.6100000000000003
2014-01-09,1,1.54,1.5770128454856305,1.58
2014-01-16,1,1.48,1.4802147867907152,1.48
2014-01-23,1,1.43,1.436147089381839,1.4400000000000002
2014-01-30,1,1.39,1.401750684067425,1.4
2014-02-06,1,1.41,1.450925471447254,1.4500000000000002
2014-02-13,1,1.45,1.4253731782353756,1.4300000000000002
2014-02-20,1,1.4,1.439600387729677,1.44
2014-02-27,1,1.42,1.4241116732470327,1.4200000000000002
2014-03-06,1,1.47,1.4507126448361873,1.45
2014-03-13,1,1.38,1.3675006195210815,1.37
2014-03-20,1,1.41,1.4328787007102084,1.43
2014-03-27,1,1.37,1.3704297265524008,1.37
2014-04-03,1,1.4,1.439597275462204,1.44
2014-04-10,1,1.35,1.37775700093272,1.38
2014-04-17,1,1.38,1.3831991905929137,1.38
2014-04-24,1,1.35,1.350033869234291,1.35
2014-05-01,1,1.28,1.3060171866821983,1.3099999999999998
2014-05-08,1,1.2999999999999998,1.2978244773811438,1.3
2014-05-15,1,1.2199999999999998,1.229048186599886,1.2299999999999998
2014-05-22,1,1.2499999999999998,1.2710704846043053,1.2699999999999998
2014-05-29,1,1.1900000000000002,1.2029521663677656,1.2
2014-06-05,1,1.2599999999999998,1.2659124833669204,1.27
2014-06-12,1,1.22,1.2267833840973064,1.2299999999999998
2014-06-19,1,1.16,1.2032190837728514,1.2
2014-06-26,1,1.13,1.1286976912622533,1.13
2014-07-03,1,1.2000000000000002,1.1864004663828578,1.19
2014-07-10,1,1.11,1.113063878089109,1.11
2014-07-17,1,1.08,1.0645727880917228,1.07
2014-07-24,1,1.0299999999999998,1.0626741726879654,1.06
2014-07-31,1,1.05,1.059928257708777,1.06
2014-08-07,1,1.01,0.998037540888235,0.9999999999999998
2014-08-14,1,0.97,0.9889292341258679,0.9899999999999998
2014-08-21,1,0.9799999999999998,0.9881978967209656,0.99
2014-08-28,1,0.8899999999999999,0.9025306661990181,0.8999999999999999
2014-09-04,1,0.9999999999999998,0.9997631832084636,1.0
2014-09-11,1,1.0800000000000003,1.0572064704538346,1.0600000000000005
2014-09-18,1,1.08,1.1083861610514698,1.11
2014-09-25,1,1.0300000000000002,1.0293888662318051,1.0299999999999998
2014-10-02,1,0.9700000000000002,1.0007591870096488,1.0
2014-10-09,1,0.9599999999999996,0.9684182219804085,0.9699999999999998
2014-10-16,1,0.98,1.0080612763740135,1.0099999999999998
2014-10-23,1,1.0099999999999998,1.0007238216610812,1.0
2014-10-30,1,1.0299999999999998,1.0106054962454007,1.0099999999999998
2014-11-06,1,1.0099999999999998,1.0580875112488286,1.06
2014-11-13,1,1.0199999999999998,1.027331728132723,1.03
2014-11-20,1,0.97,1.0094687100246647,1.01
2014-11-27,1,0.9000000000000001,0.907881183419575,0.91
2014-12-04,1,0.92,0.8969243950390202,0.8999999999999999
2014-12-11,1,0.79,0.8095496034401817,0.81
2014-12-18,1,0.81,0.8428497310687456,0.8400000000000001
2014-12-25,1,0.8399999999999999,0.8396655384377792,0.8399999999999999
2015-01-01,1,0.74,0.7786660157101234,0.78
2015-01-08,1,0.71,0.7330705230030388,0.73
2015-01-15,1,0.66,0.6688041430266458,0.6699999999999999
2015-01-22,1,0.91,0.8540700905377991,0.8699999999999999
2015-01-29,1,0.87,0.9168421129964421,0.9200000000000002
2015-02-05,1,0.95,0.9194018829284083,0.9200000000000002
2015-02-12,1,1.0,0.9711263063695555,0.97
2015-02-19,1,1.02,1.0275651608929701,1.03
2015-02-26,1,0.8300000000000001,0.8594451674192191,0.8600000000000001
2015-03-05,1,0.98,0.9007678382738834,0.9
2015-03-12,1,0.93,0.9184727162105565,0.92
2015-03-19,1,0.8400000000000001,0.8392487216458507,0.8400000000000001
2015-03-26,1,0.8500000000000001,0.8476021001528382,0.85
2015-04-02,1,0.8200000000000001,0.8179156271851007,0.8200000000000001
2015-04-09,1,0.8500000000000001,0.8582712209041454,0.8600000000000001
2015-04-16,1,0.7899999999999999,0.7914049041319493,0.7900000000000001
2015-04-23,1,0.7999999999999999,0.8211918894494437,0.82
2015-04-30,1,0.95,0.9080293444627283,0.91
2015-05-07,1,1.04,1.052171905826082,1.06
2015-05-14,1,1.0699999999999998,1.1275861988567957,1.13
2015-05-21,1,1.09,1.078896482295027,1.08
2015-05-28,1,1.0500000000000005,1.0366548567363123,1.04
2015-06-04,1,1.1800000000000002,1.1576544288029298,1.16
2015-06-11,1,1.16,1.1482572481186224,1.15
2015-06-18,1,1.12,1.16807329139419,1.17
2015-06-25,1,1.2400000000000002,1.197071844121418,1.2000000000000002
2015-07-02,1,1.21,1.2649288274299164,1.26
2015-07-09,1,1.18,1.1292726272973306,1.13
2015-07-16,1,1.14,1.1427780830895058,1.15
2015-07-23,1,1.05,1.0844581679196972,1.08
2015-07-30,1,1.03,1.0398778687889838,1.04
2015-08-06,1,0.98,0.9975541622624391,1.0
2015-08-13,1,0.98,0.9897840888957448,0.99
2015-08-20,1,0.94,0.9421750473417714,0.94
2015-08-27,1,1.02,1.0443847715429782,1.0499999999999998
2015-09-03,1,1.0,1.0272198840645932,1.03
2015-09-10,1,1.01,1.0312259845321616,1.03
2015-09-17,1,1.0,1.0512524740573599,1.05
2015-09-24,1,0.99,0.9480826224356833,0.95
2015-10-01,1,0.8899999999999999,0.9120559738648142,0.91
2015-10-08,1,0.96,0.9571967610922104,0.96
2015-10-15,1,0.93,0.9102854014084323,0.91
2015-10-22,1,0.97,0.9310870263875103,0.93
2015-10-29,1,0.97,0.9841595526806002,0.98
2015-11-05,1,1.0499999999999998,1.0182458356723536,1.02
2015-11-12,1,1.04,1.0502452373625315,1.0499999999999998
2015-11-19,1,1.0100000000000002,1.00186606275779,1.0
2015-11-26,1,0.93,0.9527918720146283,0.95
2015-12-03,1,0.95,0.9709062566479115,0.97
2015-12-10,1,0.93,0.9405942405172038,0.94
2015-12-17,1,0.8899999999999999,0.9086309149276864,0.91
2015-12-24,1,0.8800000000000001,0.8761996969354238,0.8800000000000001
2015-12-31,1,0.91,0.9075284719229635,0.91
2016-01-07,1,0.8700000000000001,0.907011613051642,0.91
2016-01-14,1,0.8599999999999999,0.9053199945997725,0.91
2016-01-21,1,0.8600000000000001,0.818740117162254,0.81
2016-01-28,1,0.8,0.8105564068043754,0.81
2016-02-04,1,0.7599999999999999,0.7662044499642627,0.7699999999999999
2016-02-11,1,0.69,0.6418063281987736,0.64
2016-02-18,1,0.6700000000000002,0.6810764193684495,0.6800000000000002
2016-02-25,1,0.6799999999999999,0.6393889281176605,0.6399999999999999
2016-03-03,1,0.73,0.710151600168039,0.71
2016-03-10,1,0.7800000000000001,0.7338941493424079,0.74
2016-03-17,1,0.75,0.7574720026313332,0.76
2016-03-24,1,0.71,0.7150144778697821,0.71
2016-03-31,1,0.7,0.6888354772957813,0.69
2016-04-07,1,0.6699999999999999,0.6289947876369646,0.6299999999999999
2016-04-14,1,0.67,0.6892613013375303,0.6900000000000001
2016-04-21,1,0.84,0.8306198098575647,0.83
2016-04-28,1,0.82,0.8126446697089968,0.8099999999999999
2016-05-05,1,0.79,0.7757078926344181,0.7800000000000001
2016-05-12,1,0.72,0.759243919219016,0.76
2016-05-19,1,0.7300000000000001,0.7169069661046611,0.7200000000000001
2016-05-26,1,0.7000000000000001,0.7085760164867174,0.7100000000000001
2016-06-02,1,0.6799999999999999,0.6790385121095392,0.68
2016-06-09,1,0.6300000000000001,0.6700685162790541,0.6699999999999999
2016-06-16,1,0.6000000000000001,0.5889539062661318,0.5900000000000001
2016-06-23,1,0.6299999999999999,0.6806476471868006,0.68
2016-06-30,1,0.54,0.5399158890340786,0.54
2016-07-07,1,0.49,0.508320267595867,0.51
2016-07-14,1,0.5400000000000001,0.5105687971478307,0.51
2016-07-21,1,0.53,0.5306067693622611,0.5300000000000001
2016-07-28,1,0.49,0.48087175348601247,0.4800000000000001
2016-08-04,1,0.55,0.5090797473452101,0.51
2016-08-11,1,0.49,0.4965396970214429,0.5
2016-08-18,1,0.5100000000000001,0.4694672335352322,0.4700000000000001
2016-08-25,1,0.4800000000000001,0.4816086750108265,0.4800000000000001
2016-09-01,1,0.4700000000000001,0.4413237697304434,0.4399999999999999
2016-09-08,1,0.57,0.5179701854776909,0.5200000000000001
2016-09-15,1,0.61,0.6320886581661698,0.63
2016-09-22,1,0.52,0.5283949646395375,0.5300000000000001
2016-09-29,1,0.48,0.4594180076332246,0.4599999999999999
2016-10-06,1,0.58,0.5709272814763161,0.57
2016-10-13,1,0.63,0.5793119035431267,0.58
2016-10-20,1,0.6099999999999999,0.6163171702191058,0.6199999999999999
2016-10-27,1,0.66,0.6504828419060948,0.65
2016-11-03,1,0.6399999999999999,0.660070281022915,0.6599999999999999
2016-11-10,1,0.8099999999999999,0.8052875954015118,0.8099999999999999
2016-11-17,1,0.9,0.879693756872657,0.88
2016-11-24,1,0.9,0.9103106711179283,0.91
2016-12-01,1,0.8999999999999999,0.9087853080709536,0.91
2016-12-08,1,0.99,0.9325956299191378,0.93
2016-12-15,1,1.0100000000000002,1.0204582771789599,1.02
2016-12-22,1,1.0,0.990915031257418,0.99
2016-12-29,1,0.98,0.961859546122235,0.96
2017-01-05,1,0.97,0.9491567934359026,0.95
2017-01-12,1,0.92,0.8803886620760911,0.8799999999999999
2017-01-19,1,0.97,0.9571502060405739,0.96
2017-01-26,1,0.98,1.0024586823111088,1.0
2017-02-02,1,1.0,0.9878777673750871,0.99
2017-02-09,1,0.92,0.9315908429798374,0.93
2017-02-16,1,0.93,0.9475371286061182,0.95
2017-02-23,1,0.8500000000000001,0.9105174733039196,0.91
2017-03-02,1,0.94,0.916640461389552,0.92
2017-03-09,1,0.97,0.989407794436764,0.99
2017-03-16,1,0.96,0.977899208871365,0.98
2017-03-23,1,0.8899999999999999,0.9187718991010054,0.92
2017-03-30,1,0.8799999999999999,0.890164842228653,0.8899999999999999
2017-04-06,1,0.8300000000000001,0.8286882572810845,0.8300000000000001
2017-04-13,1,0.76,0.7592008287994034,0.76
2017-04-20,1,0.75,0.7365332764886923,0.74
2017-04-27,1,0.8200000000000001,0.8435188312328836,0.8400000000000001
2017-05-04,1,0.86,0.8488208414888349,0.85
2017-05-11,1,0.89,0.8987571616166832,0.9000000000000001
2017-05-18,1,0.7899999999999999,0.7700297605173175,0.7699999999999999
2017-05-25,1,0.73,0.7422851769085486,0.74
2017-06-01,1,0.71,0.7305055256775274,0.73
2017-06-08,1,0.6799999999999999,0.7093243860109559,0.71
2017-06-15,1,0.63,0.6235293912520059,0.62
2017-06-22,1,0.58,0.571787195886006,0.57
2017-06-29,1,0.6599999999999999,0.6246637405185737,0.6199999999999999
2017-07-06,1,0.72,0.7017599324995869,0.7000000000000002
2017-07-13,1,0.71,0.7015348740339993,0.7
2017-07-20,1,0.6299999999999999,0.6402520492404057,0.6399999999999999
2017-07-27,1,0.6999999999999997,0.7007911697132999,0.7
2017-08-03,1,0.6799999999999999,0.6450490093356083,0.6499999999999999
2017-08-10,1,0.6400000000000001,0.6304684063861484,0.6300000000000001
2017-08-17,1,0.6300000000000001,0.6188228409284584,0.6200000000000001
2017-08-24,1,0.6100000000000001,0.6189461211467006,0.6199999999999999
2017-08-31,1,0.5699999999999998,0.5784312611367713,0.5800000000000001
2017-09-07,1,0.47,0.4704553330701354,0.47
2017-09-14,1,0.4899999999999997,0.49114623086113884,0.4899999999999997
2017-09-21,1,0.5099999999999998,0.5296393354593132,0.53
2017-09-28,1,0.5800000000000001,0.578837297526354,0.5800000000000001
2017-10-05,1,0.5799999999999998,0.5791562239940462,0.5800000000000001
2017-10-12,1,0.4899999999999997,0.5193257429067889,0.52
2017-10-19,1,0.5599999999999998,0.5275223680630581,0.53
2017-10-26,1,0.56,0.5789298452134455,0.5799999999999998
2017-11-02,1,0.51,0.5485617644867453,0.55
2017-11-09,1,0.5,0.4785685868760975,0.48
2017-11-16,1,0.49,0.4888349758294796,0.49
2017-11-23,1,0.4499999999999999,0.4594226445976927,0.4599999999999999
2017-11-30,1,0.3799999999999999,0.4588732336611661,0.4599999999999999
2017-12-07,1,0.3500000000000001,0.35851186485109354,0.3600000000000001
2017-12-14,1,0.28,0.28745941412889603,0.29
2017-12-21,1,0.3600000000000001,0.34960343998654797,0.3499999999999998
2017-12-28,1,0.3600000000000001,0.3399242521951955,0.3399999999999998
2018-01-04,1,0.3799999999999999,0.37923998311377116,0.3800000000000001
2018-01-11,1,0.4200000000000001,0.40791602469266713,0.4099999999999999
2018-01-18,1,0.4299999999999999,0.418070894869777,0.4199999999999999
2018-01-25,1,0.4499999999999997,0.4380418144896632,0.4400000000000001
2018-02-01,1,0.5099999999999998,0.5100628401351114,0.51
2018-02-08,1,0.5700000000000001,0.5290386264020835,0.5299999999999998
2018-02-15,1,0.49,0.5285313642515456,0.53
2018-02-22,1,0.47,0.5007604946262745,0.4999999999999998
2018-03-01,1,0.4300000000000001,0.4115526469423112,0.4099999999999999
2018-03-08,1,0.4399999999999999,0.448383801064246,0.4499999999999999
2018-03-15,1,0.3800000000000001,0.3912125598671835,0.3900000000000001
2018-03-22,1,0.3399999999999998,0.35033526636998774,0.3499999999999998
2018-03-29,1,0.3199999999999998,0.31790867659025596,0.3199999999999998
2018-04-05,1,0.3500000000000001,0.3680434165676479,0.3700000000000001
2018-04-12,1,0.3699999999999999,0.3898051251231153,0.3900000000000001
2018-04-19,1,0.4000000000000001,0.4054741394559943,0.4099999999999999
2018-04-26,1,0.4299999999999999,0.43840916029526766,0.4400000000000001
2018-05-03,1,0.4200000000000001,0.41099789363307193,0.4099999999999999
2018-05-10,1,0.4199999999999999,0.42930232640939914,0.4299999999999999
2018-05-17,1,0.4500000000000002,0.45990286586215867,0.4599999999999999
2018-05-24,1,0.3900000000000001,0.4191726441006175,0.4200000000000001
2018-05-31,1,0.3200000000000003,0.3308567104059568,0.33
2018-06-07,1,0.3900000000000001,0.3687017140035365,0.3700000000000001
2018-06-14,1,0.3300000000000003,0.3388268348049689,0.3400000000000001
2018-06-21,1,0.33,0.3181107124353107,0.32
2018-06-28,1,0.26,0.27674096621712524,0.2799999999999998
2018-07-05,1,0.2199999999999999,0.2288786298195708,0.2300000000000002
2018-07-12,1,0.2200000000000002,0.22164530480204234,0.2200000000000002
2018-07-19,1,0.2100000000000002,0.17986521657114862,0.1799999999999999
2018-07-26,1,0.2299999999999999,0.22955309615154906,0.2299999999999999
2018-08-02,1,0.2600000000000002,0.2764054422317216,0.2799999999999998
2018-08-09,1,0.1899999999999999,0.21941838841832104,0.2200000000000002
2018-08-16,1,0.1499999999999999,0.16900036127664494,0.1699999999999999
2018-08-23,1,0.1299999999999999,0.1296894338427254,0.1299999999999999
2018-08-30,1,0.1600000000000001,0.1693243909417311,0.1699999999999999
2018-09-06,1,0.1800000000000001,0.16946789221954792,0.1699999999999999
2018-09-13,1,0.2099999999999999,0.18045690555125507,0.1799999999999997
2018-09-20,1,0.25,0.2396682879869463,0.2399999999999997
2018-09-27,1,0.2099999999999999,0.2204126979864484,0.2200000000000002
2018-10-04,1,0.2800000000000002,0.2502770049113977,0.25
2018-10-11,1,0.2200000000000002,0.21844705221868999,0.2200000000000002
2018-10-18,1,0.2000000000000001,0.18087361307320884,0.1800000000000001
2018-10-25,1,0.1300000000000003,0.14101374780920076,0.1400000000000001
2018-11-01,1,0.1799999999999997,0.15981398491205653,0.1600000000000001
2018-11-08,1,0.1699999999999999,0.17878728917706174,0.1800000000000001
2018-11-15,1,0.1399999999999996,0.13755978317470796,0.1399999999999996
2018-11-22,1,0.1099999999999998,0.11903210729217704,0.1199999999999996
2018-11-29,1,0.1099999999999998,0.10934092666228531,0.1099999999999998
2018-12-06,1,0.0699999999999998,0.08838264790661375,0.09
2018-12-13,1,0.08,0.0914007718240421,0.0899999999999998
2018-12-20,1,0.08,0.07546797304725918,0.08
2018-12-27,1,0.0899999999999998,0.08868668087767556,0.09
2019-01-03,1,0.0799999999999998,0.06100952465656593,0.06
2019-01-10,1,0.06,0.07134205191284072,0.07
2019-01-17,1,0.0899999999999998,0.08936041072044046,0.09
2019-01-24,1,0.09,0.06900822301458873,0.0699999999999998
2019-01-31,1,0.1299999999999999,0.10844056753993733,0.1099999999999998
2019-02-07,1,0.1099999999999998,0.10944695335018187,0.1100000000000001
2019-02-14,1,0.1099999999999998,0.11025247957468116,0.1099999999999998
2019-02-21,1,0.1099999999999998,0.11894683545060378,0.1199999999999998
2019-02-28,1,0.1699999999999999,0.15911764254560004,0.1599999999999999
2019-03-07,1,0.1100000000000001,0.13767110554099454,0.1399999999999999
2019-03-14,1,0.0899999999999998,0.100608218916568,0.1
2019-03-21,1,0.06,0.0693859122325008,0.0699999999999998
2019-03-28,1,0.07,0.05464049185040214,0.06
2019-04-04,1,0.1099999999999998,0.11037636874138552,0.1099999999999998
2019-04-11,1,0.1500000000000001,0.12907409611616158,0.1299999999999999
2019-04-18,1,0.1499999999999999,0.15044134136407974,0.1499999999999999
2019-04-25,1,0.1399999999999999,0.1463373167958292,0.1499999999999999
2019-05-02,1,0.1300000000000001,0.13834414231785652,0.1399999999999999
2019-05-09,1,0.09,0.09883009128682117,0.0999999999999998
2019-05-16,1,0.0899999999999998,0.08717774491983893,0.0899999999999998
2019-05-23,1,0.05,0.06060873603914242,0.0599999999999998
2019-05-30,1,0.06,0.02903056564104981,0.03
2019-06-06,1,0.06,0.07605616996030323,0.08
2019-06-13,1,0.05,0.04925442158946375,0.05
2019-06-20,1,0.05,0.04887248228054168,0.05
2019-06-27,1,-0.01,0.028740541951549643,0.03
2019-07-04,1,-0.05,-0.050454004532347316,-0.05
2019-07-11,1,0.02,0.019759001469234268,0.02
2019-07-18,1,0.04,0.04956498095489082,0.05
2019-07-25,1,-0.01,0.0175605569213085,0.02
2019-08-01,1,-0.0899999999999998,-0.07782780362273338,-0.08
2019-08-08,1,-0.1099999999999998,-0.12240530172750555,-0.1200000000000001
2019-08-15,1,-0.1900000000000001,-0.20140774782966553,-0.1999999999999999
2019-08-22,1,-0.2000000000000001,-0.18107364721689634,-0.1799999999999999
2019-08-29,1,-0.1900000000000001,-0.1933141417380757,-0.1900000000000001
2019-09-05,1,-0.2099999999999999,-0.19264767341681677,-0.1899999999999999
2019-09-12,1,-0.1299999999999999,-0.14871593007323666,-0.1500000000000001
2019-09-19,1,-0.1800000000000001,-0.17218444637534794,-0.1700000000000001
2019-09-26,1,-0.2099999999999999,-0.21069957819046842,-0.2099999999999999
2019-10-03,1,-0.1799999999999999,-0.1701881521977169,-0.1699999999999999
2019-10-10,1,-0.1399999999999999,-0.13026388566688865,-0.1300000000000001
2019-10-17,1,-0.0999999999999998,-0.09143268284092804,-0.0899999999999998
2019-10-24,1,-0.1199999999999998,-0.1115213845165503,-0.1099999999999998
2019-10-31,1,-0.1100000000000001,-0.10320219110019274,-0.1
2019-11-07,1,0.0,-0.020879703901329892,-0.0199999999999997
2019-11-14,1,-0.06,-0.060079082832722834,-0.06
2019-11-21,1,-0.1100000000000001,-0.08245871025479501,-0.08
2019-11-28,1,-0.1200000000000001,-0.1296386095981342,-0.1300000000000001
2019-12-05,1,-0.0699999999999998,-0.0815194269975223,-0.0799999999999998
2019-12-12,1,-0.0799999999999998,-0.03987150534102002,-0.04
2019-12-19,1,-0.0399999999999998,-0.04025631030804096,-0.04
2019-12-26,1,-0.0699999999999998,-0.0598077947212718,-0.0599999999999998
2020-01-02,1,-0.08,-0.03873324984029077,-0.0399999999999998
2020-01-09,1,-0.0599999999999998,-0.03121048872804199,-0.0299999999999998
2020-01-16,1,-0.0699999999999998,-0.0922177689484271,-0.0899999999999998
2020-01-23,1,-0.1299999999999999,-0.09244674693906028,-0.09
2020-01-30,1,-0.1599999999999999,-0.15036562165700929,-0.1499999999999999
2020-02-06,1,-0.1399999999999999,-0.11991474060864082,-0.1199999999999998
2020-02-13,1,-0.1299999999999999,-0.12098438374931096,-0.1200000000000001
2020-02-20,1,-0.1399999999999999,-0.15001038535934455,-0.1499999999999999
2020-02-27,1,-0.0199999999999997,-0.09207363399932704,-0.09
2020-03-05,1,0.02,0.05283694675393475,0.0499999999999999
2020-03-12,1,0.3299999999999999,0.16638152810014892,0.17
2020-03-19,1,0.3099999999999999,0.36701550618508844,0.37
2020-03-26,1,0.2799999999999999,0.2496466631955819,0.25
2020-04-02,1,0.3,0.23726851883981775,0.24
2020-04-09,1,0.37,0.3729414814115177,0.37
2020-04-16,1,0.29,0.2803931073809742,0.2799999999999999
2020-04-23,1,0.2499999999999999,0.26635052968903733,0.2699999999999999
2020-04-30,1,0.22,0.23913583035658936,0.24
2020-05-07,1,0.3099999999999999,0.2663621272741412,0.27
2020-05-14,1,0.26,0.2579207403880719,0.26
2020-05-21,1,0.22,0.25159329188450263,0.25
2020-05-28,1,0.25,0.26084675638298443,0.26
2020-06-04,1,0.38,0.34957495728525945,0.35
2020-06-11,1,0.25,0.25051763553973994,0.25
2020-06-18,1,0.23,0.22209687405342904,0.22
2020-06-25,1,0.22,0.21905874333302017,0.22
2020-07-02,1,0.26,0.2700019743367389,0.2700000000000001
2020-07-09,1,0.27,0.24775318327187915,0.25
2020-07-16,1,0.25,0.22945581144630062,0.2299999999999999
2020-07-23,1,0.2299999999999999,0.22954005300053945,0.2299999999999999
2020-07-30,1,0.2,0.18701818125699352,0.19
2020-08-06,1,0.2099999999999999,0.19846799440740076,0.2
2020-08-13,1,0.31,0.3299638385715183,0.33
2020-08-20,1,0.26,0.27970696644697135,0.28
2020-08-27,1,0.36,0.3700826586970611,0.37
2020-09-03,1,0.3199999999999999,0.2789233692392365,0.28
2020-09-10,1,0.29,0.29865261032848694,0.3
2020-09-17,1,0.3199999999999999,0.30954763760571746,0.3099999999999999
2020-09-24,1,0.29,0.3010631830522919,0.3
2020-10-01,1,0.32,0.3087925707938442,0.31
2020-10-08,1,0.37,0.3343519145067703,0.3399999999999999
2020-10-15,1,0.3399999999999999,0.33844101619579037,0.3399999999999999
2020-10-22,1,0.4,0.4097595437288804,0.41
2020-10-29,1,0.4,0.3802162537140086,0.38
2020-11-05,1,0.38,0.362106444403942,0.36
2020-11-12,1,0.4599999999999999,0.45632608405366704,0.4599999999999999
2020-11-19,1,0.39,0.4075691526732006,0.41
2020-11-26,1,0.42,0.4291496801132448,0.4299999999999999
2020-12-03,1,0.52,0.4808889692415948,0.48
2020-12-10,1,0.4599999999999999,0.4815948360317364,0.48
2020-12-17,1,0.5,0.4888046933013833,0.49
2020-12-24,1,0.5,0.5002619524159891,0.5
2020-12-31,1,0.47,0.4690227538780075,0.47
2021-01-07,1,0.6200000000000001,0.6083044364461222,0.6100000000000001
2021-01-14,1,0.66,0.6993570829271417,0.7
2021-01-21,1,0.6599999999999999,0.6998055839793393,0.7
2021-01-28,1,0.69,0.6611797727388572,0.6599999999999999
2021-02-04,1,0.8,0.7652271836824409,0.77
2021-02-11,1,0.8400000000000001,0.7995661996110376,0.8
2021-02-18,1,0.98,0.9210165751648445,0.92
2021-02-25,1,1.05,1.1386644701002362,1.14
2021-03-04,1,1.21,1.203186502232244,1.21
2021-03-11,1,1.27,1.1746741129879241,1.18
2021-03-18,1,1.33,1.341407685068663,1.34
2021-03-25,1,1.26,1.2312261476471398,1.23
2021-04-01,1,1.29,1.2881523360748974,1.29
2021-04-08,1,1.26,1.2370211385792667,1.24
2021-04-15,1,1.24,1.209400862147279,1.21
2021-04-22,1,1.19,1.210068916459865,1.21
2021-04-29,1,1.24,1.24947620483682,1.25
2021-05-06,1,1.2,1.2010100502538283,1.2
2021-05-13,1,1.23,1.2397321044771847,1.24
2021-05-20,1,1.21,1.2093314761591443,1.21
2021-05-27,1,1.17,1.1686411284392189,1.17
2021-06-03,1,1.15,1.1988480386745624,1.2
2021-06-10,1,1.0699999999999998,1.0705081118450042,1.0699999999999998
2021-06-17,1,0.9200000000000002,1.0205773898304775,1.02
2021-06-24,1,1.01,0.9859777049706238,0.99
2021-07-01,1,0.9200000000000002,0.9424303277686215,0.94
2021-07-08,1,0.8400000000000001,0.7784932975890599,0.78
2021-07-15,1,0.81,0.8195572577005555,0.8200000000000001
2021-07-22,1,0.76,0.7443513011350712,0.74
2021-07-29,1,0.75,0.7385260471079814,0.74
2021-08-05,1,0.76,0.687664028328604,0.69
2021-08-12,1,0.74,0.7889837614595552,0.79
2021-08-19,1,0.7,0.6891648543421504,0.69
2021-08-26,1,0.76,0.7776405104622293,0.78
2021-09-02,1,0.7999999999999999,0.7507637153654101,0.7499999999999999
2021-09-09,1,0.8200000000000001,0.7697932523265278,0.7699999999999999
2021-09-16,1,0.8300000000000001,0.7881742782084883,0.79
2021-09-23,1,0.8799999999999999,0.8501430107522158,0.8500000000000001
2021-09-30,1,0.96,0.9812798651110126,0.98
2021-10-07,1,0.94,0.9309360131618464,0.93
2021-10-14,1,0.8200000000000001,0.8102629577643415,0.81
2021-10-21,1,0.7799999999999999,0.8223191214122473,0.82
2021-10-28,1,0.6399999999999999,0.6652549488057109,0.6599999999999999
2021-11-04,1,0.67,0.6590638012957217,0.6599999999999999
2021-11-11,1,0.69,0.6809055696989661,0.6799999999999999
2021-11-18,1,0.69,0.7071050590632173,0.71
2021-11-25,1,0.66,0.7212113540363669,0.72
2021-12-02,1,0.4399999999999999,0.5275718791027223,0.53
2021-12-09,1,0.5,0.49824329085809826,0.5
2021-12-16,1,0.41,0.4512307672303976,0.45
2021-12-23,1,0.48,0.4570007199480156,0.4599999999999999
2021-12-30,1,0.47,0.46996898652363545,0.47
2022-01-06,1,0.6499999999999999,0.6308454715676302,0.6299999999999999
2022-01-13,1,0.6100000000000001,0.5918406321003052,0.5899999999999999
2022-01-20,1,0.54,0.561215971114707,0.56
2022-01-27,1,0.51,0.5101538480469444,0.51
2022-02-03,1,0.49,0.498292815482222,0.5
2022-02-10,1,0.3900000000000001,0.44789578721375106,0.4499999999999999
2022-02-17,1,0.3899999999999999,0.39932972547529255,0.3999999999999999
2022-02-24,1,0.3699999999999999,0.39996066072841147,0.3999999999999999
2022-03-03,1,0.28,0.30015782563941307,0.3
2022-03-10,1,0.3400000000000001,0.3794121026524238,0.3799999999999999
2022-03-17,1,0.3,0.298681684500855,0.3
2022-03-24,1,0.2000000000000001,0.2599067962232237,0.2600000000000002
2022-03-31,1,0.1,0.1300418470114748,0.1299999999999999
2022-04-07,1,0.1999999999999997,0.2167445864566107,0.2200000000000002
2022-04-14,1,0.3399999999999998,0.3350276438080336,0.3399999999999998
2022-04-21,1,0.2200000000000002,0.2460201398500756,0.25
2022-04-28,1,0.25,0.2685594282634846,0.27
2022-05-05,1,0.4199999999999999,0.33349683558227067,0.3399999999999998
2022-05-12,1,0.29,0.27728359579009865,0.2799999999999998
2022-05-19,1,0.1899999999999999,0.18024111537249704,0.1799999999999997
2022-05-26,1,0.2299999999999999,0.24967650286636095,0.25
2022-06-02,1,0.1599999999999997,0.15912989973152872,0.1600000000000001
2022-06-09,1,0.1,0.16190942313941228,0.1600000000000001
2022-06-16,1,0.1699999999999999,0.1670108086120996,0.1699999999999999
2022-06-23,1,0.1999999999999997,0.18921595579238967,0.1899999999999999
2022-06-30,1,0.1299999999999999,0.12912480853696406,0.1299999999999999
2022-07-07,1,0.02,0.029879568122042274,0.0300000000000002
2022-07-14,1,-0.1300000000000003,-0.12874912068000924,-0.1299999999999999
2022-07-21,1,-0.2299999999999999,-0.2308786583869604,-0.2299999999999999
2022-07-28,1,-0.3500000000000001,-0.3090539513373603,-0.31
2022-08-04,1,-0.5099999999999998,-0.4810352966481671,-0.48
2022-08-11,1,-0.5,-0.4712747081001898,-0.4700000000000002
2022-08-18,1,-0.48,-0.5416236183007703,-0.54
2022-08-25,1,-0.52,-0.48885530095852964,-0.4900000000000002
2022-09-01,1,-0.48,-0.4827726975307515,-0.48
2022-09-08,1,-0.48,-0.47097910284634975,-0.4700000000000002
2022-09-15,1,-0.6499999999999999,-0.6648430074221852,-0.6599999999999997
2022-09-22,1,-0.7000000000000002,-0.669757010168684,-0.6699999999999999
2022-09-29,1,-0.6299999999999999,-0.6382803064418286,-0.6299999999999999
2022-10-06,1,-0.6699999999999999,-0.673001794523543,-0.6700000000000004
2022-10-13,1,-0.6699999999999995,-0.700805794205532,-0.7000000000000002
2022-10-20,1,-0.56,-0.6197550289254448,-0.6200000000000001
2022-10-27,1,-0.6099999999999999,-0.6329462809564194,-0.6299999999999999
2022-11-03,1,-0.6200000000000001,-0.6407066897425202,-0.6399999999999997
2022-11-10,1,-0.69,-0.6898672636104157,-0.69
2022-11-17,1,-0.8500000000000001,-0.8322317542713155,-0.8300000000000001
2022-11-24,1,-0.9699999999999998,-0.9607623700792148,-0.96
2022-12-01,1,-0.9899999999999998,-0.9609343747042544,-0.96
2022-12-08,1,-0.98,-1.0125826796459803,-1.0100000000000002
2022-12-15,1,-0.8500000000000001,-0.9007961304481821,-0.9000000000000004
2022-12-22,1,-0.7600000000000002,-0.7440425185762893,-0.7399999999999998
2022-12-29,1,-0.7599999999999998,-0.7391193980124552,-0.7399999999999998
2023-01-05,1,-0.8800000000000003,-0.8623337899551742,-0.8600000000000003
2023-01-12,1,-0.7799999999999998,-0.900713126726923,-0.8999999999999999
2023-01-19,1,-0.75,-0.763634584047921,-0.7599999999999998
2023-01-26,1,-0.79,-0.7714240966621038,-0.77
2023-02-02,1,-0.8799999999999999,-0.8314904038400913,-0.8300000000000001
2023-02-09,1,-0.94,-0.9216326565971522,-0.92
2023-02-16,1,-0.8600000000000003,-0.8507428515260265,-0.8499999999999996
2023-02-23,1,-0.8900000000000001,-0.8803314596061094,-0.8800000000000003
2023-03-02,1,-0.8799999999999999,-0.8204711594858474,-0.8199999999999998
2023-03-09,1,-0.98,-0.9804818609617493,-0.9800000000000004
2023-03-16,1,-0.77,-0.8349783021676399,-0.8300000000000001
2023-03-23,1,-0.6799999999999997,-0.6857274120859842,-0.69
2023-03-30,1,-0.8400000000000003,-0.8299864571959606,-0.8299999999999996
2023-04-06,1,-0.8199999999999998,-0.8222609880654226,-0.8199999999999998
2023-04-13,1,-0.7800000000000002,-0.8498011718662571,-0.8500000000000001
2023-04-20,1,-0.7999999999999998,-0.8207296066306449,-0.8199999999999998
2023-04-27,1,-0.81,-0.784555932914527,-0.7799999999999998
2023-05-04,1,-0.8000000000000003,-0.7640575639622394,-0.7599999999999998
2023-05-11,1,-0.8599999999999999,-0.8281890106833187,-0.8300000000000001
2023-05-18,1,-0.8800000000000003,-0.9030424295706209,-0.8999999999999999
2023-05-25,1,-0.9699999999999998,-0.9304295069912757,-0.9300000000000006
2023-06-01,1,-1.06,-1.0399098731685994,-1.04
2023-06-08,1,-1.1100000000000003,-1.1338935871683908,-1.1300000000000003
2023-06-15,1,-1.2099999999999995,-1.1585052408763772,-1.16
2023-06-22,1,-1.3000000000000005,-1.292408574528777,-1.29
2023-06-29,1,-1.3200000000000005,-1.3022511584558998,-1.3000000000000005
2023-07-06,1,-1.23,-1.2620073915721362,-1.2599999999999998
2023-07-13,1,-1.2699999999999996,-1.228235175597418,-1.2300000000000004
2023-07-20,1,-1.17,-1.142920247612076,-1.14
2023-07-27,1,-1.17,-1.161056253711514,-1.1599999999999997
2023-08-03,1,-1.0200000000000005,-1.0110632380714641,-1.0099999999999998
2023-08-10,1,-1.02,-1.0446073256518986,-1.04
2023-08-17,1,-1.0499999999999998,-0.9999633487499846,-1.0000000000000004
2023-08-24,1,-1.08,-1.0705218637996377,-1.0699999999999998
2023-08-31,1,-0.9899999999999998,-1.0802483199083064,-1.0799999999999996
2023-09-07,1,-0.9900000000000002,-0.9698039264493069,-0.9700000000000002
2023-09-14,1,-0.9900000000000002,-1.0022646128393244,-1.0000000000000004
2023-09-21,1,-1.0099999999999998,-1.0007195340294908,-1.0
2023-09-28,1,-0.8399999999999999,-0.8548479362000684,-0.8500000000000005
2023-10-05,1,-0.6999999999999993,-0.6604433087730491,-0.6600000000000001
2023-10-12,1,-0.8799999999999994,-0.7871051109410744,-0.7800000000000002
2023-10-19,1,-0.71,-0.7035115080065778,-0.7000000000000002
2023-10-26,1,-0.6099999999999999,-0.6377779287200812,-0.6399999999999997
2023-11-02,1,-0.6399999999999997,-0.696647293303227,-0.6999999999999997
2023-11-09,1,-0.7299999999999995,-0.72382741813563,-0.7200000000000002
2023-11-16,1,-0.7899999999999996,-0.7651449061213388,-0.7600000000000002
2023-11-23,1,-0.73,-0.7237202201806768,-0.7199999999999998
2023-11-30,1,-0.6400000000000001,-0.6400350808215927,-0.6400000000000001
2023-12-07,1,-0.7800000000000002,-0.7509461479191004,-0.75
2023-12-14,1,-0.8300000000000001,-0.7624065720605493,-0.77
2023-12-21,1,-0.7800000000000002,-0.8311062841288511,-0.8300000000000001
2023-12-28,1,-0.7799999999999998,-0.8129770915847814,-0.81
2024-01-04,1,-0.7999999999999998,-0.8120342437768772,-0.81
2024-01-11,1,-0.5699999999999998,-0.7407209658658603,-0.7400000000000002
2024-01-18,1,-0.5899999999999999,-0.5634970536679916,-0.5599999999999996
2024-01-25,1,-0.5399999999999996,-0.5294055334416391,-0.5299999999999998
2024-02-01,1,-0.6799999999999997,-0.6778849574261795,-0.6800000000000002
2024-02-08,1,-0.6600000000000001,-0.6344099003225828,-0.6300000000000003
2024-02-15,1,-0.71,-0.6965783817239393,-0.7000000000000002
2024-02-22,1,-0.71,-0.6924494209983515,-0.69
2024-02-29,1,-0.6699999999999995,-0.6999336795890755,-0.6999999999999997
2024-03-07,1,-0.7000000000000002,-0.7339133125541841,-0.73
2024-03-14,1,-0.71,-0.7006824382753912,-0.6999999999999997
2024-03-21,1,-0.6599999999999997,-0.6429242818201877,-0.6400000000000006
2024-03-28,1,-0.7199999999999998,-0.7211912721766512,-0.7199999999999998
2024-04-04,1,-0.6299999999999999,-0.6514540947299142,-0.6500000000000004
2024-04-11,1,-0.5299999999999998,-0.5259434806713041,-0.52
2024-04-18,1,-0.5100000000000002,-0.49404518140644094,-0.4900000000000002
2024-04-25,1,-0.5100000000000002,-0.4906582339125809,-0.4899999999999997
2024-05-02,1,-0.5100000000000002,-0.5188759618864064,-0.52
2024-05-09,1,-0.6000000000000001,-0.5783905255135727,-0.5800000000000001
2024-05-16,1,-0.6100000000000003,-0.6297604611388287,-0.6300000000000003
2024-05-23,1,-0.6400000000000001,-0.5933414448060006,-0.5899999999999999
2024-05-30,1,-0.5499999999999998,-0.5590088107155967,-0.5599999999999996
2024-06-06,1,-0.5300000000000002,-0.5381729455839988,-0.54
2024-06-13,1,-0.5500000000000003,-0.5415470484278987,-0.54
2024-06-20,1,-0.56,-0.5618750469712239,-0.56
2024-06-27,1,-0.4900000000000002,-0.5495076988150926,-0.5499999999999994
2024-07-04,1,-0.4399999999999999,-0.44064958194014736,-0.4399999999999999
2024-07-11,1,-0.4199999999999999,-0.42101040007886537,-0.4199999999999999
2024-07-18,1,-0.33,-0.336862294124488,-0.33
2024-07-25,1,-0.2800000000000002,-0.2583539187731851,-0.2599999999999998
2024-08-01,1,-0.1800000000000001,-0.2508419220973277,-0.25
2024-08-08,1,-0.2200000000000002,-0.16984172396399508,-0.1699999999999999
2024-08-15,1,-0.25,-0.24285712796302877,-0.2400000000000002
2024-08-22,1,-0.2000000000000001,-0.23166936512925176,-0.2299999999999999
2024-08-29,1,-0.1699999999999999,-0.18198732238266604,-0.1800000000000001
2024-09-05,1,-0.0899999999999998,-0.15991565941814814,-0.1599999999999997
2024-09-12,1,-0.04,-0.09268397110435787,-0.0899999999999998
2024-09-19,1,0.02,0.02977677704817082,0.0300000000000002
2024-09-26,1,0.04,0.04003301803109426,0.0399999999999995
2024-10-03,1,-0.02,0.03903231783449958,0.04
2024-10-10,1,0.1400000000000001,0.040341174219969085,0.04
2024-10-17,1,0.1599999999999997,0.13846218015121317,0.1400000000000001
2024-10-24,1,0.1699999999999999,0.15855328824978826,0.1600000000000001
2024-10-31,1,0.1899999999999999,0.14978683157568884,0.1500000000000003
2024-11-07,1,0.1,0.1536389334975934,0.1500000000000003
2024-11-14,1,0.1200000000000001,0.1025681914215155,0.0999999999999996
2024-11-21,1,0.0699999999999998,0.06911029632030113,0.0699999999999998
2024-11-28,1,0.0499999999999998,0.04139174575654274,0.04
2024-12-05,1,0.0899999999999998,0.04356734024309952,0.04
2024-12-12,1,0.1600000000000001,0.1566021617379288,0.1600000000000001
2024-12-19,1,0.2200000000000002,0.2539524445622497,0.2599999999999998
2024-12-26,1,0.2999999999999998,0.25752688359915116,0.2600000000000002
2025-01-02,1,0.2999999999999998,0.28948817540036215,0.29
2025-01-09,1,0.3700000000000001,0.3998387782943302,0.3999999999999999
2025-01-16,1,0.3699999999999996,0.39290417300368324,0.3899999999999997
2025-01-23,1,0.3699999999999996,0.3684035946503844,0.3699999999999996
2025-01-30,1,0.4099999999999997,0.3828787923917616,0.3799999999999999
2025-02-06,1,0.3799999999999999,0.36883855968731655,0.3700000000000001
2025-02-13,1,0.3699999999999996,0.3702986080214728,0.3700000000000001
2025-02-20,1,0.3700000000000001,0.39966244960515085,0.4000000000000003
2025-02-27,1,0.33,0.33713317490245825,0.3400000000000003
2025-03-06,1,0.4399999999999999,0.4357747834041401,0.4399999999999999
2025-03-13,1,0.4900000000000002,0.4783698890230265,0.48
2025-03-20,1,0.4900000000000002,0.47078451239876146,0.4700000000000002
2025-03-27,1,0.5299999999999998,0.5371851569059417,0.54
2025-04-03,1,0.52,0.5386570484122475,0.54
2025-04-10,1,0.5799999999999996,0.5907163072369149,0.6000000000000001
2025-04-17,1,0.6099999999999999,0.6083432667562924,0.6099999999999999
2025-04-24,1,0.5800000000000001,0.5838966416136065,0.5900000000000003
2025-05-01,1,0.6400000000000001,0.599643156355413,0.6000000000000001
2025-05-08,1,0.6299999999999999,0.6188150072620142,0.6200000000000001
2025-05-15,1,0.6400000000000001,0.6315793306875419,0.6300000000000003
2025-05-22,1,0.6499999999999999,0.660934277964477,0.6599999999999997
2025-05-29,1,0.6100000000000003,0.6110120301156493,0.6099999999999999
2025-06-05,1,0.6499999999999999,0.6287236553273987,0.6299999999999999
2025-06-12,1,0.6600000000000001,0.6489175271905094,0.6499999999999999
2025-06-19,1,0.6599999999999997,0.6493884334332689,0.6499999999999999
2025-06-26,1,0.71,0.7071818086559015,0.71
2025-07-03,1,0.6800000000000002,0.6885382875164284,0.69
2025-07-10,1,0.7599999999999998,0.707921779962476,0.71
2025-07-17,1,0.75,0.7606341356848724,0.7599999999999998
2025-07-24,1,0.71,0.7217195922264308,0.7199999999999998
2025-07-31,1,0.69,0.6886635669811026,0.6900000000000004
2025-08-07,1,0.7199999999999998,0.6998322723779324,0.7000000000000002
2025-08-14,1,0.7399999999999998,0.719665466810191,0.7200000000000002
2025-08-21,1,0.7400000000000002,0.7491949270477691,0.75
2025-08-28,1,0.7399999999999998,0.7302387448114255,0.73
2025-09-04,1,0.73,0.7318511591926959,0.73
2025-09-11,1,0.6800000000000002,0.6610229032496991,0.6600000000000001
2025-09-18,1,0.7400000000000002,0.7070075344728234,0.71
2025-09-25,1,0.73,0.7301319548679401,0.73
2025-10-02,1,0.7399999999999998,0.7325100240023754,0.73
2025-10-09,1,0.71,0.7288586615625323,0.73
2025-10-16,1,0.7199999999999998,0.699288999639469,0.7000000000000002
2025-10-23,1,0.71,0.7008933827216628,0.6999999999999997
2025-10-30,1,0.7200000000000002,0.7090200440852746,0.71
2025-11-06,1,0.73,0.7104037421938516,0.71
2025-11-13,1,0.7400000000000002,0.7092366757246307,0.71
2025-11-20,1,0.7600000000000002,0.7501534802492228,0.75
2025-11-27,1,0.73,0.720197562148588,0.7200000000000002
2025-12-04,1,0.7799999999999998,0.7985812379257565,0.7999999999999998
2025-12-11,1,0.8199999999999998,0.8013995219145656,0.7999999999999998
2025-12-18,1,0.8600000000000003,0.80988626826747,0.81
2025-12-25,1,0.8300000000000001,0.8290430714402585,0.8300000000000001
2026-01-01,1,0.8600000000000003,0.8398352903825812,0.8399999999999999
2026-01-08,1,0.8300000000000001,0.8293112816494688,0.8300000000000001
2026-01-15,1,0.8300000000000001,0.8188111144182889,0.8200000000000003
2026-01-22,1,0.81,0.8370487100949741,0.8399999999999999
2026-01-29,1,0.8599999999999999,0.8401112887468724,0.8400000000000003
2026-02-05,1,0.8500000000000001,0.8499206815068081,0.8500000000000001
2026-02-12,1,0.7799999999999998,0.7905400121183219,0.7899999999999996
2026-02-19,1,0.7800000000000002,0.7802361605750437,0.7800000000000002
2026-02-26,1,0.7399999999999998,0.7416816786435889,0.7399999999999998
2026-03-05,1,0.77,0.7585472248301043,0.7599999999999998
2026-03-12,1,0.7199999999999998,0.6998744575707385,0.7000000000000002
2026-03-19,1,0.4900000000000002,0.5996553323200484,0.6000000000000001
2026-03-26,1,0.6299999999999999,0.5873639681708315,0.5899999999999999
2026-04-02,1,0.6700000000000004,0.6694230492110496,0.6700000000000004
2026-04-09,1,0.6900000000000004,0.6720152809884041,0.6699999999999999
2026-04-16,1,0.6699999999999999,0.6981112462750928,0.7000000000000002
2026-04-23,1,0.6400000000000001,0.6313866855279502,0.6299999999999999
2026-04-30,1,0.5899999999999999,0.5963256379247461,0.6000000000000001
2026-05-07,1,0.6100000000000003,0.5910210914965494,0.5899999999999999
2026-05-14,1,0.6300000000000003,0.6009702986459106,0.6000000000000001
2026-05-21,1,0.6099999999999999,0.6319270687629366,0.6299999999999999
2026-05-28,1,0.6400000000000001,0.597565968751375,0.6000000000000001
2012-01-19,5,1.01,0.9670906506928398,0.98
2012-01-26,5,0.95,1.0026078409871744,1.01
2012-02-02,5,0.9999999999999998,0.9398971286430741,0.95
2012-02-09,5,0.9599999999999996,0.9854932925471306,0.9999999999999998
2012-02-16,5,0.9599999999999996,0.947967272567853,0.9599999999999996
2012-02-23,5,0.8999999999999999,0.9489461579243488,0.9599999999999996
2012-03-01,5,0.8399999999999999,0.8931953272160464,0.8999999999999999
2012-03-08,5,0.94,0.8316836466852585,0.8399999999999999
2012-03-15,5,0.9600000000000002,0.91475473891123,0.94
2012-03-22,5,0.9000000000000001,0.9511773306500152,0.9600000000000002
2012-03-29,5,0.8799999999999999,0.890882902164164,0.9000000000000001
2012-04-05,5,0.8199999999999998,0.873212251824549,0.8799999999999999
2012-04-12,5,0.71,0.8081503349550728,0.8199999999999998
2012-04-19,5,0.6799999999999997,0.7068840108098997,0.71
2012-04-26,5,0.7,0.6688624378201925,0.6799999999999997
2012-05-03,5,0.75,0.6791842933263149,0.7
2012-05-10,5,0.6599999999999999,0.7388423328295427,0.75
2012-05-17,5,0.7200000000000002,0.6427572451962632,0.6599999999999999
2012-05-24,5,0.6799999999999999,0.700613150813235,0.7200000000000002
2012-05-31,5,0.76,0.6696028118652136,0.6799999999999999
2012-06-07,5,0.75,0.7523779482516476,0.76
2012-06-14,5,0.7,0.7398645748400705,0.75
2012-06-21,5,0.72,0.6942224903480323,0.7
2012-06-28,5,0.7,0.7080422676737462,0.72
2012-07-05,5,0.6599999999999999,0.6891090884012563,0.7
2012-07-12,5,0.6699999999999999,0.649881571550907,0.6599999999999999
2012-07-19,5,0.6299999999999999,0.6562914705417113,0.6699999999999999
2012-07-26,5,0.6099999999999999,0.6195375884320129,0.6299999999999999
2012-08-02,5,0.6500000000000001,0.5986847377149654,0.6099999999999999
2012-08-09,5,0.72,0.6394598864386972,0.6500000000000001
2012-08-16,5,0.6900000000000002,0.7059202579069974,0.72
2012-08-23,5,0.6400000000000001,0.6814685544051524,0.6900000000000002
2012-08-30,5,0.6800000000000002,0.6290860574673997,0.6400000000000001
2012-09-06,5,0.71,0.6622060464750492,0.6800000000000002
2012-09-13,5,0.7100000000000002,0.6945944469789948,0.71
2012-09-20,5,0.6499999999999999,0.7025550785469825,0.7100000000000002
2012-09-27,5,0.6699999999999999,0.6407406904047002,0.6499999999999999
2012-10-04,5,0.6600000000000001,0.6583603333151319,0.6699999999999999
2012-10-11,5,0.7699999999999998,0.6497135673471406,0.6600000000000001
2012-10-18,5,0.75,0.75046916486941,0.7699999999999998
2012-10-25,5,0.71,0.7373735517023724,0.75
2012-11-01,5,0.6499999999999999,0.6976254173449531,0.71
2012-11-08,5,0.6499999999999999,0.6427902146999426,0.6499999999999999
2012-11-15,5,0.6599999999999999,0.6367188936304138,0.6499999999999999
2012-11-22,5,0.6199999999999999,0.6481352118145856,0.6599999999999999
2012-11-29,5,0.6499999999999999,0.6122017807868322,0.6199999999999999
2012-12-06,5,0.6799999999999999,0.6361261984174034,0.6499999999999999
2012-12-13,5,0.7100000000000002,0.6695473163214708,0.6799999999999999
2012-12-20,5,0.6500000000000001,0.697358787294252,0.7100000000000002
2012-12-27,5,0.73,0.6427135201698839,0.6500000000000001
2013-01-03,5,0.77,0.7142309805168704,0.73
2013-01-10,5,0.75,0.7571764157709957,0.77
2013-01-17,5,0.7699999999999998,0.7384110064629879,0.75
2013-01-24,5,0.8300000000000001,0.7561698107946955,0.7699999999999998
2013-01-31,5,0.8400000000000001,0.8210937461741593,0.8300000000000001
2013-02-07,5,0.8700000000000001,0.8299036032371395,0.8400000000000001
2013-02-14,5,0.8699999999999999,0.8624083013262059,0.8700000000000001
2013-02-21,5,0.8800000000000001,0.8629731672517845,0.8699999999999999
2013-02-28,5,0.92,0.8675684581259436,0.8800000000000001
2013-03-07,5,0.95,0.9059193785784411,0.92
2013-03-14,5,0.8400000000000001,0.9414310011651892,0.95
2013-03-21,5,0.76,0.834022892330238,0.8400000000000001
2013-03-28,5,0.8,0.7568820256830612,0.76
2013-04-04,5,0.8,0.7854154998575078,0.8
2013-04-11,5,0.76,0.7867092684075352,0.8
2013-04-18,5,0.79,0.7546212604646036,0.76
2013-04-25,5,0.7599999999999999,0.7794543121499757,0.79
2013-05-02,5,0.8300000000000001,0.7513612518869174,0.7599999999999999
2013-05-09,5,0.8699999999999999,0.8212669859954875,0.8300000000000001
2013-05-16,5,0.92,0.8649400703456249,0.8699999999999999
2013-05-23,5,0.9899999999999998,0.9104006972937031,0.92
2013-05-30,5,0.99,0.9806700361460694,0.9899999999999998
2013-06-06,5,1.02,0.9807951886389686,0.99
2013-06-13,5,1.14,1.0136656954161491,1.02
2013-06-20,5,1.22,1.125289504471447,1.14
2013-06-27,5,1.2300000000000002,1.2143081191655056,1.22
2013-07-04,5,1.31,1.2222759189005792,1.2300000000000002
2013-07-11,5,1.3099999999999998,1.2999246824755437,1.31
2013-07-18,5,1.31,1.302349818130598,1.3099999999999998
2013-07-25,5,1.36,1.3028393651782764,1.31
2013-08-01,5,1.3500000000000003,1.3538254298086396,1.36
2013-08-08,5,1.4700000000000002,1.3451740794787095,1.3500000000000003
2013-08-15,5,1.5400000000000005,1.4616455167704967,1.4700000000000002
2013-08-22,5,1.41,1.5351892575579325,1.5400000000000005
2013-08-29,5,1.5099999999999998,1.4109581614988007,1.41
2013-09-05,5,1.4999999999999998,1.5064975865002876,1.5099999999999998
2013-09-12,5,1.4800000000000002,1.4951713834770397,1.4999999999999998
2013-09-19,5,1.36,1.4724013208825433,1.4800000000000002
2013-09-26,5,1.36,1.3613160466534968,1.36
2013-10-03,5,1.38,1.3542568304877087,1.36
2013-10-10,5,1.38,1.3778474421670008,1.38
2013-10-17,5,1.3299999999999998,1.3743864503246206,1.38
2013-10-24,5,1.3199999999999998,1.321505651526293,1.3299999999999998
2013-10-31,5,1.42,1.3159494543827996,1.3199999999999998
2013-11-07,5,1.46,1.4120008525305945,1.42
2013-11-14,5,1.5499999999999998,1.4544712818187837,1.46
2013-11-21,5,1.45,1.5367840071218577,1.5499999999999998
2013-11-28,5,1.59,1.4469938776803906,1.45
2013-12-05,5,1.56,1.577470314285916,1.59
2013-12-12,5,1.5600000000000005,1.55976500420475,1.56
2013-12-19,5,1.5900000000000003,1.5572046587136856,1.5600000000000005
2013-12-26,5,1.6100000000000003,1.5874223988957776,1.5900000000000003
2014-01-02,5,1.58,1.6086095980641533,1.6100000000000003
2014-01-09,5,1.48,1.5754106555927487,1.58
2014-01-16,5,1.4400000000000002,1.4800551531412487,1.48
2014-01-23,5,1.4,1.4346959512115494,1.4400000000000002
2014-01-30,5,1.4500000000000002,1.400940521402206,1.4
2014-02-06,5,1.4300000000000002,1.443132249444281,1.4500000000000002
2014-02-13,5,1.44,1.4252013321726882,1.4300000000000002
2014-02-20,5,1.4200000000000002,1.4367758597373905,1.44
2014-02-27,5,1.45,1.412363961814782,1.4200000000000002
2014-03-06,5,1.37,1.4488066061268297,1.45
2014-03-13,5,1.43,1.3694133446051877,1.37
2014-03-20,5,1.37,1.4302601658049414,1.43
2014-03-27,5,1.44,1.3683893289990727,1.37
2014-04-03,5,1.38,1.4349841351093564,1.44
2014-04-10,5,1.38,1.3728711003346201,1.38
2014-04-17,5,1.35,1.3789558208864894,1.38
2014-04-24,5,1.3099999999999998,1.3486465425371623,1.35
2014-05-01,5,1.3,1.3084039350321952,1.3099999999999998
2014-05-08,5,1.2299999999999998,1.295935869215767,1.3
2014-05-15,5,1.2699999999999998,1.2292384957587512,1.2299999999999998
2014-05-22,5,1.2,1.264684712085473,1.2699999999999998
2014-05-29,5,1.27,1.2020983375074987,1.2
2014-06-05,5,1.2299999999999998,1.2599993050240232,1.27
2014-06-12,5,1.2,1.2256118244199588,1.2299999999999998
2014-06-19,5,1.13,1.1960869346249958,1.2
2014-06-26,5,1.19,1.1261070067888694,1.13
2014-07-03,5,1.11,1.1811323400835134,1.19
2014-07-10,5,1.07,1.1126485164782227,1.11
2014-07-17,5,1.06,1.0648626812051134,1.07
2014-07-24,5,1.06,1.0576984943407377,1.06
2014-07-31,5,0.9999999999999998,1.0530072747131327,1.06
2014-08-07,5,0.9899999999999998,0.9983030787845705,0.9999999999999998
2014-08-14,5,0.99,0.9870222968020005,0.9899999999999998
2014-08-21,5,0.8999999999999999,0.986089027501115,0.99
2014-08-28,5,1.0,0.9011793443747497,0.8999999999999999
2014-09-04,5,1.0600000000000005,0.987021789986041,1.0
2014-09-11,5,1.11,1.0523832127430945,1.0600000000000005
2014-09-18,5,1.0299999999999998,1.103518295342824,1.11
2014-09-25,5,1.0,1.0270564536303555,1.0299999999999998
2014-10-02,5,0.9699999999999998,0.997245674494583,1.0
2014-10-09,5,1.0099999999999998,0.9637310833948137,0.9699999999999998
2014-10-16,5,1.0,0.9952207172217454,1.0099999999999998
2014-10-23,5,1.0099999999999998,0.9974304555890446,1.0
2014-10-30,5,1.06,1.006651356797355,1.0099999999999998
2014-11-06,5,1.03,1.054812803937545,1.06
2014-11-13,5,1.01,1.0225025584940757,1.03
2014-11-20,5,0.91,1.0052250833730525,1.01
2014-11-27,5,0.8999999999999999,0.9064142064616557,0.91
2014-12-04,5,0.81,0.8989047287720482,0.8999999999999999
2014-12-11,5,0.8400000000000001,0.810080824700074,0.81
2014-12-18,5,0.8399999999999999,0.8357509322986418,0.8400000000000001
2014-12-25,5,0.78,0.833904496197234,0.8399999999999999
2015-01-01,5,0.73,0.775496460245072,0.78
2015-01-08,5,0.6699999999999999,0.7238076827831502,0.73
2015-01-15,5,0.8699999999999999,0.6591445517439116,0.6699999999999999
2015-01-22,5,0.9200000000000002,0.8255822772424847,0.8699999999999999
2015-01-29,5,0.9200000000000002,0.9127037319888173,0.9200000000000002
2015-02-05,5,0.97,0.9121796528157671,0.9200000000000002
2015-02-12,5,1.03,0.9626401382322544,0.97
2015-02-19,5,0.8600000000000001,1.022701648328282,1.03
2015-02-26,5,0.9,0.8669398941393486,0.8600000000000001
2015-03-05,5,0.92,0.8983689838376221,0.9
2015-03-12,5,0.8400000000000001,0.9169503712705356,0.92
2015-03-19,5,0.85,0.8375710450414665,0.8400000000000001
2015-03-26,5,0.8200000000000001,0.8497017714155239,0.85
2015-04-02,5,0.8600000000000001,0.8155171280995634,0.8200000000000001
2015-04-09,5,0.7900000000000001,0.8540869821814087,0.8600000000000001
2015-04-16,5,0.82,0.7920218794542044,0.7900000000000001
2015-04-23,5,0.91,0.8150347718264151,0.82
2015-04-30,5,1.06,0.8995482950024192,0.91
2015-05-07,5,1.13,1.0451482067833242,1.06
2015-05-14,5,1.08,1.1212661934900559,1.13
2015-05-21,5,1.04,1.0762723159026795,1.08
2015-05-28,5,1.16,1.0349087480280035,1.04
2015-06-04,5,1.15,1.1505068538766914,1.16
2015-06-11,5,1.17,1.147779056573561,1.15
2015-06-18,5,1.2000000000000002,1.1642292223956032,1.17
2015-06-25,5,1.26,1.1925933482156426,1.2000000000000002
2015-07-02,5,1.13,1.2526224709209957,1.26
2015-07-09,5,1.15,1.1283452081064655,1.13
2015-07-16,5,1.08,1.1440466449301123,1.15
2015-07-23,5,1.04,1.0863750588909669,1.08
2015-07-30,5,1.0,1.038217665973819,1.04
2015-08-06,5,0.99,0.9984216866974287,1.0
2015-08-13,5,0.94,0.9841429731885288,0.99
2015-08-20,5,1.0499999999999998,0.9370838752735825,0.94
2015-08-27,5,1.03,1.0387468936715543,1.0499999999999998
2015-09-03,5,1.03,1.02458141134684,1.03
2015-09-10,5,1.05,1.0259125048667141,1.03
2015-09-17,5,0.95,1.0458387455798797,1.05
2015-09-24,5,0.91,0.9503217803091332,0.95
2015-10-01,5,0.96,0.9109033115688143,0.91
2015-10-08,5,0.91,0.9528142078941286,0.96
2015-10-15,5,0.93,0.9080377310712479,0.91
2015-10-22,5,0.98,0.9271041819488153,0.93
2015-10-29,5,1.02,0.9767246843632537,0.98
2015-11-05,5,1.0499999999999998,1.015246528643829,1.02
2015-11-12,5,1.0,1.0453578039525664,1.0499999999999998
2015-11-19,5,0.95,1.000549336533206,1.0
2015-11-26,5,0.97,0.9508208180743163,0.95
2015-12-03,5,0.94,0.9649345833782724,0.97
2015-12-10,5,0.91,0.9339744016505878,0.94
2015-12-17,5,0.8800000000000001,0.9100364041801773,0.91
2015-12-24,5,0.91,0.8750488420849087,0.8800000000000001
2015-12-31,5,0.91,0.9033811840343972,0.91
2016-01-07,5,0.91,0.9039068455130778,0.91
2016-01-14,5,0.81,0.9036756174944356,0.91
2016-01-21,5,0.81,0.8177838428020454,0.81
2016-01-28,5,0.7699999999999999,0.8084437407426205,0.81
2016-02-04,5,0.64,0.7640481173741708,0.7699999999999999
2016-02-11,5,0.6800000000000002,0.642116032342591,0.64
2016-02-18,5,0.6399999999999999,0.6766529198346105,0.6800000000000002
2016-02-25,5,0.71,0.6388304035910035,0.6399999999999999
2016-03-03,5,0.74,0.7039921034719465,0.71
2016-03-10,5,0.76,0.733624932394702,0.74
2016-03-17,5,0.71,0.7535007363666598,0.76
2016-03-24,5,0.69,0.7101174992886654,0.71
2016-03-31,5,0.6299999999999999,0.6850446254651201,0.69
2016-04-07,5,0.6900000000000001,0.6285399821867659,0.6299999999999999
2016-04-14,5,0.83,0.6861541048561959,0.6900000000000001
2016-04-21,5,0.8099999999999999,0.8172213464275455,0.83
2016-04-28,5,0.7800000000000001,0.8088526932269074,0.8099999999999999
2016-05-05,5,0.76,0.7733236713079173,0.7800000000000001
2016-05-12,5,0.7200000000000001,0.7582184489371824,0.76
2016-05-19,5,0.7100000000000001,0.7176941158737198,0.7200000000000001
2016-05-26,5,0.68,0.7072260557042488,0.7100000000000001
2016-06-02,5,0.6699999999999999,0.674458515986443,0.68
2016-06-09,5,0.5900000000000001,0.6666264987509143,0.6699999999999999
2016-06-16,5,0.68,0.5879471616457353,0.5900000000000001
2016-06-23,5,0.54,0.6743107453094954,0.68
2016-06-30,5,0.51,0.5406437240440924,0.54
2016-07-07,5,0.51,0.5043242118225184,0.51
2016-07-14,5,0.5300000000000001,0.5079218426150549,0.51
2016-07-21,5,0.4800000000000001,0.5248834008043864,0.5300000000000001
2016-07-28,5,0.51,0.47863711367146955,0.4800000000000001
2016-08-04,5,0.5,0.5048098010684917,0.51
2016-08-11,5,0.4700000000000001,0.4972729495977177,0.5
2016-08-18,5,0.4800000000000001,0.46827922138445305,0.4700000000000001
2016-08-25,5,0.4399999999999999,0.47728166787718745,0.4800000000000001
2016-09-01,5,0.5200000000000001,0.4355799041060217,0.4399999999999999
2016-09-08,5,0.63,0.5099310857970183,0.5200000000000001
2016-09-15,5,0.5300000000000001,0.6233999116786925,0.63
2016-09-22,5,0.4599999999999999,0.5293546124304749,0.5300000000000001
2016-09-29,5,0.57,0.4570189826583263,0.4599999999999999
2016-10-06,5,0.58,0.5635708589339926,0.57
2016-10-13,5,0.6199999999999999,0.576611547598228,0.58
2016-10-20,5,0.65,0.6126018227516546,0.6199999999999999
2016-10-27,5,0.6599999999999999,0.645988127889034,0.65
2016-11-03,5,0.8099999999999999,0.6550176751415757,0.6599999999999999
2016-11-10,5,0.88,0.8005506208905084,0.8099999999999999
2016-11-17,5,0.91,0.8751888366295251,0.88
2016-11-24,5,0.91,0.9071842221635028,0.91
2016-12-01,5,0.93,0.9092573295706672,0.91
2016-12-08,5,1.02,0.9260804155328014,0.93
2016-12-15,5,0.99,1.018190598529191,1.02
2016-12-22,5,0.96,0.9880680654323415,0.99
2016-12-29,5,0.95,0.9580194811516504,0.96
2017-01-05,5,0.8799999999999999,0.9465713758340231,0.95
2017-01-12,5,0.96,0.8816059927592513,0.8799999999999999
2017-01-19,5,1.0,0.9540577337629819,0.96
2017-01-26,5,0.99,0.9990665467194053,1.0
2017-02-02,5,0.93,0.985138694683663,0.99
2017-02-09,5,0.95,0.9292514026282453,0.93
2017-02-16,5,0.91,0.9443912263723778,0.95
2017-02-23,5,0.92,0.9076216341290537,0.91
2017-03-02,5,0.99,0.9143662587651824,0.92
2017-03-09,5,0.98,0.9866506790230427,0.99
2017-03-16,5,0.92,0.9743768956968649,0.98
2017-03-23,5,0.8899999999999999,0.9154333926566227,0.92
2017-03-30,5,0.8300000000000001,0.8867661258140443,0.8899999999999999
2017-04-06,5,0.76,0.8266047436775131,0.8300000000000001
2017-04-13,5,0.74,0.7584503517690517,0.76
2017-04-20,5,0.8400000000000001,0.7371615053616033,0.74
2017-04-27,5,0.85,0.8352278785532126,0.8400000000000001
2017-05-04,5,0.9000000000000001,0.8434461865682185,0.85
2017-05-11,5,0.7699999999999999,0.8956763955141427,0.9000000000000001
2017-05-18,5,0.74,0.7698142615215804,0.7699999999999999
2017-05-25,5,0.73,0.7413415786377273,0.74
2017-06-01,5,0.71,0.7262778096836421,0.73
2017-06-08,5,0.62,0.7061161822393118,0.71
2017-06-15,5,0.57,0.6242743180013574,0.62
2017-06-22,5,0.6199999999999999,0.5692300821559202,0.57
2017-06-29,5,0.7000000000000002,0.6241387162225799,0.6199999999999999
2017-07-06,5,0.7,0.6965978709416473,0.7000000000000002
2017-07-13,5,0.6399999999999999,0.7015370481066688,0.7
2017-07-20,5,0.7,0.6420188273161052,0.6399999999999999
2017-07-27,5,0.6499999999999999,0.6966657740877773,0.7
2017-08-03,5,0.6300000000000001,0.6437128721650888,0.6499999999999999
2017-08-10,5,0.6200000000000001,0.6282433314891237,0.6300000000000001
2017-08-17,5,0.6199999999999999,0.617691079295867,0.6200000000000001
2017-08-24,5,0.5800000000000001,0.6161656913268484,0.6199999999999999
2017-08-31,5,0.47,0.5775877584012112,0.5800000000000001
2017-09-07,5,0.4899999999999997,0.47605568239769464,0.47
2017-09-14,5,0.53,0.4893636769160689,0.4899999999999997
2017-09-21,5,0.5800000000000001,0.5257927525450162,0.53
2017-09-28,5,0.5800000000000001,0.569859937926039,0.5800000000000001
2017-10-05,5,0.52,0.5763742320467697,0.5800000000000001
2017-10-12,5,0.53,0.5192868297438169,0.52
2017-10-19,5,0.5799999999999998,0.5220875967374619,0.53
2017-10-26,5,0.55,0.5737691657635468,0.5799999999999998
2017-11-02,5,0.48,0.546315661509491,0.55
2017-11-09,5,0.49,0.4776997656029958,0.48
2017-11-16,5,0.4599999999999999,0.4869851085751292,0.49
2017-11-23,5,0.4599999999999999,0.4552392408384457,0.4599999999999999
2017-11-30,5,0.3600000000000001,0.45476156494316106,0.4599999999999999
2017-12-07,5,0.29,0.35363077281873984,0.3600000000000001
2017-12-14,5,0.3499999999999998,0.29039980091595835,0.29
2017-12-21,5,0.3399999999999998,0.3486807260833026,0.3499999999999998
2017-12-28,5,0.3800000000000001,0.3378299745457395,0.3399999999999998
2018-01-04,5,0.4099999999999999,0.37558013509802574,0.3800000000000001
2018-01-11,5,0.4199999999999999,0.40445666533313407,0.4099999999999999
2018-01-18,5,0.4400000000000001,0.41753170505235626,0.4199999999999999
2018-01-25,5,0.51,0.4349857969520592,0.4400000000000001
2018-02-01,5,0.5299999999999998,0.5052937396442511,0.51
2018-02-08,5,0.53,0.5251629042608726,0.5299999999999998
2018-02-15,5,0.4999999999999998,0.5281133933570572,0.53
2018-02-22,5,0.4099999999999999,0.4956917690866161,0.4999999999999998
2018-03-01,5,0.4499999999999999,0.40826134938414116,0.4099999999999999
2018-03-08,5,0.3900000000000001,0.4465244037715295,0.4499999999999999
2018-03-15,5,0.3499999999999998,0.38468996445315,0.3900000000000001
2018-03-22,5,0.3199999999999998,0.34921493553603855,0.3499999999999998
2018-03-29,5,0.3700000000000001,0.3116705262898619,0.3199999999999998
2018-04-05,5,0.3900000000000001,0.36533927367721164,0.3700000000000001
2018-04-12,5,0.4099999999999999,0.3870651428090392,0.3900000000000001
2018-04-19,5,0.4400000000000001,0.4051488930394098,0.4099999999999999
2018-04-26,5,0.4099999999999999,0.43459602051331514,0.4400000000000001
2018-05-03,5,0.4299999999999999,0.4076417798725814,0.4099999999999999
2018-05-10,5,0.4599999999999999,0.42793102557744334,0.4299999999999999
2018-05-17,5,0.4200000000000001,0.45867837098282777,0.4599999999999999
2018-05-24,5,0.33,0.4151698109417021,0.4200000000000001
2018-05-31,5,0.3700000000000001,0.3262155141231249,0.33
2018-06-07,5,0.3400000000000001,0.3626556866499317,0.3700000000000001
2018-06-14,5,0.32,0.3388402548530166,0.3400000000000001
2018-06-21,5,0.2799999999999998,0.3132452631067296,0.32
2018-06-28,5,0.2300000000000002,0.2795213375850997,0.2799999999999998
2018-07-05,5,0.2200000000000002,0.2263937128382088,0.2300000000000002
2018-07-12,5,0.1799999999999999,0.21682045582881054,0.2200000000000002
2018-07-19,5,0.2299999999999999,0.17837094624835823,0.1799999999999999
2018-07-26,5,0.2799999999999998,0.22820935136785886,0.2299999999999999
2018-08-02,5,0.2200000000000002,0.2742438862292539,0.2799999999999998
2018-08-09,5,0.1699999999999999,0.2169682752618197,0.2200000000000002
2018-08-16,5,0.1299999999999999,0.16442106403450854,0.1699999999999999
2018-08-23,5,0.1699999999999999,0.12679356516875329,0.1299999999999999
2018-08-30,5,0.1699999999999999,0.16358276162391686,0.1699999999999999
2018-09-06,5,0.1799999999999997,0.1658516556307256,0.1699999999999999
2018-09-13,5,0.2399999999999997,0.17708787354670308,0.1799999999999997
2018-09-20,5,0.2200000000000002,0.23659830425957212,0.2399999999999997
2018-09-27,5,0.25,0.21689533030480168,0.2200000000000002
2018-10-04,5,0.2200000000000002,0.2463641692077235,0.25
2018-10-11,5,0.1800000000000001,0.21547101648841116,0.2200000000000002
2018-10-18,5,0.1400000000000001,0.1787516366998207,0.1800000000000001
2018-10-25,5,0.1600000000000001,0.1388799831807393,0.1400000000000001
2018-11-01,5,0.1800000000000001,0.15716107227987358,0.1600000000000001
2018-11-08,5,0.1399999999999996,0.17601662781585573,0.1800000000000001
2018-11-15,5,0.1199999999999996,0.1317348889464979,0.1399999999999996
2018-11-22,5,0.1099999999999998,0.11727138710723242,0.1199999999999996
2018-11-29,5,0.09,0.10396439757616906,0.1099999999999998
2018-12-06,5,0.0899999999999998,0.07796438463882063,0.09
2018-12-13,5,0.08,0.08766805670082814,0.0899999999999998
2018-12-20,5,0.09,0.07112859270908532,0.08
2018-12-27,5,0.06,0.08365989780042483,0.09
2019-01-03,5,0.07,0.051735398563606066,0.06
2019-01-10,5,0.09,0.0687643646083957,0.07
2019-01-17,5,0.0699999999999998,0.08537712778864368,0.09
2019-01-24,5,0.1099999999999998,0.062428700998585065,0.0699999999999998
2019-01-31,5,0.1100000000000001,0.09943812875420138,0.1099999999999998
2019-02-07,5,0.1099999999999998,0.10201056086591274,0.1100000000000001
2019-02-14,5,0.1199999999999998,0.10507865559383918,0.1099999999999998
2019-02-21,5,0.1599999999999999,0.11621238854062267,0.1199999999999998
2019-02-28,5,0.1399999999999999,0.15476821087866227,0.1599999999999999
2019-03-07,5,0.1,0.12857652513643922,0.1399999999999999
2019-03-14,5,0.0699999999999998,0.09679866834242454,0.1
2019-03-21,5,0.06,0.06462900781959316,0.0699999999999998
2019-03-28,5,0.1099999999999998,0.0531408460164262,0.06
2019-04-04,5,0.1299999999999999,0.10584184659186524,0.1099999999999998
2019-04-11,5,0.1499999999999999,0.124106769511239,0.1299999999999999
2019-04-18,5,0.1499999999999999,0.1466793512668078,0.1499999999999999
2019-04-25,5,0.1399999999999999,0.14199024511270036,0.1499999999999999
2019-05-02,5,0.0999999999999998,0.1388385044463654,0.1399999999999999
2019-05-09,5,0.0899999999999998,0.09479452955581559,0.0999999999999998
2019-05-16,5,0.0599999999999998,0.08373061729260108,0.0899999999999998
2019-05-23,5,0.03,0.055177195725207295,0.0599999999999998
2019-05-30,5,0.08,0.024390242339262826,0.03
2019-06-06,5,0.05,0.07344813584681761,0.08
2019-06-13,5,0.05,0.043496471415631545,0.05
2019-06-20,5,0.03,0.04566731219934469,0.05
2019-06-27,5,-0.05,0.027658174916470074,0.03
2019-07-04,5,0.02,-0.0497633270876443,-0.05
2019-07-11,5,0.05,0.010644356472125915,0.02
2019-07-18,5,0.02,0.0376047275734263,0.05
2019-07-25,5,-0.08,0.015288737328061365,0.02
2019-08-01,5,-0.1200000000000001,-0.08196472292444704,-0.08
2019-08-08,5,-0.1999999999999999,-0.12849711390318122,-0.1200000000000001
2019-08-15,5,-0.1799999999999999,-0.2072593701166248,-0.1999999999999999
2019-08-22,5,-0.1900000000000001,-0.17807992954861895,-0.1799999999999999
2019-08-29,5,-0.1899999999999999,-0.1973044902160873,-0.1900000000000001
2019-09-05,5,-0.1500000000000001,-0.1891552994034733,-0.1899999999999999
2019-09-12,5,-0.1700000000000001,-0.15283337576838732,-0.1500000000000001
2019-09-19,5,-0.2099999999999999,-0.17564499793758664,-0.1700000000000001
2019-09-26,5,-0.1699999999999999,-0.21276020122239722,-0.2099999999999999
2019-10-03,5,-0.1300000000000001,-0.18478681456818535,-0.1699999999999999
2019-10-10,5,-0.0899999999999998,-0.1295139311491936,-0.1300000000000001
2019-10-17,5,-0.1099999999999998,-0.09866609272598952,-0.0899999999999998
2019-10-24,5,-0.1,-0.11513319065282791,-0.1099999999999998
2019-10-31,5,-0.0199999999999997,-0.11587559491502405,-0.1
2019-11-07,5,-0.06,-0.024627951368298588,-0.0199999999999997
2019-11-14,5,-0.08,-0.06503560738325324,-0.06
2019-11-21,5,-0.1300000000000001,-0.08302576583069429,-0.08
2019-11-28,5,-0.0799999999999998,-0.1334500490275963,-0.1300000000000001
2019-12-05,5,-0.04,-0.07971187975863811,-0.0799999999999998
2019-12-12,5,-0.04,-0.043164120821339566,-0.04
2019-12-19,5,-0.0599999999999998,-0.04584553631158602,-0.04
2019-12-26,5,-0.0399999999999998,-0.06336521676346596,-0.0599999999999998
2020-01-02,5,-0.0299999999999998,-0.04422001849535232,-0.0399999999999998
2020-01-09,5,-0.0899999999999998,-0.03638642632716933,-0.0299999999999998
2020-01-16,5,-0.09,-0.09560472095116963,-0.0899999999999998
2020-01-23,5,-0.1499999999999999,-0.10194839813865675,-0.09
2020-01-30,5,-0.1199999999999998,-0.15350014693122463,-0.1499999999999999
2020-02-06,5,-0.1200000000000001,-0.1223569495665373,-0.1199999999999998
2020-02-13,5,-0.1499999999999999,-0.12210835185721451,-0.1200000000000001
2020-02-20,5,-0.09,-0.15582078961096985,-0.1499999999999999
2020-02-27,5,0.0499999999999999,-0.10259769201785651,-0.09
2020-03-05,5,0.17,0.030731367305720653,0.0499999999999999
2020-03-12,5,0.37,0.15657237509682592,0.17
2020-03-19,5,0.25,0.36932265176534573,0.37
2020-03-26,5,0.24,0.24778413616275227,0.25
2020-04-02,5,0.37,0.23619655683321517,0.24
2020-04-09,5,0.2799999999999999,0.3656901650135102,0.37
2020-04-16,5,0.2699999999999999,0.2760491482637539,0.2799999999999999
2020-04-23,5,0.24,0.26666144109992046,0.2699999999999999
2020-04-30,5,0.27,0.23541451960370086,0.24
2020-05-07,5,0.26,0.2641085111564826,0.27
2020-05-14,5,0.25,0.2571842618654193,0.26
2020-05-21,5,0.26,0.2490630729750476,0.25
2020-05-28,5,0.35,0.25645838778006175,0.26
2020-06-04,5,0.25,0.34460274821137127,0.35
2020-06-11,5,0.22,0.24962736528676369,0.25
2020-06-18,5,0.22,0.21847972851041425,0.22
2020-06-25,5,0.2700000000000001,0.2164997116190144,0.22
2020-07-02,5,0.25,0.26512188532489767,0.2700000000000001
2020-07-09,5,0.2299999999999999,0.2455236101052754,0.25
2020-07-16,5,0.2299999999999999,0.22754212836440785,0.2299999999999999
2020-07-23,5,0.19,0.2276080100692291,0.2299999999999999
2020-07-30,5,0.2,0.18680469672910047,0.19
2020-08-06,5,0.33,0.19701501213101075,0.2
2020-08-13,5,0.28,0.32458161651817563,0.33
2020-08-20,5,0.37,0.2772070230865063,0.28
2020-08-27,5,0.28,0.36380797040432766,0.37
2020-09-03,5,0.3,0.2788816810585674,0.28
2020-09-10,5,0.3099999999999999,0.29693536219786826,0.3
2020-09-17,5,0.3,0.30603337773932987,0.3099999999999999
2020-09-24,5,0.31,0.2978096577307043,0.3
2020-10-01,5,0.3399999999999999,0.305951360482255,0.31
2020-10-08,5,0.3399999999999999,0.3344368776598297,0.3399999999999999
2020-10-15,5,0.41,0.33722827062124955,0.3399999999999999
2020-10-22,5,0.38,0.4048015403555651,0.41
2020-10-29,5,0.36,0.37752313856570024,0.38
2020-11-05,5,0.4599999999999999,0.35920721635132663,0.36
2020-11-12,5,0.41,0.45412758974378187,0.4599999999999999
2020-11-19,5,0.4299999999999999,0.40851343703051013,0.41
2020-11-26,5,0.48,0.425854934064849,0.4299999999999999
2020-12-03,5,0.48,0.47479097163160766,0.48
2020-12-10,5,0.49,0.4790441540470946,0.48
2020-12-17,5,0.5,0.4855132319989901,0.49
2020-12-24,5,0.47,0.497102014799465,0.5
2020-12-31,5,0.6100000000000001,0.46781759690061564,0.47
2021-01-07,5,0.7,0.6006112193416566,0.6100000000000001
2021-01-14,5,0.7,0.694450271686835,0.7
2021-01-21,5,0.6599999999999999,0.695474641212545,0.7
2021-01-28,5,0.77,0.657178412217889,0.6599999999999999
2021-02-04,5,0.8,0.7620526433978709,0.77
2021-02-11,5,0.92,0.7979771130305131,0.8
2021-02-18,5,1.14,0.9173338770395355,0.92
2021-02-25,5,1.21,1.1406447008121054,1.14
2021-03-04,5,1.18,1.199891829554808,1.21
2021-03-11,5,1.34,1.1816008447568167,1.18
2021-03-18,5,1.23,1.3356267175436938,1.34
2021-03-25,5,1.29,1.2303054012247086,1.23
2021-04-01,5,1.24,1.288722891935686,1.29
2021-04-08,5,1.21,1.2377135028519717,1.24
2021-04-15,5,1.21,1.2087006597647607,1.21
2021-04-22,5,1.25,1.20864701705424,1.21
2021-04-29,5,1.2,1.246085811938324,1.25
2021-05-06,5,1.24,1.199577276184836,1.2
2021-05-13,5,1.21,1.23886574678382,1.24
2021-05-20,5,1.17,1.2094168832535561,1.21
2021-05-27,5,1.2,1.1694808395151282,1.17
2021-06-03,5,1.0699999999999998,1.1964478502116338,1.2
2021-06-10,5,1.02,1.0710967219436263,1.0699999999999998
2021-06-17,5,0.99,1.0252922855726787,1.02
2021-06-24,5,0.94,0.984323957118748,0.99
2021-07-01,5,0.78,0.941037798875284,0.94
2021-07-08,5,0.8200000000000001,0.7804980669388408,0.78
2021-07-15,5,0.74,0.817802996697377,0.8200000000000001
2021-07-22,5,0.74,0.7385484177880695,0.74
2021-07-29,5,0.69,0.7392497260231712,0.74
2021-08-05,5,0.79,0.6906778612238338,0.69
2021-08-12,5,0.69,0.7868720408522137,0.79
2021-08-19,5,0.78,0.6895631918341811,0.69
2021-08-26,5,0.7499999999999999,0.7744539366212115,0.78
2021-09-02,5,0.7699999999999999,0.7472560125137027,0.7499999999999999
2021-09-09,5,0.79,0.769982569110351,0.7699999999999999
2021-09-16,5,0.8500000000000001,0.7895200044074959,0.79
2021-09-23,5,0.98,0.8501418320009532,0.8500000000000001
2021-09-30,5,0.93,0.9745151683983749,0.98
2021-10-07,5,0.81,0.9274214570068455,0.93
2021-10-14,5,0.82,0.8141479996237198,0.81
2021-10-21,5,0.6599999999999999,0.8194973881070582,0.82
2021-10-28,5,0.6599999999999999,0.6621505780798612,0.6599999999999999
2021-11-04,5,0.6799999999999999,0.655902814367145,0.6599999999999999
2021-11-11,5,0.71,0.6800100262954077,0.6799999999999999
2021-11-18,5,0.72,0.7063258012914045,0.71
2021-11-25,5,0.53,0.7173885764316039,0.72
2021-12-02,5,0.5,0.5305288030517182,0.53
2021-12-09,5,0.45,0.4926678330959458,0.5
2021-12-16,5,0.4599999999999999,0.44743711097023847,0.45
2021-12-23,5,0.47,0.45323397506343516,0.4599999999999999
2021-12-30,5,0.6299999999999999,0.4683380406737943,0.47
2022-01-06,5,0.5899999999999999,0.6256238728376519,0.6299999999999999
2022-01-13,5,0.56,0.5895868623775719,0.5899999999999999
2022-01-20,5,0.51,0.5604668154955621,0.56
2022-01-27,5,0.5,0.5104849657302957,0.51
2022-02-03,5,0.4499999999999999,0.49591876296197274,0.5
2022-02-10,5,0.3999999999999999,0.44701597831727563,0.4499999999999999
2022-02-17,5,0.3999999999999999,0.39415840770882854,0.3999999999999999
2022-02-24,5,0.3,0.39533227709940333,0.3999999999999999
2022-03-03,5,0.3799999999999999,0.2972977997326133,0.3
2022-03-10,5,0.3,0.37521615161859506,0.3799999999999999
2022-03-17,5,0.2600000000000002,0.2987830482023969,0.3
2022-03-24,5,0.1299999999999999,0.25974268944184736,0.2600000000000002
2022-03-31,5,0.2200000000000002,0.13126039596065464,0.1299999999999999
2022-04-07,5,0.3399999999999998,0.20833950232433737,0.2200000000000002
2022-04-14,5,0.25,0.3277241608579631,0.3399999999999998
2022-04-21,5,0.27,0.24906534428637525,0.25
2022-04-28,5,0.3399999999999998,0.262789036888223,0.27
2022-05-05,5,0.2799999999999998,0.3296172331304779,0.3399999999999998
2022-05-12,5,0.1799999999999997,0.2800712657455875,0.2799999999999998
2022-05-19,5,0.25,0.1830568000673678,0.1799999999999997
2022-05-26,5,0.1600000000000001,0.24299853602319865,0.25
2022-06-02,5,0.1600000000000001,0.16086449676798378,0.1600000000000001
2022-06-09,5,0.1699999999999999,0.15990223776702042,0.1600000000000001
2022-06-16,5,0.1899999999999999,0.16003312376869838,0.1699999999999999
2022-06-23,5,0.1299999999999999,0.1845569788957785,0.1899999999999999
2022-06-30,5,0.0300000000000002,0.1274935205495564,0.1299999999999999
2022-07-07,5,-0.1299999999999999,0.029439932004703347,0.0300000000000002
2022-07-14,5,-0.2299999999999999,-0.12625402354003157,-0.1299999999999999
2022-07-21,5,-0.31,-0.23083253618790217,-0.2299999999999999
2022-07-28,5,-0.48,-0.3120129010529895,-0.31
2022-08-04,5,-0.4700000000000002,-0.4798617591159448,-0.48
2022-08-11,5,-0.54,-0.4741729480654187,-0.4700000000000002
2022-08-18,5,-0.4900000000000002,-0.5413596144789445,-0.54
2022-08-25,5,-0.48,-0.4903268625755605,-0.4900000000000002
2022-09-01,5,-0.4700000000000002,-0.48864761990035166,-0.48
2022-09-08,5,-0.6599999999999997,-0.4748108697670596,-0.4700000000000002
2022-09-15,5,-0.6699999999999999,-0.6604604370429179,-0.6599999999999997
2022-09-22,5,-0.6299999999999999,-0.6730368234874439,-0.6699999999999999
2022-09-29,5,-0.6700000000000004,-0.6534917568508003,-0.6299999999999999
2022-10-06,5,-0.7000000000000002,-0.6751901209745442,-0.6700000000000004
2022-10-13,5,-0.6200000000000001,-0.7043187897854067,-0.7000000000000002
2022-10-20,5,-0.6299999999999999,-0.6223970092766029,-0.6200000000000001
2022-10-27,5,-0.6399999999999997,-0.6326788382521188,-0.6299999999999999
2022-11-03,5,-0.69,-0.6419908816709,-0.6399999999999997
2022-11-10,5,-0.8300000000000001,-0.690866576331488,-0.69
2022-11-17,5,-0.96,-0.830838640452539,-0.8300000000000001
2022-11-24,5,-0.96,-0.9652027086134852,-0.96
2022-12-01,5,-1.0100000000000002,-0.9658379291776084,-0.96
2022-12-08,5,-0.9000000000000004,-1.017655269469579,-1.0100000000000002
2022-12-15,5,-0.7399999999999998,-0.9104620557025679,-0.9000000000000004
2022-12-22,5,-0.7399999999999998,-0.748820978954202,-0.7399999999999998
2022-12-29,5,-0.8600000000000003,-0.7419520342456442,-0.7399999999999998
2023-01-05,5,-0.8999999999999999,-0.8621944738101831,-0.8600000000000003
2023-01-12,5,-0.7599999999999998,-0.905514295702485,-0.8999999999999999
2023-01-19,5,-0.77,-0.7683977281833457,-0.7599999999999998
2023-01-26,5,-0.8300000000000001,-0.7734870451152511,-0.77
2023-02-02,5,-0.92,-0.8361533425196824,-0.8300000000000001
2023-02-09,5,-0.8499999999999996,-0.9247506491242491,-0.92
2023-02-16,5,-0.8800000000000003,-0.8545426157815493,-0.8499999999999996
2023-02-23,5,-0.8199999999999998,-0.8834598720732874,-0.8800000000000003
2023-03-02,5,-0.9800000000000004,-0.8255910987261288,-0.8199999999999998
2023-03-09,5,-0.8300000000000001,-0.9843236396293092,-0.9800000000000004
2023-03-16,5,-0.69,-0.8404657298344221,-0.8300000000000001
2023-03-23,5,-0.8299999999999996,-0.6981107138636209,-0.69
2023-03-30,5,-0.8199999999999998,-0.828395792716088,-0.8299999999999996
2023-04-06,5,-0.8500000000000001,-0.8257950956990572,-0.8199999999999998
2023-04-13,5,-0.8199999999999998,-0.8537000188600427,-0.8500000000000001
2023-04-20,5,-0.7799999999999998,-0.8227545861874225,-0.8199999999999998
2023-04-27,5,-0.7599999999999998,-0.7898429105574573,-0.7799999999999998
2023-05-04,5,-0.8300000000000001,-0.7688067479087484,-0.7599999999999998
2023-05-11,5,-0.8999999999999999,-0.8320940299546851,-0.8300000000000001
2023-05-18,5,-0.9300000000000006,-0.9023172618459884,-0.8999999999999999
2023-05-25,5,-1.04,-0.9316670778725941,-0.9300000000000006
2023-06-01,5,-1.1300000000000003,-1.0423835202585499,-1.04
2023-06-08,5,-1.16,-1.131880425567506,-1.1300000000000003
2023-06-15,5,-1.29,-1.1610645077526571,-1.16
2023-06-22,5,-1.3000000000000005,-1.2926748743741874,-1.29
2023-06-29,5,-1.2599999999999998,-1.3074185830913387,-1.3000000000000005
2023-07-06,5,-1.2300000000000004,-1.2673961451879792,-1.2599999999999998
2023-07-13,5,-1.14,-1.2347234001453722,-1.2300000000000004
2023-07-20,5,-1.1599999999999997,-1.1503308536328167,-1.14
2023-07-27,5,-1.0099999999999998,-1.1673677367553317,-1.1599999999999997
2023-08-03,5,-1.04,-1.022771401210474,-1.0099999999999998
2023-08-10,5,-1.0000000000000004,-1.0452821739571392,-1.04
2023-08-17,5,-1.0699999999999998,-1.0041336139383756,-1.0000000000000004
2023-08-24,5,-1.0799999999999996,-1.0738052251463024,-1.0699999999999998
2023-08-31,5,-0.9700000000000002,-1.0859524301096477,-1.0799999999999996
2023-09-07,5,-1.0000000000000004,-0.9738778151985256,-0.9700000000000002
2023-09-14,5,-1.0,-1.0053559336101034,-1.0000000000000004
2023-09-21,5,-0.8500000000000005,-1.0031488796397556,-1.0
2023-09-28,5,-0.6600000000000001,-0.8604086247266945,-0.8500000000000005
2023-10-05,5,-0.7800000000000002,-0.6703621859675485,-0.6600000000000001
2023-10-12,5,-0.7000000000000002,-0.7844476127363884,-0.7800000000000002
2023-10-19,5,-0.6399999999999997,-0.7119050374467011,-0.7000000000000002
2023-10-26,5,-0.6999999999999997,-0.6456851170277518,-0.6399999999999997
2023-11-02,5,-0.7200000000000002,-0.7019243981250735,-0.6999999999999997
2023-11-09,5,-0.7600000000000002,-0.7216847518092001,-0.7200000000000002
2023-11-16,5,-0.7199999999999998,-0.7657631768682236,-0.7600000000000002
2023-11-23,5,-0.6400000000000001,-0.7285527904614556,-0.7199999999999998
2023-11-30,5,-0.75,-0.6505167574669503,-0.6400000000000001
2023-12-07,5,-0.77,-0.7513585897088837,-0.75
2023-12-14,5,-0.8300000000000001,-0.7745814976873165,-0.77
2023-12-21,5,-0.81,-0.8355943113081543,-0.8300000000000001
2023-12-28,5,-0.81,-0.8158117378593588,-0.81
2024-01-04,5,-0.7400000000000002,-0.8117383712265938,-0.81
2024-01-11,5,-0.5599999999999996,-0.7470313566935823,-0.7400000000000002
2024-01-18,5,-0.5299999999999998,-0.5622886491587984,-0.5599999999999996
2024-01-25,5,-0.6800000000000002,-0.5365816555273447,-0.5299999999999998
2024-02-01,5,-0.6300000000000003,-0.679281439354029,-0.6800000000000002
2024-02-08,5,-0.7000000000000002,-0.6360351165527851,-0.6300000000000003
2024-02-15,5,-0.69,-0.7000362237295961,-0.7000000000000002
2024-02-22,5,-0.6999999999999997,-0.6964092345178027,-0.69
2024-02-29,5,-0.73,-0.7040686393792246,-0.6999999999999997
2024-03-07,5,-0.6999999999999997,-0.7339623969352063,-0.73
2024-03-14,5,-0.6400000000000006,-0.7026306243728783,-0.6999999999999997
2024-03-21,5,-0.7199999999999998,-0.65017430465952,-0.6400000000000006
2024-03-28,5,-0.6500000000000004,-0.7214517235660777,-0.7199999999999998
2024-04-04,5,-0.52,-0.6570399046422001,-0.6500000000000004
2024-04-11,5,-0.4900000000000002,-0.5281323260953922,-0.52
2024-04-18,5,-0.4899999999999997,-0.4960396617227881,-0.4900000000000002
2024-04-25,5,-0.52,-0.4933603486799459,-0.4899999999999997
2024-05-02,5,-0.5800000000000001,-0.5237783004922469,-0.52
2024-05-09,5,-0.6300000000000003,-0.5788745363219955,-0.5800000000000001
2024-05-16,5,-0.5899999999999999,-0.6347672204422848,-0.6300000000000003
2024-05-23,5,-0.5599999999999996,-0.5960493189187209,-0.5899999999999999
2024-05-30,5,-0.54,-0.5653360970837188,-0.5599999999999996
2024-06-06,5,-0.54,-0.5471734472461819,-0.54
2024-06-13,5,-0.56,-0.5451775816870984,-0.54
2024-06-20,5,-0.5499999999999994,-0.5643711622465006,-0.56
2024-06-27,5,-0.4399999999999999,-0.5511711613963779,-0.5499999999999994
2024-07-04,5,-0.4199999999999999,-0.4451535491248831,-0.4399999999999999
2024-07-11,5,-0.33,-0.42597251120690577,-0.4199999999999999
2024-07-18,5,-0.2599999999999998,-0.33917048013311873,-0.33
2024-07-25,5,-0.25,-0.26702010150424665,-0.2599999999999998
2024-08-01,5,-0.1699999999999999,-0.2557075047247054,-0.25
2024-08-08,5,-0.2400000000000002,-0.17192997872433607,-0.1699999999999999
2024-08-15,5,-0.2299999999999999,-0.24465241041541308,-0.2400000000000002
2024-08-22,5,-0.1800000000000001,-0.2354083845086495,-0.2299999999999999
2024-08-29,5,-0.1599999999999997,-0.18508636905561654,-0.1800000000000001
2024-09-05,5,-0.0899999999999998,-0.16495000455940556,-0.1599999999999997
2024-09-12,5,0.0300000000000002,-0.09452564845278233,-0.0899999999999998
2024-09-19,5,0.0399999999999995,0.025580227824728054,0.0300000000000002
2024-09-26,5,0.04,0.03735517596579665,0.0399999999999995
2024-10-03,5,0.04,0.03807804997370896,0.04
2024-10-10,5,0.1400000000000001,0.035090643222861415,0.04
2024-10-17,5,0.1600000000000001,0.13645731128840402,0.1400000000000001
2024-10-24,5,0.1500000000000003,0.15808880590442778,0.1600000000000001
2024-10-31,5,0.1500000000000003,0.14945359027767155,0.1500000000000003
2024-11-07,5,0.0999999999999996,0.15224124612452056,0.1500000000000003
2024-11-14,5,0.0699999999999998,0.09970669419628152,0.0999999999999996
2024-11-21,5,0.04,0.0691307923523996,0.0699999999999998
2024-11-28,5,0.04,0.037960555262297274,0.04
2024-12-05,5,0.1600000000000001,0.0378591717313084,0.04
2024-12-12,5,0.2599999999999998,0.15380172062063135,0.1600000000000001
2024-12-19,5,0.2600000000000002,0.25354385818495784,0.2599999999999998
2024-12-26,5,0.29,0.25555553092036853,0.2600000000000002
2025-01-02,5,0.3999999999999999,0.2870251483388555,0.29
2025-01-09,5,0.3899999999999997,0.3950968366352742,0.3999999999999999
2025-01-16,5,0.3699999999999996,0.38758289286872794,0.3899999999999997
2025-01-23,5,0.3799999999999999,0.367566876595634,0.3699999999999996
2025-01-30,5,0.3700000000000001,0.3769330198834861,0.3799999999999999
2025-02-06,5,0.3700000000000001,0.36795021736154887,0.3700000000000001
2025-02-13,5,0.4000000000000003,0.3706534025978023,0.3700000000000001
2025-02-20,5,0.3400000000000003,0.39735284083854744,0.4000000000000003
2025-02-27,5,0.4399999999999999,0.33722974582325893,0.3400000000000003
2025-03-06,5,0.48,0.432148306749487,0.4399999999999999
2025-03-13,5,0.4700000000000002,0.47576856381364735,0.48
2025-03-20,5,0.54,0.4680906250154873,0.4700000000000002
2025-03-27,5,0.54,0.536342917542775,0.54
2025-04-03,5,0.6000000000000001,0.5360254645469997,0.54
2025-04-10,5,0.6099999999999999,0.5922525734628747,0.6000000000000001
2025-04-17,5,0.5900000000000003,0.6052917745351806,0.6099999999999999
2025-04-24,5,0.6000000000000001,0.5882336675342743,0.5900000000000003
2025-05-01,5,0.6200000000000001,0.5969710362140236,0.6000000000000001
2025-05-08,5,0.6300000000000003,0.6175011615843072,0.6200000000000001
2025-05-15,5,0.6599999999999997,0.6294045083993083,0.6300000000000003
2025-05-22,5,0.6099999999999999,0.6591955883348614,0.6599999999999997
2025-05-29,5,0.6299999999999999,0.6105103360698911,0.6099999999999999
2025-06-05,5,0.6499999999999999,0.6283341942812959,0.6299999999999999
2025-06-12,5,0.6499999999999999,0.6462663655019034,0.6499999999999999
2025-06-19,5,0.71,0.6482457623111094,0.6499999999999999
2025-06-26,5,0.69,0.7043883935785802,0.71
2025-07-03,5,0.71,0.6880795350524737,0.69
2025-07-10,5,0.7599999999999998,0.706430818296235,0.71
2025-07-17,5,0.7199999999999998,0.7588797964557478,0.7599999999999998
2025-07-24,5,0.6900000000000004,0.7200282726844542,0.7199999999999998
2025-07-31,5,0.7000000000000002,0.6890602712236967,0.6900000000000004
2025-08-07,5,0.7200000000000002,0.6975748691407122,0.7000000000000002
2025-08-14,5,0.75,0.7172945433037721,0.7200000000000002
2025-08-21,5,0.73,0.7468496306041348,0.75
2025-08-28,5,0.73,0.7290437706020911,0.73
2025-09-04,5,0.6600000000000001,0.7316690177595012,0.73
2025-09-11,5,0.71,0.6612320368363648,0.6600000000000001
2025-09-18,5,0.73,0.7056092092484514,0.71
2025-09-25,5,0.73,0.7286379065109932,0.73
2025-10-02,5,0.73,0.7285834483945598,0.73
2025-10-09,5,0.7000000000000002,0.7288040756685306,0.73
2025-10-16,5,0.6999999999999997,0.6990735158498649,0.7000000000000002
2025-10-23,5,0.71,0.6991110881996032,0.6999999999999997
2025-10-30,5,0.71,0.7089818796215337,0.71
2025-11-06,5,0.71,0.7091901484374231,0.71
2025-11-13,5,0.75,0.7088769891999338,0.71
2025-11-20,5,0.7200000000000002,0.7484216791041355,0.75
2025-11-27,5,0.7999999999999998,0.7197871956936682,0.7200000000000002
2025-12-04,5,0.7999999999999998,0.795104274525042,0.7999999999999998
2025-12-11,5,0.81,0.7988247195176958,0.7999999999999998
2025-12-18,5,0.8300000000000001,0.8082202999899134,0.81
2025-12-25,5,0.8399999999999999,0.8288525452258989,0.8300000000000001
2026-01-01,5,0.8300000000000001,0.8392138952732614,0.8399999999999999
2026-01-08,5,0.8200000000000003,0.8292339883653604,0.8300000000000001
2026-01-15,5,0.8399999999999999,0.8181338124595302,0.8200000000000003
2026-01-22,5,0.8400000000000003,0.8372875332190804,0.8399999999999999
2026-01-29,5,0.8500000000000001,0.8369543625604677,0.8400000000000003
2026-02-05,5,0.7899999999999996,0.84903427669338,0.8500000000000001
2026-02-12,5,0.7800000000000002,0.7919792066197695,0.7899999999999996
2026-02-19,5,0.7399999999999998,0.777818714546842,0.7800000000000002
2026-02-26,5,0.7599999999999998,0.7407780986381614,0.7399999999999998
2026-03-05,5,0.7000000000000002,0.7575790866166294,0.7599999999999998
2026-03-12,5,0.6000000000000001,0.6999116579471002,0.7000000000000002
2026-03-19,5,0.5899999999999999,0.6024288695294908,0.6000000000000001
2026-03-26,5,0.6700000000000004,0.5847755125969708,0.5899999999999999
2026-04-02,5,0.6699999999999999,0.666189606608298,0.6700000000000004
2026-04-09,5,0.7000000000000002,0.6685683276655464,0.6699999999999999
2026-04-16,5,0.6299999999999999,0.6964852694899885,0.7000000000000002
2026-04-23,5,0.6000000000000001,0.6317765641819431,0.6299999999999999
2026-04-30,5,0.5899999999999999,0.6012499378812763,0.6000000000000001
2026-05-07,5,0.6000000000000001,0.5875888853664114,0.5899999999999999
2026-05-14,5,0.6299999999999999,0.5998710388053952,0.6000000000000001
2026-05-21,5,0.6000000000000001,0.6278721515612309,0.6299999999999999
2026-05-28,5,0.6300000000000003,0.5976354477038742,0.6000000000000001
2012-01-19,20,0.9599999999999996,0.932234373516394,0.98
2012-01-26,20,0.9599999999999996,0.9696912037886821,1.01
2012-02-02,20,0.8999999999999999,0.9056240356412918,0.95
2012-02-09,20,0.8399999999999999,0.9525704085243027,0.9999999999999998
2012-02-16,20,0.94,0.9141938483066003,0.9599999999999996
2012-02-23,20,0.9600000000000002,0.9159909044110408,0.9599999999999996
2012-03-01,20,0.9000000000000001,0.8587178204346141,0.8999999999999999
2012-03-08,20,0.8799999999999999,0.7950938666317926,0.8399999999999999
2012-03-15,20,0.8199999999999998,0.8807821615933844,0.94
2012-03-22,20,0.71,0.9194612507418355,0.9600000000000002
2012-03-29,20,0.6799999999999997,0.857134015518552,0.9000000000000001
2012-04-05,20,0.7,0.8391522347283501,0.8799999999999999
2012-04-12,20,0.75,0.7730477022978192,0.8199999999999998
2012-04-19,20,0.6599999999999999,0.6687496379524621,0.71
2012-04-26,20,0.7200000000000002,0.6306821892728774,0.6799999999999997
2012-05-03,20,0.6799999999999999,0.6420810657126529,0.7
2012-05-10,20,0.76,0.7029785011866592,0.75
2012-05-17,20,0.75,0.6051056361624888,0.6599999999999999
2012-05-24,20,0.7,0.665003941633347,0.7200000000000002
2012-05-31,20,0.72,0.6333157922213886,0.6799999999999999
2012-06-07,20,0.7,0.7181212530234726,0.76
2012-06-14,20,0.6599999999999999,0.7057904936670157,0.75
2012-06-21,20,0.6699999999999999,0.659331430974007,0.7
2012-06-28,20,0.6299999999999999,0.6737113162729258,0.72
2012-07-05,20,0.6099999999999999,0.6547792111454486,0.7
2012-07-12,20,0.6500000000000001,0.6144490885191382,0.6599999999999999
2012-07-19,20,0.72,0.6215246016495188,0.6699999999999999
2012-07-26,20,0.6900000000000002,0.5838415533728749,0.6299999999999999
2012-08-02,20,0.6400000000000001,0.5631428403673182,0.6099999999999999
2012-08-09,20,0.6800000000000002,0.6049960247891911,0.6500000000000001
2012-08-16,20,0.71,0.6727754308516215,0.72
2012-08-23,20,0.7100000000000002,0.6487629020077886,0.6900000000000002
2012-08-30,20,0.6499999999999999,0.5952664430883321,0.6400000000000001
2012-09-06,20,0.6699999999999999,0.6294219853748899,0.6800000000000002
2012-09-13,20,0.6600000000000001,0.6626611869921106,0.71
2012-09-20,20,0.7699999999999998,0.6712491615089804,0.7100000000000002
2012-09-27,20,0.75,0.6084530617915272,0.6499999999999999
2012-10-04,20,0.71,0.6262661416260416,0.6699999999999999
2012-10-11,20,0.6499999999999999,0.6177791925654986,0.6600000000000001
2012-10-18,20,0.6499999999999999,0.7207909855657266,0.7699999999999998
2012-10-25,20,0.6599999999999999,0.7075940836484292,0.75
2012-11-01,20,0.6199999999999999,0.667507370508699,0.71
2012-11-08,20,0.6499999999999999,0.6116534731354666,0.6499999999999999
2012-11-15,20,0.6799999999999999,0.6057851467443542,0.6499999999999999
2012-11-22,20,0.7100000000000002,0.6176063667246514,0.6599999999999999
2012-11-29,20,0.6500000000000001,0.5810952474145399,0.6199999999999999
2012-12-06,20,0.73,0.6059637965165514,0.6499999999999999
2012-12-13,20,0.77,0.6396667177823314,0.6799999999999999
2012-12-20,20,0.75,0.6688134664768922,0.7100000000000002
2012-12-27,20,0.7699999999999998,0.6127319167752511,0.6500000000000001
2013-01-03,20,0.8300000000000001,0.6859450431245514,0.73
2013-01-10,20,0.8400000000000001,0.7302526818853721,0.77
2013-01-17,20,0.8700000000000001,0.7112562695526427,0.75
2013-01-24,20,0.8699999999999999,0.7298425458108551,0.7699999999999998
2013-01-31,20,0.8800000000000001,0.795927447912722,0.8300000000000001
2013-02-07,20,0.92,0.8052589772839998,0.8400000000000001
2013-02-14,20,0.95,0.8382865598132372,0.8700000000000001
2013-02-21,20,0.8400000000000001,0.8389978532426664,0.8699999999999999
2013-02-28,20,0.76,0.8441804376082966,0.8800000000000001
2013-03-07,20,0.8,0.88276645879237,0.92
2013-03-14,20,0.8,0.9192744366182186,0.95
2013-03-21,20,0.76,0.8097834534539632,0.8400000000000001
2013-03-28,20,0.79,0.7319029621989485,0.76
2013-04-04,20,0.7599999999999999,0.7607449696732886,0.8
2013-04-11,20,0.8300000000000001,0.7623750987314155,0.8
2013-04-18,20,0.8699999999999999,0.7297370638477828,0.76
2013-04-25,20,0.92,0.75531880250488,0.79
2013-05-02,20,0.9899999999999998,0.7268162495026597,0.7599999999999999
2013-05-09,20,0.99,0.7980978998488839,0.8300000000000001
2013-05-16,20,1.02,0.842643826855327,0.8699999999999999
2013-05-23,20,1.14,0.8888843157880688,0.92
2013-05-30,20,1.22,0.9606812635405494,0.9899999999999998
2013-06-06,20,1.2300000000000002,0.9611034397774155,0.99
2013-06-13,20,1.31,0.9945002502905602,1.02
2013-06-20,20,1.3099999999999998,1.1083091692013793,1.14
2013-06-27,20,1.31,1.198959889247082,1.22
2013-07-04,20,1.36,1.2071443485760445,1.2300000000000002
2013-07-11,20,1.3500000000000003,1.2860792795093159,1.31
2013-07-18,20,1.4700000000000002,1.288940350416342,1.3099999999999998
2013-07-25,20,1.5400000000000005,1.2889705933565665,1.31
2013-08-01,20,1.41,1.3411487532357649,1.36
2013-08-08,20,1.5099999999999998,1.3326361341056256,1.3500000000000003
2013-08-15,20,1.4999999999999998,1.4510075894670336,1.4700000000000002
2013-08-22,20,1.4800000000000002,1.5256976303871106,1.5400000000000005
2013-08-29,20,1.36,1.399107291411195,1.41
2013-09-05,20,1.36,1.4964495039302725,1.5099999999999998
2013-09-12,20,1.38,1.485388196204624,1.4999999999999998
2013-09-19,20,1.38,1.4621438051045121,1.4800000000000002
2013-09-26,20,1.3299999999999998,1.3489861346278391,1.36
2013-10-03,20,1.3199999999999998,1.3421274784289399,1.36
2013-10-10,20,1.42,1.366085509741679,1.38
2013-10-17,20,1.46,1.3629241464655424,1.38
2013-10-24,20,1.5499999999999998,1.309321730595483,1.3299999999999998
2013-10-31,20,1.45,1.3032611746665335,1.3199999999999998
2013-11-07,20,1.59,1.401142073814795,1.42
2013-11-14,20,1.56,1.4445254948126587,1.46
2013-11-21,20,1.5600000000000005,1.5279923781542877,1.5499999999999998
2013-11-28,20,1.5900000000000003,1.436720485144741,1.45
2013-12-05,20,1.6100000000000003,1.569548876226565,1.59
2013-12-12,20,1.58,1.55102290637089,1.56
2013-12-19,20,1.48,1.5485571195998467,1.5600000000000005
2013-12-26,20,1.4400000000000002,1.5795876528076969,1.5900000000000003
2014-01-02,20,1.4,1.601025859614443,1.6100000000000003
2014-01-09,20,1.4500000000000002,1.567358868147938,1.58
2014-01-16,20,1.4300000000000002,1.4706201171979278,1.48
2014-01-23,20,1.44,1.4248480365966618,1.4400000000000002
2014-01-30,20,1.4200000000000002,1.3905446053843378,1.4
2014-02-06,20,1.45,1.4332564813426876,1.4500000000000002
2014-02-13,20,1.37,1.415092883582455,1.4300000000000002
2014-02-20,20,1.43,1.426986461595965,1.44
2014-02-27,20,1.37,1.4024803863848796,1.4200000000000002
2014-03-06,20,1.44,1.4391742059018375,1.45
2014-03-13,20,1.38,1.3587920120688282,1.37
2014-03-20,20,1.38,1.4204383106038119,1.43
2014-03-27,20,1.35,1.3578045317791358,1.37
2014-04-03,20,1.3099999999999998,1.4254358072990108,1.44
2014-04-10,20,1.3,1.362578569061463,1.38
2014-04-17,20,1.2299999999999998,1.3686699997218457,1.38
2014-04-24,20,1.2699999999999998,1.3379751703249736,1.35
2014-05-01,20,1.2,1.297188223683432,1.3099999999999998
2014-05-08,20,1.27,1.2846430010865413,1.3
2014-05-15,20,1.2299999999999998,1.2171115563988855,1.2299999999999998
2014-05-22,20,1.2,1.2531616701719577,1.2699999999999998
2014-05-29,20,1.13,1.1896615867888551,1.2
2014-06-05,20,1.19,1.248696870522929,1.27
2014-06-12,20,1.11,1.2135872783688535,1.2299999999999998
2014-06-19,20,1.07,1.1841093265136073,1.2
2014-06-26,20,1.06,1.1129607478410062,1.13
2014-07-03,20,1.06,1.1687957121408825,1.19
2014-07-10,20,0.9999999999999998,1.0992706783491564,1.11
2014-07-17,20,0.9899999999999998,1.0509623696657875,1.07
2014-07-24,20,0.99,1.0439379793821615,1.06
2014-07-31,20,0.8999999999999999,1.0393237548620915,1.06
2014-08-07,20,1.0,0.9836916690740068,0.9999999999999998
2014-08-14,20,1.0600000000000005,0.9724173649055508,0.9899999999999998
2014-08-21,20,1.11,0.9715241231159208,0.99
2014-08-28,20,1.0299999999999998,0.8855034167323917,0.8999999999999999
2014-09-04,20,1.0,0.9731047598583609,1.0
2014-09-11,20,0.9699999999999998,1.0389710043404798,1.0600000000000005
2014-09-18,20,1.0099999999999998,1.090783527665932,1.11
2014-09-25,20,1.0,1.0133506292151047,1.0299999999999998
2014-10-02,20,1.0099999999999998,0.9833171074764965,1.0
2014-10-09,20,1.06,0.9495460001551644,0.9699999999999998
2014-10-16,20,1.03,0.9820494449088804,1.0099999999999998
2014-10-23,20,1.01,0.9835058338656748,1.0
2014-10-30,20,0.91,0.9929020140776571,1.0099999999999998
2014-11-06,20,0.8999999999999999,1.0417180466630676,1.06
2014-11-13,20,0.81,1.0093139875960246,1.03
2014-11-20,20,0.8400000000000001,0.9916820729731353,1.01
2014-11-27,20,0.8399999999999999,0.8917984673331782,0.91
2014-12-04,20,0.78,0.8838701244141158,0.8999999999999999
2014-12-11,20,0.73,0.7942859842986513,0.81
2014-12-18,20,0.6699999999999999,0.820353924903039,0.8400000000000001
2014-12-25,20,0.8699999999999999,0.8187057714085745,0.8399999999999999
2015-01-01,20,0.9200000000000002,0.7596251911611586,0.78
2015-01-08,20,0.9200000000000002,0.7074381176252535,0.73
2015-01-15,20,0.97,0.6424382261720659,0.6699999999999999
2015-01-22,20,1.03,0.8125755550839172,0.8699999999999999
2015-01-29,20,0.8600000000000001,0.8988317575202154,0.9200000000000002
2015-02-05,20,0.9,0.8983617959164357,0.9200000000000002
2015-02-12,20,0.92,0.9496444253729779,0.97
2015-02-19,20,0.8400000000000001,1.010328169575246,1.03
2015-02-26,20,0.85,0.8517574645053927,0.8600000000000001
2015-03-05,20,0.8200000000000001,0.8842581689927802,0.9
2015-03-12,20,0.8600000000000001,0.9032337227678302,0.92
2015-03-19,20,0.7900000000000001,0.8231536424330771,0.8400000000000001
2015-03-26,20,0.82,0.8349721408344096,0.85
2015-04-02,20,0.91,0.8008713039576751,0.8200000000000001
2015-04-09,20,1.06,0.8399401846081445,0.8600000000000001
2015-04-16,20,1.13,0.7768556138901459,0.7900000000000001
2015-04-23,20,1.08,0.8006297559659761,0.82
2015-04-30,20,1.04,0.8862672221227544,0.91
2015-05-07,20,1.16,1.033488873011846,1.06
2015-05-14,20,1.15,1.1104172761104278,1.13
2015-05-21,20,1.17,1.0649185933261278,1.08
2015-05-28,20,1.2000000000000002,1.0230681827295527,1.04
2015-06-04,20,1.26,1.1400582659344454,1.16
2015-06-11,20,1.13,1.1371718741995158,1.15
2015-06-18,20,1.15,1.153898201803544,1.17
2015-06-25,20,1.08,1.182745138750606,1.2000000000000002
2015-07-02,20,1.04,1.2435608260316056,1.26
2015-07-09,20,1.0,1.1176763309603668,1.13
2015-07-16,20,0.99,1.1338146474896575,1.15
2015-07-23,20,0.94,1.0756987576229524,1.08
2015-07-30,20,1.0499999999999998,1.0267556181658508,1.04
2015-08-06,20,1.03,0.9864691162641072,1.0
2015-08-13,20,1.03,0.9722728752045997,0.99
2015-08-20,20,1.05,0.9249905009608502,0.94
2015-08-27,20,0.95,1.0274394982556305,1.0499999999999998
2015-09-03,20,0.91,1.0131982981715986,1.03
2015-09-10,20,0.96,1.0146588743320812,1.03
2015-09-17,20,0.91,1.0348711903092507,1.05
2015-09-24,20,0.93,0.9381956294267194,0.95
2015-10-01,20,0.98,0.8984656743203172,0.91
2015-10-08,20,1.02,0.9409084844200912,0.96
2015-10-15,20,1.0499999999999998,0.8957637217550244,0.91
2015-10-22,20,1.0,0.9151530767757005,0.93
2015-10-29,20,0.95,0.965274503116019,0.98
2015-11-05,20,0.97,1.0041240338508408,1.02
2015-11-12,20,0.94,1.0346298726517067,1.0499999999999998
2015-11-19,20,0.91,0.9893579584774217,1.0
2015-11-26,20,0.8800000000000001,0.9391425882542794,0.95
2015-12-03,20,0.91,0.9536032459390542,0.97
2015-12-10,20,0.91,0.9224482613535593,0.94
2015-12-17,20,0.91,0.8979484016800044,0.91
2015-12-24,20,0.81,0.8627716371298926,0.8800000000000001
2015-12-31,20,0.81,0.8915489686369147,0.91
2016-01-07,20,0.7699999999999999,0.8921659552660368,0.91
2016-01-14,20,0.64,0.8919658721291422,0.91
2016-01-21,20,0.6800000000000002,0.8050811686443015,0.81
2016-01-28,20,0.6399999999999999,0.7956305116346412,0.81
2016-02-04,20,0.71,0.7509076529958914,0.7699999999999999
2016-02-11,20,0.74,0.6277275021414696,0.64
2016-02-18,20,0.76,0.6630494578206563,0.6800000000000002
2016-02-25,20,0.71,0.6245621136226598,0.6399999999999999
2016-03-03,20,0.69,0.6906288676502838,0.71
2016-03-10,20,0.6299999999999999,0.7201662697737126,0.74
2016-03-17,20,0.6900000000000001,0.7406289515346776,0.76
2016-03-24,20,0.83,0.6971059847321479,0.71
2016-03-31,20,0.8099999999999999,0.6715449135571444,0.69
2016-04-07,20,0.7800000000000001,0.614431058683687,0.6299999999999999
2016-04-14,20,0.76,0.6728685503708145,0.6900000000000001
2016-04-21,20,0.7200000000000001,0.8050495670538226,0.83
2016-04-28,20,0.7100000000000001,0.7967275147936297,0.8099999999999999
2016-05-05,20,0.68,0.761179895370208,0.7800000000000001
2016-05-12,20,0.6699999999999999,0.7455453351959175,0.76
2016-05-19,20,0.5900000000000001,0.7046104573475872,0.7200000000000001
2016-05-26,20,0.68,0.6943465763481367,0.7100000000000001
2016-06-02,20,0.54,0.6613629131068862,0.68
2016-06-09,20,0.51,0.6536142450525279,0.6699999999999999
2016-06-16,20,0.51,0.5739872031124427,0.5900000000000001
2016-06-23,20,0.5300000000000001,0.6613428652436233,0.68
2016-06-30,20,0.4800000000000001,0.5262135019875108,0.54
2016-07-07,20,0.51,0.48994814942499,0.51
2016-07-14,20,0.5,0.49345228353913184,0.51
2016-07-21,20,0.4700000000000001,0.5107447597257553,0.5300000000000001
2016-07-28,20,0.4800000000000001,0.46412562190133366,0.4800000000000001
2016-08-04,20,0.4399999999999999,0.4905337773153717,0.51
2016-08-11,20,0.5200000000000001,0.4827302432359809,0.5
2016-08-18,20,0.63,0.4536728203708404,0.4700000000000001
2016-08-25,20,0.5300000000000001,0.4628724439165768,0.4800000000000001
2016-09-01,20,0.4599999999999999,0.42082213795791523,0.4399999999999999
2016-09-08,20,0.57,0.49590022762487157,0.5200000000000001
2016-09-15,20,0.58,0.6105353400491642,0.63
2016-09-22,20,0.6199999999999999,0.5154223834839212,0.5300000000000001
2016-09-29,20,0.65,0.4426537979221484,0.4599999999999999
2016-10-06,20,0.6599999999999999,0.5501062362246574,0.57
2016-10-13,20,0.8099999999999999,0.5632542428519862,0.58
2016-10-20,20,0.88,0.5996217312972689,0.6199999999999999
2016-10-27,20,0.91,0.6332498087502325,0.65
2016-11-03,20,0.91,0.642631654043519,0.6599999999999999
2016-11-10,20,0.93,0.7890902826456359,0.8099999999999999
2016-11-17,20,1.02,0.8647660146129041,0.88
2016-11-24,20,0.99,0.8968692964486147,0.91
2016-12-01,20,0.96,0.8986234875944878,0.91
2016-12-08,20,0.95,0.9160652526771798,0.93
2016-12-15,20,0.8799999999999999,1.009057368986949,1.02
2016-12-22,20,0.96,0.9787533422181552,0.99
2016-12-29,20,1.0,0.9484012626108236,0.96
2017-01-05,20,0.99,0.9368542726206939,0.95
2017-01-12,20,0.93,0.8711479491229219,0.8799999999999999
2017-01-19,20,0.95,0.9441891821413562,0.96
2017-01-26,20,0.91,0.9896696349213232,1.0
2017-02-02,20,0.92,0.975765817825953,0.99
2017-02-09,20,0.99,0.9194973264165446,0.93
2017-02-16,20,0.98,0.9352526459881841,0.95
2017-02-23,20,0.92,0.8977630543803751,0.91
2017-03-02,20,0.8899999999999999,0.9044823098497801,0.92
2017-03-09,20,0.8300000000000001,0.9773490363803662,0.99
2017-03-16,20,0.76,0.965155417460246,0.98
2017-03-23,20,0.74,0.9059315654439206,0.92
2017-03-30,20,0.8400000000000001,0.8767596769317425,0.8899999999999999
2017-04-06,20,0.85,0.8162055478984022,0.8300000000000001
2017-04-13,20,0.9000000000000001,0.7475613097468297,0.76
2017-04-20,20,0.7699999999999999,0.7259053774886702,0.74
2017-04-27,20,0.74,0.8247506064125518,0.8400000000000001
2017-05-04,20,0.73,0.8335728208044141,0.85
2017-05-11,20,0.71,0.8859710819561816,0.9000000000000001
2017-05-18,20,0.62,0.7592188447711646,0.7699999999999999
2017-05-25,20,0.57,0.7305153818732669,0.74
2017-06-01,20,0.6199999999999999,0.7152888398547821,0.73
2017-06-08,20,0.7000000000000002,0.69497309533088,0.71
2017-06-15,20,0.7,0.6124953315461062,0.62
2017-06-22,20,0.6399999999999999,0.557181024731701,0.57
2017-06-29,20,0.7,0.6121747273599518,0.6199999999999999
2017-07-06,20,0.6499999999999999,0.6856189969858076,0.7000000000000002
2017-07-13,20,0.6300000000000001,0.6905489876568385,0.7
2017-07-20,20,0.6200000000000001,0.6302900995692056,0.6399999999999999
2017-07-27,20,0.6199999999999999,0.6855547337128063,0.7
2017-08-03,20,0.5800000000000001,0.6323886669923899,0.6499999999999999
2017-08-10,20,0.47,0.61680303446393,0.6300000000000001
2017-08-17,20,0.4899999999999997,0.606182418888066,0.6200000000000001
2017-08-24,20,0.53,0.6049594650781303,0.6199999999999999
2017-08-31,20,0.5800000000000001,0.5657651736426917,0.5800000000000001
2017-09-07,20,0.5800000000000001,0.46325000242725495,0.47
2017-09-14,20,0.52,0.4768437790780246,0.4899999999999997
2017-09-21,20,0.53,0.5137135634028513,0.53
2017-09-28,20,0.5799999999999998,0.5582781061763293,0.5800000000000001
2017-10-05,20,0.55,0.5647534240646351,0.5800000000000001
2017-10-12,20,0.48,0.5071908207102905,0.52
2017-10-19,20,0.49,0.5102388233780868,0.53
2017-10-26,20,0.4599999999999999,0.5623304111606107,0.5799999999999998
2017-11-02,20,0.4599999999999999,0.5346229986943675,0.55
2017-11-09,20,0.3600000000000001,0.4654308084336035,0.48
2017-11-16,20,0.29,0.4747266607092223,0.49
2017-11-23,20,0.3499999999999998,0.4430110458976174,0.4599999999999999
2017-11-30,20,0.3399999999999998,0.442491790522344,0.4599999999999999
2017-12-07,20,0.3800000000000001,0.34075947912442794,0.3600000000000001
2017-12-14,20,0.4099999999999999,0.2767472564964834,0.29
2017-12-21,20,0.4199999999999999,0.33555920134040157,0.3499999999999998
2017-12-28,20,0.4400000000000001,0.32477440604915153,0.3399999999999998
2018-01-04,20,0.51,0.3628553479000757,0.3800000000000001
2018-01-11,20,0.5299999999999998,0.3918689628627255,0.4099999999999999
2018-01-18,20,0.53,0.40501230861542437,0.4199999999999999
2018-01-25,20,0.4999999999999998,0.42286536542428993,0.4400000000000001
2018-02-01,20,0.4099999999999999,0.4936431529092263,0.51
2018-02-08,20,0.4499999999999999,0.5137173450417496,0.5299999999999998
2018-02-15,20,0.3900000000000001,0.5169162959293819,0.53
2018-02-22,20,0.3499999999999998,0.48413639802103287,0.4999999999999998
2018-03-01,20,0.3199999999999998,0.3960988813983787,0.4099999999999999
2018-03-08,20,0.3700000000000001,0.43454516813996047,0.4499999999999999
2018-03-15,20,0.3900000000000001,0.3725600022104899,0.3900000000000001
2018-03-22,20,0.4099999999999999,0.3367635744608303,0.3499999999999998
2018-03-29,20,0.4400000000000001,0.2990806664402091,0.3199999999999998
2018-04-05,20,0.4099999999999999,0.3528175475884945,0.3700000000000001
2018-04-12,20,0.4299999999999999,0.3748523792974965,0.3900000000000001
2018-04-19,20,0.4599999999999999,0.3928506077681354,0.4099999999999999
2018-04-26,20,0.4200000000000001,0.42272674640580515,0.4400000000000001
2018-05-03,20,0.33,0.395739354825958,0.4099999999999999
2018-05-10,20,0.3700000000000001,0.4160369060800949,0.4299999999999999
2018-05-17,20,0.3400000000000001,0.4469404717147378,0.4599999999999999
2018-05-24,20,0.32,0.4034267536193488,0.4200000000000001
2018-05-31,20,0.2799999999999998,0.314059771836783,0.33
2018-06-07,20,0.2300000000000002,0.3506523295489118,0.3700000000000001
2018-06-14,20,0.2200000000000002,0.32655638352742844,0.3400000000000001
2018-06-21,20,0.1799999999999999,0.30091369994174155,0.32
2018-06-28,20,0.2299999999999999,0.266598755204229,0.2799999999999998
2018-07-05,20,0.2799999999999998,0.21353328453751383,0.2300000000000002
2018-07-12,20,0.2200000000000002,0.20383628906035778,0.2200000000000002
2018-07-19,20,0.1699999999999999,0.16497471775459407,0.1799999999999999
2018-07-26,20,0.1299999999999999,0.21531325090417025,0.2299999999999999
2018-08-02,20,0.1699999999999999,0.2616446023906156,0.2799999999999998
2018-08-09,20,0.1699999999999999,0.20404156930382145,0.2200000000000002
2018-08-16,20,0.1799999999999997,0.15132248820146227,0.1699999999999999
2018-08-23,20,0.2399999999999997,0.11338302523153751,0.1299999999999999
2018-08-30,20,0.2200000000000002,0.15052246208252062,0.1699999999999999
2018-09-06,20,0.25,0.15271752915446213,0.1699999999999999
2018-09-13,20,0.2200000000000002,0.1640924332967851,0.1799999999999997
2018-09-20,20,0.1800000000000001,0.22397753326017739,0.2399999999999997
2018-09-27,20,0.1400000000000001,0.2042748070664033,0.2200000000000002
2018-10-04,20,0.1600000000000001,0.23394250444543616,0.25
2018-10-11,20,0.1800000000000001,0.20283036306014146,0.2200000000000002
2018-10-18,20,0.1399999999999996,0.1658520823919279,0.1800000000000001
2018-10-25,20,0.1199999999999996,0.12586450234897575,0.1400000000000001
2018-11-01,20,0.1099999999999998,0.14412114658689615,0.1600000000000001
2018-11-08,20,0.09,0.16324822593117233,0.1800000000000001
2018-11-15,20,0.0899999999999998,0.11879927979916068,0.1399999999999996
2018-11-22,20,0.08,0.10410230946383953,0.1199999999999996
2018-11-29,20,0.09,0.0907919847487035,0.1099999999999998
2018-12-06,20,0.06,0.06489408186674316,0.09
2018-12-13,20,0.07,0.07436597395613892,0.0899999999999998
2018-12-20,20,0.09,0.05790579980453793,0.08
2018-12-27,20,0.0699999999999998,0.07051623947184257,0.09
2019-01-03,20,0.1099999999999998,0.038730795784334256,0.06
2019-01-10,20,0.1100000000000001,0.05551764810061373,0.07
2019-01-17,20,0.1099999999999998,0.07230223173666869,0.09
2019-01-24,20,0.1199999999999998,0.049392855103742764,0.0699999999999998
2019-01-31,20,0.1599999999999999,0.08671857908890897,0.1099999999999998
2019-02-07,20,0.1399999999999999,0.08939420971158499,0.1100000000000001
2019-02-14,20,0.1,0.09232791295589365,0.1099999999999998
2019-02-21,20,0.0699999999999998,0.10337217710860255,0.1199999999999998
2019-02-28,20,0.06,0.14219732559010137,0.1599999999999999
2019-03-07,20,0.1099999999999998,0.11630758407978403,0.1399999999999999
2019-03-14,20,0.1299999999999999,0.08393844032495756,0.1
2019-03-21,20,0.1499999999999999,0.05172483489422227,0.0699999999999998
2019-03-28,20,0.1499999999999999,0.04009582912772294,0.06
2019-04-04,20,0.1399999999999999,0.09318939450948599,0.1099999999999998
2019-04-11,20,0.0999999999999998,0.11169355768254342,0.1299999999999999
2019-04-18,20,0.0899999999999998,0.1341958722277358,0.1499999999999999
2019-04-25,20,0.0599999999999998,0.129801577379472,0.1499999999999999
2019-05-02,20,0.03,0.12637205502816107,0.1399999999999999
2019-05-09,20,0.08,0.08229947393697579,0.0999999999999998
2019-05-16,20,0.05,0.07110948366142826,0.0899999999999998
2019-05-23,20,0.05,0.042493973810707415,0.0599999999999998
2019-05-30,20,0.03,0.011581772959332912,0.03
2019-06-06,20,-0.05,0.06083733189021669,0.08
2019-06-13,20,0.02,0.030905233819009278,0.05
2019-06-20,20,0.05,0.03283049276494994,0.05
2019-06-27,20,0.02,0.014762428094458626,0.03
2019-07-04,20,-0.08,-0.06323738371913679,-0.05
2019-07-11,20,-0.1200000000000001,-0.002019588643827435,0.02
2019-07-18,20,-0.1999999999999999,0.02530177922655392,0.05
2019-07-25,20,-0.1799999999999999,0.00240303758959632,0.02
2019-08-01,20,-0.1900000000000001,-0.09519202250921405,-0.08
2019-08-08,20,-0.1899999999999999,-0.1418334099341129,-0.1200000000000001
2019-08-15,20,-0.1500000000000001,-0.22103798226983412,-0.1999999999999999
2019-08-22,20,-0.1700000000000001,-0.1923191066356027,-0.1799999999999999
2019-08-29,20,-0.2099999999999999,-0.21126447876777493,-0.1900000000000001
2019-09-05,20,-0.1699999999999999,-0.20349821119142888,-0.1899999999999999
2019-09-12,20,-0.1300000000000001,-0.16651556965032852,-0.1500000000000001
2019-09-19,20,-0.0899999999999998,-0.18929611064118354,-0.1700000000000001
2019-09-26,20,-0.1099999999999998,-0.22672744726561259,-0.2099999999999999
2019-10-03,20,-0.1,-0.19788559391403412,-0.1699999999999999
2019-10-10,20,-0.0199999999999997,-0.14328470796412765,-0.1300000000000001
2019-10-17,20,-0.06,-0.11148862565105642,-0.0899999999999998
2019-10-24,20,-0.08,-0.1282943822522776,-0.1099999999999998
2019-10-31,20,-0.1300000000000001,-0.12866909894339768,-0.1
2019-11-07,20,-0.0799999999999998,-0.03735472927930522,-0.0199999999999997
2019-11-14,20,-0.04,-0.07765812840582001,-0.06
2019-11-21,20,-0.04,-0.0961314629308232,-0.08
2019-11-28,20,-0.0599999999999998,-0.1465870854940528,-0.1300000000000001
2019-12-05,20,-0.0399999999999998,-0.0928771134908993,-0.0799999999999998
2019-12-12,20,-0.0299999999999998,-0.0558971584929209,-0.04
2019-12-19,20,-0.0899999999999998,-0.05823311227290977,-0.04
2019-12-26,20,-0.09,-0.07602343299735045,-0.0599999999999998
2020-01-02,20,-0.1499999999999999,-0.056713341535412604,-0.0399999999999998
2020-01-09,20,-0.1199999999999998,-0.04874246425892045,-0.0299999999999998
2020-01-16,20,-0.1200000000000001,-0.10834674002283033,-0.0899999999999998
2020-01-23,20,-0.1499999999999999,-0.11441955758754173,-0.09
2020-01-30,20,-0.09,-0.1666554138288857,-0.1499999999999999
2020-02-06,20,0.0499999999999999,-0.13535787792406523,-0.1199999999999998
2020-02-13,20,0.17,-0.13513744807740777,-0.1200000000000001
2020-02-20,20,0.37,-0.16856142898826054,-0.1499999999999999
2020-02-27,20,0.25,-0.11498850341986205,-0.09
2020-03-05,20,0.24,0.019628401242164494,0.0499999999999999
2020-03-12,20,0.37,0.1452454673871534,0.17
2020-03-19,20,0.2799999999999999,0.35908374426069706,0.37
2020-03-26,20,0.2699999999999999,0.23705496705749565,0.25
2020-04-02,20,0.24,0.22560861822598544,0.24
2020-04-09,20,0.27,0.35579218402289303,0.37
2020-04-16,20,0.26,0.2657199940400638,0.2799999999999999
2020-04-23,20,0.25,0.2561366923084601,0.2699999999999999
2020-04-30,20,0.26,0.2248011844222958,0.24
2020-05-07,20,0.35,0.253562172277106,0.27
2020-05-14,20,0.25,0.24672013409095406,0.26
2020-05-21,20,0.22,0.23868350309411507,0.25
2020-05-28,20,0.22,0.24605963971659287,0.26
2020-06-04,20,0.2700000000000001,0.3346224267296685,0.35
2020-06-11,20,0.25,0.23924509381446002,0.25
2020-06-18,20,0.2299999999999999,0.2079585970681057,0.22
2020-06-25,20,0.2299999999999999,0.20591597597673605,0.22
2020-07-02,20,0.19,0.2548867807409498,0.2700000000000001
2020-07-09,20,0.2,0.2350251899690064,0.25
2020-07-16,20,0.33,0.21707336640813255,0.2299999999999999
2020-07-23,20,0.28,0.21717818528014415,0.2299999999999999
2020-07-30,20,0.37,0.17609650195352677,0.19
2020-08-06,20,0.28,0.186353414347145,0.2
2020-08-13,20,0.3,0.3147593656972847,0.33
2020-08-20,20,0.3099999999999999,0.26709908975626895,0.28
2020-08-27,20,0.3,0.354234812501988,0.37
2020-09-03,20,0.31,0.2688102028054186,0.28
2020-09-10,20,0.3399999999999999,0.2869535822967725,0.3
2020-09-17,20,0.3399999999999999,0.29615923381746173,0.3099999999999999
2020-09-24,20,0.41,0.2879379427703558,0.3
2020-10-01,20,0.38,0.2961157095741546,0.31
2020-10-08,20,0.36,0.32468251360733413,0.3399999999999999
2020-10-15,20,0.4599999999999999,0.3275785722118774,0.3399999999999999
2020-10-22,20,0.41,0.39561019340500625,0.41
2020-10-29,20,0.4299999999999999,0.36814218904372686,0.38
2020-11-05,20,0.48,0.3498564448393828,0.36
2020-11-12,20,0.48,0.4452550826800093,0.4599999999999999
2020-11-19,20,0.49,0.39926766630738514,0.41
2020-11-26,20,0.5,0.4168683469517714,0.4299999999999999
2020-12-03,20,0.47,0.4661051542794128,0.48
2020-12-10,20,0.6100000000000001,0.47030270664621276,0.48
2020-12-17,20,0.7,0.4768690133554178,0.49
2020-12-24,20,0.7,0.48847854280990105,0.5
2020-12-31,20,0.6599999999999999,0.4590555808591922,0.47
2021-01-07,20,0.77,0.59266231175938,0.6100000000000001
2021-01-14,20,0.8,0.6870201293675468,0.7
2021-01-21,20,0.92,0.6879818066355271,0.7
2021-01-28,20,1.14,0.6495587203441822,0.6599999999999999
2021-02-04,20,1.21,0.7549397232894206,0.77
2021-02-11,20,1.18,0.7910557708131463,0.8
2021-02-18,20,1.34,0.911152749355291,0.92
2021-02-25,20,1.23,1.1354450302830477,1.14
2021-03-04,20,1.29,1.194998005367295,1.21
2021-03-11,20,1.24,1.1765454255721668,1.18
2021-03-18,20,1.21,1.3315312411154745,1.34
2021-03-25,20,1.21,1.2256635182524942,1.23
2021-04-01,20,1.25,1.2843959497095152,1.29
2021-04-08,20,1.2,1.2330559062440822,1.24
2021-04-15,20,1.24,1.2040032362335258,1.21
2021-04-22,20,1.21,1.2039385658977027,1.21
2021-04-29,20,1.17,1.2416599601677771,1.25
2021-05-06,20,1.2,1.1948973892072248,1.2
2021-05-13,20,1.0699999999999998,1.2343582596839147,1.24
2021-05-20,20,1.02,1.2047619047578997,1.21
2021-05-27,20,0.99,1.164538372557227,1.17
2021-06-03,20,0.94,1.1917661357627283,1.2
2021-06-10,20,0.78,1.0657645849388397,1.0699999999999998
2021-06-17,20,0.8200000000000001,1.0195928986933898,1.02
2021-06-24,20,0.74,0.9785696774539657,0.99
2021-07-01,20,0.74,0.9350958282637181,0.94
2021-07-08,20,0.69,0.7736937122563062,0.78
2021-07-15,20,0.79,0.8113126645299803,0.8200000000000001
2021-07-22,20,0.69,0.7316147728801583,0.74
2021-07-29,20,0.78,0.7322350028064234,0.74
2021-08-05,20,0.7499999999999999,0.6833654708356078,0.69
2021-08-12,20,0.7699999999999999,0.7802363769581914,0.79
2021-08-19,20,0.79,0.6823418811900832,0.69
2021-08-26,20,0.8500000000000001,0.7677435377379868,0.78
2021-09-02,20,0.98,0.7405222736858255,0.7499999999999999
2021-09-09,20,0.93,0.7632705459097597,0.7699999999999999
2021-09-16,20,0.81,0.782776044067253,0.79
2021-09-23,20,0.82,0.8437996024861921,0.8500000000000001
2021-09-30,20,0.6599999999999999,0.9690110288158429,0.98
2021-10-07,20,0.6599999999999999,0.9216301641312411,0.93
2021-10-14,20,0.6799999999999999,0.8075945920897436,0.81
2021-10-21,20,0.71,0.8131310159058571,0.82
2021-10-28,20,0.72,0.6551639868572154,0.6599999999999999
2021-11-04,20,0.53,0.6487350846063021,0.6599999999999999
2021-11-11,20,0.5,0.6728668444822834,0.6799999999999999
2021-11-18,20,0.45,0.6994396233162923,0.71
2021-11-25,20,0.4599999999999999,0.71062269104333,0.72
2021-12-02,20,0.47,0.5226875666036592,0.53
2021-12-09,20,0.6299999999999999,0.48483282429871855,0.5
2021-12-16,20,0.5899999999999999,0.43939479864913833,0.45
2021-12-23,20,0.56,0.44523417833666323,0.4599999999999999
2021-12-30,20,0.51,0.4603147436292778,0.47
2022-01-06,20,0.5,0.6184859668348273,0.6299999999999999
2022-01-13,20,0.4499999999999999,0.5822105824028502,0.5899999999999999
2022-01-20,20,0.3999999999999999,0.5529683380690174,0.56
2022-01-27,20,0.3999999999999999,0.5027039046400695,0.51
2022-02-03,20,0.3,0.4881618026971994,0.5
2022-02-10,20,0.3799999999999999,0.4390005417481445,0.4499999999999999
2022-02-17,20,0.3,0.38598780175877456,0.3999999999999999
2022-02-24,20,0.2600000000000002,0.38709629695720615,0.3999999999999999
2022-03-03,20,0.1299999999999999,0.28850368586313424,0.3
2022-03-10,20,0.2200000000000002,0.3669663839633035,0.3799999999999999
2022-03-17,20,0.3399999999999998,0.2900639334207759,0.3
2022-03-24,20,0.25,0.25094125392139144,0.2600000000000002
2022-03-31,20,0.27,0.1216939874653604,0.1299999999999999
2022-04-07,20,0.3399999999999998,0.19944139020621343,0.2200000000000002
2022-04-14,20,0.2799999999999998,0.31932697446525726,0.3399999999999998
2022-04-21,20,0.1799999999999997,0.24014958547971108,0.25
2022-04-28,20,0.25,0.25406986269948667,0.27
2022-05-05,20,0.1600000000000001,0.3212420888179317,0.3399999999999998
2022-05-12,20,0.1600000000000001,0.2711575489122978,0.2799999999999998
2022-05-19,20,0.1699999999999999,0.1738707946477063,0.1799999999999997
2022-05-26,20,0.1899999999999999,0.234323823225607,0.25
2022-06-02,20,0.1299999999999999,0.15158464143201328,0.1600000000000001
2022-06-09,20,0.0300000000000002,0.15065985490673608,0.1600000000000001
2022-06-16,20,-0.1299999999999999,0.15116304859317,0.1699999999999999
2022-06-23,20,-0.2299999999999999,0.17554504606134372,0.1899999999999999
2022-06-30,20,-0.31,0.11819934782426281,0.1299999999999999
2022-07-07,20,-0.48,0.019626550095648697,0.0300000000000002
2022-07-14,20,-0.4700000000000002,-0.13693813461378082,-0.1299999999999999
2022-07-21,20,-0.54,-0.241778484430118,-0.2299999999999999
2022-07-28,20,-0.4900000000000002,-0.3233875633253562,-0.31
2022-08-04,20,-0.48,-0.49188142884270897,-0.48
2022-08-11,20,-0.4700000000000002,-0.4861057083569669,-0.4700000000000002
2022-08-18,20,-0.6599999999999997,-0.5537215358799552,-0.54
2022-08-25,20,-0.6699999999999999,-0.5023085774098573,-0.4900000000000002
2022-09-01,20,-0.6299999999999999,-0.5005965266261959,-0.48
2022-09-08,20,-0.6700000000000004,-0.4865934346731108,-0.4700000000000002
2022-09-15,20,-0.7000000000000002,-0.6731529102527275,-0.6599999999999997
2022-09-22,20,-0.6200000000000001,-0.6858873708927451,-0.6699999999999999
2022-09-29,20,-0.6299999999999999,-0.6658023633394997,-0.6299999999999999
2022-10-06,20,-0.6399999999999997,-0.6877736393976414,-0.6700000000000004
2022-10-13,20,-0.69,-0.7169267375344329,-0.7000000000000002
2022-10-20,20,-0.8300000000000001,-0.6349421188394355,-0.6200000000000001
2022-10-27,20,-0.96,-0.6451780362018514,-0.6299999999999999
2022-11-03,20,-0.96,-0.6544718544172493,-0.6399999999999997
2022-11-10,20,-1.0100000000000002,-0.7038518521403205,-0.69
2022-11-17,20,-0.9000000000000004,-0.8441535317288266,-0.8300000000000001
2022-11-24,20,-0.7399999999999998,-0.9791630087115955,-0.96
2022-12-01,20,-0.7399999999999998,-0.9796488673596128,-0.96
2022-12-08,20,-0.8600000000000003,-1.0318096874445428,-1.0100000000000002
2022-12-15,20,-0.8999999999999999,-0.9239967008033396,-0.9000000000000004
2022-12-22,20,-0.7599999999999998,-0.7614776671810762,-0.7399999999999998
2022-12-29,20,-0.77,-0.7548197574779031,-0.7399999999999998
2023-01-05,20,-0.8300000000000001,-0.8756109953193454,-0.8600000000000003
2023-01-12,20,-0.92,-0.9189323712190499,-0.8999999999999999
2023-01-19,20,-0.8499999999999996,-0.7811404868096243,-0.7599999999999998
2023-01-26,20,-0.8800000000000003,-0.7863551234971373,-0.77
2023-02-02,20,-0.8199999999999998,-0.8492120532499235,-0.8300000000000001
2023-02-09,20,-0.9800000000000004,-0.938154749185283,-0.92
2023-02-16,20,-0.8300000000000001,-0.8677507309083011,-0.8499999999999996
2023-02-23,20,-0.69,-0.8965776109587337,-0.8800000000000003
2023-03-02,20,-0.8299999999999996,-0.8386416337925711,-0.8199999999999998
2023-03-09,20,-0.8199999999999998,-0.9981567656713182,-0.9800000000000004
2023-03-16,20,-0.8500000000000001,-0.8529517643004518,-0.8300000000000001
2023-03-23,20,-0.8199999999999998,-0.7101981883287042,-0.69
2023-03-30,20,-0.7799999999999998,-0.8415807487371219,-0.8299999999999996
2023-04-06,20,-0.7599999999999998,-0.838663192759346,-0.8199999999999998
2023-04-13,20,-0.8300000000000001,-0.866743942172396,-0.8500000000000001
2023-04-20,20,-0.8999999999999999,-0.8357927773123021,-0.8199999999999998
2023-04-27,20,-0.9300000000000006,-0.8025413773607306,-0.7799999999999998
2023-05-04,20,-1.04,-0.7814198785570854,-0.7599999999999998
2023-05-11,20,-1.1300000000000003,-0.8448255947666423,-0.8300000000000001
2023-05-18,20,-1.16,-0.9155841430512588,-0.8999999999999999
2023-05-25,20,-1.29,-0.9448811486339358,-0.9300000000000006
2023-06-01,20,-1.3000000000000005,-1.0562218562641852,-1.04
2023-06-08,20,-1.2599999999999998,-1.146402618904763,-1.1300000000000003
2023-06-15,20,-1.2300000000000004,-1.1752440484155724,-1.16
2023-06-22,20,-1.14,-1.3074856334020968,-1.29
2023-06-29,20,-1.1599999999999997,-1.3220266177316375,-1.3000000000000005
2023-07-06,20,-1.0099999999999998,-1.2818286998798116,-1.2599999999999998
2023-07-13,20,-1.04,-1.248924062189867,-1.2300000000000004
2023-07-20,20,-1.0000000000000004,-1.1644692156454055,-1.14
2023-07-27,20,-1.0699999999999998,-1.1812210014936455,-1.1599999999999997
2023-08-03,20,-1.0799999999999996,-1.0358732528186436,-1.0099999999999998
2023-08-10,20,-0.9700000000000002,-1.059014202558911,-1.04
2023-08-17,20,-1.0000000000000004,-1.0174303476866584,-1.0000000000000004
2023-08-24,20,-1.0,-1.0872678585834927,-1.0699999999999998
2023-08-31,20,-0.8500000000000005,-1.0995761794665404,-1.0799999999999996
2023-09-07,20,-0.6600000000000001,-0.9870425365123257,-0.9700000000000002
2023-09-14,20,-0.7800000000000002,-1.0185933563851164,-1.0000000000000004
2023-09-21,20,-0.7000000000000002,-1.016359511610198,-1.0
2023-09-28,20,-0.6399999999999997,-0.8730046383605855,-0.8500000000000005
2023-10-05,20,-0.6999999999999997,-0.6820524849649336,-0.6600000000000001
2023-10-12,20,-0.7200000000000002,-0.7970341973208106,-0.7800000000000002
2023-10-19,20,-0.7600000000000002,-0.723755643820014,-0.7000000000000002
2023-10-26,20,-0.7199999999999998,-0.6571518295384898,-0.6399999999999997
2023-11-02,20,-0.6400000000000001,-0.7134916988046207,-0.6999999999999997
2023-11-09,20,-0.75,-0.7338391763489419,-0.7200000000000002
2023-11-16,20,-0.77,-0.7782125393198105,-0.7600000000000002
2023-11-23,20,-0.8300000000000001,-0.7404651526635904,-0.7199999999999998
2023-11-30,20,-0.81,-0.6617917695569472,-0.6400000000000001
2023-12-07,20,-0.81,-0.7635566633268784,-0.75
2023-12-14,20,-0.7400000000000002,-0.7860954002029676,-0.77
2023-12-21,20,-0.5599999999999996,-0.8478156577305282,-0.8300000000000001
2023-12-28,20,-0.5299999999999998,-0.8280557590216968,-0.81
2024-01-04,20,-0.6800000000000002,-0.8239730235647265,-0.81
2024-01-11,20,-0.6300000000000003,-0.758849857940007,-0.7400000000000002
2024-01-18,20,-0.7000000000000002,-0.5736001062728278,-0.5599999999999996
2024-01-25,20,-0.69,-0.5473433204553174,-0.5299999999999998
2024-02-01,20,-0.6999999999999997,-0.6908603837971158,-0.6800000000000002
2024-02-08,20,-0.73,-0.64749876241159,-0.6300000000000003
2024-02-15,20,-0.6999999999999997,-0.7114621012168901,-0.7000000000000002
2024-02-22,20,-0.6400000000000006,-0.7078979866256355,-0.69
2024-02-29,20,-0.7199999999999998,-0.7155039756657943,-0.6999999999999997
2024-03-07,20,-0.6500000000000004,-0.745854470849753,-0.73
2024-03-14,20,-0.52,-0.7141745397728533,-0.6999999999999997
2024-03-21,20,-0.4900000000000002,-0.6613290404684268,-0.6400000000000006
2024-03-28,20,-0.4899999999999997,-0.7330590605598524,-0.7199999999999998
2024-04-04,20,-0.52,-0.6682450675215649,-0.6500000000000004
2024-04-11,20,-0.5800000000000001,-0.5393017845451071,-0.52
2024-04-18,20,-0.6300000000000003,-0.5066747718355534,-0.4900000000000002
2024-04-25,20,-0.5899999999999999,-0.5039230155922982,-0.4899999999999997
2024-05-02,20,-0.5599999999999996,-0.5343917505717419,-0.52
2024-05-09,20,-0.54,-0.5898585788155835,-0.5800000000000001
2024-05-16,20,-0.54,-0.645711086735733,-0.6300000000000003
2024-05-23,20,-0.56,-0.6070760639918327,-0.5899999999999999
2024-05-30,20,-0.5499999999999994,-0.5760308774470074,-0.5599999999999996
2024-06-06,20,-0.4399999999999999,-0.5576145119196908,-0.54
2024-06-13,20,-0.4199999999999999,-0.5558210877256304,-0.54
2024-06-20,20,-0.33,-0.5752015825995981,-0.56
2024-06-27,20,-0.2599999999999998,-0.5619679485053997,-0.5499999999999994
2024-07-04,20,-0.25,-0.4553251487384014,-0.4399999999999999
2024-07-11,20,-0.1699999999999999,-0.43612890230677676,-0.4199999999999999
2024-07-18,20,-0.2400000000000002,-0.3492178133465853,-0.33
2024-07-25,20,-0.2299999999999999,-0.27626947264670176,-0.2599999999999998
2024-08-01,20,-0.1800000000000001,-0.2651547909753734,-0.25
2024-08-08,20,-0.1599999999999997,-0.18097084111054615,-0.1699999999999999
2024-08-15,20,-0.0899999999999998,-0.254025287295609,-0.2400000000000002
2024-08-22,20,0.0300000000000002,-0.24469742996694596,-0.2299999999999999
2024-08-29,20,0.0399999999999995,-0.19422532797012243,-0.1800000000000001
2024-09-05,20,0.04,-0.17386480139747795,-0.1599999999999997
2024-09-12,20,0.04,-0.10338766731293325,-0.0899999999999998
2024-09-19,20,0.1400000000000001,0.017364466953641924,0.0300000000000002
2024-09-26,20,0.1600000000000001,0.029180772134100565,0.0399999999999995
2024-10-03,20,0.1500000000000003,0.029908363887962273,0.04
2024-10-10,20,0.1500000000000003,0.02693779889872277,0.04
2024-10-17,20,0.0999999999999996,0.12868217559079198,0.1400000000000001
2024-10-24,20,0.0699999999999998,0.15039742436633718,0.1600000000000001
2024-10-31,20,0.04,0.14166381584683488,0.1500000000000003
2024-11-07,20,0.04,0.14451779638384785,0.1500000000000003
2024-11-14,20,0.1600000000000001,0.09198743281469635,0.0999999999999996
2024-11-21,20,0.2599999999999998,0.06118853568021852,0.0699999999999998
2024-11-28,20,0.2600000000000002,0.02984906106641355,0.04
2024-12-05,20,0.29,0.029965957252228434,0.04
2024-12-12,20,0.3999999999999999,0.1461460749997159,0.1600000000000001
2024-12-19,20,0.3899999999999997,0.24615906829749978,0.2599999999999998
2024-12-26,20,0.3699999999999996,0.24835571808772453,0.2600000000000002
2025-01-02,20,0.3799999999999999,0.27995282947340394,0.29
2025-01-09,20,0.3700000000000001,0.38851691617898215,0.3999999999999999
2025-01-16,20,0.3700000000000001,0.3810716454331527,0.3899999999999997
2025-01-23,20,0.4000000000000003,0.36070288765901914,0.3699999999999996
2025-01-30,20,0.3400000000000003,0.3703287295553587,0.3799999999999999
2025-02-06,20,0.4399999999999999,0.36120558549286,0.3700000000000001
2025-02-13,20,0.48,0.3638581218912392,0.3700000000000001
2025-02-20,20,0.4700000000000002,0.3908187836219932,0.4000000000000003
2025-02-27,20,0.54,0.33027641985575923,0.3400000000000003
2025-03-06,20,0.54,0.4257893692680333,0.4399999999999999
2025-03-13,20,0.6000000000000001,0.4694851938235286,0.48
2025-03-20,20,0.6099999999999999,0.46188912272980476,0.4700000000000002
2025-03-27,20,0.5900000000000003,0.5302216415012022,0.54
2025-04-03,20,0.6000000000000001,0.5299550662465795,0.54
2025-04-10,20,0.6200000000000001,0.5861370757444775,0.6000000000000001
2025-04-17,20,0.6300000000000003,0.5995172838550884,0.6099999999999999
2025-04-24,20,0.6599999999999997,0.5821181201788364,0.5900000000000003
2025-05-01,20,0.6099999999999999,0.5913278669867101,0.6000000000000001
2025-05-08,20,0.6299999999999999,0.6118212112010568,0.6200000000000001
2025-05-15,20,0.6499999999999999,0.6237867246488508,0.6300000000000003
2025-05-22,20,0.6499999999999999,0.6537597728365637,0.6599999999999997
2025-05-29,20,0.71,0.6047951359025456,0.6099999999999999
2025-06-05,20,0.69,0.6227522040834369,0.6299999999999999
2025-06-12,20,0.71,0.6408343517502936,0.6499999999999999
2025-06-19,20,0.7599999999999998,0.642697585800329,0.6499999999999999
2025-06-26,20,0.7199999999999998,0.6990661259339358,0.71
2025-07-03,20,0.6900000000000004,0.6826845055087536,0.69
2025-07-10,20,0.7000000000000002,0.7011920124171472,0.71
2025-07-17,20,0.7200000000000002,0.7538833952275246,0.7599999999999998
2025-07-24,20,0.75,0.7148020911274561,0.7199999999999998
2025-07-31,20,0.73,0.6836076631496782,0.6900000000000004
2025-08-07,20,0.73,0.6923243919649346,0.7000000000000002
2025-08-14,20,0.6600000000000001,0.7121303482228879,0.7200000000000002
2025-08-21,20,0.71,0.741804777792602,0.75
2025-08-28,20,0.73,0.7238907652019159,0.73
2025-09-04,20,0.73,0.7265411635725552,0.73
2025-09-11,20,0.73,0.655823135897211,0.6600000000000001
2025-09-18,20,0.7000000000000002,0.7003061921729765,0.71
2025-09-25,20,0.6999999999999997,0.7235811668038424,0.73
2025-10-02,20,0.71,0.7235784256549211,0.73
2025-10-09,20,0.71,0.7236141081121829,0.73
2025-10-16,20,0.71,0.6937787442112553,0.7000000000000002
2025-10-23,20,0.75,0.6939265325701993,0.6999999999999997
2025-10-30,20,0.7200000000000002,0.7037371787855657,0.71
2025-11-06,20,0.7999999999999998,0.7040741274945225,0.71
2025-11-13,20,0.7999999999999998,0.7036489287227321,0.71
2025-11-20,20,0.81,0.7434201628430126,0.75
2025-11-27,20,0.8300000000000001,0.7146349990643964,0.7200000000000002
2025-12-04,20,0.8399999999999999,0.7904100492783723,0.7999999999999998
2025-12-11,20,0.8300000000000001,0.7941604172864251,0.7999999999999998
2025-12-18,20,0.8200000000000003,0.8034406716048941,0.81
2025-12-25,20,0.8399999999999999,0.8240918741071105,0.8300000000000001
2026-01-01,20,0.8400000000000003,0.8345792922215017,0.8399999999999999
2026-01-08,20,0.8500000000000001,0.8245619082433524,0.8300000000000001
2026-01-15,20,0.7899999999999996,0.8134065639996206,0.8200000000000003
2026-01-22,20,0.7800000000000002,0.8326406700816047,0.8399999999999999
2026-01-29,20,0.7399999999999998,0.8324195187538163,0.8400000000000003
2026-02-05,20,0.7599999999999998,0.8444210246429478,0.8500000000000001
2026-02-12,20,0.7000000000000002,0.7871330727747031,0.7899999999999996
2026-02-19,20,0.6000000000000001,0.7730306342482306,0.7800000000000002
2026-02-26,20,0.5899999999999999,0.735765266066309,0.7399999999999998
2026-03-05,20,0.6700000000000004,0.7527177075212184,0.7599999999999998
2026-03-12,20,0.6699999999999999,0.6949557553234957,0.7000000000000002
2026-03-19,20,0.7000000000000002,0.5969667855161597,0.6000000000000001
2026-03-26,20,0.6299999999999999,0.5794780387352643,0.5899999999999999
2026-04-02,20,0.6000000000000001,0.6610899422592552,0.6700000000000004
2026-04-09,20,0.5899999999999999,0.6635273655087119,0.6699999999999999
2026-04-16,20,0.6000000000000001,0.6913861467196436,0.7000000000000002
2026-04-23,20,0.6299999999999999,0.6264574573803158,0.6299999999999999
2026-04-30,20,0.6000000000000001,0.5954784302377821,0.6000000000000001
2026-05-07,20,0.6300000000000003,0.5823237366623495,0.5899999999999999
2026-05-14,20,0.6400000000000001,0.5945214526795558,0.6000000000000001
2026-05-21,20,0.6000000000000001,0.6227512882359687,0.6299999999999999
2026-05-28,20,0.6400000000000001,0.5922030049497162,0.6000000000000001
